{
  "m_GameObject": {
    "m_FileID": 0,
    "m_PathID": 0
  },
  "m_Enabled": 1,
  "m_Script": {
    "m_FileID": 0,
    "m_PathID": 351856902256450410
  },
  "m_Name": "areatalk02_289",
  "ScenarioId": "areatalk02_289",
  "AppearCharacters": [
    {
      "Character2dId": 13,
      "CostumeType": "13tsukasa_cloth001"
    },
    {
      "Character2dId": 31,
      "CostumeType": "26kaito_wonder"
    }
  ],
  "FirstLayout": [
    {
      "PositionSide": 3,
      "Character2dId": 13,
      "CostumeType": "13tsukasa_cloth001",
      "MotionName": "m-tsukasa-plan01",
      "FacialName": "face_complain_01",
      "OffsetX": 0.0
    },
    {
      "PositionSide": 7,
      "Character2dId": 31,
      "CostumeType": "26kaito_wonder",
      "MotionName": "m-normal-pose01",
      "FacialName": "face_normal_01",
      "OffsetX": 0.0
    }
  ],
  "FirstBgm": "",
  "FirstBackground": "",
  "Snippets": [
    {
      "Action": 1,
      "ProgressBehavior": 1,
      "ReferenceIndex": 0,
      "Delay": 0.0
    },
    {
      "Action": 1,
      "ProgressBehavior": 1,
      "ReferenceIndex": 1,
      "Delay": 0.0
    },
    {
      "Action": 1,
      "ProgressBehavior": 1,
      "ReferenceIndex": 2,
      "Delay": 0.0
    },
    {
      "Action": 1,
      "ProgressBehavior": 1,
      "ReferenceIndex": 3,
      "Delay": 0.0
    }
  ],
  "TalkData": [
    {
      "TalkCharacters": [
        {
          "Character2dId": 13
        }
      ],
      "WindowDisplayName": "司",
      "Body": "ぬう……なぜ未来のスターのオレが\nステージ用の小道具の整備まで……",
      "TalkTention": 0,
      "LipSync": 1,
      "MotionChangeFrom": 1,
      "Motions": [],
      "Voices": [
        {
          "Character2dId": 13,
          "VoiceId": "areatalk_2_289_001",
          "Volume": 1.0
        }
      ],
      "Speed": 0.0,
      "FontSize": 0,
      "WhenFinishCloseWindow": 0,
      "RequirePlayEffect": 0,
      "EffectReferenceIdx": 0,
      "RequirePlaySound": 0,
      "SoundReferenceIdx": 0
    },
    {
      "TalkCharacters": [
        {
          "Character2dId": 31
        }
      ],
      "WindowDisplayName": "KAITO",
      "Body": "ステージのすべてを知り、愛着をもつことが\nスターへの一歩だよ、司くん",
      "TalkTention": 0,
      "LipSync": 0,
      "MotionChangeFrom": 1,
      "Motions": [
        {
          "Character2dId": 31,
          "MotionName": "m-cool-nod01",
          "FacialName": "face_smile_02",
          "TimingSyncValue": 0.0
        }
      ],
      "Voices": [],
      "Speed": 0.0,
      "FontSize": 0,
      "WhenFinishCloseWindow": 0,
      "RequirePlayEffect": 0,
      "EffectReferenceIdx": 0,
      "RequirePlaySound": 0,
      "SoundReferenceIdx": 0
    },
    {
      "TalkCharacters": [
        {
          "Character2dId": 13
        }
      ],
      "WindowDisplayName": "司",
      "Body": "と、上手いこと丸め込まれている気もするが……",
      "TalkTention": 0,
      "LipSync": 1,
      "MotionChangeFrom": 1,
      "Motions": [
        {
          "Character2dId": 13,
          "MotionName": "m-normal-tilthead03",
          "FacialName": "face_smallmouth_01",
          "TimingSyncValue": 0.0
        }
      ],
      "Voices": [
        {
          "Character2dId": 13,
          "VoiceId": "areatalk_2_289_002",
          "Volume": 1.0
        }
      ],
      "Speed": 0.0,
      "FontSize": 0,
      "WhenFinishCloseWindow": 0,
      "RequirePlayEffect": 0,
      "EffectReferenceIdx": 0,
      "RequirePlaySound": 0,
      "SoundReferenceIdx": 0
    },
    {
      "TalkCharacters": [
        {
          "Character2dId": 31
        }
      ],
      "WindowDisplayName": "KAITO",
      "Body": "ははは。これが終わったら\n楽しいショーの舞台が待っているから、頑張ろう！",
      "TalkTention": 0,
      "LipSync": 1,
      "MotionChangeFrom": 1,
      "Motions": [
        {
          "Character2dId": 31,
          "MotionName": "m-normal-tilthead01",
          "FacialName": "face_closeeye_02",
          "TimingSyncValue": 0.0
        }
      ],
      "Voices": [
        {
          "Character2dId": 31,
          "VoiceId": "partvoice_20_026",
          "Volume": 1.0
        }
      ],
      "Speed": 0.0,
      "FontSize": 0,
      "WhenFinishCloseWindow": 1,
      "RequirePlayEffect": 0,
      "EffectReferenceIdx": 0,
      "RequirePlaySound": 0,
      "SoundReferenceIdx": 0
    }
  ],
  "LayoutData": [],
  "SpecialEffectData": [],
  "SoundData": [],
  "NeedBundleNames": [],
  "IncludeSoundDataBundleNames": []
}