{
  "m_GameObject": {
    "m_FileID": 0,
    "m_PathID": 0
  },
  "m_Enabled": 1,
  "m_Script": {
    "m_FileID": 0,
    "m_PathID": 351856902256450410
  },
  "m_Name": "areatalk01_109",
  "ScenarioId": "areatalk01_109",
  "AppearCharacters": [
    {
      "Character2dId": 27,
      "CostumeType": "22rin_street"
    }
  ],
  "FirstLayout": [
    {
      "PositionSide": 4,
      "Character2dId": 27,
      "CostumeType": "22rin_street",
      "MotionName": "w-happy-angry02",
      "FacialName": "face_angry_01",
      "OffsetX": 0.0
    }
  ],
  "FirstBgm": "",
  "FirstBackground": "",
  "Snippets": [
    {
      "Action": 1,
      "ProgressBehavior": 1,
      "ReferenceIndex": 0,
      "Delay": 0.0
    },
    {
      "Action": 1,
      "ProgressBehavior": 1,
      "ReferenceIndex": 1,
      "Delay": 0.0
    },
    {
      "Action": 1,
      "ProgressBehavior": 1,
      "ReferenceIndex": 2,
      "Delay": 0.0
    },
    {
      "Action": 1,
      "ProgressBehavior": 1,
      "ReferenceIndex": 3,
      "Delay": 0.0
    }
  ],
  "TalkData": [
    {
      "TalkCharacters": [
        {
          "Character2dId": 27
        }
      ],
      "WindowDisplayName": "リン",
      "Body": "もー、レンってば、なんで全然来ないの？",
      "TalkTention": 0,
      "LipSync": 1,
      "MotionChangeFrom": 1,
      "Motions": [],
      "Voices": [
        {
          "Character2dId": 27,
          "VoiceId": "partvoice_21_022",
          "Volume": 1.0
        }
      ],
      "Speed": 0.0,
      "FontSize": 0,
      "WhenFinishCloseWindow": 0,
      "RequirePlayEffect": 0,
      "EffectReferenceIdx": 0,
      "RequirePlaySound": 0,
      "SoundReferenceIdx": 0
    },
    {
      "TalkCharacters": [
        {
          "Character2dId": 27
        }
      ],
      "WindowDisplayName": "リン",
      "Body": "この通りにある、イヌの落書きの前に集合って……あれ？\nこれ……イヌの落書き、じゃない！？",
      "TalkTention": 0,
      "LipSync": 0,
      "MotionChangeFrom": 1,
      "Motions": [
        {
          "Character2dId": 27,
          "MotionName": "w-happy-sad01",
          "FacialName": "face_angry_01",
          "TimingSyncValue": 0.0
        }
      ],
      "Voices": [],
      "Speed": 0.0,
      "FontSize": 0,
      "WhenFinishCloseWindow": 0,
      "RequirePlayEffect": 0,
      "EffectReferenceIdx": 0,
      "RequirePlaySound": 0,
      "SoundReferenceIdx": 0
    },
    {
      "TalkCharacters": [
        {
          "Character2dId": 27
        }
      ],
      "WindowDisplayName": "リン",
      "Body": "も、もしかしてわたしが間違えた？\nだったら、急いで落書き探さなくちゃ！",
      "TalkTention": 0,
      "LipSync": 0,
      "MotionChangeFrom": 1,
      "Motions": [
        {
          "Character2dId": 27,
          "MotionName": "w-happy-tilthead03",
          "FacialName": "face_surprise_01",
          "TimingSyncValue": 0.0
        }
      ],
      "Voices": [],
      "Speed": 0.0,
      "FontSize": 0,
      "WhenFinishCloseWindow": 0,
      "RequirePlayEffect": 0,
      "EffectReferenceIdx": 0,
      "RequirePlaySound": 0,
      "SoundReferenceIdx": 0
    },
    {
      "TalkCharacters": [
        {
          "Character2dId": 27
        }
      ],
      "WindowDisplayName": "リン",
      "Body": "って、ここのセカイ落書きだらけだよ～！\nメイコのカフェで待ち合わせにすればよかったー！",
      "TalkTention": 0,
      "LipSync": 1,
      "MotionChangeFrom": 1,
      "Motions": [
        {
          "Character2dId": 27,
          "MotionName": "w-happy-glad01",
          "FacialName": "face_sad_01",
          "TimingSyncValue": 0.0
        }
      ],
      "Voices": [
        {
          "Character2dId": 27,
          "VoiceId": "partvoice_18_022",
          "Volume": 1.0
        }
      ],
      "Speed": 0.0,
      "FontSize": 0,
      "WhenFinishCloseWindow": 1,
      "RequirePlayEffect": 0,
      "EffectReferenceIdx": 0,
      "RequirePlaySound": 0,
      "SoundReferenceIdx": 0
    }
  ],
  "LayoutData": [],
  "SpecialEffectData": [],
  "SoundData": [],
  "NeedBundleNames": [],
  "IncludeSoundDataBundleNames": []
}