{
  "m_GameObject": {
    "m_FileID": 0,
    "m_PathID": 0
  },
  "m_Enabled": 1,
  "m_Script": {
    "m_FileID": 0,
    "m_PathID": 351856902256450410
  },
  "m_Name": "areatalk02_284",
  "ScenarioId": "areatalk02_284",
  "AppearCharacters": [
    {
      "Character2dId": 7,
      "CostumeType": "07airi_cloth001"
    },
    {
      "Character2dId": 25,
      "CostumeType": "21miku_idol"
    }
  ],
  "FirstLayout": [
    {
      "PositionSide": 3,
      "Character2dId": 7,
      "CostumeType": "07airi_cloth001",
      "MotionName": "w-happy-tilthead01",
      "FacialName": "face_smile_04",
      "OffsetX": 0.0
    },
    {
      "PositionSide": 7,
      "Character2dId": 25,
      "CostumeType": "21miku_idol",
      "MotionName": "w-normal-pose05",
      "FacialName": "face_idol_smile_01",
      "OffsetX": 0.0
    }
  ],
  "FirstBgm": "",
  "FirstBackground": "",
  "Snippets": [
    {
      "Action": 1,
      "ProgressBehavior": 1,
      "ReferenceIndex": 0,
      "Delay": 0.0
    },
    {
      "Action": 1,
      "ProgressBehavior": 1,
      "ReferenceIndex": 1,
      "Delay": 0.0
    },
    {
      "Action": 1,
      "ProgressBehavior": 1,
      "ReferenceIndex": 2,
      "Delay": 0.0
    },
    {
      "Action": 1,
      "ProgressBehavior": 1,
      "ReferenceIndex": 3,
      "Delay": 0.0
    },
    {
      "Action": 1,
      "ProgressBehavior": 1,
      "ReferenceIndex": 4,
      "Delay": 0.0
    }
  ],
  "TalkData": [
    {
      "TalkCharacters": [
        {
          "Character2dId": 7
        }
      ],
      "WindowDisplayName": "愛莉",
      "Body": "ミク、みのりの練習につきあってくれたって聞いたわ。\nありがとう",
      "TalkTention": 0,
      "LipSync": 1,
      "MotionChangeFrom": 1,
      "Motions": [],
      "Voices": [
        {
          "Character2dId": 7,
          "VoiceId": "areatalk_2_284_001",
          "Volume": 1.0
        }
      ],
      "Speed": 0.0,
      "FontSize": 0,
      "WhenFinishCloseWindow": 0,
      "RequirePlayEffect": 0,
      "EffectReferenceIdx": 0,
      "RequirePlaySound": 0,
      "SoundReferenceIdx": 0
    },
    {
      "TalkCharacters": [
        {
          "Character2dId": 7
        }
      ],
      "WindowDisplayName": "愛莉",
      "Body": "わたし達、それぞれ用事があって\n放課後の練習に参加できなかったから……",
      "TalkTention": 0,
      "LipSync": 1,
      "MotionChangeFrom": 1,
      "Motions": [
        {
          "Character2dId": 7,
          "MotionName": "w-happy-nod01",
          "FacialName": "face_smile_09",
          "TimingSyncValue": 0.0
        }
      ],
      "Voices": [
        {
          "Character2dId": 7,
          "VoiceId": "areatalk_2_284_002",
          "Volume": 1.0
        }
      ],
      "Speed": 0.0,
      "FontSize": 0,
      "WhenFinishCloseWindow": 0,
      "RequirePlayEffect": 0,
      "EffectReferenceIdx": 0,
      "RequirePlaySound": 0,
      "SoundReferenceIdx": 0
    },
    {
      "TalkCharacters": [
        {
          "Character2dId": 25
        }
      ],
      "WindowDisplayName": "ミク",
      "Body": "ううん。いつもリンちゃんとふたりきりでやってたから、\n３人でやれて楽しかったよ",
      "TalkTention": 0,
      "LipSync": 1,
      "MotionChangeFrom": 1,
      "Motions": [
        {
          "Character2dId": 25,
          "MotionName": "w-normal-nod01",
          "FacialName": "face_idol_smile_01",
          "TimingSyncValue": 0.0
        }
      ],
      "Voices": [
        {
          "Character2dId": 25,
          "VoiceId": "partvoice_11_021_idol",
          "Volume": 1.0
        }
      ],
      "Speed": 0.0,
      "FontSize": 0,
      "WhenFinishCloseWindow": 0,
      "RequirePlayEffect": 0,
      "EffectReferenceIdx": 0,
      "RequirePlaySound": 0,
      "SoundReferenceIdx": 0
    },
    {
      "TalkCharacters": [
        {
          "Character2dId": 25
        }
      ],
      "WindowDisplayName": "ミク",
      "Body": "もしよかったら、今度は全員と一緒にやりたいな！",
      "TalkTention": 0,
      "LipSync": 0,
      "MotionChangeFrom": 1,
      "Motions": [
        {
          "Character2dId": 25,
          "MotionName": "w-cute-tilthead07",
          "FacialName": "face_idol_smile_03",
          "TimingSyncValue": 0.0
        }
      ],
      "Voices": [],
      "Speed": 0.0,
      "FontSize": 0,
      "WhenFinishCloseWindow": 0,
      "RequirePlayEffect": 0,
      "EffectReferenceIdx": 0,
      "RequirePlaySound": 0,
      "SoundReferenceIdx": 0
    },
    {
      "TalkCharacters": [
        {
          "Character2dId": 7
        }
      ],
      "WindowDisplayName": "愛莉",
      "Body": "あ、合同練習ね！　確かにお互いいい刺激になりそう！\n戻ったら、みんなに話してみるわね",
      "TalkTention": 0,
      "LipSync": 1,
      "MotionChangeFrom": 1,
      "Motions": [
        {
          "Character2dId": 7,
          "MotionName": "w-normal-glad01",
          "FacialName": "face_smile_02",
          "TimingSyncValue": 0.0
        }
      ],
      "Voices": [
        {
          "Character2dId": 7,
          "VoiceId": "areatalk_2_284_003",
          "Volume": 1.0
        }
      ],
      "Speed": 0.0,
      "FontSize": 0,
      "WhenFinishCloseWindow": 1,
      "RequirePlayEffect": 0,
      "EffectReferenceIdx": 0,
      "RequirePlaySound": 0,
      "SoundReferenceIdx": 0
    }
  ],
  "LayoutData": [],
  "SpecialEffectData": [],
  "SoundData": [],
  "NeedBundleNames": [],
  "IncludeSoundDataBundleNames": []
}