{
  "m_GameObject": {
    "m_FileID": 0,
    "m_PathID": 0
  },
  "m_Enabled": 1,
  "m_Script": {
    "m_FileID": 0,
    "m_PathID": 351856902256450410
  },
  "m_Name": "areatalk02_339",
  "ScenarioId": "areatalk02_339",
  "AppearCharacters": [
    {
      "Character2dId": 2,
      "CostumeType": "02saki_cloth001"
    },
    {
      "Character2dId": 22,
      "CostumeType": "21miku_band"
    }
  ],
  "FirstLayout": [
    {
      "PositionSide": 3,
      "Character2dId": 2,
      "CostumeType": "02saki_cloth001",
      "MotionName": "w-cute-tilthead07",
      "FacialName": "face_trouble_03",
      "OffsetX": 0.0
    },
    {
      "PositionSide": 7,
      "Character2dId": 22,
      "CostumeType": "21miku_band",
      "MotionName": "w-cool-posenod01",
      "FacialName": "face_band_normal_01",
      "OffsetX": 0.0
    }
  ],
  "FirstBgm": "",
  "FirstBackground": "",
  "Snippets": [
    {
      "Action": 1,
      "ProgressBehavior": 1,
      "ReferenceIndex": 0,
      "Delay": 0.0
    },
    {
      "Action": 1,
      "ProgressBehavior": 1,
      "ReferenceIndex": 1,
      "Delay": 0.0
    },
    {
      "Action": 1,
      "ProgressBehavior": 1,
      "ReferenceIndex": 2,
      "Delay": 0.0
    },
    {
      "Action": 1,
      "ProgressBehavior": 1,
      "ReferenceIndex": 3,
      "Delay": 0.0
    },
    {
      "Action": 1,
      "ProgressBehavior": 1,
      "ReferenceIndex": 4,
      "Delay": 0.0
    }
  ],
  "TalkData": [
    {
      "TalkCharacters": [
        {
          "Character2dId": 2
        }
      ],
      "WindowDisplayName": "咲希",
      "Body": "えっと、右手でこうして、左手で……あーでも、\n今度はこっちのスイッチが遠くなるのかぁ",
      "TalkTention": 0,
      "LipSync": 1,
      "MotionChangeFrom": 1,
      "Motions": [],
      "Voices": [
        {
          "Character2dId": 2,
          "VoiceId": "areatalk_2_339_001",
          "Volume": 1.0
        }
      ],
      "Speed": 0.0,
      "FontSize": 0,
      "WhenFinishCloseWindow": 0,
      "RequirePlayEffect": 0,
      "EffectReferenceIdx": 0,
      "RequirePlaySound": 0,
      "SoundReferenceIdx": 0
    },
    {
      "TalkCharacters": [
        {
          "Character2dId": 22
        }
      ],
      "WindowDisplayName": "ミク",
      "Body": "咲希、さっきから何回も腕をクロスしてるけど、\n何してるの？　演奏前の体操？",
      "TalkTention": 0,
      "LipSync": 1,
      "MotionChangeFrom": 1,
      "Motions": [
        {
          "Character2dId": 22,
          "MotionName": "w-cool-tilthead02",
          "FacialName": "face_band_smallmouth_01",
          "TimingSyncValue": 0.0
        }
      ],
      "Voices": [
        {
          "Character2dId": 22,
          "VoiceId": "partvoice_10_021_band",
          "Volume": 1.0
        }
      ],
      "Speed": 0.0,
      "FontSize": 0,
      "WhenFinishCloseWindow": 0,
      "RequirePlayEffect": 0,
      "EffectReferenceIdx": 0,
      "RequirePlaySound": 0,
      "SoundReferenceIdx": 0
    },
    {
      "TalkCharacters": [
        {
          "Character2dId": 2
        }
      ],
      "WindowDisplayName": "咲希",
      "Body": "それが……えっと、腕運び？が上手くいかなくて、\nシンセの音の切り替えが間に合わないんだよね",
      "TalkTention": 0,
      "LipSync": 1,
      "MotionChangeFrom": 1,
      "Motions": [
        {
          "Character2dId": 2,
          "MotionName": "w-cute-tilthead03",
          "FacialName": "face_ worry_01",
          "TimingSyncValue": 0.0
        }
      ],
      "Voices": [
        {
          "Character2dId": 2,
          "VoiceId": "areatalk_2_339_003",
          "Volume": 1.0
        }
      ],
      "Speed": 0.0,
      "FontSize": 0,
      "WhenFinishCloseWindow": 0,
      "RequirePlayEffect": 0,
      "EffectReferenceIdx": 0,
      "RequirePlaySound": 0,
      "SoundReferenceIdx": 0
    },
    {
      "TalkCharacters": [
        {
          "Character2dId": 22
        }
      ],
      "WindowDisplayName": "ミク",
      "Body": "そういえば、今練習してる曲は\n演奏より、操作が忙しいって言ってたっけ",
      "TalkTention": 0,
      "LipSync": 0,
      "MotionChangeFrom": 1,
      "Motions": [
        {
          "Character2dId": 22,
          "MotionName": "w-cool-nod03",
          "FacialName": "face_band_normal_01",
          "TimingSyncValue": 0.0
        }
      ],
      "Voices": [],
      "Speed": 0.0,
      "FontSize": 0,
      "WhenFinishCloseWindow": 0,
      "RequirePlayEffect": 0,
      "EffectReferenceIdx": 0,
      "RequirePlaySound": 0,
      "SoundReferenceIdx": 0
    },
    {
      "TalkCharacters": [
        {
          "Character2dId": 2
        }
      ],
      "WindowDisplayName": "咲希",
      "Body": "そうなの！　あーあ。\nあともう一本、腕があったらいいのにー",
      "TalkTention": 0,
      "LipSync": 1,
      "MotionChangeFrom": 1,
      "Motions": [
        {
          "Character2dId": 2,
          "MotionName": "w-cute-tilthead02",
          "FacialName": "face_sad_01",
          "TimingSyncValue": 0.0
        }
      ],
      "Voices": [
        {
          "Character2dId": 2,
          "VoiceId": "areatalk_2_339_005",
          "Volume": 1.0
        }
      ],
      "Speed": 0.0,
      "FontSize": 0,
      "WhenFinishCloseWindow": 1,
      "RequirePlayEffect": 0,
      "EffectReferenceIdx": 0,
      "RequirePlaySound": 0,
      "SoundReferenceIdx": 0
    }
  ],
  "LayoutData": [],
  "SpecialEffectData": [],
  "SoundData": [],
  "NeedBundleNames": [],
  "IncludeSoundDataBundleNames": []
}