{
  "m_GameObject": {
    "m_FileID": 0,
    "m_PathID": 0
  },
  "m_Enabled": 1,
  "m_Script": {
    "m_FileID": 0,
    "m_PathID": 351856902256450410
  },
  "m_Name": "areatalk02_302",
  "ScenarioId": "areatalk02_302",
  "AppearCharacters": [
    {
      "Character2dId": 23,
      "CostumeType": "21miku_street"
    },
    {
      "Character2dId": 11,
      "CostumeType": "11akito_unit"
    }
  ],
  "FirstLayout": [
    {
      "PositionSide": 3,
      "Character2dId": 23,
      "CostumeType": "21miku_street",
      "MotionName": "w-cool-tilthead04",
      "FacialName": "face_street_smile_01",
      "OffsetX": 0.0
    },
    {
      "PositionSide": 7,
      "Character2dId": 11,
      "CostumeType": "11akito_unit",
      "MotionName": "m-normal-pose04",
      "FacialName": "face_normal_01",
      "OffsetX": 0.0
    }
  ],
  "FirstBgm": "",
  "FirstBackground": "",
  "Snippets": [
    {
      "Action": 1,
      "ProgressBehavior": 1,
      "ReferenceIndex": 0,
      "Delay": 0.0
    },
    {
      "Action": 1,
      "ProgressBehavior": 1,
      "ReferenceIndex": 1,
      "Delay": 0.0
    },
    {
      "Action": 1,
      "ProgressBehavior": 1,
      "ReferenceIndex": 2,
      "Delay": 0.0
    },
    {
      "Action": 1,
      "ProgressBehavior": 1,
      "ReferenceIndex": 3,
      "Delay": 0.0
    }
  ],
  "TalkData": [
    {
      "TalkCharacters": [
        {
          "Character2dId": 23
        }
      ],
      "WindowDisplayName": "ミク",
      "Body": "彰人、最近、こはね達とは歌ってる？",
      "TalkTention": 0,
      "LipSync": 1,
      "MotionChangeFrom": 1,
      "Motions": [],
      "Voices": [
        {
          "Character2dId": 23,
          "VoiceId": "partvoice_01_021_street",
          "Volume": 1.0
        }
      ],
      "Speed": 0.0,
      "FontSize": 0,
      "WhenFinishCloseWindow": 0,
      "RequirePlayEffect": 0,
      "EffectReferenceIdx": 0,
      "RequirePlaySound": 0,
      "SoundReferenceIdx": 0
    },
    {
      "TalkCharacters": [
        {
          "Character2dId": 11
        }
      ],
      "WindowDisplayName": "彰人",
      "Body": "いや……イベントにはだいたい４人で出るけど、\nまだ４人でやってく時の正解が見えなくてな",
      "TalkTention": 0,
      "LipSync": 1,
      "MotionChangeFrom": 1,
      "Motions": [
        {
          "Character2dId": 11,
          "MotionName": "m-normal-shakehead04",
          "FacialName": "face_normal_01",
          "TimingSyncValue": 0.0
        }
      ],
      "Voices": [
        {
          "Character2dId": 11,
          "VoiceId": "areatalk_2_302_001",
          "Volume": 1.0
        }
      ],
      "Speed": 0.0,
      "FontSize": 0,
      "WhenFinishCloseWindow": 0,
      "RequirePlayEffect": 0,
      "EffectReferenceIdx": 0,
      "RequirePlaySound": 0,
      "SoundReferenceIdx": 0
    },
    {
      "TalkCharacters": [
        {
          "Character2dId": 23
        }
      ],
      "WindowDisplayName": "ミク",
      "Body": "試行錯誤の途中って感じ？",
      "TalkTention": 0,
      "LipSync": 0,
      "MotionChangeFrom": 1,
      "Motions": [
        {
          "Character2dId": 23,
          "MotionName": "w-cool-tilthead03",
          "FacialName": "face_street_normal_01",
          "TimingSyncValue": 0.0
        }
      ],
      "Voices": [],
      "Speed": 0.0,
      "FontSize": 0,
      "WhenFinishCloseWindow": 0,
      "RequirePlayEffect": 0,
      "EffectReferenceIdx": 0,
      "RequirePlaySound": 0,
      "SoundReferenceIdx": 0
    },
    {
      "TalkCharacters": [
        {
          "Character2dId": 11
        }
      ],
      "WindowDisplayName": "彰人",
      "Body": "ああ。早くしっくりくる形を見つけたいもんだな",
      "TalkTention": 0,
      "LipSync": 1,
      "MotionChangeFrom": 1,
      "Motions": [
        {
          "Character2dId": 11,
          "MotionName": "m-normal-nod04",
          "FacialName": "face_normal_01",
          "TimingSyncValue": 0.0
        }
      ],
      "Voices": [
        {
          "Character2dId": 11,
          "VoiceId": "areatalk_2_302_002",
          "Volume": 1.0
        }
      ],
      "Speed": 0.0,
      "FontSize": 0,
      "WhenFinishCloseWindow": 1,
      "RequirePlayEffect": 0,
      "EffectReferenceIdx": 0,
      "RequirePlaySound": 0,
      "SoundReferenceIdx": 0
    }
  ],
  "LayoutData": [],
  "SpecialEffectData": [],
  "SoundData": [],
  "NeedBundleNames": [],
  "IncludeSoundDataBundleNames": []
}