{
  "m_GameObject": {
    "m_FileID": 0,
    "m_PathID": 0
  },
  "m_Enabled": 1,
  "m_Script": {
    "m_FileID": 0,
    "m_PathID": 351856902256450410
  },
  "m_Name": "areatalk02_262",
  "ScenarioId": "areatalk02_262",
  "AppearCharacters": [
    {
      "Character2dId": 17,
      "CostumeType": "17kanade_normal"
    },
    {
      "Character2dId": 18,
      "CostumeType": "18mafuyu_cloth001"
    }
  ],
  "FirstLayout": [
    {
      "PositionSide": 3,
      "Character2dId": 17,
      "CostumeType": "17kanade_normal",
      "MotionName": "w-kanade-nod01",
      "FacialName": "face_normal_01",
      "OffsetX": 0.0
    },
    {
      "PositionSide": 7,
      "Character2dId": 18,
      "CostumeType": "18mafuyu_cloth001",
      "MotionName": "w-normal-pose05",
      "FacialName": "face_normal_01",
      "OffsetX": 0.0
    }
  ],
  "FirstBgm": "",
  "FirstBackground": "",
  "Snippets": [
    {
      "Action": 1,
      "ProgressBehavior": 1,
      "ReferenceIndex": 0,
      "Delay": 0.0
    },
    {
      "Action": 1,
      "ProgressBehavior": 1,
      "ReferenceIndex": 1,
      "Delay": 0.0
    },
    {
      "Action": 1,
      "ProgressBehavior": 1,
      "ReferenceIndex": 2,
      "Delay": 0.0
    },
    {
      "Action": 1,
      "ProgressBehavior": 1,
      "ReferenceIndex": 3,
      "Delay": 0.0
    }
  ],
  "TalkData": [
    {
      "TalkCharacters": [
        {
          "Character2dId": 17
        }
      ],
      "WindowDisplayName": "奏",
      "Body": "あ……あった",
      "TalkTention": 0,
      "LipSync": 1,
      "MotionChangeFrom": 1,
      "Motions": [],
      "Voices": [
        {
          "Character2dId": 17,
          "VoiceId": "areatalk_2_262_001",
          "Volume": 1.0
        }
      ],
      "Speed": 0.0,
      "FontSize": 0,
      "WhenFinishCloseWindow": 0,
      "RequirePlayEffect": 0,
      "EffectReferenceIdx": 0,
      "RequirePlaySound": 0,
      "SoundReferenceIdx": 0
    },
    {
      "TalkCharacters": [
        {
          "Character2dId": 18
        }
      ],
      "WindowDisplayName": "まふゆ",
      "Body": "それ、ドラマのサウンドトラック？\n奏、そういうのも聴くんだね",
      "TalkTention": 0,
      "LipSync": 1,
      "MotionChangeFrom": 1,
      "Motions": [
        {
          "Character2dId": 18,
          "MotionName": "w-normal-tilthead05",
          "FacialName": "face_normal_01",
          "TimingSyncValue": 0.0
        }
      ],
      "Voices": [
        {
          "Character2dId": 18,
          "VoiceId": "areatalk_2_262_002",
          "Volume": 1.0
        }
      ],
      "Speed": 0.0,
      "FontSize": 0,
      "WhenFinishCloseWindow": 0,
      "RequirePlayEffect": 0,
      "EffectReferenceIdx": 0,
      "RequirePlaySound": 0,
      "SoundReferenceIdx": 0
    },
    {
      "TalkCharacters": [
        {
          "Character2dId": 17
        }
      ],
      "WindowDisplayName": "奏",
      "Body": "うん。でも、こういうのに限って\nダウンロードできないのも多くて困る",
      "TalkTention": 0,
      "LipSync": 1,
      "MotionChangeFrom": 1,
      "Motions": [
        {
          "Character2dId": 17,
          "MotionName": "w-kanade-tilthead01",
          "FacialName": "face_normal_02",
          "TimingSyncValue": 0.0
        }
      ],
      "Voices": [
        {
          "Character2dId": 17,
          "VoiceId": "areatalk_2_262_003",
          "Volume": 1.0
        }
      ],
      "Speed": 0.0,
      "FontSize": 0,
      "WhenFinishCloseWindow": 0,
      "RequirePlayEffect": 0,
      "EffectReferenceIdx": 0,
      "RequirePlaySound": 0,
      "SoundReferenceIdx": 0
    },
    {
      "TalkCharacters": [
        {
          "Character2dId": 18
        }
      ],
      "WindowDisplayName": "まふゆ",
      "Body": "あはは……奏の行動範囲、\nここか、コンビニかショッピングモールまで、だもんね……",
      "TalkTention": 0,
      "LipSync": 1,
      "MotionChangeFrom": 1,
      "Motions": [
        {
          "Character2dId": 18,
          "MotionName": "w-cool-tilthead04",
          "FacialName": "face_smile_02",
          "TimingSyncValue": 0.0
        }
      ],
      "Voices": [
        {
          "Character2dId": 18,
          "VoiceId": "areatalk_2_262_004",
          "Volume": 1.0
        }
      ],
      "Speed": 0.0,
      "FontSize": 0,
      "WhenFinishCloseWindow": 1,
      "RequirePlayEffect": 0,
      "EffectReferenceIdx": 0,
      "RequirePlaySound": 0,
      "SoundReferenceIdx": 0
    }
  ],
  "LayoutData": [],
  "SpecialEffectData": [],
  "SoundData": [],
  "NeedBundleNames": [],
  "IncludeSoundDataBundleNames": []
}