{
  "m_GameObject": {
    "m_FileID": 0,
    "m_PathID": 0
  },
  "m_Enabled": 1,
  "m_Script": {
    "m_FileID": 0,
    "m_PathID": 351856902256450410
  },
  "m_Name": "areatalk02_362",
  "ScenarioId": "areatalk02_362",
  "AppearCharacters": [
    {
      "Character2dId": 9,
      "CostumeType": "09kohane_unit"
    },
    {
      "Character2dId": 28,
      "CostumeType": "23len_street"
    }
  ],
  "FirstLayout": [
    {
      "PositionSide": 3,
      "Character2dId": 9,
      "CostumeType": "09kohane_unit",
      "MotionName": "w-normal-nod01",
      "FacialName": "face_smile_02",
      "OffsetX": 0.0
    },
    {
      "PositionSide": 7,
      "Character2dId": 28,
      "CostumeType": "23len_street",
      "MotionName": "n-normal-posenod02",
      "FacialName": "face_normal_01",
      "OffsetX": 0.0
    }
  ],
  "FirstBgm": "",
  "FirstBackground": "",
  "Snippets": [
    {
      "Action": 1,
      "ProgressBehavior": 1,
      "ReferenceIndex": 0,
      "Delay": 0.0
    },
    {
      "Action": 1,
      "ProgressBehavior": 1,
      "ReferenceIndex": 1,
      "Delay": 0.0
    },
    {
      "Action": 1,
      "ProgressBehavior": 1,
      "ReferenceIndex": 2,
      "Delay": 0.0
    },
    {
      "Action": 1,
      "ProgressBehavior": 1,
      "ReferenceIndex": 3,
      "Delay": 0.0
    },
    {
      "Action": 1,
      "ProgressBehavior": 1,
      "ReferenceIndex": 4,
      "Delay": 0.0
    },
    {
      "Action": 1,
      "ProgressBehavior": 1,
      "ReferenceIndex": 5,
      "Delay": 0.0
    }
  ],
  "TalkData": [
    {
      "TalkCharacters": [
        {
          "Character2dId": 9
        }
      ],
      "WindowDisplayName": "こはね",
      "Body": "あ、レンくん。もしよかったら、\n一緒に歌ってくれないかな",
      "TalkTention": 0,
      "LipSync": 1,
      "MotionChangeFrom": 1,
      "Motions": [],
      "Voices": [
        {
          "Character2dId": 9,
          "VoiceId": "areatalk_2_362_001",
          "Volume": 1.0
        }
      ],
      "Speed": 0.0,
      "FontSize": 0,
      "WhenFinishCloseWindow": 0,
      "RequirePlayEffect": 0,
      "EffectReferenceIdx": 0,
      "RequirePlaySound": 0,
      "SoundReferenceIdx": 0
    },
    {
      "TalkCharacters": [
        {
          "Character2dId": 28
        }
      ],
      "WindowDisplayName": "レン",
      "Body": "え、こはねとオレで？",
      "TalkTention": 0,
      "LipSync": 1,
      "MotionChangeFrom": 1,
      "Motions": [
        {
          "Character2dId": 28,
          "MotionName": "n-len-tilthead01",
          "FacialName": "face_smallmouth_01",
          "TimingSyncValue": 0.0
        }
      ],
      "Voices": [
        {
          "Character2dId": 28,
          "VoiceId": "partvoice_09_023",
          "Volume": 1.0
        }
      ],
      "Speed": 0.0,
      "FontSize": 0,
      "WhenFinishCloseWindow": 0,
      "RequirePlayEffect": 0,
      "EffectReferenceIdx": 0,
      "RequirePlaySound": 0,
      "SoundReferenceIdx": 0
    },
    {
      "TalkCharacters": [
        {
          "Character2dId": 9
        }
      ],
      "WindowDisplayName": "こはね",
      "Body": "うん。私はとにかく経験が全然足りてないから、\n杏ちゃん達以外の人とも歌ってみようかなって",
      "TalkTention": 0,
      "LipSync": 1,
      "MotionChangeFrom": 1,
      "Motions": [
        {
          "Character2dId": 9,
          "MotionName": "w-normal-nod05",
          "FacialName": "face_trouble_05",
          "TimingSyncValue": 0.0
        }
      ],
      "Voices": [
        {
          "Character2dId": 9,
          "VoiceId": "areatalk_2_362_003",
          "Volume": 1.0
        }
      ],
      "Speed": 0.0,
      "FontSize": 0,
      "WhenFinishCloseWindow": 0,
      "RequirePlayEffect": 0,
      "EffectReferenceIdx": 0,
      "RequirePlaySound": 0,
      "SoundReferenceIdx": 0
    },
    {
      "TalkCharacters": [
        {
          "Character2dId": 9
        }
      ],
      "WindowDisplayName": "こはね",
      "Body": "でも私、ビビッドストリートには\n知り合い全然いないから……",
      "TalkTention": 0,
      "LipSync": 1,
      "MotionChangeFrom": 1,
      "Motions": [
        {
          "Character2dId": 9,
          "MotionName": "w-normal-tilthead02",
          "FacialName": "face_trouble_04",
          "TimingSyncValue": 0.0
        }
      ],
      "Voices": [
        {
          "Character2dId": 9,
          "VoiceId": "areatalk_2_362_004",
          "Volume": 1.0
        }
      ],
      "Speed": 0.0,
      "FontSize": 0,
      "WhenFinishCloseWindow": 0,
      "RequirePlayEffect": 0,
      "EffectReferenceIdx": 0,
      "RequirePlaySound": 0,
      "SoundReferenceIdx": 0
    },
    {
      "TalkCharacters": [
        {
          "Character2dId": 28
        }
      ],
      "WindowDisplayName": "レン",
      "Body": "そういうことなら、喜んで協力するよ！\nけど、オレについてこられるかな？",
      "TalkTention": 0,
      "LipSync": 0,
      "MotionChangeFrom": 1,
      "Motions": [
        {
          "Character2dId": 28,
          "MotionName": "n-len-nod04",
          "FacialName": "face_smile_01",
          "TimingSyncValue": 0.0
        }
      ],
      "Voices": [],
      "Speed": 0.0,
      "FontSize": 0,
      "WhenFinishCloseWindow": 0,
      "RequirePlayEffect": 0,
      "EffectReferenceIdx": 0,
      "RequirePlaySound": 0,
      "SoundReferenceIdx": 0
    },
    {
      "TalkCharacters": [
        {
          "Character2dId": 9
        }
      ],
      "WindowDisplayName": "こはね",
      "Body": "ありがとう、レンくん。\n私、頑張る！",
      "TalkTention": 0,
      "LipSync": 1,
      "MotionChangeFrom": 1,
      "Motions": [
        {
          "Character2dId": 9,
          "MotionName": "w-animal-nod02",
          "FacialName": "face_smile_04",
          "TimingSyncValue": 0.0
        }
      ],
      "Voices": [
        {
          "Character2dId": 9,
          "VoiceId": "areatalk_2_362_006",
          "Volume": 1.0
        }
      ],
      "Speed": 0.0,
      "FontSize": 0,
      "WhenFinishCloseWindow": 1,
      "RequirePlayEffect": 0,
      "EffectReferenceIdx": 0,
      "RequirePlaySound": 0,
      "SoundReferenceIdx": 0
    }
  ],
  "LayoutData": [],
  "SpecialEffectData": [],
  "SoundData": [],
  "NeedBundleNames": [],
  "IncludeSoundDataBundleNames": []
}