{
  "m_GameObject": {
    "m_FileID": 0,
    "m_PathID": 0
  },
  "m_Enabled": 1,
  "m_Script": {
    "m_FileID": 0,
    "m_PathID": 351856902256450410
  },
  "m_Name": "areatalk02_107",
  "ScenarioId": "areatalk02_107",
  "AppearCharacters": [
    {
      "Character2dId": 1,
      "CostumeType": "01ichika_cloth001"
    },
    {
      "Character2dId": 13,
      "CostumeType": "13tsukasa_cloth001"
    }
  ],
  "FirstLayout": [
    {
      "PositionSide": 4,
      "Character2dId": 1,
      "CostumeType": "01ichika_cloth001",
      "MotionName": "w-cool-tilthead04",
      "FacialName": "face_normal_01",
      "OffsetX": 0.0
    }
  ],
  "FirstBgm": "",
  "FirstBackground": "",
  "Snippets": [
    {
      "Action": 1,
      "ProgressBehavior": 1,
      "ReferenceIndex": 0,
      "Delay": 0.0
    },
    {
      "Action": 2,
      "ProgressBehavior": 1,
      "ReferenceIndex": 0,
      "Delay": 0.0
    },
    {
      "Action": 2,
      "ProgressBehavior": 1,
      "ReferenceIndex": 1,
      "Delay": 0.0
    },
    {
      "Action": 1,
      "ProgressBehavior": 1,
      "ReferenceIndex": 1,
      "Delay": 0.0
    },
    {
      "Action": 2,
      "ProgressBehavior": 1,
      "ReferenceIndex": 2,
      "Delay": 0.0
    },
    {
      "Action": 2,
      "ProgressBehavior": 1,
      "ReferenceIndex": 3,
      "Delay": 0.0
    },
    {
      "Action": 2,
      "ProgressBehavior": 0,
      "ReferenceIndex": 4,
      "Delay": 0.0
    },
    {
      "Action": 1,
      "ProgressBehavior": 1,
      "ReferenceIndex": 2,
      "Delay": 0.0
    },
    {
      "Action": 1,
      "ProgressBehavior": 1,
      "ReferenceIndex": 3,
      "Delay": 0.0
    },
    {
      "Action": 1,
      "ProgressBehavior": 1,
      "ReferenceIndex": 4,
      "Delay": 0.0
    },
    {
      "Action": 1,
      "ProgressBehavior": 1,
      "ReferenceIndex": 5,
      "Delay": 0.0
    }
  ],
  "TalkData": [
    {
      "TalkCharacters": [
        {
          "Character2dId": 1
        }
      ],
      "WindowDisplayName": "一歌",
      "Body": "なんだろう、あの人だかり……",
      "TalkTention": 0,
      "LipSync": 1,
      "MotionChangeFrom": 1,
      "Motions": [],
      "Voices": [
        {
          "Character2dId": 1,
          "VoiceId": "areatalk_2_107_001",
          "Volume": 1.0
        }
      ],
      "Speed": 0.0,
      "FontSize": 0,
      "WhenFinishCloseWindow": 0,
      "RequirePlayEffect": 0,
      "EffectReferenceIdx": 0,
      "RequirePlaySound": 0,
      "SoundReferenceIdx": 0
    },
    {
      "TalkCharacters": [
        {
          "Character2dId": 13
        }
      ],
      "WindowDisplayName": "司",
      "Body": "ハーッハッハッハッハ！！　\n……なんだ、また記念撮影か？　いいだろういいだろうっ！",
      "TalkTention": 0,
      "LipSync": 1,
      "MotionChangeFrom": 1,
      "Motions": [],
      "Voices": [
        {
          "Character2dId": 13,
          "VoiceId": "areatalk_2_107_002",
          "Volume": 1.0
        }
      ],
      "Speed": 0.0,
      "FontSize": 0,
      "WhenFinishCloseWindow": 0,
      "RequirePlayEffect": 0,
      "EffectReferenceIdx": 0,
      "RequirePlaySound": 0,
      "SoundReferenceIdx": 0
    },
    {
      "TalkCharacters": [
        {
          "Character2dId": 1
        }
      ],
      "WindowDisplayName": "一歌",
      "Body": "この高笑いは……",
      "TalkTention": 0,
      "LipSync": 1,
      "MotionChangeFrom": 1,
      "Motions": [],
      "Voices": [
        {
          "Character2dId": 1,
          "VoiceId": "areatalk_2_107_003",
          "Volume": 1.0
        }
      ],
      "Speed": 0.0,
      "FontSize": 0,
      "WhenFinishCloseWindow": 0,
      "RequirePlayEffect": 0,
      "EffectReferenceIdx": 0,
      "RequirePlaySound": 0,
      "SoundReferenceIdx": 0
    },
    {
      "TalkCharacters": [
        {
          "Character2dId": 13
        }
      ],
      "WindowDisplayName": "司",
      "Body": "ん？　おお、我が妹の友人じゃないか！\n一緒に記念撮影するか？",
      "TalkTention": 0,
      "LipSync": 1,
      "MotionChangeFrom": 1,
      "Motions": [
        {
          "Character2dId": 13,
          "MotionName": "m-tsukasa-nod04",
          "FacialName": "face_smile_02",
          "TimingSyncValue": 0.0
        }
      ],
      "Voices": [
        {
          "Character2dId": 13,
          "VoiceId": "areatalk_2_107_004",
          "Volume": 1.0
        }
      ],
      "Speed": 0.0,
      "FontSize": 0,
      "WhenFinishCloseWindow": 0,
      "RequirePlayEffect": 0,
      "EffectReferenceIdx": 0,
      "RequirePlaySound": 0,
      "SoundReferenceIdx": 0
    },
    {
      "TalkCharacters": [
        {
          "Character2dId": 1
        }
      ],
      "WindowDisplayName": "一歌",
      "Body": "い、いえ、間に合ってます……",
      "TalkTention": 0,
      "LipSync": 1,
      "MotionChangeFrom": 1,
      "Motions": [
        {
          "Character2dId": 1,
          "MotionName": "w-cool-tilthead03",
          "FacialName": "face_disgust_01",
          "TimingSyncValue": 0.0
        }
      ],
      "Voices": [
        {
          "Character2dId": 1,
          "VoiceId": "areatalk_2_107_005",
          "Volume": 1.0
        }
      ],
      "Speed": 0.0,
      "FontSize": 0,
      "WhenFinishCloseWindow": 0,
      "RequirePlayEffect": 0,
      "EffectReferenceIdx": 0,
      "RequirePlaySound": 0,
      "SoundReferenceIdx": 0
    },
    {
      "TalkCharacters": [
        {
          "Character2dId": 1
        }
      ],
      "WindowDisplayName": "一歌",
      "Body": "（やっぱり司さんだった。\n……なんであんなに外国の人に囲まれてたんだろう？）",
      "TalkTention": 0,
      "LipSync": 2,
      "MotionChangeFrom": 1,
      "Motions": [
        {
          "Character2dId": 1,
          "MotionName": "w-cool-trouble01",
          "FacialName": "face_normal_01",
          "TimingSyncValue": 0.0
        }
      ],
      "Voices": [
        {
          "Character2dId": 1,
          "VoiceId": "areatalk_2_107_006",
          "Volume": 1.0
        }
      ],
      "Speed": 0.0,
      "FontSize": 0,
      "WhenFinishCloseWindow": 1,
      "RequirePlayEffect": 0,
      "EffectReferenceIdx": 0,
      "RequirePlaySound": 0,
      "SoundReferenceIdx": 0
    }
  ],
  "LayoutData": [
    {
      "Type": 3,
      "SideFrom": 4,
      "SideFromOffsetX": 0.0,
      "SideTo": 4,
      "SideToOffsetX": 0.0,
      "DepthType": 0,
      "Character2dId": 1,
      "CostumeType": "",
      "MotionName": "",
      "FacialName": "",
      "MoveSpeedType": 0
    },
    {
      "Type": 2,
      "SideFrom": 4,
      "SideFromOffsetX": 0.0,
      "SideTo": 4,
      "SideToOffsetX": 0.0,
      "DepthType": 0,
      "Character2dId": 13,
      "CostumeType": "13tsukasa_cloth001",
      "MotionName": "m-tsukasa-glad01",
      "FacialName": "face_smile_03",
      "MoveSpeedType": 0
    },
    {
      "Type": 3,
      "SideFrom": 4,
      "SideFromOffsetX": 0.0,
      "SideTo": 4,
      "SideToOffsetX": 0.0,
      "DepthType": 0,
      "Character2dId": 13,
      "CostumeType": "",
      "MotionName": "",
      "FacialName": "",
      "MoveSpeedType": 0
    },
    {
      "Type": 2,
      "SideFrom": 3,
      "SideFromOffsetX": 0.0,
      "SideTo": 3,
      "SideToOffsetX": 0.0,
      "DepthType": 0,
      "Character2dId": 13,
      "CostumeType": "",
      "MotionName": "",
      "FacialName": "",
      "MoveSpeedType": 0
    },
    {
      "Type": 2,
      "SideFrom": 7,
      "SideFromOffsetX": 0.0,
      "SideTo": 7,
      "SideToOffsetX": 0.0,
      "DepthType": 0,
      "Character2dId": 1,
      "CostumeType": "",
      "MotionName": "w-cool-nod03",
      "FacialName": "face_trouble_01",
      "MoveSpeedType": 0
    }
  ],
  "SpecialEffectData": [],
  "SoundData": [],
  "NeedBundleNames": [],
  "IncludeSoundDataBundleNames": []
}