{
  "m_GameObject": {
    "m_FileID": 0,
    "m_PathID": 0
  },
  "m_Enabled": 1,
  "m_Script": {
    "m_FileID": 0,
    "m_PathID": 351856902256450410
  },
  "m_Name": "areatalk02_165",
  "ScenarioId": "areatalk02_165",
  "AppearCharacters": [
    {
      "Character2dId": 7,
      "CostumeType": "07airi_cloth001"
    },
    {
      "Character2dId": 5,
      "CostumeType": "05minori_cloth001"
    }
  ],
  "FirstLayout": [
    {
      "PositionSide": 3,
      "Character2dId": 7,
      "CostumeType": "07airi_cloth001",
      "MotionName": "w-happy-nod03",
      "FacialName": "face_smile_03",
      "OffsetX": 0.0
    },
    {
      "PositionSide": 7,
      "Character2dId": 5,
      "CostumeType": "05minori_cloth001",
      "MotionName": "w-normal-pose05",
      "FacialName": "face_normal_01",
      "OffsetX": 0.0
    }
  ],
  "FirstBgm": "",
  "FirstBackground": "",
  "Snippets": [
    {
      "Action": 1,
      "ProgressBehavior": 1,
      "ReferenceIndex": 0,
      "Delay": 0.0
    },
    {
      "Action": 1,
      "ProgressBehavior": 1,
      "ReferenceIndex": 1,
      "Delay": 0.0
    },
    {
      "Action": 1,
      "ProgressBehavior": 1,
      "ReferenceIndex": 2,
      "Delay": 0.0
    },
    {
      "Action": 1,
      "ProgressBehavior": 1,
      "ReferenceIndex": 3,
      "Delay": 0.0
    },
    {
      "Action": 1,
      "ProgressBehavior": 1,
      "ReferenceIndex": 4,
      "Delay": 0.0
    }
  ],
  "TalkData": [
    {
      "TalkCharacters": [
        {
          "Character2dId": 7
        }
      ],
      "WindowDisplayName": "愛莉",
      "Body": "あ、向こうのお店で和菓子が売ってる。\n帰りに買っていかなくちゃ！",
      "TalkTention": 0,
      "LipSync": 1,
      "MotionChangeFrom": 1,
      "Motions": [],
      "Voices": [
        {
          "Character2dId": 7,
          "VoiceId": "areatalk_2_165_001",
          "Volume": 1.0
        }
      ],
      "Speed": 0.0,
      "FontSize": 0,
      "WhenFinishCloseWindow": 0,
      "RequirePlayEffect": 0,
      "EffectReferenceIdx": 0,
      "RequirePlaySound": 0,
      "SoundReferenceIdx": 0
    },
    {
      "TalkCharacters": [
        {
          "Character2dId": 5
        }
      ],
      "WindowDisplayName": "みのり",
      "Body": "そういえば、愛莉ちゃんって和菓子が好きなんだよね。\nテレビで話してるの、聞いたことある！",
      "TalkTention": 0,
      "LipSync": 1,
      "MotionChangeFrom": 1,
      "Motions": [
        {
          "Character2dId": 5,
          "MotionName": "w-normal-nod01",
          "FacialName": "face_smile_01",
          "TimingSyncValue": 0.0
        }
      ],
      "Voices": [
        {
          "Character2dId": 5,
          "VoiceId": "areatalk_2_165_002",
          "Volume": 1.0
        }
      ],
      "Speed": 0.0,
      "FontSize": 0,
      "WhenFinishCloseWindow": 0,
      "RequirePlayEffect": 0,
      "EffectReferenceIdx": 0,
      "RequirePlaySound": 0,
      "SoundReferenceIdx": 0
    },
    {
      "TalkCharacters": [
        {
          "Character2dId": 7
        }
      ],
      "WindowDisplayName": "愛莉",
      "Body": "へえ、よく覚えてたわね。\n季節も感じられて、見た目もかわいいし、\n食べても美味しいし、もう言うことなしよね！　和菓子って",
      "TalkTention": 0,
      "LipSync": 1,
      "MotionChangeFrom": 1,
      "Motions": [
        {
          "Character2dId": 7,
          "MotionName": "w-happy-nod02",
          "FacialName": "face_smile_02",
          "TimingSyncValue": 0.0
        }
      ],
      "Voices": [
        {
          "Character2dId": 7,
          "VoiceId": "areatalk_2_165_003",
          "Volume": 1.0
        }
      ],
      "Speed": 0.0,
      "FontSize": 0,
      "WhenFinishCloseWindow": 0,
      "RequirePlayEffect": 0,
      "EffectReferenceIdx": 0,
      "RequirePlaySound": 0,
      "SoundReferenceIdx": 0
    },
    {
      "TalkCharacters": [
        {
          "Character2dId": 5
        }
      ],
      "WindowDisplayName": "みのり",
      "Body": "あれ？　でもテレビで話してる時、\nうっかり食べ過ぎて体重が……",
      "TalkTention": 0,
      "LipSync": 1,
      "MotionChangeFrom": 1,
      "Motions": [
        {
          "Character2dId": 5,
          "MotionName": "w-cute-tilthead04",
          "FacialName": "face_trouble_02",
          "TimingSyncValue": 0.0
        }
      ],
      "Voices": [
        {
          "Character2dId": 5,
          "VoiceId": "areatalk_2_165_004",
          "Volume": 1.0
        }
      ],
      "Speed": 0.0,
      "FontSize": 0,
      "WhenFinishCloseWindow": 0,
      "RequirePlayEffect": 0,
      "EffectReferenceIdx": 0,
      "RequirePlaySound": 0,
      "SoundReferenceIdx": 0
    },
    {
      "TalkCharacters": [
        {
          "Character2dId": 7
        }
      ],
      "WindowDisplayName": "愛莉",
      "Body": "そ、そんなことまで覚えてなくていいのに！",
      "TalkTention": 0,
      "LipSync": 1,
      "MotionChangeFrom": 1,
      "Motions": [
        {
          "Character2dId": 7,
          "MotionName": "w-happy-angry02",
          "FacialName": "face_angry_01",
          "TimingSyncValue": 0.0
        }
      ],
      "Voices": [
        {
          "Character2dId": 7,
          "VoiceId": "areatalk_2_165_005",
          "Volume": 1.0
        }
      ],
      "Speed": 0.0,
      "FontSize": 0,
      "WhenFinishCloseWindow": 1,
      "RequirePlayEffect": 0,
      "EffectReferenceIdx": 0,
      "RequirePlaySound": 0,
      "SoundReferenceIdx": 0
    }
  ],
  "LayoutData": [],
  "SpecialEffectData": [],
  "SoundData": [],
  "NeedBundleNames": [],
  "IncludeSoundDataBundleNames": []
}