{
  "m_GameObject": {
    "m_FileID": 0,
    "m_PathID": 0
  },
  "m_Enabled": 1,
  "m_Script": {
    "m_FileID": 0,
    "m_PathID": 351856902256450410
  },
  "m_Name": "areatalk02_307",
  "ScenarioId": "areatalk02_307",
  "AppearCharacters": [
    {
      "Character2dId": 30,
      "CostumeType": "25meiko_street"
    },
    {
      "Character2dId": 12,
      "CostumeType": "12touya_unit"
    }
  ],
  "FirstLayout": [
    {
      "PositionSide": 3,
      "Character2dId": 30,
      "CostumeType": "25meiko_street",
      "MotionName": "w-cool-tilthead01",
      "FacialName": "face_smile_02",
      "OffsetX": 0.0
    },
    {
      "PositionSide": 7,
      "Character2dId": 12,
      "CostumeType": "12touya_unit",
      "MotionName": "m-normal-pose03",
      "FacialName": "face_normal_01",
      "OffsetX": 0.0
    }
  ],
  "FirstBgm": "",
  "FirstBackground": "",
  "Snippets": [
    {
      "Action": 1,
      "ProgressBehavior": 1,
      "ReferenceIndex": 0,
      "Delay": 0.0
    },
    {
      "Action": 1,
      "ProgressBehavior": 1,
      "ReferenceIndex": 1,
      "Delay": 0.0
    },
    {
      "Action": 1,
      "ProgressBehavior": 1,
      "ReferenceIndex": 2,
      "Delay": 0.0
    },
    {
      "Action": 1,
      "ProgressBehavior": 1,
      "ReferenceIndex": 3,
      "Delay": 0.0
    },
    {
      "Action": 1,
      "ProgressBehavior": 1,
      "ReferenceIndex": 4,
      "Delay": 0.0
    }
  ],
  "TalkData": [
    {
      "TalkCharacters": [
        {
          "Character2dId": 30
        }
      ],
      "WindowDisplayName": "MEIKO",
      "Body": "冬弥くん、いつものブラックでいい？",
      "TalkTention": 0,
      "LipSync": 1,
      "MotionChangeFrom": 1,
      "Motions": [],
      "Voices": [
        {
          "Character2dId": 30,
          "VoiceId": "partvoice_01_025",
          "Volume": 1.0
        }
      ],
      "Speed": 0.0,
      "FontSize": 0,
      "WhenFinishCloseWindow": 0,
      "RequirePlayEffect": 0,
      "EffectReferenceIdx": 0,
      "RequirePlaySound": 0,
      "SoundReferenceIdx": 0
    },
    {
      "TalkCharacters": [
        {
          "Character2dId": 12
        }
      ],
      "WindowDisplayName": "冬弥",
      "Body": "はい。お願いします",
      "TalkTention": 0,
      "LipSync": 1,
      "MotionChangeFrom": 1,
      "Motions": [
        {
          "Character2dId": 12,
          "MotionName": "m-adult-nod02",
          "FacialName": "face_normal_01",
          "TimingSyncValue": 0.0
        }
      ],
      "Voices": [
        {
          "Character2dId": 12,
          "VoiceId": "areatalk_2_307_001",
          "Volume": 1.0
        }
      ],
      "Speed": 0.0,
      "FontSize": 0,
      "WhenFinishCloseWindow": 0,
      "RequirePlayEffect": 0,
      "EffectReferenceIdx": 0,
      "RequirePlaySound": 0,
      "SoundReferenceIdx": 0
    },
    {
      "TalkCharacters": [
        {
          "Character2dId": 30
        }
      ],
      "WindowDisplayName": "MEIKO",
      "Body": "本当にコーヒーが好きなのね。\nふふ、いつも美味しそうに飲んでくれて、\nマスター冥利に尽きるわ",
      "TalkTention": 0,
      "LipSync": 0,
      "MotionChangeFrom": 1,
      "Motions": [
        {
          "Character2dId": 30,
          "MotionName": "w-happy-nod01",
          "FacialName": "face_smile_03",
          "TimingSyncValue": 0.0
        }
      ],
      "Voices": [],
      "Speed": 0.0,
      "FontSize": 0,
      "WhenFinishCloseWindow": 0,
      "RequirePlayEffect": 0,
      "EffectReferenceIdx": 0,
      "RequirePlaySound": 0,
      "SoundReferenceIdx": 0
    },
    {
      "TalkCharacters": [
        {
          "Character2dId": 12
        }
      ],
      "WindowDisplayName": "冬弥",
      "Body": "俺のほうこそ、少しずつ好みに寄せてもらって……。\n味の違いを感じるのが楽しいです",
      "TalkTention": 0,
      "LipSync": 1,
      "MotionChangeFrom": 1,
      "Motions": [
        {
          "Character2dId": 12,
          "MotionName": "m-adult-nod01",
          "FacialName": "face_smile_01",
          "TimingSyncValue": 0.0
        }
      ],
      "Voices": [
        {
          "Character2dId": 12,
          "VoiceId": "areatalk_2_307_002",
          "Volume": 1.0
        }
      ],
      "Speed": 0.0,
      "FontSize": 0,
      "WhenFinishCloseWindow": 0,
      "RequirePlayEffect": 0,
      "EffectReferenceIdx": 0,
      "RequirePlaySound": 0,
      "SoundReferenceIdx": 0
    },
    {
      "TalkCharacters": [
        {
          "Character2dId": 30
        }
      ],
      "WindowDisplayName": "MEIKO",
      "Body": "あ、さすが！　気づいてたのね。\n近いうちに、好みのど真ん中にぴったり寄せてあげるわね",
      "TalkTention": 0,
      "LipSync": 1,
      "MotionChangeFrom": 1,
      "Motions": [
        {
          "Character2dId": 30,
          "MotionName": "w-adult-tilthead02",
          "FacialName": "face_closeeye_02",
          "TimingSyncValue": 0.0
        }
      ],
      "Voices": [
        {
          "Character2dId": 30,
          "VoiceId": "partvoice_20_025",
          "Volume": 1.0
        }
      ],
      "Speed": 0.0,
      "FontSize": 0,
      "WhenFinishCloseWindow": 1,
      "RequirePlayEffect": 0,
      "EffectReferenceIdx": 0,
      "RequirePlaySound": 0,
      "SoundReferenceIdx": 0
    }
  ],
  "LayoutData": [],
  "SpecialEffectData": [],
  "SoundData": [],
  "NeedBundleNames": [],
  "IncludeSoundDataBundleNames": []
}