{
  "m_GameObject": {
    "m_FileID": 0,
    "m_PathID": 0
  },
  "m_Enabled": 1,
  "m_Script": {
    "m_FileID": 0,
    "m_PathID": 351856902256450410
  },
  "m_Name": "areatalk03_004",
  "ScenarioId": "areatalk03_004",
  "AppearCharacters": [
    {
      "Character2dId": 2,
      "CostumeType": "02saki_normal"
    },
    {
      "Character2dId": 3,
      "CostumeType": "03honami_normal"
    },
    {
      "Character2dId": 1,
      "CostumeType": "01ichika_normal"
    }
  ],
  "FirstLayout": [
    {
      "PositionSide": 3,
      "Character2dId": 2,
      "CostumeType": "02saki_normal",
      "MotionName": "w-cute-glad05",
      "FacialName": "face_smile_04",
      "OffsetX": 0.0
    },
    {
      "PositionSide": 7,
      "Character2dId": 3,
      "CostumeType": "03honami_normal",
      "MotionName": "w-normal-pose06",
      "FacialName": "face_smile_01",
      "OffsetX": 0.0
    }
  ],
  "FirstBgm": "",
  "FirstBackground": "",
  "Snippets": [
    {
      "Action": 1,
      "ProgressBehavior": 1,
      "ReferenceIndex": 0,
      "Delay": 0.0
    },
    {
      "Action": 1,
      "ProgressBehavior": 1,
      "ReferenceIndex": 1,
      "Delay": 0.0
    },
    {
      "Action": 2,
      "ProgressBehavior": 1,
      "ReferenceIndex": 0,
      "Delay": 0.0
    },
    {
      "Action": 2,
      "ProgressBehavior": 1,
      "ReferenceIndex": 1,
      "Delay": 0.0
    },
    {
      "Action": 1,
      "ProgressBehavior": 1,
      "ReferenceIndex": 2,
      "Delay": 0.0
    },
    {
      "Action": 1,
      "ProgressBehavior": 1,
      "ReferenceIndex": 3,
      "Delay": 0.0
    },
    {
      "Action": 4,
      "ProgressBehavior": 0,
      "ReferenceIndex": 2,
      "Delay": 2.0
    },
    {
      "Action": 1,
      "ProgressBehavior": 1,
      "ReferenceIndex": 4,
      "Delay": 0.0
    },
    {
      "Action": 2,
      "ProgressBehavior": 1,
      "ReferenceIndex": 3,
      "Delay": 0.0
    },
    {
      "Action": 2,
      "ProgressBehavior": 1,
      "ReferenceIndex": 4,
      "Delay": 0.0
    },
    {
      "Action": 1,
      "ProgressBehavior": 1,
      "ReferenceIndex": 5,
      "Delay": 0.0
    },
    {
      "Action": 2,
      "ProgressBehavior": 1,
      "ReferenceIndex": 5,
      "Delay": 0.0
    },
    {
      "Action": 2,
      "ProgressBehavior": 1,
      "ReferenceIndex": 6,
      "Delay": 0.0
    },
    {
      "Action": 1,
      "ProgressBehavior": 1,
      "ReferenceIndex": 6,
      "Delay": 0.0
    },
    {
      "Action": 1,
      "ProgressBehavior": 1,
      "ReferenceIndex": 7,
      "Delay": 0.0
    }
  ],
  "TalkData": [
    {
      "TalkCharacters": [
        {
          "Character2dId": 2
        }
      ],
      "WindowDisplayName": "咲希",
      "Body": "ねぇねぇ、今日お弁当作って来たの！\nよかったら、おかず交換しようよ",
      "TalkTention": 0,
      "LipSync": 1,
      "MotionChangeFrom": 1,
      "Motions": [],
      "Voices": [
        {
          "Character2dId": 2,
          "VoiceId": "area3_004_001",
          "Volume": 1.0
        }
      ],
      "Speed": 0.0,
      "FontSize": 0,
      "WhenFinishCloseWindow": 0,
      "RequirePlayEffect": 0,
      "EffectReferenceIdx": 0,
      "RequirePlaySound": 0,
      "SoundReferenceIdx": 0
    },
    {
      "TalkCharacters": [
        {
          "Character2dId": 3
        }
      ],
      "WindowDisplayName": "穂波",
      "Body": "うん、いいよ",
      "TalkTention": 0,
      "LipSync": 1,
      "MotionChangeFrom": 1,
      "Motions": [
        {
          "Character2dId": 3,
          "MotionName": "w-adult-nod02",
          "FacialName": "face_smile_01",
          "TimingSyncValue": 0.0
        }
      ],
      "Voices": [
        {
          "Character2dId": 3,
          "VoiceId": "area3_004_002",
          "Volume": 1.0
        }
      ],
      "Speed": 0.0,
      "FontSize": 0,
      "WhenFinishCloseWindow": 0,
      "RequirePlayEffect": 0,
      "EffectReferenceIdx": 0,
      "RequirePlaySound": 0,
      "SoundReferenceIdx": 0
    },
    {
      "TalkCharacters": [
        {
          "Character2dId": 1
        }
      ],
      "WindowDisplayName": "一歌",
      "Body": "あ、ごめん咲希。\n私はいつものこれだから……",
      "TalkTention": 0,
      "LipSync": 1,
      "MotionChangeFrom": 1,
      "Motions": [],
      "Voices": [
        {
          "Character2dId": 1,
          "VoiceId": "area3_004_003",
          "Volume": 1.0
        }
      ],
      "Speed": 0.0,
      "FontSize": 0,
      "WhenFinishCloseWindow": 0,
      "RequirePlayEffect": 0,
      "EffectReferenceIdx": 0,
      "RequirePlaySound": 0,
      "SoundReferenceIdx": 0
    },
    {
      "TalkCharacters": [
        {
          "Character2dId": 2
        }
      ],
      "WindowDisplayName": "咲希",
      "Body": "出た！　焼きそばパン！\nいっちゃん本当に好きだよねー",
      "TalkTention": 0,
      "LipSync": 1,
      "MotionChangeFrom": 1,
      "Motions": [
        {
          "Character2dId": 2,
          "MotionName": "w-cute-forward02",
          "FacialName": "face_surprise_01",
          "TimingSyncValue": 0.0
        }
      ],
      "Voices": [
        {
          "Character2dId": 2,
          "VoiceId": "area3_004_004",
          "Volume": 1.0
        }
      ],
      "Speed": 0.0,
      "FontSize": 0,
      "WhenFinishCloseWindow": 0,
      "RequirePlayEffect": 0,
      "EffectReferenceIdx": 0,
      "RequirePlaySound": 0,
      "SoundReferenceIdx": 0
    },
    {
      "TalkCharacters": [
        {
          "Character2dId": 2
        }
      ],
      "WindowDisplayName": "咲希",
      "Body": "でも、そっか……。\nみんなでおかず交換っていうの、したかったなぁ",
      "TalkTention": 0,
      "LipSync": 1,
      "MotionChangeFrom": 1,
      "Motions": [
        {
          "Character2dId": 2,
          "MotionName": "w-cute-fidget01",
          "FacialName": "face_trouble_03",
          "TimingSyncValue": 0.0
        }
      ],
      "Voices": [
        {
          "Character2dId": 2,
          "VoiceId": "area3_004_005",
          "Volume": 1.0
        }
      ],
      "Speed": 0.0,
      "FontSize": 0,
      "WhenFinishCloseWindow": 0,
      "RequirePlayEffect": 0,
      "EffectReferenceIdx": 0,
      "RequirePlaySound": 0,
      "SoundReferenceIdx": 0
    },
    {
      "TalkCharacters": [
        {
          "Character2dId": 3
        }
      ],
      "WindowDisplayName": "穂波",
      "Body": "大丈夫。これからもまだまだ機会はあるよ",
      "TalkTention": 0,
      "LipSync": 1,
      "MotionChangeFrom": 1,
      "Motions": [
        {
          "Character2dId": 3,
          "MotionName": "w-adult-nod01",
          "FacialName": "face_smile_02",
          "TimingSyncValue": 0.0
        }
      ],
      "Voices": [
        {
          "Character2dId": 3,
          "VoiceId": "area3_004_006",
          "Volume": 1.0
        }
      ],
      "Speed": 0.0,
      "FontSize": 0,
      "WhenFinishCloseWindow": 0,
      "RequirePlayEffect": 0,
      "EffectReferenceIdx": 0,
      "RequirePlaySound": 0,
      "SoundReferenceIdx": 0
    },
    {
      "TalkCharacters": [
        {
          "Character2dId": 1
        }
      ],
      "WindowDisplayName": "一歌",
      "Body": "うん。今度、私もちょっと頑張って\nお弁当作って来るから",
      "TalkTention": 0,
      "LipSync": 1,
      "MotionChangeFrom": 1,
      "Motions": [
        {
          "Character2dId": 1,
          "MotionName": "w-cool-nod01",
          "FacialName": "face_smile_02",
          "TimingSyncValue": 0.0
        }
      ],
      "Voices": [
        {
          "Character2dId": 1,
          "VoiceId": "area3_004_007",
          "Volume": 1.0
        }
      ],
      "Speed": 0.0,
      "FontSize": 0,
      "WhenFinishCloseWindow": 0,
      "RequirePlayEffect": 0,
      "EffectReferenceIdx": 0,
      "RequirePlaySound": 0,
      "SoundReferenceIdx": 0
    },
    {
      "TalkCharacters": [
        {
          "Character2dId": 2
        }
      ],
      "WindowDisplayName": "咲希",
      "Body": "おお、いっちゃんのお弁当どんな感じか見てみたい！\n絶対だよ？　楽しみにしてるからね！",
      "TalkTention": 0,
      "LipSync": 1,
      "MotionChangeFrom": 1,
      "Motions": [
        {
          "Character2dId": 2,
          "MotionName": "w-cute-forward02",
          "FacialName": "face_smile_01",
          "TimingSyncValue": 0.0
        }
      ],
      "Voices": [
        {
          "Character2dId": 2,
          "VoiceId": "area3_004_008",
          "Volume": 1.0
        }
      ],
      "Speed": 0.0,
      "FontSize": 0,
      "WhenFinishCloseWindow": 1,
      "RequirePlayEffect": 0,
      "EffectReferenceIdx": 0,
      "RequirePlaySound": 0,
      "SoundReferenceIdx": 0
    }
  ],
  "LayoutData": [
    {
      "Type": 3,
      "SideFrom": 7,
      "SideFromOffsetX": 0.0,
      "SideTo": 7,
      "SideToOffsetX": 0.0,
      "DepthType": 0,
      "Character2dId": 3,
      "CostumeType": "",
      "MotionName": "",
      "FacialName": "",
      "MoveSpeedType": 0
    },
    {
      "Type": 2,
      "SideFrom": 7,
      "SideFromOffsetX": 0.0,
      "SideTo": 7,
      "SideToOffsetX": 0.0,
      "DepthType": 0,
      "Character2dId": 1,
      "CostumeType": "01ichika_normal",
      "MotionName": "w-cool-tilthead04",
      "FacialName": "face_smile_04",
      "MoveSpeedType": 0
    },
    {
      "Type": 0,
      "SideFrom": 3,
      "SideFromOffsetX": 0.0,
      "SideTo": 3,
      "SideToOffsetX": 0.0,
      "DepthType": 0,
      "Character2dId": 2,
      "CostumeType": "",
      "MotionName": "w-cute-tilthead03",
      "FacialName": "face_trouble_04",
      "MoveSpeedType": 0
    },
    {
      "Type": 3,
      "SideFrom": 7,
      "SideFromOffsetX": 0.0,
      "SideTo": 7,
      "SideToOffsetX": 0.0,
      "DepthType": 0,
      "Character2dId": 1,
      "CostumeType": "",
      "MotionName": "",
      "FacialName": "",
      "MoveSpeedType": 0
    },
    {
      "Type": 2,
      "SideFrom": 7,
      "SideFromOffsetX": 0.0,
      "SideTo": 7,
      "SideToOffsetX": 0.0,
      "DepthType": 0,
      "Character2dId": 3,
      "CostumeType": "",
      "MotionName": "",
      "FacialName": "",
      "MoveSpeedType": 0
    },
    {
      "Type": 3,
      "SideFrom": 7,
      "SideFromOffsetX": 0.0,
      "SideTo": 7,
      "SideToOffsetX": 0.0,
      "DepthType": 0,
      "Character2dId": 3,
      "CostumeType": "",
      "MotionName": "",
      "FacialName": "",
      "MoveSpeedType": 0
    },
    {
      "Type": 2,
      "SideFrom": 7,
      "SideFromOffsetX": 0.0,
      "SideTo": 7,
      "SideToOffsetX": 0.0,
      "DepthType": 0,
      "Character2dId": 1,
      "CostumeType": "",
      "MotionName": "",
      "FacialName": "face_smile_02",
      "MoveSpeedType": 0
    }
  ],
  "SpecialEffectData": [],
  "SoundData": [],
  "NeedBundleNames": [],
  "IncludeSoundDataBundleNames": []
}