{
  "m_GameObject": {
    "m_FileID": 0,
    "m_PathID": 0
  },
  "m_Enabled": 1,
  "m_Script": {
    "m_FileID": 0,
    "m_PathID": 351856902256450410
  },
  "m_Name": "areatalk02_258",
  "ScenarioId": "areatalk02_258",
  "AppearCharacters": [
    {
      "Character2dId": 3,
      "CostumeType": "03honami_cloth001"
    },
    {
      "Character2dId": 4,
      "CostumeType": "04shiho_cloth001"
    }
  ],
  "FirstLayout": [
    {
      "PositionSide": 3,
      "Character2dId": 3,
      "CostumeType": "03honami_cloth001",
      "MotionName": "w-adult-tilthead02",
      "FacialName": "face_smile_01",
      "OffsetX": 0.0
    },
    {
      "PositionSide": 7,
      "Character2dId": 4,
      "CostumeType": "04shiho_cloth001",
      "MotionName": "w-cool-posenod01",
      "FacialName": "face_normal_01",
      "OffsetX": 0.0
    }
  ],
  "FirstBgm": "",
  "FirstBackground": "",
  "Snippets": [
    {
      "Action": 1,
      "ProgressBehavior": 1,
      "ReferenceIndex": 0,
      "Delay": 0.0
    },
    {
      "Action": 1,
      "ProgressBehavior": 1,
      "ReferenceIndex": 1,
      "Delay": 0.0
    },
    {
      "Action": 1,
      "ProgressBehavior": 1,
      "ReferenceIndex": 2,
      "Delay": 0.0
    },
    {
      "Action": 1,
      "ProgressBehavior": 1,
      "ReferenceIndex": 3,
      "Delay": 0.0
    }
  ],
  "TalkData": [
    {
      "TalkCharacters": [
        {
          "Character2dId": 3
        }
      ],
      "WindowDisplayName": "穂波",
      "Body": "わたし、バニラにしようかなぁ。\n志歩ちゃんはどのアイスにする？",
      "TalkTention": 0,
      "LipSync": 1,
      "MotionChangeFrom": 1,
      "Motions": [],
      "Voices": [
        {
          "Character2dId": 3,
          "VoiceId": "areatalk_2_258_001",
          "Volume": 1.0
        }
      ],
      "Speed": 0.0,
      "FontSize": 0,
      "WhenFinishCloseWindow": 0,
      "RequirePlayEffect": 0,
      "EffectReferenceIdx": 0,
      "RequirePlaySound": 0,
      "SoundReferenceIdx": 0
    },
    {
      "TalkCharacters": [
        {
          "Character2dId": 4
        }
      ],
      "WindowDisplayName": "志歩",
      "Body": "穂波、アップルフレーバーじゃなくていいの？",
      "TalkTention": 0,
      "LipSync": 1,
      "MotionChangeFrom": 1,
      "Motions": [
        {
          "Character2dId": 4,
          "MotionName": "w-cool-tilthead04",
          "FacialName": "face_normal_01",
          "TimingSyncValue": 0.0
        }
      ],
      "Voices": [
        {
          "Character2dId": 4,
          "VoiceId": "areatalk_2_258_002",
          "Volume": 1.0
        }
      ],
      "Speed": 0.0,
      "FontSize": 0,
      "WhenFinishCloseWindow": 0,
      "RequirePlayEffect": 0,
      "EffectReferenceIdx": 0,
      "RequirePlaySound": 0,
      "SoundReferenceIdx": 0
    },
    {
      "TalkCharacters": [
        {
          "Character2dId": 3
        }
      ],
      "WindowDisplayName": "穂波",
      "Body": "アップルパイは好きだけど、アイスは全然別だから。\n志歩ちゃんだって、ラーメン味のアイスがあっても\n選ばないでしょ？",
      "TalkTention": 0,
      "LipSync": 1,
      "MotionChangeFrom": 1,
      "Motions": [
        {
          "Character2dId": 3,
          "MotionName": "w-adult-nod02",
          "FacialName": "face_smile_01",
          "TimingSyncValue": 0.0
        }
      ],
      "Voices": [
        {
          "Character2dId": 3,
          "VoiceId": "areatalk_2_258_003",
          "Volume": 1.0
        }
      ],
      "Speed": 0.0,
      "FontSize": 0,
      "WhenFinishCloseWindow": 0,
      "RequirePlayEffect": 0,
      "EffectReferenceIdx": 0,
      "RequirePlaySound": 0,
      "SoundReferenceIdx": 0
    },
    {
      "TalkCharacters": [
        {
          "Character2dId": 4
        }
      ],
      "WindowDisplayName": "志歩",
      "Body": "選ばないけど……それとこれとは違う気がする",
      "TalkTention": 0,
      "LipSync": 1,
      "MotionChangeFrom": 1,
      "Motions": [
        {
          "Character2dId": 4,
          "MotionName": "w-cool-tilthead03",
          "FacialName": "face_trouble_02",
          "TimingSyncValue": 0.0
        }
      ],
      "Voices": [
        {
          "Character2dId": 4,
          "VoiceId": "areatalk_2_258_004",
          "Volume": 1.0
        }
      ],
      "Speed": 0.0,
      "FontSize": 0,
      "WhenFinishCloseWindow": 1,
      "RequirePlayEffect": 0,
      "EffectReferenceIdx": 0,
      "RequirePlaySound": 0,
      "SoundReferenceIdx": 0
    }
  ],
  "LayoutData": [],
  "SpecialEffectData": [],
  "SoundData": [],
  "NeedBundleNames": [],
  "IncludeSoundDataBundleNames": []
}