{
  "m_GameObject": {
    "m_FileID": 0,
    "m_PathID": 0
  },
  "m_Enabled": 1,
  "m_Script": {
    "m_FileID": 0,
    "m_PathID": 351856902256450410
  },
  "m_Name": "areatalk02_049",
  "ScenarioId": "areatalk02_049",
  "AppearCharacters": [
    {
      "Character2dId": 15,
      "CostumeType": "15nene_cloth001"
    },
    {
      "Character2dId": 14,
      "CostumeType": "14emu_cloth001"
    }
  ],
  "FirstLayout": [
    {
      "PositionSide": 3,
      "Character2dId": 15,
      "CostumeType": "15nene_cloth001",
      "MotionName": "w-pure-tilthead01",
      "FacialName": "face_smile_01",
      "OffsetX": 0.0
    },
    {
      "PositionSide": 7,
      "Character2dId": 14,
      "CostumeType": "14emu_cloth001",
      "MotionName": "w-happy-posetilthead02",
      "FacialName": "face_normal_01",
      "OffsetX": 0.0
    }
  ],
  "FirstBgm": "",
  "FirstBackground": "",
  "Snippets": [
    {
      "Action": 1,
      "ProgressBehavior": 1,
      "ReferenceIndex": 0,
      "Delay": 0.0
    },
    {
      "Action": 1,
      "ProgressBehavior": 1,
      "ReferenceIndex": 1,
      "Delay": 0.0
    },
    {
      "Action": 4,
      "ProgressBehavior": 0,
      "ReferenceIndex": 0,
      "Delay": 3.0
    },
    {
      "Action": 1,
      "ProgressBehavior": 1,
      "ReferenceIndex": 2,
      "Delay": 0.0
    },
    {
      "Action": 1,
      "ProgressBehavior": 1,
      "ReferenceIndex": 3,
      "Delay": 0.0
    },
    {
      "Action": 1,
      "ProgressBehavior": 1,
      "ReferenceIndex": 4,
      "Delay": 0.0
    }
  ],
  "TalkData": [
    {
      "TalkCharacters": [
        {
          "Character2dId": 15
        }
      ],
      "WindowDisplayName": "寧々",
      "Body": "（あ、イベントカレンダー更新されてる。\n来週の演目は、現役舞台役者による寸劇……へぇ……）",
      "TalkTention": 0,
      "LipSync": 2,
      "MotionChangeFrom": 1,
      "Motions": [],
      "Voices": [
        {
          "Character2dId": 15,
          "VoiceId": "areatalk_2_049_001",
          "Volume": 1.0
        }
      ],
      "Speed": 0.0,
      "FontSize": 0,
      "WhenFinishCloseWindow": 0,
      "RequirePlayEffect": 0,
      "EffectReferenceIdx": 0,
      "RequirePlaySound": 0,
      "SoundReferenceIdx": 0
    },
    {
      "TalkCharacters": [
        {
          "Character2dId": 14
        }
      ],
      "WindowDisplayName": "えむ",
      "Body": "……あっ、来週、劇があるんだね！\nえへへ、楽しみだねっ☆",
      "TalkTention": 0,
      "LipSync": 1,
      "MotionChangeFrom": 1,
      "Motions": [
        {
          "Character2dId": 14,
          "MotionName": "w-happy-nod03",
          "FacialName": "face_smile_01",
          "TimingSyncValue": 0.0
        }
      ],
      "Voices": [
        {
          "Character2dId": 14,
          "VoiceId": "areatalk_2_049_002",
          "Volume": 1.0
        }
      ],
      "Speed": 0.0,
      "FontSize": 0,
      "WhenFinishCloseWindow": 0,
      "RequirePlayEffect": 0,
      "EffectReferenceIdx": 0,
      "RequirePlaySound": 0,
      "SoundReferenceIdx": 0
    },
    {
      "TalkCharacters": [
        {
          "Character2dId": 15
        }
      ],
      "WindowDisplayName": "寧々",
      "Body": "はぁ……？　何来る気満々になってんの？\nもし来るとしても、一緒には……",
      "TalkTention": 0,
      "LipSync": 1,
      "MotionChangeFrom": 1,
      "Motions": [
        {
          "Character2dId": 15,
          "MotionName": "w-normal-tilthead02",
          "FacialName": "face_angry_01",
          "TimingSyncValue": 0.0
        }
      ],
      "Voices": [
        {
          "Character2dId": 15,
          "VoiceId": "areatalk_2_049_003",
          "Volume": 1.0
        }
      ],
      "Speed": 0.0,
      "FontSize": 0,
      "WhenFinishCloseWindow": 0,
      "RequirePlayEffect": 0,
      "EffectReferenceIdx": 0,
      "RequirePlaySound": 0,
      "SoundReferenceIdx": 0
    },
    {
      "TalkCharacters": [
        {
          "Character2dId": 14
        }
      ],
      "WindowDisplayName": "えむ",
      "Body": "劇♪　劇♪　るんるんる～ん♪",
      "TalkTention": 0,
      "LipSync": 1,
      "MotionChangeFrom": 1,
      "Motions": [
        {
          "Character2dId": 14,
          "MotionName": "w-happy-glad01",
          "FacialName": "face_sparkling_01",
          "TimingSyncValue": 0.0
        }
      ],
      "Voices": [
        {
          "Character2dId": 14,
          "VoiceId": "areatalk_2_049_004",
          "Volume": 1.0
        }
      ],
      "Speed": 0.0,
      "FontSize": 0,
      "WhenFinishCloseWindow": 0,
      "RequirePlayEffect": 0,
      "EffectReferenceIdx": 0,
      "RequirePlaySound": 0,
      "SoundReferenceIdx": 0
    },
    {
      "TalkCharacters": [
        {
          "Character2dId": 15
        }
      ],
      "WindowDisplayName": "寧々",
      "Body": "き、聞いてないし……",
      "TalkTention": 0,
      "LipSync": 1,
      "MotionChangeFrom": 1,
      "Motions": [
        {
          "Character2dId": 15,
          "MotionName": "w-cool-sad01",
          "FacialName": "face_disgust_01",
          "TimingSyncValue": 0.0
        }
      ],
      "Voices": [
        {
          "Character2dId": 15,
          "VoiceId": "areatalk_2_049_005",
          "Volume": 1.0
        }
      ],
      "Speed": 0.0,
      "FontSize": 0,
      "WhenFinishCloseWindow": 1,
      "RequirePlayEffect": 0,
      "EffectReferenceIdx": 0,
      "RequirePlaySound": 0,
      "SoundReferenceIdx": 0
    }
  ],
  "LayoutData": [
    {
      "Type": 0,
      "SideFrom": 3,
      "SideFromOffsetX": 0.0,
      "SideTo": 3,
      "SideToOffsetX": 0.0,
      "DepthType": 0,
      "Character2dId": 14,
      "CostumeType": "",
      "MotionName": "w-cute-glad06",
      "FacialName": "face_smile_03",
      "MoveSpeedType": 0
    }
  ],
  "SpecialEffectData": [],
  "SoundData": [],
  "NeedBundleNames": [],
  "IncludeSoundDataBundleNames": []
}