{
  "m_GameObject": {
    "m_FileID": 0,
    "m_PathID": 0
  },
  "m_Enabled": 1,
  "m_Script": {
    "m_FileID": 0,
    "m_PathID": 351856902256450410
  },
  "m_Name": "areatalk02_017",
  "ScenarioId": "areatalk02_017",
  "AppearCharacters": [
    {
      "Character2dId": 8,
      "CostumeType": "08shizuku_normal"
    },
    {
      "Character2dId": 6,
      "CostumeType": "06haruka_normal"
    }
  ],
  "FirstLayout": [
    {
      "PositionSide": 3,
      "Character2dId": 8,
      "CostumeType": "08shizuku_normal",
      "MotionName": "w-adult-tilthead02",
      "FacialName": "face_smile_01",
      "OffsetX": 0.0
    },
    {
      "PositionSide": 7,
      "Character2dId": 6,
      "CostumeType": "06haruka_normal",
      "MotionName": "w-cool-posenod01",
      "FacialName": "face_normal_01",
      "OffsetX": 0.0
    }
  ],
  "FirstBgm": "",
  "FirstBackground": "",
  "Snippets": [
    {
      "Action": 1,
      "ProgressBehavior": 1,
      "ReferenceIndex": 0,
      "Delay": 0.0
    },
    {
      "Action": 1,
      "ProgressBehavior": 1,
      "ReferenceIndex": 1,
      "Delay": 0.0
    },
    {
      "Action": 1,
      "ProgressBehavior": 1,
      "ReferenceIndex": 2,
      "Delay": 0.0
    },
    {
      "Action": 1,
      "ProgressBehavior": 1,
      "ReferenceIndex": 3,
      "Delay": 0.0
    },
    {
      "Action": 1,
      "ProgressBehavior": 1,
      "ReferenceIndex": 4,
      "Delay": 0.0
    },
    {
      "Action": 1,
      "ProgressBehavior": 1,
      "ReferenceIndex": 5,
      "Delay": 0.0
    }
  ],
  "TalkData": [
    {
      "TalkCharacters": [
        {
          "Character2dId": 8
        }
      ],
      "WindowDisplayName": "雫",
      "Body": "あら、遥ちゃん。よかったら一緒に学食行かない？",
      "TalkTention": 0,
      "LipSync": 1,
      "MotionChangeFrom": 1,
      "Motions": [],
      "Voices": [
        {
          "Character2dId": 8,
          "VoiceId": "areatalk_2_017_001",
          "Volume": 1.0
        }
      ],
      "Speed": 0.0,
      "FontSize": 0,
      "WhenFinishCloseWindow": 0,
      "RequirePlayEffect": 0,
      "EffectReferenceIdx": 0,
      "RequirePlaySound": 0,
      "SoundReferenceIdx": 0
    },
    {
      "TalkCharacters": [
        {
          "Character2dId": 6
        }
      ],
      "WindowDisplayName": "遥",
      "Body": "ごめん、今日はお弁当持ってきてるから",
      "TalkTention": 0,
      "LipSync": 1,
      "MotionChangeFrom": 1,
      "Motions": [
        {
          "Character2dId": 6,
          "MotionName": "w-cool-nod01",
          "FacialName": "face_normal_01",
          "TimingSyncValue": 0.0
        }
      ],
      "Voices": [
        {
          "Character2dId": 6,
          "VoiceId": "areatalk_2_017_002",
          "Volume": 1.0
        }
      ],
      "Speed": 0.0,
      "FontSize": 0,
      "WhenFinishCloseWindow": 0,
      "RequirePlayEffect": 0,
      "EffectReferenceIdx": 0,
      "RequirePlaySound": 0,
      "SoundReferenceIdx": 0
    },
    {
      "TalkCharacters": [
        {
          "Character2dId": 8
        }
      ],
      "WindowDisplayName": "雫",
      "Body": "お弁当、自分で作ってるの？",
      "TalkTention": 0,
      "LipSync": 1,
      "MotionChangeFrom": 1,
      "Motions": [
        {
          "Character2dId": 8,
          "MotionName": "w-adult-think01",
          "FacialName": "face_normal_01",
          "TimingSyncValue": 0.0
        }
      ],
      "Voices": [
        {
          "Character2dId": 8,
          "VoiceId": "areatalk_2_017_003",
          "Volume": 1.0
        }
      ],
      "Speed": 0.0,
      "FontSize": 0,
      "WhenFinishCloseWindow": 0,
      "RequirePlayEffect": 0,
      "EffectReferenceIdx": 0,
      "RequirePlaySound": 0,
      "SoundReferenceIdx": 0
    },
    {
      "TalkCharacters": [
        {
          "Character2dId": 6
        }
      ],
      "WindowDisplayName": "遥",
      "Body": "まあ、一応……\n学食のメニューだとどうしても糖質と脂質が気になっちゃって",
      "TalkTention": 0,
      "LipSync": 1,
      "MotionChangeFrom": 1,
      "Motions": [
        {
          "Character2dId": 6,
          "MotionName": "w-cool-trouble01",
          "FacialName": "face_smallmouth_01",
          "TimingSyncValue": 0.0
        }
      ],
      "Voices": [
        {
          "Character2dId": 6,
          "VoiceId": "areatalk_2_017_004",
          "Volume": 1.0
        }
      ],
      "Speed": 0.0,
      "FontSize": 0,
      "WhenFinishCloseWindow": 0,
      "RequirePlayEffect": 0,
      "EffectReferenceIdx": 0,
      "RequirePlaySound": 0,
      "SoundReferenceIdx": 0
    },
    {
      "TalkCharacters": [
        {
          "Character2dId": 8
        }
      ],
      "WindowDisplayName": "雫",
      "Body": "ふふっ。今でも体型維持とか、気を遣ってるのね",
      "TalkTention": 0,
      "LipSync": 1,
      "MotionChangeFrom": 1,
      "Motions": [
        {
          "Character2dId": 8,
          "MotionName": "w-adult-tilthead01",
          "FacialName": "face_smile_01",
          "TimingSyncValue": 0.0
        }
      ],
      "Voices": [
        {
          "Character2dId": 8,
          "VoiceId": "areatalk_2_017_005",
          "Volume": 1.0
        }
      ],
      "Speed": 0.0,
      "FontSize": 0,
      "WhenFinishCloseWindow": 0,
      "RequirePlayEffect": 0,
      "EffectReferenceIdx": 0,
      "RequirePlaySound": 0,
      "SoundReferenceIdx": 0
    },
    {
      "TalkCharacters": [
        {
          "Character2dId": 6
        }
      ],
      "WindowDisplayName": "遥",
      "Body": "そうね。もうすっかり生活の一部になっちゃってるから、\nやめるにやめられなくて",
      "TalkTention": 0,
      "LipSync": 1,
      "MotionChangeFrom": 1,
      "Motions": [
        {
          "Character2dId": 6,
          "MotionName": "w-cool-tilthead02",
          "FacialName": "face_smile_02",
          "TimingSyncValue": 0.0
        }
      ],
      "Voices": [
        {
          "Character2dId": 6,
          "VoiceId": "areatalk_2_017_006",
          "Volume": 1.0
        }
      ],
      "Speed": 0.0,
      "FontSize": 0,
      "WhenFinishCloseWindow": 1,
      "RequirePlayEffect": 0,
      "EffectReferenceIdx": 0,
      "RequirePlaySound": 0,
      "SoundReferenceIdx": 0
    }
  ],
  "LayoutData": [],
  "SpecialEffectData": [],
  "SoundData": [],
  "NeedBundleNames": [],
  "IncludeSoundDataBundleNames": []
}