{
  "m_GameObject": {
    "m_FileID": 0,
    "m_PathID": 0
  },
  "m_Enabled": 1,
  "m_Script": {
    "m_FileID": 0,
    "m_PathID": 351856902256450410
  },
  "m_Name": "areatalk02_059",
  "ScenarioId": "areatalk02_059",
  "AppearCharacters": [
    {
      "Character2dId": 11,
      "CostumeType": "11akito_normal"
    },
    {
      "Character2dId": 15,
      "CostumeType": "15nene_normal"
    }
  ],
  "FirstLayout": [
    {
      "PositionSide": 4,
      "Character2dId": 11,
      "CostumeType": "11akito_normal",
      "MotionName": "m-cool-tilthead04",
      "FacialName": "face_disgust_01",
      "OffsetX": 0.0
    }
  ],
  "FirstBgm": "",
  "FirstBackground": "",
  "Snippets": [
    {
      "Action": 1,
      "ProgressBehavior": 1,
      "ReferenceIndex": 0,
      "Delay": 0.0
    },
    {
      "Action": 2,
      "ProgressBehavior": 1,
      "ReferenceIndex": 0,
      "Delay": 0.0
    },
    {
      "Action": 2,
      "ProgressBehavior": 1,
      "ReferenceIndex": 1,
      "Delay": 0.0
    },
    {
      "Action": 2,
      "ProgressBehavior": 0,
      "ReferenceIndex": 2,
      "Delay": 0.0
    },
    {
      "Action": 1,
      "ProgressBehavior": 1,
      "ReferenceIndex": 1,
      "Delay": 0.0
    },
    {
      "Action": 4,
      "ProgressBehavior": 0,
      "ReferenceIndex": 3,
      "Delay": 1.5
    },
    {
      "Action": 1,
      "ProgressBehavior": 1,
      "ReferenceIndex": 2,
      "Delay": 0.0
    },
    {
      "Action": 1,
      "ProgressBehavior": 1,
      "ReferenceIndex": 3,
      "Delay": 0.0
    },
    {
      "Action": 4,
      "ProgressBehavior": 0,
      "ReferenceIndex": 4,
      "Delay": 3.5
    },
    {
      "Action": 2,
      "ProgressBehavior": 1,
      "ReferenceIndex": 5,
      "Delay": 0.0
    },
    {
      "Action": 2,
      "ProgressBehavior": 0,
      "ReferenceIndex": 6,
      "Delay": 0.0
    },
    {
      "Action": 2,
      "ProgressBehavior": 1,
      "ReferenceIndex": 7,
      "Delay": 0.0
    },
    {
      "Action": 1,
      "ProgressBehavior": 1,
      "ReferenceIndex": 4,
      "Delay": 0.0
    }
  ],
  "TalkData": [
    {
      "TalkCharacters": [
        {
          "Character2dId": 11
        }
      ],
      "WindowDisplayName": "彰人",
      "Body": "おい、冬弥……って、アイツいねぇのかよ……",
      "TalkTention": 0,
      "LipSync": 1,
      "MotionChangeFrom": 1,
      "Motions": [],
      "Voices": [
        {
          "Character2dId": 11,
          "VoiceId": "areatalk_2_059_001",
          "Volume": 1.0
        }
      ],
      "Speed": 0.0,
      "FontSize": 0,
      "WhenFinishCloseWindow": 0,
      "RequirePlayEffect": 0,
      "EffectReferenceIdx": 0,
      "RequirePlaySound": 0,
      "SoundReferenceIdx": 0
    },
    {
      "TalkCharacters": [
        {
          "Character2dId": 11
        }
      ],
      "WindowDisplayName": "彰人",
      "Body": "あ……ねえ、そこのキミ。\n冬弥と同じクラスだよね？　どこ行ったか知らないかな",
      "TalkTention": 0,
      "LipSync": 1,
      "MotionChangeFrom": 1,
      "Motions": [],
      "Voices": [
        {
          "Character2dId": 11,
          "VoiceId": "areatalk_2_059_002",
          "Volume": 1.0
        }
      ],
      "Speed": 0.0,
      "FontSize": 0,
      "WhenFinishCloseWindow": 0,
      "RequirePlayEffect": 0,
      "EffectReferenceIdx": 0,
      "RequirePlaySound": 0,
      "SoundReferenceIdx": 0
    },
    {
      "TalkCharacters": [
        {
          "Character2dId": 15
        }
      ],
      "WindowDisplayName": "寧々",
      "Body": "……たぶん、図書室",
      "TalkTention": 0,
      "LipSync": 1,
      "MotionChangeFrom": 1,
      "Motions": [
        {
          "Character2dId": 15,
          "MotionName": "w-normal-nod02",
          "FacialName": "face_normal_01",
          "TimingSyncValue": 0.0
        }
      ],
      "Voices": [
        {
          "Character2dId": 15,
          "VoiceId": "areatalk_2_059_003",
          "Volume": 1.0
        }
      ],
      "Speed": 0.0,
      "FontSize": 0,
      "WhenFinishCloseWindow": 0,
      "RequirePlayEffect": 0,
      "EffectReferenceIdx": 0,
      "RequirePlaySound": 0,
      "SoundReferenceIdx": 0
    },
    {
      "TalkCharacters": [
        {
          "Character2dId": 11
        }
      ],
      "WindowDisplayName": "彰人",
      "Body": "ああ、図書委員か。ごめんね、ありがとう",
      "TalkTention": 0,
      "LipSync": 1,
      "MotionChangeFrom": 1,
      "Motions": [
        {
          "Character2dId": 11,
          "MotionName": "m-tsukasa-lookdown01",
          "FacialName": "face_smallmouth_01",
          "TimingSyncValue": 0.0
        }
      ],
      "Voices": [
        {
          "Character2dId": 11,
          "VoiceId": "areatalk_2_059_004",
          "Volume": 1.0
        }
      ],
      "Speed": 0.0,
      "FontSize": 0,
      "WhenFinishCloseWindow": 0,
      "RequirePlayEffect": 0,
      "EffectReferenceIdx": 0,
      "RequirePlaySound": 0,
      "SoundReferenceIdx": 0
    },
    {
      "TalkCharacters": [
        {
          "Character2dId": 15
        }
      ],
      "WindowDisplayName": "寧々",
      "Body": "（……あの人、二重人格なの？）",
      "TalkTention": 0,
      "LipSync": 2,
      "MotionChangeFrom": 1,
      "Motions": [],
      "Voices": [
        {
          "Character2dId": 15,
          "VoiceId": "areatalk_2_059_005",
          "Volume": 1.0
        }
      ],
      "Speed": 0.0,
      "FontSize": 0,
      "WhenFinishCloseWindow": 1,
      "RequirePlayEffect": 0,
      "EffectReferenceIdx": 0,
      "RequirePlaySound": 0,
      "SoundReferenceIdx": 0
    }
  ],
  "LayoutData": [
    {
      "Type": 3,
      "SideFrom": 4,
      "SideFromOffsetX": 0.0,
      "SideTo": 4,
      "SideToOffsetX": 0.0,
      "DepthType": 0,
      "Character2dId": 11,
      "CostumeType": "",
      "MotionName": "",
      "FacialName": "",
      "MoveSpeedType": 0
    },
    {
      "Type": 2,
      "SideFrom": 3,
      "SideFromOffsetX": 0.0,
      "SideTo": 3,
      "SideToOffsetX": 0.0,
      "DepthType": 0,
      "Character2dId": 11,
      "CostumeType": "",
      "MotionName": "m-cool-tilthead02",
      "FacialName": "face_smallmouth_01",
      "MoveSpeedType": 0
    },
    {
      "Type": 2,
      "SideFrom": 7,
      "SideFromOffsetX": 0.0,
      "SideTo": 7,
      "SideToOffsetX": 0.0,
      "DepthType": 0,
      "Character2dId": 15,
      "CostumeType": "15nene_normal",
      "MotionName": "w-normal-pose05",
      "FacialName": "face_normal_01",
      "MoveSpeedType": 0
    },
    {
      "Type": 0,
      "SideFrom": 3,
      "SideFromOffsetX": 0.0,
      "SideTo": 3,
      "SideToOffsetX": 0.0,
      "DepthType": 0,
      "Character2dId": 11,
      "CostumeType": "",
      "MotionName": "m-cool-nod01",
      "FacialName": "face_smile_04",
      "MoveSpeedType": 0
    },
    {
      "Type": 0,
      "SideFrom": 3,
      "SideFromOffsetX": 0.0,
      "SideTo": 3,
      "SideToOffsetX": 0.0,
      "DepthType": 0,
      "Character2dId": 11,
      "CostumeType": "",
      "MotionName": "m-normal-nod03",
      "FacialName": "face_smile_01",
      "MoveSpeedType": 0
    },
    {
      "Type": 3,
      "SideFrom": 3,
      "SideFromOffsetX": 0.0,
      "SideTo": 3,
      "SideToOffsetX": 0.0,
      "DepthType": 0,
      "Character2dId": 11,
      "CostumeType": "",
      "MotionName": "",
      "FacialName": "",
      "MoveSpeedType": 0
    },
    {
      "Type": 3,
      "SideFrom": 7,
      "SideFromOffsetX": 0.0,
      "SideTo": 7,
      "SideToOffsetX": 0.0,
      "DepthType": 0,
      "Character2dId": 15,
      "CostumeType": "",
      "MotionName": "",
      "FacialName": "",
      "MoveSpeedType": 0
    },
    {
      "Type": 2,
      "SideFrom": 4,
      "SideFromOffsetX": 0.0,
      "SideTo": 4,
      "SideToOffsetX": 0.0,
      "DepthType": 0,
      "Character2dId": 15,
      "CostumeType": "",
      "MotionName": "w-pure-tilthead01",
      "FacialName": "face_disgust_02",
      "MoveSpeedType": 0
    }
  ],
  "SpecialEffectData": [],
  "SoundData": [],
  "NeedBundleNames": [],
  "IncludeSoundDataBundleNames": []
}