{
  "m_GameObject": {
    "m_FileID": 0,
    "m_PathID": 0
  },
  "m_Enabled": 1,
  "m_Script": {
    "m_FileID": 0,
    "m_PathID": 351856902256450410
  },
  "m_Name": "areatalk02_380",
  "ScenarioId": "areatalk02_380",
  "AppearCharacters": [
    {
      "Character2dId": 31,
      "CostumeType": "26kaito_wonder"
    },
    {
      "Character2dId": 15,
      "CostumeType": "15nene_cloth001"
    }
  ],
  "FirstLayout": [
    {
      "PositionSide": 3,
      "Character2dId": 31,
      "CostumeType": "26kaito_wonder",
      "MotionName": "m-tsukasa-tilthead01",
      "FacialName": "face_smile_01",
      "OffsetX": 0.0
    },
    {
      "PositionSide": 7,
      "Character2dId": 15,
      "CostumeType": "15nene_cloth001",
      "MotionName": "w-normal-pose05",
      "FacialName": "face_normal_01",
      "OffsetX": 0.0
    }
  ],
  "FirstBgm": "",
  "FirstBackground": "",
  "Snippets": [
    {
      "Action": 1,
      "ProgressBehavior": 1,
      "ReferenceIndex": 0,
      "Delay": 0.0
    },
    {
      "Action": 1,
      "ProgressBehavior": 1,
      "ReferenceIndex": 1,
      "Delay": 0.0
    },
    {
      "Action": 1,
      "ProgressBehavior": 1,
      "ReferenceIndex": 2,
      "Delay": 0.0
    },
    {
      "Action": 1,
      "ProgressBehavior": 1,
      "ReferenceIndex": 3,
      "Delay": 0.0
    },
    {
      "Action": 1,
      "ProgressBehavior": 1,
      "ReferenceIndex": 4,
      "Delay": 0.0
    },
    {
      "Action": 1,
      "ProgressBehavior": 1,
      "ReferenceIndex": 5,
      "Delay": 0.0
    },
    {
      "Action": 4,
      "ProgressBehavior": 0,
      "ReferenceIndex": 0,
      "Delay": 4.5
    }
  ],
  "TalkData": [
    {
      "TalkCharacters": [
        {
          "Character2dId": 31
        }
      ],
      "WindowDisplayName": "KAITO",
      "Body": "ショーのほうはどうだい？　うまくいっているかな",
      "TalkTention": 0,
      "LipSync": 0,
      "MotionChangeFrom": 1,
      "Motions": [],
      "Voices": [],
      "Speed": 0.0,
      "FontSize": 0,
      "WhenFinishCloseWindow": 0,
      "RequirePlayEffect": 0,
      "EffectReferenceIdx": 0,
      "RequirePlaySound": 0,
      "SoundReferenceIdx": 0
    },
    {
      "TalkCharacters": [
        {
          "Character2dId": 15
        }
      ],
      "WindowDisplayName": "寧々",
      "Body": "お客さんはたくさん来てくれてるし……まあまあかな",
      "TalkTention": 0,
      "LipSync": 1,
      "MotionChangeFrom": 1,
      "Motions": [
        {
          "Character2dId": 15,
          "MotionName": "w-normal-nod05",
          "FacialName": "face_normal_01",
          "TimingSyncValue": 0.0
        }
      ],
      "Voices": [
        {
          "Character2dId": 15,
          "VoiceId": "areatalk_2_380_002",
          "Volume": 1.0
        }
      ],
      "Speed": 0.0,
      "FontSize": 0,
      "WhenFinishCloseWindow": 0,
      "RequirePlayEffect": 0,
      "EffectReferenceIdx": 0,
      "RequirePlaySound": 0,
      "SoundReferenceIdx": 0
    },
    {
      "TalkCharacters": [
        {
          "Character2dId": 31
        }
      ],
      "WindowDisplayName": "KAITO",
      "Body": "まあまあ、か。何か物足りないところがあるんだね",
      "TalkTention": 0,
      "LipSync": 1,
      "MotionChangeFrom": 1,
      "Motions": [
        {
          "Character2dId": 31,
          "MotionName": "m-tsukasa-plan01",
          "FacialName": "face_smile_02",
          "TimingSyncValue": 0.0
        }
      ],
      "Voices": [
        {
          "Character2dId": 31,
          "VoiceId": "partvoice_18_026",
          "Volume": 1.0
        }
      ],
      "Speed": 0.0,
      "FontSize": 0,
      "WhenFinishCloseWindow": 0,
      "RequirePlayEffect": 0,
      "EffectReferenceIdx": 0,
      "RequirePlaySound": 0,
      "SoundReferenceIdx": 0
    },
    {
      "TalkCharacters": [
        {
          "Character2dId": 15
        }
      ],
      "WindowDisplayName": "寧々",
      "Body": "……わたし、結局ネネロボと一緒にステージに立ってるから",
      "TalkTention": 0,
      "LipSync": 1,
      "MotionChangeFrom": 1,
      "Motions": [
        {
          "Character2dId": 15,
          "MotionName": "w-normal-tilthead05",
          "FacialName": "face_sad_01",
          "TimingSyncValue": 0.0
        }
      ],
      "Voices": [
        {
          "Character2dId": 15,
          "VoiceId": "areatalk_2_380_004",
          "Volume": 1.0
        }
      ],
      "Speed": 0.0,
      "FontSize": 0,
      "WhenFinishCloseWindow": 0,
      "RequirePlayEffect": 0,
      "EffectReferenceIdx": 0,
      "RequirePlaySound": 0,
      "SoundReferenceIdx": 0
    },
    {
      "TalkCharacters": [
        {
          "Character2dId": 31
        }
      ],
      "WindowDisplayName": "KAITO",
      "Body": "そっか。でも、それじゃいけないって\n思う気持ちがあるなら、きっと大丈夫だよ",
      "TalkTention": 0,
      "LipSync": 1,
      "MotionChangeFrom": 1,
      "Motions": [
        {
          "Character2dId": 31,
          "MotionName": "m-cool-tilthead01",
          "FacialName": "face_smile_02",
          "TimingSyncValue": 0.0
        }
      ],
      "Voices": [
        {
          "Character2dId": 31,
          "VoiceId": "partvoice_26_026",
          "Volume": 1.0
        }
      ],
      "Speed": 0.0,
      "FontSize": 0,
      "WhenFinishCloseWindow": 0,
      "RequirePlayEffect": 0,
      "EffectReferenceIdx": 0,
      "RequirePlaySound": 0,
      "SoundReferenceIdx": 0
    },
    {
      "TalkCharacters": [
        {
          "Character2dId": 15
        }
      ],
      "WindowDisplayName": "寧々",
      "Body": "そこまでポジティブに考えられないけど……。\nでも、一応……ありがとう",
      "TalkTention": 0,
      "LipSync": 1,
      "MotionChangeFrom": 1,
      "Motions": [
        {
          "Character2dId": 15,
          "MotionName": "w-normal-tilthead02",
          "FacialName": "face_smallmouth_01",
          "TimingSyncValue": 0.0
        }
      ],
      "Voices": [
        {
          "Character2dId": 15,
          "VoiceId": "areatalk_2_380_006",
          "Volume": 1.0
        }
      ],
      "Speed": 0.0,
      "FontSize": 0,
      "WhenFinishCloseWindow": 1,
      "RequirePlayEffect": 0,
      "EffectReferenceIdx": 0,
      "RequirePlaySound": 0,
      "SoundReferenceIdx": 0
    }
  ],
  "LayoutData": [
    {
      "Type": 0,
      "SideFrom": 3,
      "SideFromOffsetX": 0.0,
      "SideTo": 3,
      "SideToOffsetX": 0.0,
      "DepthType": 0,
      "Character2dId": 15,
      "CostumeType": "",
      "MotionName": "w-normal-nod01",
      "FacialName": "face_smile_01",
      "MoveSpeedType": 0
    }
  ],
  "SpecialEffectData": [],
  "SoundData": [],
  "NeedBundleNames": [],
  "IncludeSoundDataBundleNames": []
}