{
  "m_GameObject": {
    "m_FileID": 0,
    "m_PathID": 0
  },
  "m_Enabled": 1,
  "m_Script": {
    "m_FileID": 0,
    "m_PathID": 351856902256450410
  },
  "m_Name": "areatalk02_158",
  "ScenarioId": "areatalk02_158",
  "AppearCharacters": [
    {
      "Character2dId": 20,
      "CostumeType": "20mizuki_cloth001"
    },
    {
      "Character2dId": 17,
      "CostumeType": "17kanade_normal"
    }
  ],
  "FirstLayout": [
    {
      "PositionSide": 3,
      "Character2dId": 20,
      "CostumeType": "20mizuki_cloth001",
      "MotionName": "w-cool-nod01",
      "FacialName": "face_smile_01",
      "OffsetX": 0.0
    },
    {
      "PositionSide": 7,
      "Character2dId": 17,
      "CostumeType": "17kanade_normal",
      "MotionName": "w-normal-pose03",
      "FacialName": "face_normal_01",
      "OffsetX": 0.0
    }
  ],
  "FirstBgm": "",
  "FirstBackground": "",
  "Snippets": [
    {
      "Action": 1,
      "ProgressBehavior": 1,
      "ReferenceIndex": 0,
      "Delay": 0.0
    },
    {
      "Action": 1,
      "ProgressBehavior": 1,
      "ReferenceIndex": 1,
      "Delay": 0.0
    },
    {
      "Action": 1,
      "ProgressBehavior": 1,
      "ReferenceIndex": 2,
      "Delay": 0.0
    },
    {
      "Action": 4,
      "ProgressBehavior": 0,
      "ReferenceIndex": 0,
      "Delay": 2.5
    },
    {
      "Action": 1,
      "ProgressBehavior": 1,
      "ReferenceIndex": 3,
      "Delay": 0.0
    },
    {
      "Action": 1,
      "ProgressBehavior": 1,
      "ReferenceIndex": 4,
      "Delay": 0.0
    }
  ],
  "TalkData": [
    {
      "TalkCharacters": [
        {
          "Character2dId": 20
        }
      ],
      "WindowDisplayName": "瑞希",
      "Body": "奏ってさ、好きな食べ物はカップ麺だと思うんだけど、\n嫌いな食べ物とかあるの？",
      "TalkTention": 0,
      "LipSync": 1,
      "MotionChangeFrom": 1,
      "Motions": [],
      "Voices": [
        {
          "Character2dId": 20,
          "VoiceId": "areatalk_2_158_001",
          "Volume": 1.0
        }
      ],
      "Speed": 0.0,
      "FontSize": 0,
      "WhenFinishCloseWindow": 0,
      "RequirePlayEffect": 0,
      "EffectReferenceIdx": 0,
      "RequirePlaySound": 0,
      "SoundReferenceIdx": 0
    },
    {
      "TalkCharacters": [
        {
          "Character2dId": 17
        }
      ],
      "WindowDisplayName": "奏",
      "Body": "匂いが強いもの、かな。パクチーとか、納豆とか",
      "TalkTention": 0,
      "LipSync": 1,
      "MotionChangeFrom": 1,
      "Motions": [
        {
          "Character2dId": 17,
          "MotionName": "w-kanade-tilthead01",
          "FacialName": "face_normal_02",
          "TimingSyncValue": 0.0
        }
      ],
      "Voices": [
        {
          "Character2dId": 17,
          "VoiceId": "areatalk_2_158_002",
          "Volume": 1.0
        }
      ],
      "Speed": 0.0,
      "FontSize": 0,
      "WhenFinishCloseWindow": 0,
      "RequirePlayEffect": 0,
      "EffectReferenceIdx": 0,
      "RequirePlaySound": 0,
      "SoundReferenceIdx": 0
    },
    {
      "TalkCharacters": [
        {
          "Character2dId": 20
        }
      ],
      "WindowDisplayName": "瑞希",
      "Body": "へぇ、匂いか……。\nボクはぐにぐにっていう食感がダメで、\nきのこ系は全部食べられないんだ～",
      "TalkTention": 0,
      "LipSync": 1,
      "MotionChangeFrom": 1,
      "Motions": [
        {
          "Character2dId": 20,
          "MotionName": "w-cool-tilthead04",
          "FacialName": "face_smallmouth_01",
          "TimingSyncValue": 0.0
        }
      ],
      "Voices": [
        {
          "Character2dId": 20,
          "VoiceId": "areatalk_2_158_003",
          "Volume": 1.0
        }
      ],
      "Speed": 0.0,
      "FontSize": 0,
      "WhenFinishCloseWindow": 0,
      "RequirePlayEffect": 0,
      "EffectReferenceIdx": 0,
      "RequirePlaySound": 0,
      "SoundReferenceIdx": 0
    },
    {
      "TalkCharacters": [
        {
          "Character2dId": 17
        }
      ],
      "WindowDisplayName": "奏",
      "Body": "食感か……。そうだね、口の中に物を入れるっていうのは\n実はそれだけで結構、ハードル高いものだし",
      "TalkTention": 0,
      "LipSync": 1,
      "MotionChangeFrom": 1,
      "Motions": [
        {
          "Character2dId": 17,
          "MotionName": "w-kanade-nod01",
          "FacialName": "face_normal_02",
          "TimingSyncValue": 0.0
        }
      ],
      "Voices": [
        {
          "Character2dId": 17,
          "VoiceId": "areatalk_2_158_004",
          "Volume": 1.0
        }
      ],
      "Speed": 0.0,
      "FontSize": 0,
      "WhenFinishCloseWindow": 0,
      "RequirePlayEffect": 0,
      "EffectReferenceIdx": 0,
      "RequirePlaySound": 0,
      "SoundReferenceIdx": 0
    },
    {
      "TalkCharacters": [
        {
          "Character2dId": 20
        }
      ],
      "WindowDisplayName": "瑞希",
      "Body": "だよね！　わかってくれる人いてうれしいよ！",
      "TalkTention": 0,
      "LipSync": 1,
      "MotionChangeFrom": 1,
      "Motions": [
        {
          "Character2dId": 20,
          "MotionName": "w-happy-angry02",
          "FacialName": "face_smile_01",
          "TimingSyncValue": 0.0
        }
      ],
      "Voices": [
        {
          "Character2dId": 20,
          "VoiceId": "areatalk_2_158_005",
          "Volume": 1.0
        }
      ],
      "Speed": 0.0,
      "FontSize": 0,
      "WhenFinishCloseWindow": 1,
      "RequirePlayEffect": 0,
      "EffectReferenceIdx": 0,
      "RequirePlaySound": 0,
      "SoundReferenceIdx": 0
    }
  ],
  "LayoutData": [
    {
      "Type": 0,
      "SideFrom": 3,
      "SideFromOffsetX": 0.0,
      "SideTo": 3,
      "SideToOffsetX": 0.0,
      "DepthType": 0,
      "Character2dId": 20,
      "CostumeType": "",
      "MotionName": "w-cute-nod05",
      "FacialName": "face_sad_01",
      "MoveSpeedType": 0
    }
  ],
  "SpecialEffectData": [],
  "SoundData": [],
  "NeedBundleNames": [],
  "IncludeSoundDataBundleNames": []
}