{
  "m_GameObject": {
    "m_FileID": 0,
    "m_PathID": 0
  },
  "m_Enabled": 1,
  "m_Script": {
    "m_FileID": 0,
    "m_PathID": 351856902256450410
  },
  "m_Name": "areatalk02_328",
  "ScenarioId": "areatalk02_328",
  "AppearCharacters": [
    {
      "Character2dId": 22,
      "CostumeType": "21miku_band"
    },
    {
      "Character2dId": 29,
      "CostumeType": "24luka_band"
    }
  ],
  "FirstLayout": [
    {
      "PositionSide": 3,
      "Character2dId": 22,
      "CostumeType": "21miku_band",
      "MotionName": "w-cool-tilthead03",
      "FacialName": "face_band_smallmouth_01",
      "OffsetX": 0.0
    },
    {
      "PositionSide": 7,
      "Character2dId": 29,
      "CostumeType": "24luka_band",
      "MotionName": "w-cool-posenod01",
      "FacialName": "face_smile_01",
      "OffsetX": 0.0
    }
  ],
  "FirstBgm": "",
  "FirstBackground": "",
  "Snippets": [
    {
      "Action": 1,
      "ProgressBehavior": 1,
      "ReferenceIndex": 0,
      "Delay": 0.0
    },
    {
      "Action": 1,
      "ProgressBehavior": 1,
      "ReferenceIndex": 1,
      "Delay": 0.0
    },
    {
      "Action": 1,
      "ProgressBehavior": 1,
      "ReferenceIndex": 2,
      "Delay": 0.0
    },
    {
      "Action": 1,
      "ProgressBehavior": 1,
      "ReferenceIndex": 3,
      "Delay": 0.0
    },
    {
      "Action": 1,
      "ProgressBehavior": 1,
      "ReferenceIndex": 4,
      "Delay": 0.0
    }
  ],
  "TalkData": [
    {
      "TalkCharacters": [
        {
          "Character2dId": 22
        }
      ],
      "WindowDisplayName": "ミク",
      "Body": "ねぇ、ルカ。演奏の時、たまに使ってるトライアングルとか、\nときどき吹いてるフルートとか、どこから持って来るの？",
      "TalkTention": 0,
      "LipSync": 1,
      "MotionChangeFrom": 1,
      "Motions": [],
      "Voices": [
        {
          "Character2dId": 22,
          "VoiceId": "partvoice_01_021_band",
          "Volume": 1.0
        }
      ],
      "Speed": 0.0,
      "FontSize": 0,
      "WhenFinishCloseWindow": 0,
      "RequirePlayEffect": 0,
      "EffectReferenceIdx": 0,
      "RequirePlaySound": 0,
      "SoundReferenceIdx": 0
    },
    {
      "TalkCharacters": [
        {
          "Character2dId": 29
        }
      ],
      "WindowDisplayName": "ルカ",
      "Body": "音楽室からよ。探検してる途中で見つけたの。\nでもあっても不思議じゃないわよね、ここは学校だもの",
      "TalkTention": 0,
      "LipSync": 0,
      "MotionChangeFrom": 1,
      "Motions": [
        {
          "Character2dId": 29,
          "MotionName": "w-adult-nod03",
          "FacialName": "face_smile_01",
          "TimingSyncValue": 0.0
        }
      ],
      "Voices": [],
      "Speed": 0.0,
      "FontSize": 0,
      "WhenFinishCloseWindow": 0,
      "RequirePlayEffect": 0,
      "EffectReferenceIdx": 0,
      "RequirePlaySound": 0,
      "SoundReferenceIdx": 0
    },
    {
      "TalkCharacters": [
        {
          "Character2dId": 22
        }
      ],
      "WindowDisplayName": "ミク",
      "Body": "そうなんだ。……探検、いいなぁ。\n誘ってくれればよかったのに……",
      "TalkTention": 0,
      "LipSync": 0,
      "MotionChangeFrom": 1,
      "Motions": [
        {
          "Character2dId": 22,
          "MotionName": "w-cool-nod01",
          "FacialName": "face_band_sad_01",
          "TimingSyncValue": 0.0
        }
      ],
      "Voices": [],
      "Speed": 0.0,
      "FontSize": 0,
      "WhenFinishCloseWindow": 0,
      "RequirePlayEffect": 0,
      "EffectReferenceIdx": 0,
      "RequirePlaySound": 0,
      "SoundReferenceIdx": 0
    },
    {
      "TalkCharacters": [
        {
          "Character2dId": 29
        }
      ],
      "WindowDisplayName": "ルカ",
      "Body": "ふふ。そう言うと思って、他のところはまだ見てないわ。\n良かったら、一緒に探検する？　いじけんぼさん？",
      "TalkTention": 0,
      "LipSync": 1,
      "MotionChangeFrom": 1,
      "Motions": [
        {
          "Character2dId": 29,
          "MotionName": "w-adult-tilthead03",
          "FacialName": "face_smile_03",
          "TimingSyncValue": 0.0
        }
      ],
      "Voices": [
        {
          "Character2dId": 29,
          "VoiceId": "partvoice_20_024",
          "Volume": 1.0
        }
      ],
      "Speed": 0.0,
      "FontSize": 0,
      "WhenFinishCloseWindow": 0,
      "RequirePlayEffect": 0,
      "EffectReferenceIdx": 0,
      "RequirePlaySound": 0,
      "SoundReferenceIdx": 0
    },
    {
      "TalkCharacters": [
        {
          "Character2dId": 22
        }
      ],
      "WindowDisplayName": "ミク",
      "Body": "い、いじけてないよ！　もう……！",
      "TalkTention": 0,
      "LipSync": 1,
      "MotionChangeFrom": 1,
      "Motions": [
        {
          "Character2dId": 22,
          "MotionName": "w-cool-blushed01",
          "FacialName": "face_band_smile_05",
          "TimingSyncValue": 0.0
        }
      ],
      "Voices": [
        {
          "Character2dId": 22,
          "VoiceId": "partvoice_21_021_band",
          "Volume": 1.0
        }
      ],
      "Speed": 0.0,
      "FontSize": 0,
      "WhenFinishCloseWindow": 1,
      "RequirePlayEffect": 0,
      "EffectReferenceIdx": 0,
      "RequirePlaySound": 0,
      "SoundReferenceIdx": 0
    }
  ],
  "LayoutData": [],
  "SpecialEffectData": [],
  "SoundData": [],
  "NeedBundleNames": [],
  "IncludeSoundDataBundleNames": []
}