{
  "m_GameObject": {
    "m_FileID": 0,
    "m_PathID": 0
  },
  "m_Enabled": 1,
  "m_Script": {
    "m_FileID": 0,
    "m_PathID": 351856902256450410
  },
  "m_Name": "areatalk02_184",
  "ScenarioId": "areatalk02_184",
  "AppearCharacters": [
    {
      "Character2dId": 6,
      "CostumeType": "06haruka_normal"
    },
    {
      "Character2dId": 8,
      "CostumeType": "08shizuku_normal"
    }
  ],
  "FirstLayout": [
    {
      "PositionSide": 3,
      "Character2dId": 6,
      "CostumeType": "06haruka_normal",
      "MotionName": "w-cool-tilthead01",
      "FacialName": "face_normal_01",
      "OffsetX": 0.0
    },
    {
      "PositionSide": 7,
      "Character2dId": 8,
      "CostumeType": "08shizuku_normal",
      "MotionName": "w-normal-pose05",
      "FacialName": "face_normal_01",
      "OffsetX": 0.0
    }
  ],
  "FirstBgm": "",
  "FirstBackground": "",
  "Snippets": [
    {
      "Action": 1,
      "ProgressBehavior": 1,
      "ReferenceIndex": 0,
      "Delay": 0.0
    },
    {
      "Action": 1,
      "ProgressBehavior": 1,
      "ReferenceIndex": 1,
      "Delay": 0.0
    },
    {
      "Action": 1,
      "ProgressBehavior": 1,
      "ReferenceIndex": 2,
      "Delay": 0.0
    },
    {
      "Action": 1,
      "ProgressBehavior": 1,
      "ReferenceIndex": 3,
      "Delay": 0.0
    },
    {
      "Action": 1,
      "ProgressBehavior": 1,
      "ReferenceIndex": 4,
      "Delay": 0.0
    },
    {
      "Action": 1,
      "ProgressBehavior": 1,
      "ReferenceIndex": 5,
      "Delay": 0.0
    }
  ],
  "TalkData": [
    {
      "TalkCharacters": [
        {
          "Character2dId": 6
        }
      ],
      "WindowDisplayName": "遥",
      "Body": "雫、ちょっといい？\n雫は、身長を伸ばすためにやってたこととかある？",
      "TalkTention": 0,
      "LipSync": 1,
      "MotionChangeFrom": 1,
      "Motions": [],
      "Voices": [
        {
          "Character2dId": 6,
          "VoiceId": "areatalk_2_184_001",
          "Volume": 1.0
        }
      ],
      "Speed": 0.0,
      "FontSize": 0,
      "WhenFinishCloseWindow": 0,
      "RequirePlayEffect": 0,
      "EffectReferenceIdx": 0,
      "RequirePlaySound": 0,
      "SoundReferenceIdx": 0
    },
    {
      "TalkCharacters": [
        {
          "Character2dId": 8
        }
      ],
      "WindowDisplayName": "雫",
      "Body": "え？　いえ、特には……",
      "TalkTention": 0,
      "LipSync": 1,
      "MotionChangeFrom": 1,
      "Motions": [
        {
          "Character2dId": 8,
          "MotionName": "w-adult-tilthead02",
          "FacialName": "face_worry_01",
          "TimingSyncValue": 0.0
        }
      ],
      "Voices": [
        {
          "Character2dId": 8,
          "VoiceId": "areatalk_2_184_002",
          "Volume": 1.0
        }
      ],
      "Speed": 0.0,
      "FontSize": 0,
      "WhenFinishCloseWindow": 0,
      "RequirePlayEffect": 0,
      "EffectReferenceIdx": 0,
      "RequirePlaySound": 0,
      "SoundReferenceIdx": 0
    },
    {
      "TalkCharacters": [
        {
          "Character2dId": 6
        }
      ],
      "WindowDisplayName": "遥",
      "Body": "そうよね……実は、みのりに『身長を伸ばすには\nどうしたらいい？』って聞かれて……",
      "TalkTention": 0,
      "LipSync": 1,
      "MotionChangeFrom": 1,
      "Motions": [
        {
          "Character2dId": 6,
          "MotionName": "w-happy-nod01",
          "FacialName": "face_smile_02",
          "TimingSyncValue": 0.0
        }
      ],
      "Voices": [
        {
          "Character2dId": 6,
          "VoiceId": "areatalk_2_184_003",
          "Volume": 1.0
        }
      ],
      "Speed": 0.0,
      "FontSize": 0,
      "WhenFinishCloseWindow": 0,
      "RequirePlayEffect": 0,
      "EffectReferenceIdx": 0,
      "RequirePlaySound": 0,
      "SoundReferenceIdx": 0
    },
    {
      "TalkCharacters": [
        {
          "Character2dId": 6
        }
      ],
      "WindowDisplayName": "遥",
      "Body": "ストレッチして体を柔らかくすれば\n伸びやすくなるんじゃないかって答えたけど……",
      "TalkTention": 0,
      "LipSync": 1,
      "MotionChangeFrom": 1,
      "Motions": [
        {
          "Character2dId": 6,
          "MotionName": "w-normal-nod06",
          "FacialName": "face_normal_01",
          "TimingSyncValue": 0.0
        }
      ],
      "Voices": [
        {
          "Character2dId": 6,
          "VoiceId": "areatalk_2_184_004",
          "Volume": 1.0
        }
      ],
      "Speed": 0.0,
      "FontSize": 0,
      "WhenFinishCloseWindow": 0,
      "RequirePlayEffect": 0,
      "EffectReferenceIdx": 0,
      "RequirePlaySound": 0,
      "SoundReferenceIdx": 0
    },
    {
      "TalkCharacters": [
        {
          "Character2dId": 8
        }
      ],
      "WindowDisplayName": "雫",
      "Body": "あ、それはいいわ。なんだか、伸びそう",
      "TalkTention": 0,
      "LipSync": 1,
      "MotionChangeFrom": 1,
      "Motions": [
        {
          "Character2dId": 8,
          "MotionName": "w-adult-nod02",
          "FacialName": "face_smile_01",
          "TimingSyncValue": 0.0
        }
      ],
      "Voices": [
        {
          "Character2dId": 8,
          "VoiceId": "areatalk_2_184_005",
          "Volume": 1.0
        }
      ],
      "Speed": 0.0,
      "FontSize": 0,
      "WhenFinishCloseWindow": 0,
      "RequirePlayEffect": 0,
      "EffectReferenceIdx": 0,
      "RequirePlaySound": 0,
      "SoundReferenceIdx": 0
    },
    {
      "TalkCharacters": [
        {
          "Character2dId": 6
        }
      ],
      "WindowDisplayName": "遥",
      "Body": "そ、そう？",
      "TalkTention": 0,
      "LipSync": 1,
      "MotionChangeFrom": 1,
      "Motions": [
        {
          "Character2dId": 6,
          "MotionName": "w-normal-tilthead06",
          "FacialName": "face_normal_01",
          "TimingSyncValue": 0.0
        }
      ],
      "Voices": [
        {
          "Character2dId": 6,
          "VoiceId": "areatalk_2_184_006",
          "Volume": 1.0
        }
      ],
      "Speed": 0.0,
      "FontSize": 0,
      "WhenFinishCloseWindow": 1,
      "RequirePlayEffect": 0,
      "EffectReferenceIdx": 0,
      "RequirePlaySound": 0,
      "SoundReferenceIdx": 0
    }
  ],
  "LayoutData": [],
  "SpecialEffectData": [],
  "SoundData": [],
  "NeedBundleNames": [],
  "IncludeSoundDataBundleNames": []
}