{
  "m_GameObject": {
    "m_FileID": 0,
    "m_PathID": 0
  },
  "m_Enabled": 1,
  "m_Script": {
    "m_FileID": 0,
    "m_PathID": 351856902256450410
  },
  "m_Name": "areatalk02_061",
  "ScenarioId": "areatalk02_061",
  "AppearCharacters": [
    {
      "Character2dId": 16,
      "CostumeType": "16rui_cloth001"
    },
    {
      "Character2dId": 13,
      "CostumeType": "13tsukasa_cloth001"
    }
  ],
  "FirstLayout": [
    {
      "PositionSide": 3,
      "Character2dId": 16,
      "CostumeType": "16rui_cloth001",
      "MotionName": "m-cool-nod01",
      "FacialName": "face_smile_01",
      "OffsetX": 0.0
    },
    {
      "PositionSide": 7,
      "Character2dId": 13,
      "CostumeType": "13tsukasa_cloth001",
      "MotionName": "m-normal-pose02",
      "FacialName": "face_normal_01",
      "OffsetX": 0.0
    }
  ],
  "FirstBgm": "",
  "FirstBackground": "",
  "Snippets": [
    {
      "Action": 1,
      "ProgressBehavior": 1,
      "ReferenceIndex": 0,
      "Delay": 0.0
    },
    {
      "Action": 1,
      "ProgressBehavior": 1,
      "ReferenceIndex": 1,
      "Delay": 0.0
    },
    {
      "Action": 1,
      "ProgressBehavior": 1,
      "ReferenceIndex": 2,
      "Delay": 0.0
    },
    {
      "Action": 1,
      "ProgressBehavior": 1,
      "ReferenceIndex": 3,
      "Delay": 0.0
    },
    {
      "Action": 4,
      "ProgressBehavior": 0,
      "ReferenceIndex": 0,
      "Delay": 2.5
    }
  ],
  "TalkData": [
    {
      "TalkCharacters": [
        {
          "Character2dId": 16
        }
      ],
      "WindowDisplayName": "類",
      "Body": "フフフ……司くん、試作品だけど\n『ポップアップ』を作ってみたんだ。試してみるかい？",
      "TalkTention": 0,
      "LipSync": 1,
      "MotionChangeFrom": 1,
      "Motions": [],
      "Voices": [
        {
          "Character2dId": 16,
          "VoiceId": "areatalk_2_061_001",
          "Volume": 1.0
        }
      ],
      "Speed": 0.0,
      "FontSize": 0,
      "WhenFinishCloseWindow": 0,
      "RequirePlayEffect": 0,
      "EffectReferenceIdx": 0,
      "RequirePlaySound": 0,
      "SoundReferenceIdx": 0
    },
    {
      "TalkCharacters": [
        {
          "Character2dId": 13
        }
      ],
      "WindowDisplayName": "司",
      "Body": "おお！　ステージ下から跳んで現れるアレだな！\nどれくらい跳び上がれるんだ？",
      "TalkTention": 0,
      "LipSync": 1,
      "MotionChangeFrom": 1,
      "Motions": [
        {
          "Character2dId": 13,
          "MotionName": "m-tsukasa-nod01",
          "FacialName": "face_smile_02",
          "TimingSyncValue": 0.0
        }
      ],
      "Voices": [
        {
          "Character2dId": 13,
          "VoiceId": "areatalk_2_061_002",
          "Volume": 1.0
        }
      ],
      "Speed": 0.0,
      "FontSize": 0,
      "WhenFinishCloseWindow": 0,
      "RequirePlayEffect": 0,
      "EffectReferenceIdx": 0,
      "RequirePlaySound": 0,
      "SoundReferenceIdx": 0
    },
    {
      "TalkCharacters": [
        {
          "Character2dId": 16
        }
      ],
      "WindowDisplayName": "類",
      "Body": "そうだねぇ……10メートルは跳べるんじゃないかな？",
      "TalkTention": 0,
      "LipSync": 1,
      "MotionChangeFrom": 1,
      "Motions": [
        {
          "Character2dId": 16,
          "MotionName": "m-tsukasa-plan01",
          "FacialName": "face_normal_01",
          "TimingSyncValue": 0.0
        }
      ],
      "Voices": [
        {
          "Character2dId": 16,
          "VoiceId": "areatalk_2_061_003",
          "Volume": 1.0
        }
      ],
      "Speed": 0.0,
      "FontSize": 0,
      "WhenFinishCloseWindow": 0,
      "RequirePlayEffect": 0,
      "EffectReferenceIdx": 0,
      "RequirePlaySound": 0,
      "SoundReferenceIdx": 0
    },
    {
      "TalkCharacters": [
        {
          "Character2dId": 13
        }
      ],
      "WindowDisplayName": "司",
      "Body": "10メートル……！？　\nそれ、ワンダーステージの屋根、突き破ってるだろ！？",
      "TalkTention": 0,
      "LipSync": 1,
      "MotionChangeFrom": 1,
      "Motions": [
        {
          "Character2dId": 13,
          "MotionName": "m-normal-tilthead03",
          "FacialName": "face_smallmouth_01",
          "TimingSyncValue": 0.0
        }
      ],
      "Voices": [
        {
          "Character2dId": 13,
          "VoiceId": "areatalk_2_061_004",
          "Volume": 1.0
        }
      ],
      "Speed": 0.0,
      "FontSize": 0,
      "WhenFinishCloseWindow": 1,
      "RequirePlayEffect": 0,
      "EffectReferenceIdx": 0,
      "RequirePlaySound": 0,
      "SoundReferenceIdx": 0
    }
  ],
  "LayoutData": [
    {
      "Type": 0,
      "SideFrom": 3,
      "SideFromOffsetX": 0.0,
      "SideTo": 3,
      "SideToOffsetX": 0.0,
      "DepthType": 0,
      "Character2dId": 13,
      "CostumeType": "",
      "MotionName": "m-tsukasa-angry03",
      "FacialName": "face_surprise_01",
      "MoveSpeedType": 0
    }
  ],
  "SpecialEffectData": [],
  "SoundData": [],
  "NeedBundleNames": [],
  "IncludeSoundDataBundleNames": []
}