{
    "mainStory": 2,
    "eventStory": 3,
    "cardStory": 1,
    "areaTalk": 0,
    "talkPacks": [
        {
            "fileName": "street_01_04",
            "talks": [
                "オレは東雲彰人。よろしくね。\nこっちは相棒の青柳冬弥"
            ]
        },
        {
            "fileName": "street_01_17",
            "talks": [
                "はい、彰人です。\nどうしたんですか？　謙さんがオレに電話なんて……"
            ]
        },
        {
            "fileName": "event_21_03",
            "talks": [
                "東雲彰人です。\nVivid BAD SQUADってチーム組んで歌ってます"
            ]
        },
        {
            "fileName": "event_24_06",
            "talks": [
                "はじめまして。\n今日皆さんと一緒に踊らせてもらいます、東雲彰人です"
            ]
        },
        {
            "fileName": "event_29_05",
            "talks": [
                "どうも、はじめまして。東雲彰人です。\n日野森さんのことは姉から少し聞いてます。\n一緒にピクニックに行って世話になったって"
            ]
        },
        {
            "fileName": "019011_ena01",
            "talks": [
                "こちらこそ、はじめまして。\n東雲彰人です"
            ]
        }
    ]
}