{
    "mainStory": 21,
    "eventStory": 42,
    "cardStory": 89,
    "areaTalk": 28,
    "talkPacks": [
        {
            "fileName": "nightcode_01_03",
            "talks": [
                "『うん。なんていうか、Kの曲を初めて聴いた時と\n同じような感じがしたの。\n言葉にできないことを全部形にしてくれる、みたいな……』",
                "『でも……Kの曲と違って、OWNの曲はすごく冷たくて』",
                "『うん。うまく言葉にできてるかわからないけど……。\nKの曲はほら、暗いような苦しいような雰囲気はあっても\nどこかちょっとあったかい感じがしてるんだよね』"
            ]
        },
        {
            "fileName": "nightcode_01_05",
            "talks": [
                "『K、昨日言ってたイラスト、完成したよ！\n見てくれる？』",
                "『ま、先に始めてようよ。\nK、ファイル送るね』"
            ]
        },
        {
            "fileName": "nightcode_01_06",
            "talks": [
                "……K？",
                "よかった！　Kも一緒に来てたんだね！\nはぁ……ちょっと安心",
                "本名っていえば……。\nKって、奏って名前じゃない？",
                "はぁ？　Kのこと名前呼びとか馴れ馴れしくない？",
                "……な、なんか照れるけど……よろしくね、奏",
                "ん？　どうしたの、奏"
            ]
        },
        {
            "fileName": "nightcode_01_08",
            "talks": [
                "『K！　ねえ、K！　……奏！\n大丈夫！？』",
                "『K！　良かった……！』",
                "『え？　K、何か言った？』"
            ]
        },
        {
            "fileName": "nightcode_01_10",
            "talks": [
                "『……ねえK、少し休んだら？』",
                "『でも、K……』",
                "『……K……？』"
            ]
        },
        {
            "fileName": "nightcode_01_15",
            "talks": [
                "『K、どこ行ってたの？』",
                "『KもAmiaも、雪のこと構い過ぎじゃない？』",
                "『K、曲できたの？』",
                "『……やっぱりKの曲は、あったかいね』"
            ]
        },
        {
            "fileName": "event_02_01",
            "talks": [
                "『……すごくいいね！　さすがK！』",
                "『……あのさ雪、そういう言い方、\nKに失礼だって思わないわけ？』"
            ]
        },
        {
            "fileName": "event_02_03",
            "talks": [
                "『はいはい。そうだK、ラフのパターンいくつか出したから\n見てもらえない？』"
            ]
        },
        {
            "fileName": "event_02_04",
            "talks": [
                "どうしたの？　奏"
            ]
        },
        {
            "fileName": "event_14_01",
            "talks": [
                "『ふふ、相変わらずKはKって感じだね』",
                "『あ、ありがとう。K……』",
                "Kもいいと思ってくれてたんだ。\n私の絵……"
            ]
        },
        {
            "fileName": "event_14_02",
            "talks": [
                "『……そういえば、雪はいつもどおり早く落ちたけど、\n今日はKも落ちるの早かったよね。\n何か予定あったのかな』",
                "あ、奏！\nこんなところで何してるの？",
                "……ありがと、奏",
                "ふふ。今日、奏に会えてよかったな"
            ]
        },
        {
            "fileName": "event_14_06",
            "talks": [
                "奏が……？\nていうか、気づくって何に？"
            ]
        },
        {
            "fileName": "event_14_07",
            "talks": [
                "奏も……あの歌、ありがとう",
                "奏の作る歌は、やっぱり優しいね"
            ]
        },
        {
            "fileName": "event_14_08",
            "talks": [
                "（私のために奏がくれた歌を、\n全身全霊で絵に落としこんでみせる）",
                "『そう、Kの曲を聴いた時、モヤモヤしてた何かが\n晴れていく感じがしたんだ。\nそれを表現してみたの』"
            ]
        },
        {
            "fileName": "event_19_01",
            "talks": [
                "でも肝心の奏が見当たらなくて——あ、いた！"
            ]
        },
        {
            "fileName": "event_19_02",
            "talks": [
                "ちょっと、そういうのやめなさいよね。\n奏だって好きでスランプになってるわけじゃないんだから"
            ]
        },
        {
            "fileName": "event_19_03",
            "talks": [
                "あ、えと、奏は別に悪くないってば！\n悪いのは行き先を心霊スポットなんかにした瑞希で……",
                "ほ、ほら！　奏が曲作れるなら入らなくっても大丈夫でしょ！",
                "か、奏……だよね？"
            ]
        },
        {
            "fileName": "event_19_04",
            "talks": [
                "え！？　でも、『奏だよね』って声かけても\n返事なかったし……！"
            ]
        },
        {
            "fileName": "event_19_06",
            "talks": [
                "まふゆがフラフラ歩いてくの見つけたから、伝えようと思って。\n今、奏があとを追いかけてるところ",
                "あ、奏！"
            ]
        },
        {
            "fileName": "event_26_01",
            "talks": [
                "『あのねえ……。Kだって、\nこれだけの完成度で何曲も作ってくれてるんだから、\n少しはわかろうとする努力くらいしなさいよ』",
                "『K……』",
                "『ったく雪ってば、Kは雪のために頑張ってるってのに。\nもう少しなんとかしようと思わないわけ？』",
                "『ねえ、K。あんまり無理しないでね』",
                "『お疲れさま、K。\nもうできたんだね』"
            ]
        },
        {
            "fileName": "event_26_02",
            "talks": [
                "『K、大丈夫？\nちゃんと寝てる？』",
                "『だから、Kの曲からインスピレーションを得られれば、\n雪だって何か感じられるんじゃない？』",
                "『もうどうでもいいやって思ってた時に、\nKが私のために曲を作ってくれて……それを聴いたら、\n胸がぎゅっとなって、また描きたくなったんだ』",
                "『Kの作る曲って、なんていうか……。\n自分に寄り添ってくれてる感じがするんだよね』",
                "『雪も、Kの曲を聴いてそういう気持ちになれれば\nまた何か感じられると思うんだけど……』"
            ]
        },
        {
            "fileName": "event_29_06",
            "talks": [
                "奏、大丈夫？",
                "まふゆと奏は、ここで待ってて。\nプロ部門が始まる頃には帰ってくるから",
                "別にいいってば。私が探そうって言いだしたんだし。\nそれよりイベント始まるし、奏達のところに戻ろ？"
            ]
        },
        {
            "fileName": "event_35_01",
            "talks": [
                "どうしてって……奏の曲に感動したから\nジーンときて笑ったんじゃないの？"
            ]
        },
        {
            "fileName": "event_35_07",
            "talks": [
                "『ちょっと雪！　Kが心配してるんだから\nメッセージのひとつくらい送りなさいってば！』"
            ]
        },
        {
            "fileName": "event_36_07",
            "talks": [
                "あ、そっか。\n愛莉達も奏とは初対面だったよね",
                "奏、私の友達で愛莉と雫。\nふたりも有名なアイドルだよ"
            ]
        },
        {
            "fileName": "event_36_10",
            "talks": [
                "あ、みのりちゃん。\n紹介が遅れたけどこっちのふたりが奏とまふゆ。\n一緒に音楽サークルやってるんだ"
            ]
        },
        {
            "fileName": "007011_airi02",
            "talks": [
                "うん！　ハンドルネームでKって呼んでるんだけど——",
                "Kが私や瑞希、それから作詞担当に声をかけて、\nそこから『25時、ナイトコードで。』ができたの",
                "んー、K自身はそのつもりないかもしれないけど、\n実際そんな感じ",
                "Kって、すごく音楽センスがあってね。\nKが作る曲はいつも胸に刺さるんだ",
                "Kって、不思議と欲しい言葉をくれるっていうか、\nいろいろな痛みを、わかってくれてるっていうか……"
            ]
        },
        {
            "fileName": "017001_kanade01",
            "talks": [
                "『ねぇねぇ、K！\n次の楽曲用のイラストができたから見てほしいなぁ』"
            ]
        },
        {
            "fileName": "017002_kanade02",
            "talks": [
                "うん。だって奏が、\n私達に興味を持ってくれてるってことでしょ？",
                "ねえ、私も奏のこと知りたいな。\n私達もいろいろ聞いてもいい？"
            ]
        },
        {
            "fileName": "017003_kanade02",
            "talks": [
                "『ふーん……。\nまあ、Kが行くなら私もちょっとは考えようかな』",
                "『あっ……たしかに、私も気になる！\nKが見てた映画見てみたいな』"
            ]
        },
        {
            "fileName": "017005_kanade02",
            "talks": [
                "奏……",
                "まふゆのこと気にするのはいいけど、\n奏は自分のことも気をつけたほうがいいよ？"
            ]
        },
        {
            "fileName": "017006_kanade02",
            "talks": [
                "『あ！　ちょっと待って、K！』",
                "『K……』",
                "『……うん。十分、伝わったよ。\nありがとう、K！』"
            ]
        },
        {
            "fileName": "017008_kanade02",
            "talks": [
                "『……これ、いつもどおりKが作ったんだよね？』",
                "『あ、ううん。変じゃないよ。\nメロディーはKらしい感じだし。でも……』"
            ]
        },
        {
            "fileName": "017009_kanade02",
            "talks": [
                "『わっ！　け、K！？』",
                "『……K？　なんか声が震えてるような気がするんだけど、\nどうかしたの？』",
                "『ちょ、ちょっとやめてよK、そんな冗談——』",
                "『K！？　どうしたの！？』",
                "『あ、K！　塩！　\n塩とかないの！？　お清めの！』",
                "『K、気にする必要ないよ！\nそもそも、あんな心霊スポットに連れて行かれなかったら\nこんな勘違いだってきっとしてないし』"
            ]
        },
        {
            "fileName": "017011_kanade01",
            "talks": [
                "『お疲れ、K！』",
                "『え、まあそんな感じだけど……。\nKはそういう経験ない？』",
                "『まあ、Kくらい長いとね……。\n雪はどうなの？』"
            ]
        },
        {
            "fileName": "017012_kanade01",
            "talks": [
                "へえ！　私はうまいかヘタかくらいしかわからないけど、\n奏が言うんなら、そうなんだね！"
            ]
        },
        {
            "fileName": "018002_mafuyu02",
            "talks": [
                "奏、本当に無理してない？\n前は、ノリ気じゃなかったよね……",
                "えっ、家事代行！？　奏、そういうの頼んでるの？"
            ]
        },
        {
            "fileName": "018007_mafuyu01",
            "talks": [
                "『昨日、Kに新曲用の歌詞見せてたでしょ？\nその歌詞からちょっとイメージしてみたんだけど……どう？』"
            ]
        },
        {
            "fileName": "018007_mafuyu02",
            "talks": [
                "『雪が自分の気持ちをちゃんとわかるようになれば\nニーゴの曲ももっと良くなって、\nKの力にだってなってあげられるし』"
            ]
        },
        {
            "fileName": "018009_mafuyu02",
            "talks": [
                "『じゃあ、K。イラストはこの方向で進めるね！』",
                "『K！　怖いこと言わないでよ～』"
            ]
        },
        {
            "fileName": "018010_mafuyu01",
            "talks": [
                "『Kに、もっと何か言ってあげることないわけ？』"
            ]
        },
        {
            "fileName": "019001_ena01",
            "talks": [
                "（はぁ……K、ずっとミュートしたままだなぁ。\nまあ、まだKに見せれるようなの描けてないけど……）"
            ]
        },
        {
            "fileName": "019001_ena02",
            "talks": [
                "『あ、そうだ！\nK、帰ったら昨日見てもらった絵を完成させるね♪』",
                "絵、早く完成させて、Kに見せよう！"
            ]
        },
        {
            "fileName": "019002_ena01",
            "talks": [
                "（私のことをちゃんと見てくれてるのは、\n私の絵を見つけてくれた奏くらいだって\n思ってたけど……）"
            ]
        },
        {
            "fileName": "019002_ena02",
            "talks": [
                "早速、奏に見てもらわなきゃ……。\nって、あれ？",
                "『うん。いるよ！　K』",
                "（SNSじゃ全然だけど、\nK達は、見てくれてる）"
            ]
        },
        {
            "fileName": "019003_ena01",
            "talks": [
                "『K……うん、任せて！』",
                "（Kはあいつと違って、私の絵を認めてくれてる……）",
                "絶対、Kもびっくりするようなイラスト、\nあげてみせるから！"
            ]
        },
        {
            "fileName": "019003_ena02",
            "talks": [
                "『ただいまー。……K、ちょっといいかな？』",
                "（Kも雪も、すごくて。\nAmiaはああ見えて、結構大人で）"
            ]
        },
        {
            "fileName": "019005_ena01",
            "talks": [
                "まあ、KとAmiaは別に何も言ってなかったし。\n雪がわかんないだけなら、気にしなくても――",
                "『ちょっ……K？　今笑うとこじゃないんだけど』"
            ]
        },
        {
            "fileName": "019005_ena02",
            "talks": [
                "『雪を助けたいって思ってるKだって、\n傷つけちゃうんじゃないの？』"
            ]
        },
        {
            "fileName": "019006_ena01",
            "talks": [
                "それにしても、奏達と一緒に年越しか"
            ]
        },
        {
            "fileName": "019007_ena01",
            "talks": [
                "（……こんなんじゃ全然、\n奏が私のために作ってくれたあのメロディーを\n表現できてない！）",
                "はぁ……たしか、奏の曲は……",
                "奏……"
            ]
        },
        {
            "fileName": "019007_ena02",
            "talks": [
                "（ん……誰もログインしてない。\n奏はいるかもって思ったのにな……）",
                "（はぁ、せっかく奏が私のために作ってくれたあの曲を\n完成させてくれたのに）",
                "（奏のおかげで踏みとどまってるようなもんだもんね……）",
                "（その奏だって……それに瑞希だって、\n自分にしかわからない苦しさを抱えてるし）",
                "『もちろんKにも見せるけど、\nどうせAmiaだって勝手に見て感想言うだろうし……』"
            ]
        },
        {
            "fileName": "019008_ena02",
            "talks": [
                "『……あ！　ごめん、K。\n大丈夫、聞いてた』",
                "『えっと……K、そのラフのことなんだけど、\n表情は私も気になってたから、\nもう少し丁寧に描きこんでみるね』"
            ]
        },
        {
            "fileName": "019009_ena02",
            "talks": [
                "（奏がまふゆに見せたような、強い覚悟が……）"
            ]
        },
        {
            "fileName": "019010_ena01",
            "talks": [
                "（あ……奏、まふゆを見てる）",
                "（奏……）",
                "『Kに、もっと何か言ってあげることないわけ？』"
            ]
        },
        {
            "fileName": "019010_ena02",
            "talks": [
                "『じゃあ、私もそろそろ落ちるね。\nおやすみ、K』",
                "（奏、いつもの調子が戻ってきてるみたいでよかった）",
                "（あ、そういえば……。\n街で奏に会った、みたいな話してたし、\nその時、奏が何か言ってくれたのかな）",
                "それは……前に瑞希が、\n街で奏と会って話したって言ってたから、\nどんな話したのかなって思っただけ",
                "え？　奏がすごいなんて、そんなの今さらでしょ"
            ]
        },
        {
            "fileName": "019011_ena01",
            "talks": [
                "本当は奏とか愛莉や雫を誘って\n行くつもりだったんだから"
            ]
        },
        {
            "fileName": "019011_ena02",
            "talks": [
                "『……K、どう？』",
                "『K、謝る必要なんて全然ないからね』",
                "『K……』",
                "『こら！　Kを巻きこまない！\nだいたいあんたがね……』"
            ]
        },
        {
            "fileName": "019012_ena01",
            "talks": [
                "そうだよ。奏、今日はちゃんと寝てね。\n机とか床じゃなくて、ベッドで"
            ]
        },
        {
            "fileName": "019012_ena02",
            "talks": [
                "えっと……あ、奏からだ",
                "『K、おはよ』",
                "『悪い？　それより、K。\n何か話があるみたいだったけど……』",
                "『もう、風邪のくせに学校行くだけでも信じられないのに、\nKに迷惑かけるとかなんなの？』",
                "『……！　ていうか、Kの家！？』",
                "『あ、それとK。\n風邪うつされないように気をつけてね？』",
                "『私達、Kの家知らないしさ』"
            ]
        },
        {
            "fileName": "020001_mizuki01",
            "talks": [
                "『あ……！　このカップ麺の画像！\n撮ったのKの部屋だよね！？』",
                "『じゃあ、私も。\nK、ちょっとだけ休憩もらうね』"
            ]
        },
        {
            "fileName": "020005_mizuki01",
            "talks": [
                "奏もお疲れ様。朝までアップ作業してたんでしょ？"
            ]
        },
        {
            "fileName": "021006_miku02",
            "talks": [
                "ま、ちょっとは気にしてあげてないと。\nまたあんなことになったら、困るのは奏だし"
            ]
        },
        {
            "fileName": "022007_rin02",
            "talks": [
                "そう。あのあと奏達と話して、いろいろ考えて……",
                "奏が作ってくれたあの歌からイメージして、絵を描いたの",
                "はいはい。\n奏達と一緒に、作り続けなきゃね"
            ]
        },
        {
            "fileName": "areatalk02_127",
            "talks": [
                "奏、よかったね。カップ麺買えて。\nこれで明日、カップ麺が届くまでしのげるんじゃない？"
            ]
        },
        {
            "fileName": "areatalk02_128",
            "talks": [
                "あ、奏！　ログインしてこないなって思ったら、\nこっちにいたんだね"
            ]
        },
        {
            "fileName": "areatalk02_151",
            "talks": [
                "奏、最近よくこっちで作業してるね",
                "奏……"
            ]
        },
        {
            "fileName": "areatalk02_264",
            "talks": [
                "はぁ……最近、寝ても頭がすっきりしないな。\n奏はそういうことない？",
                "ホント？　奏も結構、睡眠時間短そうなのに……。\nねえ、平均でどれくらい寝てる？",
                "（奏の場合、寝起きうんぬんより、\n床で寝て風邪をひかないかのほうが心配かも）"
            ]
        },
        {
            "fileName": "areatalk02_273",
            "talks": [
                "奏は通信制高校だから、行かなくていいんだっけ？\n私もそうすればよかったな"
            ]
        },
        {
            "fileName": "areatalk02_274",
            "talks": [
                "もしそうなったら、\nまふゆ以上に奏がここに引きこもっちゃいそうだね"
            ]
        },
        {
            "fileName": "areatalk02_398",
            "talks": [
                "はいはい。はぁ……奏じゃないけど、地下道とか歩きたいかも"
            ]
        },
        {
            "fileName": "areatalk03_241",
            "talks": [
                "奏は通信制高校なんだよね。\nああいうのって、一回も学校に登校しなくていいの？"
            ]
        },
        {
            "fileName": "areatalk03_242",
            "talks": [
                "あ、奏！"
            ]
        },
        {
            "fileName": "areatalk03_245",
            "talks": [
                "あのね……私も奏も、\nロボットアニメなんて見てるわけないでしょ",
                "なんていうか……さすが奏、だね"
            ]
        },
        {
            "fileName": "areatalk03_251",
            "talks": [
                "えっと……奏、たぶん、それ違うよ"
            ]
        },
        {
            "fileName": "areatalk03_273",
            "talks": [
                "どうせろくなこと話さないんでしょ。\nほら奏、こんなの放っておいて先に行こ！"
            ]
        },
        {
            "fileName": "areatalk03_274",
            "talks": [
                "そんなことわかってる。\nはじめから奏に聞くつもりだったの",
                "え？　奏、あれ見たんだ？"
            ]
        },
        {
            "fileName": "areatalk03_291",
            "talks": [
                "ああ……奏の髪、長いし結んでないもんね"
            ]
        },
        {
            "fileName": "areatalk04_009",
            "talks": [
                "ねえ、奏！",
                "この帽子どうかな？\n奏に似合うと思うんだけど！"
            ]
        },
        {
            "fileName": "areatalk04_010",
            "talks": [
                "あれ？　奏もまふゆも、もしかして猫苦手？"
            ]
        },
        {
            "fileName": "areatalk_ev_night_03_005",
            "talks": [
                "あ、奏……って、今日もそのジャージなんだ？",
                "ふふ。そういえば奏って、同じデザインのジャージを\nいくつも持ってるんだっけ",
                "奏なら……ほら、あのお店にあるみたいなシックな服とか、\nあっちのお店のカジュアルな服だって、きっと似合うのに"
            ]
        },
        {
            "fileName": "areatalk_ev_night_04_001",
            "talks": [
                "奏！　珍しいね、買い物に来てたの？",
                "そっか。あ、じゃあ福引券、奏ももらったんじゃない？"
            ]
        },
        {
            "fileName": "areatalk_ev_night_04_005",
            "talks": [
                "奏、大丈夫？　なんだか疲れてるみたいだけど……"
            ]
        }
    ]
}