{
    "mainStory": 1,
    "eventStory": 2,
    "cardStory": 0,
    "areaTalk": 0,
    "talkPacks": [
        {
            "fileName": "street_01_06",
            "talks": [
                "はじめまして！　オレはレン！\nよろしくね"
            ]
        },
        {
            "fileName": "event_03_01",
            "talks": [
                "うん、ボクはレンだよ！\nみんなよろしくね♪"
            ]
        },
        {
            "fileName": "event_31_02",
            "talks": [
                "改めて——はじめまして、鏡音レンだよ。\nこれからよろしくね、みんな"
            ]
        }
    ]
}