{
    "mainStory": 2,
    "eventStory": 2,
    "cardStory": 1,
    "areaTalk": 0,
    "talkPacks": [
        {
            "fileName": "nightcode_01_06",
            "talks": [
                "え？　あ、わ、私は……東雲絵名、だけど……"
            ]
        },
        {
            "fileName": "nightcode_01_20",
            "talks": [
                "東雲絵名。\n……なんか、改まって名乗ると変な感じだね"
            ]
        },
        {
            "fileName": "event_22_01",
            "talks": [
                "う、うん。私は東雲絵名。\nこっちこそよろしく、日野森さん"
            ]
        },
        {
            "fileName": "event_36_10",
            "talks": [
                "東雲絵名です、よろしく！\n愛莉から話は聞いてるよ"
            ]
        },
        {
            "fileName": "018005_mafuyu02",
            "talks": [
                "『でも、全然違う“東雲絵名”として\n全然違う毎日を送ってた気がするの』"
            ]
        }
    ]
}