{
    "mainStory": 0,
    "eventStory": 5,
    "cardStory": 9,
    "areaTalk": 7,
    "talkPacks": [
        {
            "fileName": "event_21_01",
            "talks": [
                "ひどいよカイト！\nレンのとっておきのアイス食べちゃうなんて！"
            ]
        },
        {
            "fileName": "event_21_06",
            "talks": [
                "すっごーい！\nカイトなのにカッコイイ！"
            ]
        },
        {
            "fileName": "event_34_02",
            "talks": [
                "え～？　だってカイト兄、\nいつまで経っても出てきてくれないんだもん！",
                "あたしもカイト兄にいろいろ教わってるんだー！"
            ]
        },
        {
            "fileName": "event_34_08",
            "talks": [
                "ていうかカイト兄、なんだか今日の演奏\nいつもと違くない？"
            ]
        },
        {
            "fileName": "009011_kohane02",
            "talks": [
                "カイトはいつでもどこでも、ただのカイトじゃん"
            ]
        },
        {
            "fileName": "022008_rin01",
            "talks": [
                "ミク、カイト、ありがとう……！"
            ]
        },
        {
            "fileName": "022008_rin02",
            "talks": [
                "もともとショーは大好きだったし、\nカイトの劇団に入って、もっともーっと好きになったけど——"
            ]
        },
        {
            "fileName": "022012_rin01",
            "talks": [
                "ねえカイト、何かいい方法ないかな？",
                "カイトがね、リンでも跳べるように\nしてくれるって言ってた♪"
            ]
        },
        {
            "fileName": "022012_rin02",
            "talks": [
                "カイトー！　レンも、準備できたって♪"
            ]
        },
        {
            "fileName": "026001_kaito02",
            "talks": [
                "え～、いま、全員でって言ったのカイトだよ？",
                "ヤダー！　まだカイトと一緒に歌う―！"
            ]
        },
        {
            "fileName": "026008_kaito02",
            "talks": [
                "そうだよ！　カイトの、バカバカバカー！"
            ]
        },
        {
            "fileName": "areatalk_ev_band_05_007",
            "talks": [
                "ミクぴょん、カイト兄！　３人で“音遊びリレー”しよっ☆"
            ]
        },
        {
            "fileName": "areatalk_ev_shuffle_03_034",
            "talks": [
                "カイト、座長ってどんなことをしてるの？"
            ]
        },
        {
            "fileName": "areatalk_ev_shuffle_03_035",
            "talks": [
                "あ、いたいた！\nね、カイト。ちょっと鬼さんになってー！",
                "わーい！　ありがとう、カイト♪\nそれじゃ、リンもかくれてくるね～☆"
            ]
        },
        {
            "fileName": "areatalk_ev_wonder_05_007",
            "talks": [
                "うんうん！　これ、いつもは\nぜーんぶカイトがひとりでやってるの？",
                "じゃあ、カイト！　リンやレンのことも頼ってくれる？"
            ]
        },
        {
            "fileName": "areatalk_monthly2109_003",
            "talks": [
                "ねえ、カイト！　次の課題は？"
            ]
        }
    ]
}