{
    "mainStory": 16,
    "eventStory": 20,
    "cardStory": 25,
    "areaTalk": 12,
    "talkPacks": [
        {
            "fileName": "vswonder_01_04",
            "talks": [
                "類はどんなアイディアも興味を持って形にしてくれるし、\n寧々の冷静さにはいつも助けられてる"
            ]
        },
        {
            "fileName": "wonder_01_07",
            "talks": [
                "会話できるなら、その草薙寧々とやらに一言言わせてもらおう！"
            ]
        },
        {
            "fileName": "wonder_01_11",
            "talks": [
                "類、寧々、それにえむ。\nみな、オレには及ばんがよくついてきてくれたな。\n明日のショーは必ずすばらしいショーにするぞ！"
            ]
        },
        {
            "fileName": "wonder_01_12",
            "talks": [
                "（時間を稼ぐ……！　寧々、類、頼む！\nなんとかステージを続けられるように……！）"
            ]
        },
        {
            "fileName": "wonder_01_13",
            "talks": [
                "……お前が、あのロボットを操作していた寧々か"
            ]
        },
        {
            "fileName": "wonder_01_14",
            "talks": [
                "類はそのへんでショーをしているかもしれんな。\n寧々はどこにいるかわからんが、類さえ見つけられれば……"
            ]
        },
        {
            "fileName": "wonder_01_15",
            "talks": [
                "……寧々！？"
            ]
        },
        {
            "fileName": "wonder_01_16",
            "talks": [
                "寧々ー！\nどこだー！　どこにいるー！",
                "聞いてくれ、寧々！　オレは……！",
                "ショーが成功しなくて悔しかったのは……本当だ。\nでも……もっと悔しかったのは寧々だよな",
                "だから……寧々。\nまた、オレと一緒にショーをやってくれないか？",
                "寧々……！",
                "寧々。オレが悪かった。\nだから……もう一度、言わせてくれ",
                "……ああ！　よろしくな、寧々！"
            ]
        },
        {
            "fileName": "wonder_01_19",
            "talks": [
                "寧々、何かあったら、オレもえむも類もいる。\n心配しないで、思いっきりやれ！"
            ]
        },
        {
            "fileName": "wonder_01_20",
            "talks": [
                "寧々と類は、どうするんだ？"
            ]
        },
        {
            "fileName": "event_03_02",
            "talks": [
                "他人事のように言っているが、お前もだろう、寧々！"
            ]
        },
        {
            "fileName": "event_08_02",
            "talks": [
                "うちの寧々の歌だって、貴様には負けておらんっ！！"
            ]
        },
        {
            "fileName": "event_08_03",
            "talks": [
                "それはオレも同感だ。\n寧々の歌はあの高飛車女にまったく引けをとっていない！"
            ]
        },
        {
            "fileName": "event_08_04",
            "talks": [
                "おい寧々、いつまで歌ってるつもりだ？\nそろそろ別のシーンの練習を……",
                "うーむ、どうしたものか。\n肝心の寧々があの調子じゃあな……"
            ]
        },
        {
            "fileName": "event_08_05",
            "talks": [
                "……だが類、寧々の歌はどうなんだ？\nまだかなり悩んでいるようだが……",
                "しかし、寧々達も家族と一緒にショーを見てから、\nショーをやるようになったんだな"
            ]
        },
        {
            "fileName": "event_08_07",
            "talks": [
                "遅いぞ、寧々！\n……調子はどうだ？"
            ]
        },
        {
            "fileName": "event_13_04",
            "talks": [
                "寧々、もたもたしてると置いていくぞ！"
            ]
        },
        {
            "fileName": "event_13_06",
            "talks": [
                "寧々、お前の最高の歌声を聴かせてやれ！"
            ]
        },
        {
            "fileName": "event_13_08",
            "talks": [
                "見とらんぞ！！\n寧々がひとりでニヤニヤしている姿なんぞ……"
            ]
        },
        {
            "fileName": "event_15_05",
            "talks": [
                "待たせたな、寧々"
            ]
        },
        {
            "fileName": "event_15_07",
            "talks": [
                "それに、今回ここにいるのはオレとお前だけじゃない。\n寧々と、類と、ネネロボもいる"
            ]
        },
        {
            "fileName": "event_16_06",
            "talks": [
                "ん？　寧々じゃないか。\nどうしたんだ、そんなに急いで"
            ]
        },
        {
            "fileName": "event_32_06",
            "talks": [
                "（……ん？\nここで寧々のシーンに切り替わるはずだが、\n出てこないぞ……？）",
                "そうだな……ここからはすぐ、\n寧々が薬を飲んで変身するシーンになる",
                "えむの言うとおり、ナイスアドリブだったぞ、寧々！\nあの歌も素晴らしかった！"
            ]
        },
        {
            "fileName": "event_32_08",
            "talks": [
                "フッフッフ、寧々に朗報を伝えに来たのだ！"
            ]
        },
        {
            "fileName": "event_36_06",
            "talks": [
                "それよりも寧々！\nイベントに出るなら出るでどうして言わない！"
            ]
        },
        {
            "fileName": "event_36_08",
            "talks": [
                "ああ、寧々の応援に来たんだが、\nそこでお前が異様に緊張していると聞いてな"
            ]
        },
        {
            "fileName": "013003_tsukasa02",
            "talks": [
                "おい、寧々！"
            ]
        },
        {
            "fileName": "013011_tsukasa02",
            "talks": [
                "ああ、はいはい。そんな猿芝居には乗らんぞ。\nそうだろう、寧々"
            ]
        },
        {
            "fileName": "013012_tsukasa01",
            "talks": [
                "寧々が友達を連れてくるだとぉおおおおお！？",
                "仕方ないだろう！\nあの寧々が友達を連れてくるんだぞ！？"
            ]
        },
        {
            "fileName": "013013_tsukasa02",
            "talks": [
                "あっ！　寧々、お前！"
            ]
        },
        {
            "fileName": "014003_emu02",
            "talks": [
                "まったく……。\nまあ、どうせやるなら類と寧々も呼ぶぞ"
            ]
        },
        {
            "fileName": "014006_emu01",
            "talks": [
                "そうだな。\n寧々やパンダにも迷惑を……ん？　パンダ……？"
            ]
        },
        {
            "fileName": "014012_emu02",
            "talks": [
                "フハハハハッ！\n寧々よ、避けてどうする？　勝負にならんぞ？"
            ]
        },
        {
            "fileName": "014013_emu02",
            "talks": [
                "なんでも何もあるか。\n寧々から聞いたぞ",
                "ああ！　お手柄だぞ、寧々！"
            ]
        },
        {
            "fileName": "015003_nene01",
            "talks": [
                "おい、寧々はわかるか？",
                "やらんでいい！　真面目に脚本を考えるぞ！\nおい、寧々――じゃない、ネネロボ！"
            ]
        },
        {
            "fileName": "015006_nene02",
            "talks": [
                "寧々！　お前は何かアイディアはあるか？",
                "おーい、寧々。\n脚本をこれから書くから、\nもっとイメージを教えてくれ"
            ]
        },
        {
            "fileName": "015007_nene01",
            "talks": [
                "寧々は己に打ち勝ち、\n真の実力を発揮することができた！",
                "あー！　寧々、ズルいぞ！\nオレも守ってくれー！"
            ]
        },
        {
            "fileName": "015007_nene02",
            "talks": [
                "うちの寧々の歌だって、キサマには負けておらんっ！！",
                "ドンと構えていろ！\n寧々は、フェニックスステージの歌姫にも、\n負けていないんだからな！"
            ]
        },
        {
            "fileName": "015010_nene02",
            "talks": [
                "これを一度にやってのけるとは、\nやるではないか寧々！"
            ]
        },
        {
            "fileName": "015011_nene02",
            "talks": [
                "よし！　では寧々の活躍シーンを盛りこむことも考慮しつつ、\n案出しの続きをするぞ！"
            ]
        },
        {
            "fileName": "016007_rui01",
            "talks": [
                "類、寧々！　もたもたしてると置いていくぞー！"
            ]
        },
        {
            "fileName": "016010_rui02",
            "talks": [
                "えむと寧々が加わっているからな！\n増やした！"
            ]
        },
        {
            "fileName": "016012_rui02",
            "talks": [
                "何！？　ショーのあと\n類がいつになくテンションが上がっていたことに気づいた\nあの寧々ですら心当たりがないだと！？"
            ]
        },
        {
            "fileName": "024012_luka02",
            "talks": [
                "フハハハハッ！\n寧々よ、避けてどうする？　勝負にならんぞ？"
            ]
        },
        {
            "fileName": "026007_kaito01",
            "talks": [
                "ああ、そのことだが……。\nオレと類と寧々は、あまり来れなさそうでな"
            ]
        },
        {
            "fileName": "areatalk02_038",
            "talks": [
                "寧々！　この前の金曜オリジナル特番は見たか？"
            ]
        },
        {
            "fileName": "areatalk02_056",
            "talks": [
                "お、寧々！　お前もこの期間限定の、\n『チョコミント味のポップコーン』を買いに来たのか？"
            ]
        },
        {
            "fileName": "areatalk03_182",
            "talks": [
                "ん？　そこにいるのは、寧々じゃないか。\nもしや、お前もミュージカル観劇か？"
            ]
        },
        {
            "fileName": "areatalk03_183",
            "talks": [
                "だがオレはまだまだ中級レベル。お前や寧々の衣装を\n用意したとかいう人物のほうが、腕はよさそうだ"
            ]
        },
        {
            "fileName": "areatalk03_191",
            "talks": [
                "だいたい、寧々はともかく、\n類やえむにやらせたらオレの身体がどうなることか！"
            ]
        },
        {
            "fileName": "areatalk03_193",
            "talks": [
                "たしかに。力いっぱい歌うだけだったのが見違えたな。\nグッジョブだぞ、寧々！"
            ]
        },
        {
            "fileName": "areatalk03_213",
            "talks": [
                "おお、なんだかすごそうだな！\nおい、寧々。行くなら付き合ってやってもいいぞ！"
            ]
        },
        {
            "fileName": "areatalk03_216",
            "talks": [
                "コラ、寧々！　オレがしゃべる時だけ\nヘッドホンするんじゃ……だからするなー！"
            ]
        },
        {
            "fileName": "areatalk03_228",
            "talks": [
                "寧々、お前B組だったんだな。\nじゃあ、冬弥と同じクラスか"
            ]
        },
        {
            "fileName": "areatalk03_234",
            "talks": [
                "おお！　寧々と初めて意見があったぞ！"
            ]
        },
        {
            "fileName": "areatalk_ev_wonder_05_002",
            "talks": [
                "寧々、最近はショーの終盤でも、\n序盤と変わらず、バテずにしっかり歌えているな"
            ]
        },
        {
            "fileName": "areatalk_ev_wonder_06_004",
            "talks": [
                "おい寧々、オレはあいつを連れ戻しに……ん？\nそういえば、類はどうした"
            ]
        }
    ]
}