{
    "mainStory": 0,
    "eventStory": 0,
    "cardStory": 6,
    "areaTalk": 1,
    "talkPacks": [
        {
            "fileName": "015003_nene01",
            "talks": [
                "それから劇伴を変えるのもいいかもね。\nチャルダッシュやマズルカを使うとか",
                "チャルダッシュとマズルカは19世紀に流行した音楽だよ。\nこのふたつは『コッペリア』にも使われた曲なんだけど――"
            ]
        },
        {
            "fileName": "024008_luka02",
            "talks": [
                "ルカさんもこのセカイ……いや、\nこのセカイが生まれるきっかけになった、\n司くんの想いに何か関係が……",
                "ルカさんがよく眠るのは、\nそれだけこのセカイが笑顔であふれていて、\n楽しい場所だから、なのかもしれないね"
            ]
        },
        {
            "fileName": "024012_luka01",
            "talks": [
                "じゃあ、ルカさんには\n審判をやってもらうというのはどうだろう？"
            ]
        },
        {
            "fileName": "024012_luka02",
            "talks": [
                "シンプルに、コートの中にボールを落としたら\n得点ってことにしようか。\nそのほうが、ルカさんにもわかりやすいだろうしね"
            ]
        },
        {
            "fileName": "areatalk_ev_shuffle_05_009",
            "talks": [
                "おや？　ルカさん、何やら楽しそうだねえ"
            ]
        }
    ]
}