{
    "mainStory": 0,
    "eventStory": 13,
    "cardStory": 10,
    "areaTalk": 1,
    "talkPacks": [
        {
            "fileName": "event_16_04",
            "talks": [
                "あ、お兄ちゃんととーやくんだ！\nやっほー！　おかえりなさーい！",
                "それじゃあ、今日はありがとう！　とーやくん！"
            ]
        },
        {
            "fileName": "event_16_07",
            "talks": [
                "とーやくん！？",
                "とーやくん……"
            ]
        },
        {
            "fileName": "event_24_01",
            "talks": [
                "『あっ、とーやくん！？\nよかったあ、つながって……』",
                "『実は、ちょっととーやくんに\nお願いしたいことがあって……』",
                "『とーやくんにかける前に、\nお兄ちゃんと一緒にショーをやってくれてる人にも\n電話してみたんだけど、全然つながらなくって……』",
                "ありがとう、とーやくん……！\nすっごくすっごく助かるよ！",
                "『あっ、とーやくん？　お兄ちゃんが\nこの礼は必ず！って叫んでたよ！』"
            ]
        },
        {
            "fileName": "event_30_01",
            "talks": [
                "青柳くんって……あ、とーやくんのこと？\n小さい頃からの知りあいだよ！",
                "でも、どうしてとーやくんと知りあいなの？\nこはねちゃん、学校も違うのに……",
                "ふえっ！？　とーやくんとこはねちゃんが一緒に！？"
            ]
        },
        {
            "fileName": "event_30_02",
            "talks": [
                "うんっ！　とーやくんと一緒に歌ってるって聞いて、\nどんな感じなんだろうって気になったんだ！"
            ]
        },
        {
            "fileName": "002011_saki01",
            "talks": [
                "とーやくんくらい、ちゃんとピアノ弾けたら\n何か違ってたのかな……",
                "あ。そういえば子供の頃、とーやくんとお兄ちゃん、\n一緒にピアノ弾いてたことあったよね！",
                "え～、だいたいとーやくんが\nあわせてくれてた気がするんだけどなぁ",
                "とにかく、アタシ達が全然あわせないから、\nとーやくんずっとあわあわしてたね"
            ]
        },
        {
            "fileName": "012003_touya01",
            "talks": [
                "もうお兄ちゃん遅い——って、とーやくん！？",
                "もー、咲希でいいのに！\nとーやくんは相変わらずマジメだね",
                "もーっちろん！\nというわけでとーやくん、チェンジ！",
                "わわっ、話してたらなんだか難しくなってきたかも。\nここはとーやくんに教えてもらった通りに……",
                "もうお兄ちゃん大げさに悔しがりすぎだよ。\nとーやくんに笑われちゃってるよ？",
                "あー……久々にこんなに遊んだな～。\nお兄ちゃんもとーやくんも今日はありがとね"
            ]
        },
        {
            "fileName": "areatalk_ev_shuffle_03_003",
            "talks": [
                "そうなんだ。\nじゃあとーやくんって、ものすごく上手なのかも……！"
            ]
        }
    ]
}