{
    "mainStory": 0,
    "eventStory": 4,
    "cardStory": 1,
    "areaTalk": 0,
    "talkPacks": [
        {
            "fileName": "event_36_05",
            "talks": [
                "そういえば、みのりちゃんはアイドルやってるんだっけ？\nどんな活動してるの？",
                "でも、そっか……。\nじゃあみのりちゃんが、遥の言ってた……"
            ]
        },
        {
            "fileName": "event_36_08",
            "talks": [
                "あ、遥じゃん！\nなんでここに……って、みのりちゃんの応援か",
                "ちょっと縁があってさ。\nみのりちゃんに歌を教えてたんだよね"
            ]
        },
        {
            "fileName": "006012_haruka02",
            "talks": [
                "あ、そうそう！　遥と同じグループのみのりちゃん、\nこはねと仲いいんでしょ？"
            ]
        }
    ]
}