{
    "mainStory": 10,
    "eventStory": 4,
    "cardStory": 14,
    "areaTalk": 4,
    "talkPacks": [
        {
            "fileName": "leo_01_07",
            "talks": [
                "うん。\n……志歩と穂波は？",
                "でも、ふたりにとって穂波と志歩が大切な友達だっていうことに\n変わりはないんでしょ？\nそれならいいんじゃないかな"
            ]
        },
        {
            "fileName": "leo_01_17",
            "talks": [
                "穂波のこと？"
            ]
        },
        {
            "fileName": "vsleo_01_02",
            "talks": [
                "あ、でも……一歌と咲希はきっとまた来てくれるだろうけど、\n志歩と穂波は、どうしたらいいんだろう？",
                "それから穂波は……何かを怖がってるみたいだったね"
            ]
        },
        {
            "fileName": "vsleo_01_03",
            "talks": [
                "そっか。穂波と話を……",
                "咲希は、本当は穂波と一緒にいたいのに、\n考えて考えて、穂波が一番傷つかないようにって\n決めたんでしょ？",
                "穂波と一緒にいられないのは、\n咲希にとってつらいことなのに",
                "でも、もしこのまま穂波が戻らなかったら……"
            ]
        },
        {
            "fileName": "vsleo_01_04",
            "talks": [
                "一歌、咲希！　それに穂波に志歩も！\nいらっしゃい"
            ]
        },
        {
            "fileName": "event_09_11",
            "talks": [
                "『大丈夫だよ、穂波。\nおみくじなんだし、そこまで気にしなくてもいいって』"
            ]
        },
        {
            "fileName": "event_10_06",
            "talks": [
                "そ、そうだけど、別に拗ねてないってば！\n穂波が元気になってくれれば私も嬉しいし"
            ]
        },
        {
            "fileName": "event_10_08",
            "talks": [
                "よかったね、穂波"
            ]
        },
        {
            "fileName": "event_18_07",
            "talks": [
                "（穂波も、一歌の言葉で本当の想いを見つけて、歌が生まれた）"
            ]
        },
        {
            "fileName": "001006_ichika02",
            "talks": [
                "うん。私もそう感じたよ。\nそれに、穂波の楽しさもすごく伝わってきた"
            ]
        },
        {
            "fileName": "001011_ichika02",
            "talks": [
                "だって一歌は、穂波や志歩と向きあって、\n本当の想いを見つけだしてくれた"
            ]
        },
        {
            "fileName": "021002_miku02",
            "talks": [
                "あ、穂波に志歩、いらっしゃい"
            ]
        },
        {
            "fileName": "021013_miku01",
            "talks": [
                "ねえ、穂波と志歩も一緒にやらない？"
            ]
        },
        {
            "fileName": "024003_luka01",
            "talks": [
                "……穂波も、本当の想いを見つけて伝えられたらいいのに",
                "もし、一歌が手を伸ばしても、\n届かないくらい穂波が遠くにいるなら……",
                "このセカイにも、\n穂波の想いはないから"
            ]
        },
        {
            "fileName": "024005_luka02",
            "talks": [
                "あ、これはジュースで乾杯した時かな。\nこっちは穂波が解説してくれてる時のだね"
            ]
        },
        {
            "fileName": "024006_luka01",
            "talks": [
                "『ふふ。穂波、あれで引いたおみくじ３本目だからね』"
            ]
        },
        {
            "fileName": "024006_luka02",
            "talks": [
                "あ……そういえば、穂波達はこのおみくじ、\n神社の木の枝に結んでたね",
                "そっか！　穂波は、本当に優しいね",
                "あはは、穂波ってば……",
                "あ、おみくじの結果、穂波はまだ知らないんだよね？"
            ]
        },
        {
            "fileName": "025007_meiko02",
            "talks": [
                "ねえ、メイコ。\n穂波が言ってた相談って？"
            ]
        },
        {
            "fileName": "areatalk02_312",
            "talks": [
                "穂波、そのスティック、前使ってたのと違うね"
            ]
        },
        {
            "fileName": "areatalk02_340",
            "talks": [
                "穂波、ここに来るといつも星を見てるね"
            ]
        },
        {
            "fileName": "areatalk02_347",
            "talks": [
                "え？　咲希や穂波じゃなくて……志歩？"
            ]
        },
        {
            "fileName": "areatalk03_040",
            "talks": [
                "そっか。穂波の決意が、あの音になっているんだ。\nいいね。かっこいいよ、穂波"
            ]
        }
    ]
}