{
    "mainStory": 61,
    "eventStory": 221,
    "cardStory": 212,
    "areaTalk": 49,
    "talkPacks": [
        {
            "fileName": "street_01_00",
            "talks": [
                "もっと練習しないといけないし、\n何より、一緒にイベントをやってくれる相棒を探さないとだし",
                "そう？　照れるなあ。\nでも、私なんてまだまだだよ。\n練習もまだまだ足りないし、相棒も見つかってないし"
            ]
        },
        {
            "fileName": "street_01_03",
            "talks": [
                "同い年なんだし、杏って呼んでよ。\nねえねえ、それより私、こはねが来てくれてすごく嬉しいんだ！",
                "……もしかしてこはね、歌えるの？",
                "おねがい！　こはねの歌、聴いてみたくって！\n大丈夫、こはねなら、きっとカッコよく歌えるよ！",
                "ねえ、こはね！　私と組もう！"
            ]
        },
        {
            "fileName": "street_01_04",
            "talks": [
                "そう！　今、こはねも思わなかった？\n一緒に歌うと、すっごく気持ちいいって！",
                "こはね。『私なんか』なんて、言わないでよ",
                "でも、今日こはねと歌った瞬間が、一番ドキドキした！\nだから、こはねと一緒にもっといろんな歌を歌いたいの！",
                "お互い困った時は助け合う、みたいな感じでさ。\nこはねが困ったら私が助ける！\nだから私が困ったら、こはねが助けてよ！",
                "うん！　ありがとうこはね！",
                "そう！　こはねが私の相棒！\n今日、一緒に歌ってみてわかったの！",
                "え！　イベントの経験ないんだ！\nそれであんなに歌えるなんてすごいよこはね！"
            ]
        },
        {
            "fileName": "street_01_05",
            "talks": [
                "こはね、せっかくだし出てみない？\nみんなに私達の歌を聴いてもらいたいし！",
                "いい感じ！　難しい曲でも問題なく歌えそうだね。\nやっぱり、こはねはすごいよ！",
                "……こはね。それ、なんか光ってない？",
                "こはねも？　実は私もなんだよね。\nなんとなく、ビビッドストリートに似てて……"
            ]
        },
        {
            "fileName": "street_01_06",
            "talks": [
                "ねえこはね、これって映像だよね？\nミクもメイコもバーチャル・シンガーだし……",
                "『Untitled』って、こはねのスマホに入ってた曲だよね。\nたしかに、あの曲を聴こうとしたからこっちに来たし……",
                "こはね……？"
            ]
        },
        {
            "fileName": "street_01_07",
            "talks": [
                "『こはね、明日の放課後ってヒマ？\nビビッドストリートで練習しない？』",
                "こはね、お待たせー！",
                "曲は、昨日歌ったのと同じヤツ。アカペラでね。\n先に私が歌うから、こはねはこはねのタイミングで入ってきて！",
                "お疲れさま、こはね。\n初めてにしては上出来上出来！　"
            ]
        },
        {
            "fileName": "street_01_08",
            "talks": [
                "ついに明日が本番だね！\nこはね、心の準備はできてる？",
                "こはね！　こっちこっち！\nあ！　新しい服で来たんだね！",
                "ふふ、こはねっぽくていいと思うよ。\nあ、今日はメガネだけど、次はコンタクトにしてみたら？",
                "ふふ。こはね、声上ずってるよ？"
            ]
        },
        {
            "fileName": "street_01_09",
            "talks": [
                "大丈夫だよ、こはね。\n落ち着いて",
                "こはね、行くよ！",
                "（……いくよ、こはね）",
                "（こはねは……）",
                "こはね……"
            ]
        },
        {
            "fileName": "street_01_10",
            "talks": [
                "違う！　こはねは、本気だった！\nこのイベントのためにずっと一生懸命練習して……",
                "あんた……！　あ、待ってこはね！！",
                "今日こはねと歌った瞬間が、一番ドキドキした！\nだから、こはねと一緒にもっといろんな歌を歌いたいの！"
            ]
        },
        {
            "fileName": "street_01_11",
            "talks": [
                "（私……守ってあげられなかった。\nこはねが困ったら助けるって言ったのに）",
                "（こはねに、もっとこの街のことも、イベントのことも\n好きになってもらいたかったのに……）",
                "……ごめん父さん！\n私、今からこはねに会いに……",
                "え…………こはね！？"
            ]
        },
        {
            "fileName": "street_01_12",
            "talks": [
                "こはねは私の、最高の相棒だね！",
                "よく頑張ったね、こはね"
            ]
        },
        {
            "fileName": "street_01_13",
            "talks": [
                "それじゃこはね！　私達の最高の歌、\nたっぷり聴かせてあげちゃおっか！",
                "こはね、大丈夫。私がついてる",
                "（やろうこはね！　私達ならできるよ！！）",
                "どう？　こはねの実力、思い知ったでしょ",
                "さっ、こはね。控室に戻ろっか！"
            ]
        },
        {
            "fileName": "street_01_14",
            "talks": [
                "ふふ、決意の証だよね。こはね！"
            ]
        },
        {
            "fileName": "street_01_15",
            "talks": [
                "いちゃ悪い？　それより、ひとりなんて珍しいじゃん。\nもしかして、ついに相棒に逃げられた～？",
                "そうなのかもね。\nでも、こはねが心配してやるほどのことじゃないって",
                "こはねー！　ごめん、ギリギリになっちゃった！",
                "でも、こはね、なんでそんなにあのふたりの心配してるの？\n私達にあんなことしたヤツなのに……",
                "天馬先輩とか神代先輩とかと違って、\nこはねは神高の風紀を乱さないからいーの",
                "ほら、こはね。言いたいことあるんでしょ？"
            ]
        },
        {
            "fileName": "street_01_16",
            "talks": [
                "そうでもないんじゃない？\nこはねのおかげで、あいつのことちょっとわかったし"
            ]
        },
        {
            "fileName": "street_01_17",
            "talks": [
                "……やっぱり、外行こうかこはね。\n大事な話みたいだし"
            ]
        },
        {
            "fileName": "street_01_20",
            "talks": [
                "さすがはこはね！　私の頼れるパートナー♪",
                "……こはね～！！\nいつでも私に頼っていいんだからね！　大好きっ！"
            ]
        },
        {
            "fileName": "vsstreet_01_04",
            "talks": [
                "それはそうだけど、\nでも、このこはねのパートは音の重なりをもっと大事にして——",
                "止めないで、こはね。\nこれは私と彰人のこだわりの問題だから",
                "私と彰人が今から歌うから、どっちの歌い方が\nこはねのパートに合ってるか教えてくれないかな？"
            ]
        },
        {
            "fileName": "event_06_01",
            "talks": [
                "あ、そっか。こはねはまだ\n招待イベントしか出たことなかったんだっけ",
                "そうこなくっちゃ！　この前のVividsのライブも、\nこはねのおかげで盛り上がったし、きっと大丈夫だよ",
                "もう、自信持ちなよ。こはねの歌は最高なんだからさ",
                "（……こはねの歌、やっぱり好きだな）",
                "（でも、前みたいに本番で何かあっても、私達がいるんだし\nきっとこはねをリードできるよね！）",
                "大丈夫だよ、こはね",
                "もし、明日の本番中に何かハプニングが起きても、\n私がこはねをリードするから、安心してね"
            ]
        },
        {
            "fileName": "event_06_02",
            "talks": [
                "こはね、どうしたの？　大丈夫？",
                "こはね……。\nうん、私もそう思う！",
                "（……よかった、こはねも楽しそうに歌えてる）",
                "（あれ、こはね……！？）",
                "（……ダメだ！　このままじゃ、こはねを置いていっちゃう！）",
                "大丈夫だよ、こはね",
                "もし、明日の本番中に何かハプニングが起きても、\n私がこはねをリードするから、安心してね"
            ]
        },
        {
            "fileName": "event_06_03",
            "talks": [
                "こはねのこと、リードするって言ってたのに\n全然できなくて……",
                "そんなことない！　こはねは、こういう対戦イベント\n初めてだったんだし、私がもっとなんとかできてたら……",
                "あ……こはね！",
                "私のせいだ……。\n私が、こはねのことをリードしなくちゃいけなかったのに……",
                "私、こはねの相棒なのに……守れなかった",
                "どうって……こはねは相棒だから、\n自信持って歌えるようにリードして、私が——",
                "（私……守ってあげられなかった。\nこはねが困ったら助けるって言ったのに）",
                "私、こはねを相棒だって思えてなかったの……？",
                "……こはねに、謝らないと"
            ]
        },
        {
            "fileName": "event_06_04",
            "talks": [
                "こはね！",
                "こはね、さっきのこと、私やっぱりちゃんと謝りたくて。\nその、リードするなんて言って、私……",
                "違うよ、そうじゃなくて！\n私のほうが、本当はこはねのこと——",
                "本当は……こはねのこと……",
                "こはね……",
                "あ、あのさ、こはね。\nさっきの——"
            ]
        },
        {
            "fileName": "event_06_05",
            "talks": [
                "でも、その通りなんだよね。\nずっと、こはねを守らないとって思ってて……",
                "それが、私にとっても、こはねにとっても\n一番いいことだって決めつけてたみたい",
                "……ここで、初めてこはねと歌ったんだっけ",
                "ねえ、こはね！　私と組もう！",
                "（こはねに相棒になってって言って、それから\n一緒にライブに出て——）",
                "（あの時、こはねの歌はやっぱり\n最高だって思ったんだ）",
                "（いろいろあったけど、こはねも、一緒に歌いたいって言って、\n覚悟を決めてくれた）",
                "（でも、一緒に歌う時、こはねってどこか自信なさそうだった。\nあんなに歌えるのに、なんでか悩んでることがあって……）",
                "……ああ、そっか。\n私、こはねに頼られて嬉しかったんだ",
                "こはねが一緒にいて、私を頼って、\n一緒に歌ってくれるのが、すごく嬉しくて——",
                "頼られて嬉しいからって\nこはねのこと守ろうとして、歌をめちゃくちゃにした",
                "相棒、失格だよ……",
                "相棒は、信頼して、背中を預けられる存在なのに。\n私は……",
                "こんなの、こはねのこと信じられてないのと一緒だよ",
                "……もう、こはねに\n二度とあんな顔させたくない",
                "こはねと、ちゃんと肩を並べて、歌っていきたい",
                "だから、ちゃんと伝えないと。\n本当の相棒になるために",
                "じゃないと、私は……、\nいつまでもこはねの隣に立つ資格がないから"
            ]
        },
        {
            "fileName": "event_06_08",
            "talks": [
                "（……よし、ちゃんと、こはねに謝れるようにしないと）",
                "昨日、彰人から言われなかったら……私、多分ずっと\nこはねのこと守らないとって思ってた気がするんだ",
                "……正直さ、怖いんだよね。こはねのことを\n今までずっと『守らないと』って思ってたなんて伝えるの",
                "……でも、これからもこはねと一緒にいたいなら、\nたとえ怒られても、ちゃんと謝ろうって決めたの",
                "そうじゃないと、私には\nこはねとステージに立つ資格がないから",
                "私、この４人で『RAD WEEKEND』を超えたいからさ。\nだから今日はちゃんと、こはねに謝るって決めたんだ",
                "こはね！",
                "こはね、昨日はほんっとうにごめん！！",
                "何があっても、こはねをリードするなんて言って……、\n私、こはねのこと守らなきゃって思ってたんだ",
                "でも彰人に『守ろう』って思うのは\n相棒じゃないって言われて——気づいたの",
                "ずっと相棒を探してたけど、この人とならって思えなくて……。\nでも、そんな時にこはねと出会えたんだ",
                "こはねの歌が最高だったから。\nだから、一緒に歌って、夢を叶えたいって思って……",
                "だけど、こはねは自信なさそうな時\n私を頼って、相談してくれて……",
                "私ね、それが、すごく嬉しかったんだ。\n自分が嬉しいから、こはねのこと守ろうとした",
                "私、相棒として失格だよ",
                "……相棒は、信じて背中を預けられる存在なのに",
                "でも……私、これからも\nこはねと一緒にいたい！",
                "一緒にステージで歌える、本当の相棒になりたいの",
                "誰より一番、こはねに信じてもらえるようになる！\nこはねのことを信じて歌うから！　だから——",
                "こんな私だけど、これからも\nこはねの相棒でいさせてくれないかな？",
                "こはね……",
                "うん……うん！\nありがとう、こはね……！",
                "……そうだ。\nねえ、こはね",
                "その時は、こはねが私をフォローしてくれないかな",
                "さすが相棒、頼りにしてるね！"
            ]
        },
        {
            "fileName": "event_07_01",
            "talks": [
                "あ、こはね！　来てくれたんだね。\n来られないかもって言ってたから、びっくりしちゃった！",
                "そう！　私の大事な相棒♪"
            ]
        },
        {
            "fileName": "event_07_08",
            "talks": [
                "それなら大丈夫！　\n後夜祭は神高生徒だけでやるし、こはねはもう帰ったからさ",
                "ていうか瑞希ってば、\nこはねが来たから気つかっていなくなったでしょ？"
            ]
        },
        {
            "fileName": "event_09_06",
            "talks": [
                "それじゃ、私とこはねで相手になるよ。\n負けたほうはスミで顔に落書きされるってルール有りで！",
                "大丈夫だって！\n私達は最高の相棒なんだから",
                "ふふ、ふたりとも張り切ってる。\n私達も負けてられないね、こはね！",
                "こはね、そっち飛んだよ！"
            ]
        },
        {
            "fileName": "event_09_07",
            "talks": [
                "……ふふっ、こはね、すごい顔になってる！"
            ]
        },
        {
            "fileName": "event_12_01",
            "talks": [
                "あ、こはね！\nちょうど今声出し終わったところだよ……って",
                "それじゃ、こはねのお父さんも来るかもしれないし、\n次のイベントの練習、はりきってやろっ！"
            ]
        },
        {
            "fileName": "event_12_02",
            "talks": [
                "オッケー。\nそれじゃこはね、お父さんによろしくね！"
            ]
        },
        {
            "fileName": "event_12_03",
            "talks": [
                "こはねのお父さん、イベントで歌うカッコイイこはね見たら\nびっくりしちゃうかもね？"
            ]
        },
        {
            "fileName": "event_12_07",
            "talks": [
                "あ、あの人？\nふふっ、雰囲気がこはねに似てるね",
                "じゃ、私達も思いっきり頼らせてもらっちゃおうか、こはね！"
            ]
        },
        {
            "fileName": "event_12_08",
            "talks": [
                "お父さん、わかってくれてよかったね、こはね！"
            ]
        },
        {
            "fileName": "event_21_05",
            "talks": [
                "ちょっと、どこ行くの！？\n……あーもう、追いかけよう、こはね！"
            ]
        },
        {
            "fileName": "event_21_06",
            "talks": [
                "どうしたの？　こはね",
                "あ、冬弥……！\n私達も行こう、こはね！"
            ]
        },
        {
            "fileName": "event_21_07",
            "talks": [
                "……っていうか、彰人はずっと私達を支えてくれてたでしょ？\n私がこはねとすれちがった時だって、\nちゃんと何が問題なのか教えてくれたしさ"
            ]
        },
        {
            "fileName": "event_21_08",
            "talks": [
                "私はVivid BAD SQUADの杏！\nこっちは相棒のこはね！"
            ]
        },
        {
            "fileName": "event_28_01",
            "talks": [
                "うん！　やったね、こはね！",
                "こはねさ、今はステージ度胸つけるために、\nひとりでイベント出てるでしょ？",
                "もー、こはねは謙虚だなあ",
                "こはねはよく、『まだ私達に追いついてない』って言うけどさ。\nもう十分私達と並んでるよ",
                "こはねのステージ、１回見てみたいんだよね。\nほら、どんな感じで歌ってるのか気になるじゃん？",
                "いいじゃん、いいじゃん！\nこはねのかっこいいとこ、見せてよ",
                "当たり前でしょ。\n頑張ってたこはねの集大成を見とかなきゃ"
            ]
        },
        {
            "fileName": "event_28_02",
            "talks": [
                "あ、こはねだ！\n頑張れ！　こはねー！",
                "こはね、最高～っ！！",
                "こはねー！　お疲れさま！\nすっごくいい歌だったよ！"
            ]
        },
        {
            "fileName": "event_28_03",
            "talks": [
                "多分だけど……。\nこはねは、自分に自信が持ててないんじゃないかな",
                "こはねはちゃーんと歌えてるし、\nお客さんだって十分わかせられてるから、\nそんなに気にしなくても大丈夫だよ",
                "もっと詳しく話を聞けるかもしれないし、\nこはねの不安も、ちょっとは解消できるかも！",
                "じゃあ街のみんなに、こはねが言ってたような人見かけてないか、\n聞いてみるよ！",
                "（こはねはこんなに歌えるのに、\nどうしてまだ自信が持てないんだろ？）",
                "……んー、私ももうちょっと練習していこうかな。\n一緒にやろ、こはね！",
                "こはねはイベントに出たあとだしね。\nちょっと休憩しよっか"
            ]
        },
        {
            "fileName": "event_28_04",
            "talks": [
                "あははっ。はーい！\nじゃ、お言葉に甘えてのんびりさせてもらおっか、こはね",
                "こはねが歌い出す前からみんな盛り上がっててさ。\nもう、お客さんのハートがっちり掴んでるって感じだった！",
                "もうね、私も相棒として鼻が高いっていうか？",
                "やっぱりこはねは、私の自慢の相棒だなーって思いました！",
                "こはねは私の自慢の相棒！",
                "でもそれだけじゃなくって——、\n彰人も冬弥も、ビビッドストリートのみんなも、\nこはねのことすごいってわかってる",
                "こはねは、もっと自信持っていいんだよ！",
                "私はこはねのこと、全部はまだわかってないけど……。\nでも、こはねの歌はすごいって思ってるよ",
                "そうだよ、こはね。\nこはねは私達みたいに歌えないって言うけどさ",
                "私達だって、こはねみたいには歌えないんだよ"
            ]
        },
        {
            "fileName": "event_28_05",
            "talks": [
                "こはねに自信持ってもらいたいなーって思ってさ",
                "……って、もしかしてそれが\nこはねの言う“自信がある”ってことなのかな？",
                "こはね、いらっしゃい！\n座って座ってー",
                "うん、ちょうどこれの話してたんだ！\nこはねも見てみてよ"
            ]
        },
        {
            "fileName": "event_28_06",
            "talks": [
                "うん！\nやろう、こはね！",
                "ねえ、こはね",
                "了解！\nじゃあこはね、行こう！"
            ]
        },
        {
            "fileName": "event_28_07",
            "talks": [
                "実は……私、こはねに言いたいことがあるの",
                "こはね——いつもより緊張してるでしょ！",
                "わ～！　こはねのほっぺ、スベスベのもちもち！",
                "ふふっ、ごめんごめん！　じゃあ今度はこはねの番ね。\nはい、どうぞ。引っ張って！",
                "こはねのこと守らなくちゃって勝手に焦って、\n周りが見えなくなって——ダメにしちゃった",
                "——私、思うんだ。\nこはねの歌は本当にすごいって",
                "こはねの歌を聴くと、ドキドキして、テンションが上がって、\nもう今すぐ歌いたい！って気分になるの",
                "だから、こはねがまだどうしても不安になっちゃうならさ",
                "——『小豆沢こはねの歌が本当に好きって言ってる、\n白石杏を信じよう！』ってね",
                "自分を信じるのは難しいかもしれないけど、\nこはねはいつだって、私のこと、信じてくれてるでしょ？",
                "こはねが信じてくれてる白石杏は、\n何があっても、こはねの歌を信じてるから",
                "こはね、どう？",
                "（こはね、ナイス！　ハモり完璧！）",
                "（こはね、いけるよ！）"
            ]
        },
        {
            "fileName": "event_28_08",
            "talks": [
                "（今の——こはねが？）",
                "（いつものこはねじゃないみたい。\nもしかして、覚悟が決まったから……？）",
                "……これが、こはねの……",
                "（こはね、すごいねって——\nあんなすごい歌、歌えたんだって言いたいのに……）",
                "ねえねえ、こはね！　カレーも美味しいけど、\nこっちのマッシュポテトも美味しいから食べてみて！",
                "こはね……",
                "（さっきのイベント、こはねがいつも以上に\nすごく歌えるようになって、嬉しかった）",
                "——こはね。\nこはねが胸を張って歌えたのは、こはね自身が頑張ったからだよ",
                "よく頑張ったね、こはね！",
                "（こはねが喜んでる顔を見るのは、すっごく嬉しい。\nそれは、絶対に……絶対に間違いない。\n間違いないはず、だから——）",
                "そのためにも——いっぱい食べて、いっぱい体力つけなきゃね！\nカレー、こはねも大盛りにしてあげる！",
                "あはは、冗談冗談！　はい、こはねの分。\nそれじゃあ戻ろっか"
            ]
        },
        {
            "fileName": "event_36_02",
            "talks": [
                "こはね……"
            ]
        },
        {
            "fileName": "event_36_05",
            "talks": [
                "うん！　こはねから話は聞いてるよ。\nみんなと会えるの、ずっと楽しみにしてたんだ！",
                "当たり前でしょー。\nこはねだって出るんだし！"
            ]
        },
        {
            "fileName": "event_36_08",
            "talks": [
                "こはねー！",
                "こはねの実力は、私が一番知ってる。\nだから、自信を持って歌ってきてよ！"
            ]
        },
        {
            "fileName": "event_36_09",
            "talks": [
                "こはね……！"
            ]
        },
        {
            "fileName": "event_36_10",
            "talks": [
                "こはね……！\n今日のこはねも最高に良かったよ！"
            ]
        },
        {
            "fileName": "event_37_01",
            "talks": [
                "彰人と冬弥も今日は遅れてくるって言ってたし、\nこはねがヒマしてないといいけど……",
                "ま、きっと今頃ミク達と練習してるよね。\nこはね、あのイベントからすごく調子いいし——",
                "——さっすが私の相棒！　今日も最高だね！",
                "あはは！　気持ちはわかるけど、リンちゃんでもダメだよ？\nこはねは私の相棒！",
                "（今の——こはねが？）",
                "（こはねが自信持って歌えるようになったんだし、\n何も悪いことは起きてないんだけど……）",
                "（こはねもすごく調子良さそうだし。\nこの調子で頑張ろう！）"
            ]
        },
        {
            "fileName": "event_37_02",
            "talks": [
                "え？\nもしかしてこはね、あの人のこと知ってるの？",
                "父さんの元相棒で、RAD WEEKENDをやった——ううん、\n伝説の夜を作ったひとりだよ"
            ]
        },
        {
            "fileName": "event_37_03",
            "talks": [
                "彰人はRAD WEEKEND見てたから\nおじさんのこと知ってると思うけど、\nこはねと冬弥は初めてだしね",
                "……そういえばおじさん、\n前にこはねと会ってたんだよね",
                "こはねにアドバイスくれたのがおじさんだったって聞いて\nびっくりしちゃったよ",
                "……そっか！\nま、こはねの歌はすごいもんね！\nおじさんが気になるのも当然かも？",
                "そ……それってどういうこと？\nおじさんがこはねと歌うって……"
            ]
        },
        {
            "fileName": "event_37_04",
            "talks": [
                "——行ってきなよ、こはね！",
                "……うん！　頑張って、こはね！",
                "……こはねのこと考えてる時",
                "前のイベントで、こはね、本当にすごい歌を歌ったの。\n見てたら絶対、父さんも驚いたと思うんだ",
                "それで、こはねが自分に自信を持てるようになったから、\n私、すごく嬉しかったんだけど……",
                "それから今日、おじさんがこはねに、\n一緒に練習しないかって言った時も——",
                "前のイベントからみーんなこはねの歌ばっかり褒めてるし、\nおじさんだって、私には歌教えてくれなかったくせに、\nこはねには一緒に歌おうーなんて言うし！",
                "だから、こはねばっかり……ズルい、って…………",
                "それに私、みんながこはねの歌をすごいって思ってくれるの、\n嬉しいんだよね",
                "こはねの歌は——本当にドキドキする、最高の歌だから",
                "……私が、『いつかこはねに置いていかれるかも』って\n思ってるってこと？",
                "……どうだろう。\nたしかにこはねは今、すごく伸びてるけど……",
                "こはねに…………置いていかれる？"
            ]
        },
        {
            "fileName": "event_37_05",
            "talks": [
                "実はさ、最近こはねのこと考えてる時に\nモヤモヤすることが多くってさ",
                "『こはねに置いていかれる』って思ってるんじゃないかって",
                "『いつかこはねに相棒だって思われなくなるかもしれない』\nって——"
            ]
        },
        {
            "fileName": "event_37_06",
            "talks": [
                "こはねはどんな時も私のこと相棒だって思ってくれるって、\n頭では理解してるんだけど……",
                "こはねの歌がどんどん良くなって、成長していくのを見るたびに、\nその想いが大きくなってるような気がするの",
                "それは……もちろん、こはねの最高の相棒でいたいって思ってるよ",
                "あの日、こはねの歌を聴いて——",
                "それに、こはねも私の歌を聴いて、\nすごくドキドキしたって言ってくれた",
                "私の相棒は、この子しかいない……って",
                "……こはねは、私の初めての、大切な相棒なんだ",
                "だから誰より大切にしたいし、\n私も、こはねが誇れるような……尊敬できるような、そんな——",
                "（こはね、すごいねって——\nあんなすごい歌、歌えたんだって言いたいのに……）",
                "あの時、こはねの歌を聴いて、\n嬉しいって思うより先に、不安になったのは——",
                "いつかこはねが、今よりもっとすごくなって、\n私の歌が届かなくなったら、って……\nそう、思っちゃったから……だと、思う",
                "こはねは私と夢を叶えようって心に決めて\n一緒にいてくれてるのに",
                "……そっか。彰人、相棒見つけたんだね。\n父さん達みたいにチーム組みたいって言ってたもんね",
                "ふふ、よかったね！\nそっか、相棒か……",
                "ファイトだよ、こはね！\nもしおじさんがふざけてヘンな練習させようとしたら\n私に言うように！　ちゃーんととっちめてあげるから！"
            ]
        },
        {
            "fileName": "event_37_07",
            "talks": [
                "メッセージ……こはねから？",
                "こはね……",
                "（最初はこはねに度胸つけてもらうために路上でやってたけど、\n彰人や冬弥と組んでからは公園でやるようになったしね）",
                "（ずっと、こはねの相棒で居続けるためにも——）",
                "（みんながいて、こはねがいてくれたから見つけられた、\n私の気持ち）",
                "（……そういえばここ、\nストリートでこはねと最初に歌った場所だ）"
            ]
        },
        {
            "fileName": "event_37_08",
            "talks": [
                "こはね……どうしてここに？",
                "え～？　こはねはもう十分かっこいいでしょ！\n私がドキっとしちゃうくらいなんだからさ！",
                "そうだよ。こはねはすごくかっこよくて、\nまぶしいくらいで——",
                "……ねえ、こはね",
                "……こはね",
                "——ありがとう。こはね！",
                "ねえ、こはね。\n今から１曲、ここで歌わない？",
                "うん。歌おう、こはね",
                "（……ふたりきりだから、こはねの歌がよく聴こえる）",
                "（こはねの歌を聴くと、いつもドキドキして、\n何か新しいことが始まりそうな気がしてくる）"
            ]
        },
        {
            "fileName": "006003_haruka01",
            "talks": [
                "私さ、一緒に歌ってくれる最高の相棒、\nついに見つけたの！",
                "こはねって言うんだけど、\n今度、ふたりで初めてイベントに参加するの！\nもう楽しみでさっ！"
            ]
        },
        {
            "fileName": "006012_haruka02",
            "talks": [
                "あはは。まっ、友達の家に来る感じで来てよ！\n私やこはねもよくいるからさ",
                "あ、そうそう！　遥と同じグループのみのりちゃん、\nこはねと仲いいんでしょ？",
                "そう、それ！　私も聞いてびっくりしちゃった。\nずるいよ。こはねは私の相棒なのに～",
                "いいね、それ！\nあ、でもこはねは渡さないからね～",
                "こはねー！"
            ]
        },
        {
            "fileName": "009002_kohane01",
            "talks": [
                "こはねのおかげだよ。\n教えてくれてありがとね",
                "こはねがいてくれて、ホント助かるよ",
                "ダーメ。こはねは座ってて。\nお礼なんだから、私がこはねに淹れてあげたいの",
                "こはねだって、歌っていう特技あるじゃん",
                "パール伯爵って、\nこはねのお父さんが飼ってるヘビだっけ？",
                "うちの父さんも変わってるほうだけど、\nこはねのお父さんちょっと変わってるね",
                "あ、そうだ、今度こはねが撮った写真見せてよ！"
            ]
        },
        {
            "fileName": "009002_kohane02",
            "talks": [
                "あっ、こはねが撮ったやつ？\n見たい見たい！",
                "あれ？　これ写ってるのって、小さい頃のこはね？",
                "かわいい娘を見てくれってことだと思うけどね。\nほら、大体こはねがアップで写ってる",
                "ねえねえ、こはねが一番よく撮れたなって\n思う１枚はどれ？",
                "……こはねって、変なとこ肝が据わってるよね"
            ]
        },
        {
            "fileName": "009003_kohane01",
            "talks": [
                "あはは、こはねって変なところで肝据わってるよね",
                "そんなことないよ、こはね。似合ってるよ！\n髪切って、キャップとのバランスも良くなってるし！",
                "こはねって、髪のこともそうだけど、\n結構肝がすわってるよね！"
            ]
        },
        {
            "fileName": "009003_kohane02",
            "talks": [
                "こはね、いらっしゃい！",
                "うん。こはねが一番乗り",
                "こはね、緊張してるの？",
                "あはは、大丈夫だって。\nこはねならなんの問題もないよ",
                "そうと決まれば何歌うか考えなくちゃね！\nどうする？　こはね、歌いたいのある？"
            ]
        },
        {
            "fileName": "009005_kohane01",
            "talks": [
                "——はね！\nねえ、こはねってば！",
                "うん、いいじゃんそれ！\n私も店手伝いながら、こはねの歌が聴けるし大歓迎だよ！",
                "こはね……。\nうん、私もそれがいいと思う！",
                "それじゃあね、こはね！　また後で！"
            ]
        },
        {
            "fileName": "009006_kohane02",
            "talks": [
                "あ、こはね！　こはねも今から公園行くところだよね？",
                "それにしても、よかったよねー。\n冬弥も吹っ切れたし、\nこはねも今までどおり一緒に歌えることになって",
                "……私も、もし何かあったら\nこはね達に一番に相談するね"
            ]
        },
        {
            "fileName": "009007_kohane01",
            "talks": [
                "うん。本当に気持ちよく歌えたよ。\n提案してくれたこはねに感謝だね！",
                "こはね、ニンジン味のおにぎりとかない？\nこいつの口につっこんでやる！",
                "こはね！　ここ、ここ！"
            ]
        },
        {
            "fileName": "009007_kohane02",
            "talks": [
                "オッケー！\nあ、でも、歌う場所ってビビッドストリートでしょ？\nじゃあ、私がこはねのところに行っちゃおうかなぁ",
                "（こはね……。大丈夫かな……）",
                "あ、いた！　こはね、お疲れさま！",
                "普通に、か。あははっ！\nさすがは、私の相棒！　頼りになる～"
            ]
        },
        {
            "fileName": "009008_kohane02",
            "talks": [
                "こはね！　私も名誉のために言っておくけど、\n赤点じゃないからね！？",
                "こはね～～～っ！\nありがとう！！",
                "こはねー！！　助けてーっ！！",
                "ん？　こはね……？",
                "え……ま、待ってこはね。\n10分で２ページ分！？",
                "ちょ、ちょっと、冬弥！\nあんたが変なこと言うからこはねが……！"
            ]
        },
        {
            "fileName": "009009_kohane01",
            "talks": [
                "多分だけど……。\nこはねは、自分に自信が持ててないんじゃないかな"
            ]
        },
        {
            "fileName": "009009_kohane02",
            "talks": [
                "こはねは確実に大きな一歩を踏みだしたんだからさ。\nだから、まずはそのことに自信を持たなくちゃ！",
                "——こはね。\nこはねが胸を張って歌えたのは、こはね自身が頑張ったからだよ",
                "よく頑張ったね、こはね！"
            ]
        },
        {
            "fileName": "009010_kohane02",
            "talks": [
                "あ、こはね！\n臨海学校から帰ってきてたんだね、おかえり！",
                "こはねは元気に臨海学校を楽しんでるよって！\nそしたら冬弥は、楽しそうでよかったって言ってた",
                "私も！　それに、こはね達との練習も、\nまた再開できるしね！",
                "こはねー、私もだよー！",
                "ってことは、こはねの手作り！？\nすごい！　普通に売ってるやつかと思っちゃった！",
                "ありがとう、こはね！\nちゃんと写真も飾って、大事に使うね！"
            ]
        },
        {
            "fileName": "009011_kohane01",
            "talks": [
                "あ、そうそう。相棒とケンカ中で、\nひとりぼっちだったもんね～",
                "こはねがそう思ってるんだから、別にいいじゃん"
            ]
        },
        {
            "fileName": "009011_kohane02",
            "talks": [
                "それはそうだよ！\nなんたって、こはねが参加してるんだから！",
                "ありますー！\n実際こはねが歌った時、おーって観客もどよめいてたし！",
                "自分だってこはねが歌ってる時、\nオレ達の仲間だぜって感じでドヤ顔してたくせに"
            ]
        },
        {
            "fileName": "010002_an01",
            "talks": [
                "こはね、はいジュース。\nのど乾いてるでしょ",
                "それにしても、\nこはねもだいぶステージに慣れてきたね",
                "ちなみにさ、こはねがそういう服着るの、\n親に止められたりはしない？",
                "あ、ひとつは、ショッピングモールの中にあるお店だから、\nこはねひとりでも行きやすいと思うよ",
                "まあ、こはねが気にしないなら、\nそこも行くだけ行ってみようか"
            ]
        },
        {
            "fileName": "010002_an02",
            "talks": [
                "ありがと、こはね！\nじゃあ、こっちのお皿を出してくれる？",
                "こはねは？　なにか、苦手なものあるの？",
                "いいの！？　こはね、ありがとう！"
            ]
        },
        {
            "fileName": "010003_an01",
            "talks": [
                "うん、そうだよ。こはねって言うんだ",
                "あっ、こはねお疲れ。\n歌、今日もすごく良かったよ！",
                "アハハ、そんなことないって。\nこはねこそ、すごいじゃん。アンコールまでもらっちゃってさ",
                "こーら。ストップ！\nこはねが困ってるでしょ？",
                "こはねは私の相棒なの。どこにも行かせないから",
                "あんまりこはねを困らせると、出禁にしちゃうんだからね。\n覚悟しておいて",
                "ごめんね、こはね。\nみんな悪気はないんだけど",
                "私がどうこうっていうんじゃなくて、\nこはねが自分で決めた気持ちが大事でしょ？",
                "私はそんなこはねと一緒にやりたいだけ。\nだから、一緒に頑張ろ"
            ]
        },
        {
            "fileName": "010003_an02",
            "talks": [
                "彰人はともかく、こはねと一緒に来れて嬉しいよ。\n私ここ、はじめてだから色々案内してくれる？",
                "こはね……すっごい詳しいんだね",
                "（こはね、楽しそう。\n彰人も冬弥もまんざらでもなさそうだし……）"
            ]
        },
        {
            "fileName": "010005_an01",
            "talks": [
                "じゃ、私とこはねはこっちだから",
                "……こはね。\n今日は、ありがとね",
                "あのね、私……。\n正直、こはねに本心を話すのが怖かったんだ",
                "さて、言いたいことも言えたし、\n私はそろそろお店に戻るね。こはね、また明日！",
                "誰より一番、こはねに信じてもらえるようになる！\nこはねのことを信じて歌うから！　だから——",
                "（こはね。\n私、まだまだ相棒としては未熟だけど……）",
                "（絶対に、本当の意味での『相棒』になってみせるから！）"
            ]
        },
        {
            "fileName": "010005_an02",
            "talks": [
                "あれ、こはね？\nもう約束の時間だっけ？",
                "こはね……",
                "（こはね、やっぱり苦戦してる。――けど）",
                "（だって私は、こはねの相棒なんだから！）",
                "……頼もしいなぁ、こはねは",
                "彰人に言われるまで、\nこはねのこと守らなきゃって思ってたって話したでしょ？",
                "こはねに頼られて嬉しかったから。\nだから、守ろうって思って……",
                "こはねは、私の心配なんかいらないくらい強いから。\n今は追いつけなくても、すぐ立ち上がって追いかけてきてくれる",
                "だから私はこはねを信じて、全力で歌ってくよ",
                "って、そうだ！\nこはね。ひとつ提案があるんだけど",
                "決まりだね！\nそれじゃあ、行くよ！　相棒！"
            ]
        },
        {
            "fileName": "010006_an01",
            "talks": [
                "（こはねと冬弥、大丈夫かな。\nちゃんとお父さんと話できてるといいけど）",
                "（こはねのほうはそこまで深刻そうじゃないけど、\n冬弥のほうはなぁ……）",
                "えっ、こはね！？",
                "こはね、本当にすごいよ！\nこれ見たら、こはねの気持ちも絶対伝わると思う",
                "……さすがだなぁ、こはねは",
                "こはね……"
            ]
        },
        {
            "fileName": "010006_an02",
            "talks": [
                "……ふぅ。今日もお疲れさま、こはね！",
                "あははっ！　こはねのお父さんって\n本当にこはねのこと大好きだよね！",
                "ねえ、こはね。まだ時間大丈夫？",
                "こはねのうちはどう？",
                "あ、そういえば、こはねのお母さんはヘビとか平気なの？\n結構前から、飼ってるみたいだけど……",
                "今日はありがとね。\nこはねのお父さんとお母さんの話、すっごく楽しかった！"
            ]
        },
        {
            "fileName": "010007_an01",
            "talks": [
                "そうそう！　だからずーっと相棒を探してたんだ",
                "こはね～っ！　私のほうこそ、\n相棒になってくれてありがとう！",
                "（やっぱり私は、こはね達と一緒に\nあの夜を超えるイベントを作りたい！）",
                "ありがとう、こはね！　頼りにしてるよ！"
            ]
        },
        {
            "fileName": "010007_an02",
            "talks": [
                "うん。私さ、ずーっと相棒探しをしてたから、\nソロで歌ってる人達のライブにばっかり行ってたんだよね"
            ]
        },
        {
            "fileName": "010008_an01",
            "talks": [
                "ということは……。あっ、やっぱりこはねだ！\nグループにメッセージきてる！",
                "こはね、今うちの店の近くにいるみたい。\nそれで、みんなで集まって練習しないかって",
                "だよねー。\nはぁ、こはねも一緒に参加できたらよかったのに"
            ]
        },
        {
            "fileName": "010008_an02",
            "talks": [
                "さてと、私はこはねが待ってるし、\nWEEKEND GARAGEに戻るけど、ふたりは？",
                "え？　この声は——こはね！？",
                "そっかぁ。わざわざ来てくれてありがとう、こはね",
                "すっごく盛り上がってたから、\nこはねにも見てほしかったんだけど……",
                "ふふっ。ねえ、こはね。\n写真、見てもいい？"
            ]
        },
        {
            "fileName": "010009_an01",
            "talks": [
                "直接話そうと思ってたから、まだしてない。\nだから、こはねが来たらまずその説明をするね",
                "はぁ、私達はこはねのこと、\n結構前から、隣に立ってるって思ってたんだけどなぁ",
                "えっと……こはねは、人のいいところを\nよく見ているタイプなんだね、って",
                "あ。だったらさ、私達がこはねのいいところを\nたくさん教えてあげるっていうのはどう？",
                "こはねが自分のいいところを見つけやすくなるように、\nまず、私達から見たいいところを教えてあげるの！",
                "まずシンプルに、私の最高の相棒でしょ！\nそれから、普段はふわふわおっとりって感じだけど、\n歌い始めたらキリっとしてて、そのギャップがたまんないとか",
                "あ、こはねだ！",
                "（私はこはねの相棒なんだから、\n今度こそ、ちゃんと支えてあげなくちゃ！）"
            ]
        },
        {
            "fileName": "010009_an02",
            "talks": [
                "見せてあげたかったなぁ、こはねの活躍！",
                "こはねも、きっと今回のことで\n結構自信持ってくれたと思うんだよね～",
                "私も相棒として、ちゃんと支えてあげられたかな",
                "私達を通じて知ったものが、\nこはねの『基準』……",
                "……まあね。けどさ、メニュー作る前から\nこはねは自分であれこれやってたじゃん",
                "つまり、ミクの言うとおりなら……、\nそこがこはねにとっての基準になっちゃってるってこと！？",
                "こはね、どんどんうまくなるし、\nあの量でも全然へっちゃらそうだったから、\n気にしてなかったけど……",
                "そっか。そういうところも\nこはねが自分で気づけたほうがいいんだね",
                "こはね自身の目……",
                "あ……ごめん！\nこはねからメッセージきてた",
                "うん。こはねにも慌てなくていいよって伝えておくね！"
            ]
        },
        {
            "fileName": "010010_an01",
            "talks": [
                "（いつものこはねじゃないみたい。\nもしかして、覚悟が決まったから……？）",
                "……これが、こはねの……",
                "（こはねが、やっと自信を持って歌えるようになった）",
                "こはねがまだどうしても不安になっちゃうならさ",
                "——『小豆沢こはねの歌が本当に好きって言ってる、\n白石杏を信じよう！』ってね",
                "自分を信じるのは難しいかもしれないけど、\nこはねはいつだって、私のこと、信じてくれてるでしょ？",
                "こはねが信じてくれてる白石杏は、\n何があっても、こはねの歌を信じてるから",
                "（そうだよ。\n今回はちゃんと、相棒としての役目を果たせた）",
                "（それはすごく嬉しいし、\nこはねだってリベンジできてあんなに喜んでくれてた）",
                "（実際、こはねに自信を持ってもらうための\n相談にも乗ってもらったし）",
                "（せっかくこはねが自信を持って歌えるようになって\n調子も上がってきてるのに、水差したくないし）"
            ]
        },
        {
            "fileName": "010010_an02",
            "talks": [
                "こはね、一緒に歌ってくれてありがとう！\n楽しかったよ！",
                "こはね、お店寄ってく？",
                "え、宿題？\nちゃんとやってくなんて、こはねは偉いなあ",
                "私、こはねに尊敬されるような相棒でいたいの",
                "そのためにも、自分の歌で\nこはねをドキドキさせ続けたいって思ってる",
                "でもSTAY GOLDで見たこはねが、\n急に遠くに行っちゃった感じがして……",
                "いつかこはねが、今よりもっとすごくなって、\n私の歌が届かなくなったら、って……"
            ]
        },
        {
            "fileName": "011002_akito02",
            "talks": [
                "うん、まあまあいいんじゃない？\nこはね、試着してきたら？",
                "こはね。この店のお客さんほとんど学生だし、\nそんな高い服、置いてるわけないよ",
                "ああ、いいじゃん！　これ、これ！\n着てみてよ、こはね！"
            ]
        },
        {
            "fileName": "011005_akito01",
            "talks": [
                "じゃ、私とこはねはこっちだから"
            ]
        },
        {
            "fileName": "011008_akito02",
            "talks": [
                "ありがとう、こはね！\nじゃあ、いただきます！",
                "うん！　あ、ねえねえ、こはねは？\n桃まんが好きだったよね！"
            ]
        },
        {
            "fileName": "011010_akito02",
            "talks": [
                "このこと考えるたびに思うんだ。\nやっぱりこはねの隣で歌っていたい、\n尊敬される相棒でいたいって",
                "あとさ、彰人と冬弥のほうが相棒歴長いし、\nまた相談することがあるかも",
                "あっ！　こはね～～～っ♪"
            ]
        },
        {
            "fileName": "012002_touya02",
            "talks": [
                "……まあ、あんたの相棒なんだから\nそっちに任せておけば大丈夫ってことなんでしょ",
                "こはね、行こう！"
            ]
        },
        {
            "fileName": "012005_touya02",
            "talks": [
                "まあ、私はこはねと一緒に歌えるのは楽しいし、\nみんなに歌を聴いてほしいとも思うし……",
                "ねえ、こはねは？"
            ]
        },
        {
            "fileName": "012006_touya01",
            "talks": [
                "そうそう、こはねは当日来れそう？\n一緒に見てまわりたいな"
            ]
        },
        {
            "fileName": "012008_touya02",
            "talks": [
                "あはは！　こはねのお父さん、\n本当にこはね撮るのが好きなんだね"
            ]
        },
        {
            "fileName": "012009_touya01",
            "talks": [
                "こはね、今日もコーヒーのトッピングすごいね！",
                "コーヒーのトッピングについてだよ。\nこはね、冬弥に教えてやってよ",
                "そういえば、こはねって\nトッピングの組みあわせよく変えてるよね。\nどんな感じで選んでるの？"
            ]
        },
        {
            "fileName": "012009_touya02",
            "talks": [
                "さーてと、私はちょっと休憩しよっかな。\nこはねと冬弥も、ちょっと休んでかない？"
            ]
        },
        {
            "fileName": "012011_touya01",
            "talks": [
                "『ごめん、さっき彰人にも連絡したんだけど、\nこはねのことで相談があるの』"
            ]
        },
        {
            "fileName": "012012_touya02",
            "talks": [
                "は？　どう考えても風が悪いんじゃん！\nこはね、気にすることないからね",
                "彰人はバイト。\nこはねは午後からお母さんとお出かけなんだって",
                "（全然気づかなかった！　ひょっとして、\n彰人もこはねの成長のことで何か悩んでたとか？）",
                "（あれ？　こはねのことじゃないんだ……）",
                "けど、冬弥は気づいたんでしょ？\nさすが相棒！　私も見習わないと"
            ]
        },
        {
            "fileName": "021004_miku01",
            "talks": [
                "いいじゃん！　やろうよこはね！"
            ]
        },
        {
            "fileName": "021012_miku01",
            "talks": [
                "こはねがやるなら、私もやろっかな！",
                "それがこはねの目標なら、私は……",
                "うん。最高の相棒も仲間も見つかったんだから、\nあとは目標に向かって進むだけだからね"
            ]
        },
        {
            "fileName": "021017_miku02",
            "talks": [
                "——私ね。\nやっぱり、こはねの歌が大好き",
                "こはねの歌を聴くと、いつもドキドキして、\n何か新しいことが始まりそうな気がしてくるの",
                "だから——、私、こはねの隣にいたい。\nこはねの隣で、ずっと一緒に歌っていたい！",
                "こはねに、尊敬してもらえる相棒でいたいの！",
                "『相棒』の難しさ",
                "はー……ほんと、相棒って難しい。\n最初は、守らなきゃ、とか痛い勘違いもしてたし",
                "うーん、ますます『相棒』っていうのが\nなんなのかわかんなくなってくるなあ"
            ]
        },
        {
            "fileName": "023001_len01",
            "talks": [
                "あ、それ！　それだよ、こはね！"
            ]
        },
        {
            "fileName": "023005_len02",
            "talks": [
                "こはねも、こはねのお父さんも\n写真撮るの好きだもんね",
                "それだけ、こはねのお父さんが\nこはねのこと大好きってことだね"
            ]
        },
        {
            "fileName": "023006_len01",
            "talks": [
                "私はブレンドコーヒーで。\nこはねは？"
            ]
        },
        {
            "fileName": "023009_len02",
            "talks": [
                "あははっ！　こはね、すごいしか言ってないよ？"
            ]
        },
        {
            "fileName": "025001_meiko01",
            "talks": [
                "あそこのビジョンに映ってるの、\n前にこはねが見せてくれたやつじゃない？",
                "わ、笑わないでよこはねー"
            ]
        },
        {
            "fileName": "025002_meiko02",
            "talks": [
                "そう？　クッキーくらいなら、\nこはねもすぐ作れるよ",
                "え、そんなことないでしょ。\nほら、こはねは写真撮るの上手いし。私にはできないもん",
                "……あ\nそうだよ！　歌すっごくうまいじゃん、こはね！",
                "そうだよ、こはねにできること\n絶対、もっといっぱいあるもん！"
            ]
        },
        {
            "fileName": "025003_meiko02",
            "talks": [
                "ってヤバ！　こはね、時間！"
            ]
        },
        {
            "fileName": "025005_meiko01",
            "talks": [
                "あ、興味あるならこはねがそっちやる？\n私、テーブルと床のほうやるからさ",
                "ねえ、こはね。さっき、モップ探しに行ってる時に\n聞いちゃったんだけど、私のこと大好きなんだって？"
            ]
        },
        {
            "fileName": "areatalk02_009",
            "talks": [
                "あ、いたいた。こはね、お待たせ",
                "ふふ、ノリノリな曲でも聴いてるのかな。\nこはねー！　お待たせー！"
            ]
        },
        {
            "fileName": "areatalk02_067",
            "talks": [
                "こはねって、このあたりのお店あんまり知らないよね？\n穴場の美味しいお店とか教えてあげるよ！"
            ]
        },
        {
            "fileName": "areatalk02_070",
            "talks": [
                "こはねがあくびなんて珍しいね。\n昨日、あんまり寝てないの？",
                "あはは！　こはねって、そういうところあるよね"
            ]
        },
        {
            "fileName": "areatalk02_073",
            "talks": [
                "あ……これ……！　\nこはね、交差点の向こうにいるミュージシャン！\n今、うちの父さん達の曲を歌ってるよ！"
            ]
        },
        {
            "fileName": "areatalk02_075",
            "talks": [
                "……それで、こはねがさぁ"
            ]
        },
        {
            "fileName": "areatalk02_076",
            "talks": [
                "あっ、冬弥じゃん！　この間、教えてもらった穴場のカフェ、\nあそこ、こはねと行ってきたよ",
                "ラムレーズンアイスがメニューにあるカフェって珍しいよね。\nしかもすっごく美味しいし！\nあ、こはねはコーヒー気に入ったって言ってた"
            ]
        },
        {
            "fileName": "areatalk02_219",
            "talks": [
                "あ、写真映えする新作デザートだって！\nこはねってカメラ得意なんだよね。\nスマホのカメラでもきれいに撮る方法とか知ってる？",
                "ふふ。じゃあこはねの腕を信じて、\nここのデザート頼んでみようかな！"
            ]
        },
        {
            "fileName": "areatalk02_221",
            "talks": [
                "ねえ、こはねがあんたの\nヒューマンビートボックスを見たがってるんだけど"
            ]
        },
        {
            "fileName": "areatalk02_227",
            "talks": [
                "しかたないな。今度こはねと冷やかしに行こうっと"
            ]
        },
        {
            "fileName": "areatalk02_299",
            "talks": [
                "もう、こはねの背中押してくれた人が何言ってるの？\n失敗なんて誰にでもあるんだから、やってみればいいのに"
            ]
        },
        {
            "fileName": "areatalk02_300",
            "talks": [
                "相棒との活動で気をつけてることとかあるの？"
            ]
        },
        {
            "fileName": "areatalk02_363",
            "talks": [
                "いいね！　じゃあその時はこはねと食べに来ようかな"
            ]
        },
        {
            "fileName": "areatalk03_036 (2)",
            "talks": [
                "そういうことならいいよ。こはねにも聞いておく",
                "任せておいて！\nこはねと一緒にばっちり盛り上げてあげる！"
            ]
        },
        {
            "fileName": "areatalk03_121",
            "talks": [
                "ねえ、こはねが学校でどう過ごしてるかも教えてよ！"
            ]
        },
        {
            "fileName": "areatalk03_126",
            "talks": [
                "こはね、このミュージシャンの曲を作ってるのって\nWEEKEND GARAGEの常連さんなんだよ。\nほら、よくカウンターにいる……"
            ]
        },
        {
            "fileName": "areatalk03_139",
            "talks": [
                "そうだ。こはねは見たことないんじゃない？\n腕前、見せてもらったら？"
            ]
        },
        {
            "fileName": "areatalk03_140",
            "talks": [
                "あ、ねえ。バスケ部の子に助っ人頼まれちゃって、\n今日の練習遅れるから、こはねのことよろしく",
                "ふーん。じゃあ冬弥、こはねのことよろしく。\n一応、遅れることはメッセージで伝えておくけど……"
            ]
        },
        {
            "fileName": "areatalk03_147",
            "talks": [
                "その頃は、歌うこととか相棒を探すことが楽しくて、\n何を聞かれたか全然覚えてないな"
            ]
        },
        {
            "fileName": "areatalk03_154",
            "talks": [
                "さすがこはね！　頼りにしてるよ！"
            ]
        },
        {
            "fileName": "areatalk03_159",
            "talks": [
                "ああ、そういうこと。\nいいよ、私達が出ても。こはねにも聞いておく",
                "任せといて！\nこはねと一緒にばっちり盛り上げてきてあげる！"
            ]
        },
        {
            "fileName": "areatalk03_166",
            "talks": [
                "こはね、お帰り。CD買えた？"
            ]
        },
        {
            "fileName": "areatalk03_172",
            "talks": [
                "こはねがうちのお店に来てくれた時、\nちょっとだけ歌を口ずさんでたのを聴いたの"
            ]
        },
        {
            "fileName": "areatalk04_005",
            "talks": [
                "じゃあ、そろそろ始めよっか。\nこはね、準備オッケー？",
                "は？　こはねは失敗なんてしませんー"
            ]
        },
        {
            "fileName": "areatalk04_006",
            "talks": [
                "あんた達はそうでしょうね……。\nこはね、当日ちょっと見にいってみようか"
            ]
        },
        {
            "fileName": "areatalk_add_01_001",
            "talks": [
                "ねえ、こはねの家で飼ってるパール伯爵ってさ、\nなんかかっこいい名前だよね、\nメスのヘビにつけそうにない名前だし",
                "あ、もしかして……、\n『こはね』っていう名前を考えたのもお父さん？",
                "そんなことないよ！　だって、こはねを見てると、\n『あ～“こはね”だなぁ』って感じするし！",
                "私も『こはね』っていう名前、大好き！"
            ]
        },
        {
            "fileName": "areatalk_add_01_003",
            "talks": [
                "こはねがメイコさんのお店でいれてくれたコーヒー、\nすっごく美味しかった！"
            ]
        },
        {
            "fileName": "areatalk_ev_shuffle_08_008",
            "talks": [
                "あ、ひょっとして、こはねのお父さんが撮った写真？",
                "写真集！？　ふふっ、こはねのお父さんって、\nこはねだけじゃなくてこはねのお母さんも大好きなんだね！"
            ]
        },
        {
            "fileName": "areatalk_ev_shuffle_12_007",
            "talks": [
                "ねえ、ちょっと提案があるんだけどさ。\n今度の練習、二人一組で相棒をシャッフルしてやってみない？",
                "そう！　たとえば、私と彰人か冬弥が組んで、\nこはねともどっちかが組んで練習する、みたいな感じ！",
                "実はさ、こはねの友達と一緒に練習した時に思ったんだけど、\n普段と違う相手と練習するとなんか新鮮っていうか、\n新しい発見とかありそうなんだよね！"
            ]
        },
        {
            "fileName": "areatalk_ev_street_02_003",
            "talks": [
                "こはねは優しいから、\n言いたいこと我慢してるかもって思う時もあるし"
            ]
        },
        {
            "fileName": "areatalk_ev_street_04_001",
            "talks": [
                "あ、こはね。髪、片方だけちょっと結び目下がってるよ"
            ]
        },
        {
            "fileName": "areatalk_ev_street_05_001",
            "talks": [
                "へえ、今度ここのライブハウスで、\nワンマンライブあるんだ……って、見てこはね！",
                "ねえ、こはね！　このライブ見に行ってみない？\n敵情視察的な感じで！"
            ]
        },
        {
            "fileName": "areatalk_ev_street_05_004",
            "talks": [
                "というわけで、\n親孝行なこはねの勇姿を見に行くところってわけ！",
                "よーし！\nこはね、私達がついてるから、思いっきり歌っちゃって！"
            ]
        },
        {
            "fileName": "areatalk_monthly2108_002",
            "talks": [
                "そう！　最近、こはねや冬弥を心配させちゃってたからさ。\n大丈夫だよってところを見せたいんだけど……"
            ]
        }
    ]
}