{
    "mainStory": 0,
    "eventStory": 2,
    "cardStory": 0,
    "areaTalk": 1,
    "talkPacks": [
        {
            "fileName": "event_26_01",
            "talks": [
                "あなた、もしかして……巡音ルカ？",
                "メイコの次はルカか。\nここも賑やかになってきたじゃん"
            ]
        },
        {
            "fileName": "areatalk_ev_shuffle_12_009",
            "talks": [
                "ほんとだね。でもリンが来て、メイコが来て、ルカが来て……。\nそのたびに、なんだかんだあったなぁ"
            ]
        }
    ]
}