{
    "mainStory": 12,
    "eventStory": 6,
    "cardStory": 16,
    "areaTalk": 6,
    "talkPacks": [
        {
            "fileName": "leo_01_07",
            "talks": [
                "一歌。咲希。\nふたりとも、また来てくれたんだね"
            ]
        },
        {
            "fileName": "leo_01_10",
            "talks": [
                "……一歌と咲希、そろそろ来るかな"
            ]
        },
        {
            "fileName": "vsleo_01_02",
            "talks": [
                "それじゃあまた来てね。\n一歌、咲希",
                "咲希は『絶対にあきらめない』って言ってくれたし、\n一歌も、あきらめてるようには見えなかった",
                "あ、でも……一歌と咲希はきっとまた来てくれるだろうけど、\n志歩と穂波は、どうしたらいいんだろう？"
            ]
        },
        {
            "fileName": "vsleo_01_03",
            "talks": [
                "それじゃあ、咲希は私と練習する？\nせっかくだし、頭から通そうか",
                "咲希？　大丈夫？",
                "……ううん。\n咲希はかっこいいよ",
                "咲希は、本当は穂波と一緒にいたいのに、\n考えて考えて、穂波が一番傷つかないようにって\n決めたんでしょ？",
                "穂波と一緒にいられないのは、\n咲希にとってつらいことなのに",
                "だからすごくかっこいいって思う。\n咲希がそうしたいって決めたんだから、\nそれでいいんじゃないかな"
            ]
        },
        {
            "fileName": "vsleo_01_04",
            "talks": [
                "一歌、咲希！　それに穂波に志歩も！\nいらっしゃい"
            ]
        },
        {
            "fileName": "event_01_01",
            "talks": [
                "うん。\n咲希は今日も元気いっぱいだね"
            ]
        },
        {
            "fileName": "event_01_07",
            "talks": [
                "……あ。あんなところに。　\nルカと……咲希？",
                "（咲希、なんだか元気がなさそう。\nだから、ルカが咲希の話を聞いてあげてるのかな）"
            ]
        },
        {
            "fileName": "event_18_07",
            "talks": [
                "（最初は一歌と咲希だけだったんだよね）"
            ]
        },
        {
            "fileName": "event_27_07",
            "talks": [
                "うん。リンも咲希の手伝いができて、\nすごく楽しそう"
            ]
        },
        {
            "fileName": "event_27_08",
            "talks": [
                "うん。すごく、咲希の想いが詰まってるって感じたよ"
            ]
        },
        {
            "fileName": "002009_saki01",
            "talks": [
                "咲希、今日かなり調子よかったね"
            ]
        },
        {
            "fileName": "002012_saki01",
            "talks": [
                "海って、波もあるでしょ？\n咲希、泳げるの？",
                "ふふ、咲希ならきっと、\n誰とだっていい思い出を作ってこられるよ"
            ]
        },
        {
            "fileName": "002012_saki02",
            "talks": [
                "あ、咲希も来たんだね"
            ]
        },
        {
            "fileName": "003011_honami02",
            "talks": [
                "このサイズなら、咲希からもらったキャンディーや、\nギターピックを置くのにちょうどいいかも。\n大事に使わせてもらうね"
            ]
        },
        {
            "fileName": "004005_shiho01",
            "talks": [
                "うん。きっと同じくらい、\n咲希も志歩達のことが大切なんだろうね",
                "でも、そういう咲希の強さが、\nちょっと心配になる時もあるんだよね",
                "でも、今回のことで\n咲希も少しわかってくれたみたいだよ"
            ]
        },
        {
            "fileName": "021002_miku01",
            "talks": [
                "咲希、一歌！　いらっしゃい"
            ]
        },
        {
            "fileName": "021002_miku02",
            "talks": [
                "一歌や咲希とは何度かセッションしてるけど、\nふたりとはなかなかやる機会なかったしね"
            ]
        },
        {
            "fileName": "024005_luka01",
            "talks": [
                "咲希、もうすっかり元気そうだったね",
                "それに……今日、咲希はルカにお礼を言いに来たんでしょ？\n私が邪魔しちゃ悪いと思って"
            ]
        },
        {
            "fileName": "024005_luka02",
            "talks": [
                "それから……あ、これ！\n残りのおやつを咲希達がジャンケンで取りあってた時のだ",
                "本当に良かった、咲希が元気になってくれて",
                "そうだね。咲希は笑顔で頑張りすぎちゃうしね",
                "うん。でも、プラネタリウムごっこの時の咲希は、\nルカのおかげでもう吹っ切れたって感じだったね"
            ]
        },
        {
            "fileName": "areatalk02_308",
            "talks": [
                "そんなの、咲希から聞いたに決まってるでしょ。\nそれで、どんな感じ？"
            ]
        },
        {
            "fileName": "areatalk02_339",
            "talks": [
                "咲希、さっきから何回も腕をクロスしてるけど、\n何してるの？　演奏前の体操？"
            ]
        },
        {
            "fileName": "areatalk02_347",
            "talks": [
                "え？　咲希や穂波じゃなくて……志歩？"
            ]
        },
        {
            "fileName": "areatalk03_026",
            "talks": [
                "へぇ、咲希のお母さんは\nピアノの講師をやってるんだ？"
            ]
        },
        {
            "fileName": "areatalk_ev_shuffle_06_009",
            "talks": [
                "それはもちろん。一歌と咲希、両方じゃない？"
            ]
        },
        {
            "fileName": "areatalk_ev_shuffle_11_005",
            "talks": [
                "咲希から聞いたんだけど、\n志歩のお母さんって、琴の先生やってるんだね。\n志歩も弾けたりするの？"
            ]
        }
    ]
}