{
    "mainStory": 0,
    "eventStory": 2,
    "cardStory": 2,
    "areaTalk": 0,
    "talkPacks": [
        {
            "fileName": "event_15_03",
            "talks": [
                "おお、レン、リン！"
            ]
        },
        {
            "fileName": "event_38_06",
            "talks": [
                "ああ、そういえば、\nリンはリハーサルを見に来ると言っていたな"
            ]
        },
        {
            "fileName": "022012_rin01",
            "talks": [
                "なるほど。すでに類が演出済みのショーをやることで、\nリンとレンの望みがかなうようにしたのか"
            ]
        },
        {
            "fileName": "022012_rin02",
            "talks": [
                "ああ！\n頑張れ、リン、レン！"
            ]
        }
    ]
}