{
    "mainStory": 0,
    "eventStory": 12,
    "cardStory": 17,
    "areaTalk": 1,
    "talkPacks": [
        {
            "fileName": "event_09_09",
            "talks": [
                "じゃあボク、えむちゃん達にも手伝い頼んでくるね！",
                "えむちゃん！　最後、よろしくね！",
                "ねえ、えむちゃん！　次はボクがお餅ついてもいい？"
            ]
        },
        {
            "fileName": "event_15_02",
            "talks": [
                "——えむちゃん？"
            ]
        },
        {
            "fileName": "event_15_03",
            "talks": [
                "休み？　えむちゃん、やっぱり何かあったの？",
                "昨日、えむちゃんがひとりで悲しそうにしてたから、\nちょっと気になってたんだ"
            ]
        },
        {
            "fileName": "event_15_06",
            "talks": [
                "あっ、えむちゃん！",
                "このあいだ、えむちゃんが元気なさそうだったから、\nずっと心配だったんだ",
                "……ねえ、えむちゃん",
                "いつものえむちゃんの笑顔と、\nちょっと違うなって思って",
                "——ねえ、えむちゃん。\n悲しい時は、笑顔でなくたっていいんだよ！",
                "もし、えむちゃんが笑顔じゃなくなっちゃう時は、\nボク達みんながえむちゃんを助けるよ！"
            ]
        },
        {
            "fileName": "013012_tsukasa02",
            "talks": [
                "えむちゃんや類くんも、\n寧々ちゃんのステージ見てたんだよね！"
            ]
        },
        {
            "fileName": "021014_miku01",
            "talks": [
                "『えむちゃん、本当にありがとう！』",
                "『ねえねえ、えむちゃん。\n海って本当にしょっぱいの？』",
                "『ねえねえ、えむちゃん、ミク！\n早く、海の中入ろうよ！』"
            ]
        },
        {
            "fileName": "022012_rin01",
            "talks": [
                "えむちゃんがやったジャンプが特にねっ！\n見に来てた人達も、わぁーって盛り上がってた！"
            ]
        },
        {
            "fileName": "023007_len01",
            "talks": [
                "……えむちゃん、\nなんであんなに元気なさそうだったんだろうね",
                "えむちゃんはいっつも笑顔で、\n自分の元気をまわりのみんなに\nわけてくれるんだよね",
                "このセカイのみんなが、\nえむちゃんのこと大好きだよね",
                "やっぱりボク達で\nえむちゃんを笑顔にできる作戦を考えなくっちゃ！",
                "えむちゃんには司くん達がついてるしね",
                "このままボク達までしょんぼりしちゃったら、\nえむちゃんを笑顔にする作戦なんて思いつかないよ！",
                "わかったんだ！\nボク達がえむちゃんにしてあげられること！",
                "でも、ボクはやりたい！\nえむちゃんの笑顔が見たいから！"
            ]
        },
        {
            "fileName": "023007_len02",
            "talks": [
                "（みんなすっごくがんばってるし、\n一度でいいから成功してほしいな。\nそしたら、えむちゃんにも見てもらえるのに……）",
                "（あ……えむちゃん、なんだか元気になってる！）",
                "えむちゃん、悩みごとはもう大丈夫なの？",
                "実はね、えむちゃんに元気になってもらいたくって\nここにいるみんなでショーの練習してたんだ！"
            ]
        },
        {
            "fileName": "areatalk_ev_wonder_01_003",
            "talks": [
                "やっほーえむちゃん！\n今のそれ、新しい挨拶？"
            ]
        }
    ]
}