{
    "mainStory": 59,
    "eventStory": 96,
    "cardStory": 82,
    "areaTalk": 24,
    "talkPacks": [
        {
            "fileName": "nightcode_01_02",
            "talks": [
                "『えななんも雪もお疲れ！\nまた明日ね〜！』"
            ]
        },
        {
            "fileName": "nightcode_01_04",
            "talks": [
                "『あれ、雪？　来たんだ。お疲れー♪』",
                "『そういう雪も、この時間にいるのは珍しいね？』",
                "『ん〜。雪ってほんと真面目だよね〜』",
                "『……雪、今のって……お母さん？』",
                "『あ、別に雪のお母さんがそう思ってるってわけじゃなくてね？』",
                "『……雪？　大丈夫？』",
                "『そっかぁ。ま、人それぞれだし、雪がいいならいっか。\n……あ、ごめん喋りすぎちゃった。作業に戻るね』"
            ]
        },
        {
            "fileName": "nightcode_01_05",
            "talks": [
                "『うーん。また夜にねって言ってたんだけどなぁ……。\nま、雪だって寝ちゃう時もあるか』",
                "『……雪が来なくなって、もう１週間かぁ』",
                "『でも何か手がかりがあればさー。\nあ、チャットのログに残ってない？　雪に関係ありそうなもの』",
                "『見たことない音楽ファイルがある。\n管理者は雪で……更新日は……雪が来なくなった日……？』",
                "『共有フォルダに入れるなら、\n雪は何か一言言いそうだけど……。\nまあ、とりあえず聴いてみる？』"
            ]
        },
        {
            "fileName": "nightcode_01_06",
            "talks": [
                "あーあ、雪もここにいたらよかったのになぁ"
            ]
        },
        {
            "fileName": "nightcode_01_07",
            "talks": [
                "えっ？　雪？\n確かにその声、言われてみれば……",
                "よかった！　無事だったんだね、雪！\n連絡とれないから心配だったんだけど、ほっとしたよ〜！",
                "……あれ？　雪、大丈夫？\nもしかしていなかったあいだ、何も食べてなかったりする？",
                "え？　雪が、OWN？\n何それ……どういうこと！？",
                "ちょ、ちょっと、落ち着いてよえななん！\n雪も、もうちょっとちゃんと話そうよ。ね？",
                "ねえ、雪がOWNだとしてもさ、OWNで曲作りながら、\nニーゴでもやってくのはムリなの？\nいくらなんでも急すぎるし、ボク達も……",
                "うん。一度、ちゃんと話そうよ。\n雪もちょっと変だしさ",
                "……ホントに、どうしちゃったの雪？\nそれにボクが消えたいってどういうこと？\nボクは毎日楽し〜いし、そんなこと思ってなんて……"
            ]
        },
        {
            "fileName": "nightcode_01_08",
            "talks": [
                "『うん。それになんだったんだろう、あのセカイって場所。\nミクは変なこと言うし、雪も……』",
                "『雪って……あんな子だったんだね』",
                "『にしても、これからどうしよっか？\nあの調子じゃ、雪は戻ってこなさそうだけど……』",
                "『雪のこととか、これからのことは、また明日考えればいいよ』"
            ]
        },
        {
            "fileName": "nightcode_01_09",
            "talks": [
                "『……雪？　大丈夫？』",
                "雪も、ホントは、キツかったんじゃないか"
            ]
        },
        {
            "fileName": "nightcode_01_10",
            "talks": [
                "『雪も帰ってこなさそうだし……そろそろ決めないとなって』",
                "『いやいや、さすがにキツくない？\nただでさえKは作曲が大変なんだし、\n雪の代わりを探したほうが……』"
            ]
        },
        {
            "fileName": "nightcode_01_14",
            "talks": [
                "『大丈夫かなぁ……。\nやっぱ、全部自分でやるなんて無理なんだよ～。\n雪がいないとさぁ』",
                "『雪も、本当はずっとキツかったんだろうな』",
                "『雪がいなくなっちゃった日にさ、\nボク、雪と雪のお母さんが話してるの聞いちゃったんだよね』",
                "『雪のお母さん、ナチュラルに価値観押しつける感じの人でさ。\nでも、雪は全然気にしてないって感じで受け止めてたんだ』",
                "『雪がいいならそれでいいのかなって思ったんだけど、\n……でも、セカイであんな感じになっちゃってたでしょ？』",
                "『だから、雪はお母さんのために、無理に“いい子”に\nなろうとしちゃってたんじゃないのかなーって思って』",
                "『雪は、周りに合わせて自分を変えてっちゃったのかもしれない』",
                "『……別にボクは、雪みたいないい子ってわけじゃないけど』",
                "『……でも、雪は、そういう風にできなかったんだろうね』",
                "『だから、思うんだよね。\nもし雪も苦しんでて、そのせいでああなっちゃって、\nそれで、消えちゃうっていうのは……』",
                "『……ボク、もう１回、雪と話したいな』",
                "『あ！\nOWNの……雪の曲の更新通知だ！』"
            ]
        },
        {
            "fileName": "nightcode_01_15",
            "talks": [
                "『もちろん、ボクが行ってもなんにもなんないし、\n雪のことは、雪にしかわかんないけど』",
                "『……雪がいなくなったら、寂しいって気持ちはさ』"
            ]
        },
        {
            "fileName": "nightcode_01_16",
            "talks": [
                "『……でも、雪は、そういう風にできなかったんだろうね』"
            ]
        },
        {
            "fileName": "nightcode_01_18",
            "talks": [
                "雪……！",
                "そっかそっかー。\nボクは雪の気持ちちょっとわかるな～",
                "雪がどんだけすごい曲作れても、\n一番ほしいものが手に入らないなら、\n雪にとっては意味ないと思うんだよね～",
                "だからボクは、雪が消えたいなら好きにすればいいと思うよ",
                "ボク達がいろいろ言ったところで、\n雪の問題は雪にしかわかんないんだからさ",
                "だからボクは……雪がいなくなったら、ただ寂しいって思うよ"
            ]
        },
        {
            "fileName": "nightcode_01_19",
            "talks": [
                "『雪！』",
                "『うん！　おかえり、雪！』"
            ]
        },
        {
            "fileName": "nightcode_01_20",
            "talks": [
                "なんでもよくても決めて！　ねっ、まふゆ！",
                "あ、ありがとうございまーす♪\nえっとウーロン茶が奏とまふゆで、\nアイスティーが絵名で……みんな飲み物持ったね！"
            ]
        },
        {
            "fileName": "vsnightcode_01_04",
            "talks": [
                "あっ、いたいた！\nまふゆ発見したよー！",
                "えっ、まふゆが？\nいいなあ、ボクも聴きたい！",
                "まふゆも、ほら！",
                "いいからいいから！　せっかくだしまふゆも歌おうよ～！"
            ]
        },
        {
            "fileName": "event_02_01",
            "talks": [
                "『じゃーね、雪！』"
            ]
        },
        {
            "fileName": "event_02_03",
            "talks": [
                "『そだねー。Kと雪もいい？』",
                "『でしょー？　ね、雪も行こうよ！』",
                "『じゃあ、みんなで行こーっ！\nいつ行く？　平日は雪達学校あるし……次の土曜はどうかな？』"
            ]
        },
        {
            "fileName": "event_02_04",
            "talks": [
                "お待たせ～！\n奏もまふゆも早いね！"
            ]
        },
        {
            "fileName": "event_02_05",
            "talks": [
                "まふゆ大丈夫！？\n具合悪いの？",
                "ねぇ奏、よくわかんないけど、まふゆ体調悪そうだし、\nその話はまた今度にしようよ"
            ]
        },
        {
            "fileName": "event_02_07",
            "talks": [
                "『んー……１時間たつけど、雪こないねー。\nやっぱ体調戻ってないのかな？』",
                "『ねーねー、Kは雪から何か聞いてないの？』",
                "『……雪は、雪のお母さんの言うことすごくよく\n聞いてるみたいだったから』"
            ]
        },
        {
            "fileName": "event_02_08",
            "talks": [
                "『これ……。本当に、雪が書いたの？』",
                "『知らない雪に会えたって感じ！』",
                "『もしかしたら、雪はもっといろいろ出したほうが\nいいのかもね！』"
            ]
        },
        {
            "fileName": "event_07_02",
            "talks": [
                "（こういうの、絵名とか結構ビビりそう～。\nまふゆは怖がったりしなさそうだけどね）",
                "（いっそのこと奏とかまふゆを呼びだしてみるとか……？\nでも、あのふたりも来なさそうだよねー）"
            ]
        },
        {
            "fileName": "event_09_02",
            "talks": [
                "『えー、なにその理由……。\nねえ、雪は？』",
                "『そっかー。大晦日まで勉強なんて、雪も大変だね』",
                "（ニーゴのみんなとできたらいいけど……\nまふゆの家は厳しそうだし、\n絵名と奏は外出たくないんだよね～）"
            ]
        },
        {
            "fileName": "event_09_03",
            "talks": [
                "えっ、まふゆも持ってきてくれたの！？\nしかも、ナプキンすっごいオシャレ！",
                "それにまふゆの持ってきてくれたオシャレなナプキンが、\nとーってもいい感じにパーティー感出してるよね～！",
                "じゃあ、テンション上げて楽しいカウントダウンにしちゃおー！\nほら、まふゆも！"
            ]
        },
        {
            "fileName": "event_14_01",
            "talks": [
                "『へー、前の曲とはまた違うね。\n雪の新しい一面が見れたって感じ！』",
                "『ま、でもKと雪は、そういうの興味ないかな？』"
            ]
        },
        {
            "fileName": "event_14_04",
            "talks": [
                "『まあ、雪はいつもどおりだけど……。\nえななん、テンション低くない？』"
            ]
        },
        {
            "fileName": "event_14_05",
            "talks": [
                "そっか。まふゆもそうだったもんね"
            ]
        },
        {
            "fileName": "event_14_07",
            "talks": [
                "ね、まふゆ！",
                "ま、まふゆ……！？"
            ]
        },
        {
            "fileName": "event_19_01",
            "talks": [
                "『ね！　雪もそう思わない？』",
                "（あの時はまふゆが大変だったけど、\nおかげでちょっとまふゆのことがわかるようになったし）",
                "（こういうの、絵名とか結構ビビりそう～。\nまふゆは怖がったりしなさそうだけどね）",
                "あ、まふゆ、絵名！\nもう来てたんだね！"
            ]
        },
        {
            "fileName": "event_19_02",
            "talks": [
                "ボクは暁山瑞希！\nで、左から奏とまふゆと絵名！　よろしくね、メイコ！"
            ]
        },
        {
            "fileName": "event_19_03",
            "talks": [
                "まふゆもおはよー！　みんな時間どおりに来てえらい！",
                "ん？　まふゆ、どうしたの？"
            ]
        },
        {
            "fileName": "event_19_04",
            "talks": [
                "それもそっか。\nまふゆは——"
            ]
        },
        {
            "fileName": "event_19_05",
            "talks": [
                "まふゆ……",
                "あ、待ってまふゆ！\n奏、絵名、ボク達も一緒に行こう",
                "まふゆー！",
                "ちょっとボク、あっちのほう探してくる！\nふたりはまふゆにメッセージ送って、門のほうで待っててー！",
                "まふゆ——"
            ]
        },
        {
            "fileName": "event_19_06",
            "talks": [
                "まふゆー！　いるー！？",
                "あのさ、まふゆこっちに来てない？\n一緒に出かけてたんだけど、どこかに行っちゃって",
                "あ、それじゃ、ボクそろそろ戻るね。\nまふゆのこと探しに行かなきゃ",
                "まふゆはどこに……って……",
                "あ、まふゆ！！"
            ]
        },
        {
            "fileName": "event_19_07",
            "talks": [
                "で、勉強のことはまふゆに聞けばオッケーでしょ？",
                "まふゆは、どう思う？\nみんなと同じクラスだったら"
            ]
        },
        {
            "fileName": "event_19_08",
            "talks": [
                "（……奏と絵名は夜も作業してるし、\nまふゆは昼に学校行ってるからやること多いし）",
                "そっか。まふゆは、家族より早く帰らないといけないんだよね"
            ]
        },
        {
            "fileName": "event_22_01",
            "talks": [
                "『うん、いい感じじゃん！　あとでKに見てもらおうよ。\n雪は部活でこられないみたいだから、夜に送っておこっか』"
            ]
        },
        {
            "fileName": "event_22_02",
            "talks": [
                "『あ……そういえば、前にまふゆも同じ学校だって言ってたっけ。\n世間って狭いねー』"
            ]
        },
        {
            "fileName": "event_26_01",
            "talks": [
                "『ボクもいいと思ったけどな～。\nでも、雪にはあんま刺さらなかったって感じかな』",
                "『まーまー、雪なりにがんばってるとは思うし、\nもうちょっと見守ってあげようよ』"
            ]
        },
        {
            "fileName": "event_26_02",
            "talks": [
                "『ボクはどの曲もイイ感じだと思ったけどなあ。\n雪は何が足りないんだろ？』"
            ]
        },
        {
            "fileName": "event_26_04",
            "talks": [
                "なーんかずいぶん難しいこと言うねー、ルカは。\n“まふゆを迷路から救い出せない”かあ……",
                "まふゆを迷路から救い出すためのヒントが\nどこかにあるかもしれないしさ！",
                "そうそう、まふゆが一番反応したのが\n人形展だったじゃん？"
            ]
        },
        {
            "fileName": "event_26_08",
            "talks": [
                "まふゆ、笑って……！？",
                "まふゆ、笑ってたんだよ！　奏の曲聴いて！",
                "『はーい！　えななんも雪もおやすみ～！』"
            ]
        },
        {
            "fileName": "event_29_03",
            "talks": [
                "いやー、さすがにまふゆは忙しいでしょ"
            ]
        },
        {
            "fileName": "event_29_06",
            "talks": [
                "みんなそろったね！\nまふゆも早く来られてよかった",
                "うわ、一番難易度高い景品まで当ててる！\nまふゆ、もしかしてこういうの得意なの？"
            ]
        },
        {
            "fileName": "event_29_07",
            "talks": [
                "奏、まふゆ、おまたせー！"
            ]
        },
        {
            "fileName": "event_35_01",
            "talks": [
                "まふゆ、笑って……！？",
                "まふゆ、笑ってたんだよ！　奏の曲聴いて！",
                "あれ？　まふゆはまだ来てないの？",
                "あ。まふゆ、いらっしゃーい！",
                "それにまさか、まふゆのあんな笑顔が見れるなんて\n思わなかったしね",
                "だよね～。\nだからボク、まふゆの歌詞がどんな風になるのか、\nすっごく楽しみなんだ！",
                "ねっ、まふゆ",
                "……？　あれ、まふゆ。どうしたの？",
                "あ、もしかして……！\nまふゆ、おでこいい？　触るよ",
                "じゃあ、今日はこれで解散だね。\nまふゆ、ちゃんと寝て早くよくなってね"
            ]
        },
        {
            "fileName": "event_35_03",
            "talks": [
                "……あれ、まふゆ？\n今日は体調悪いから寝るって\nナイトコードに送ってなかったっけ",
                "でも、まふゆが風邪って珍しいよね。\n絵名だったら、お腹出して寝て熱出したって\n聞いても、全然驚かないけどさ～",
                "ならよかった！\nこんな時間にまふゆとセカイで会えるなんて\nめったにないから、嬉しいよ",
                "そのアルバムの中に、何かまふゆの気持ちがわかるような\nヒントがあるかもしれないじゃん？\nだったら、ボク達も一緒に見て考えるよ",
                "ありがと、リン！\nまふゆはどうかな？",
                "おおっ、弓道着のまふゆだ！",
                "いや、頼まれたからって……。\nはあ。つくづくすごいんだなー、まふゆは",
                "……あ！　小さい頃のまふゆ、\nめちゃくちゃカワイイ～！",
                "この写真のまふゆ、今と全然違うね",
                "いい子やってる時のまふゆの雰囲気とは\nちょっと違う感じがするんだよね",
                "ひょっとしたら、この頃のまふゆは\n今と違う気持ちで笑えてたのかも？",
                "あっ！　まふゆ、大丈夫！？",
                "焦らないで、今日は帰って休もう？\nまふゆが元気になったらまた、ボクも一緒に考えるからさ！",
                "まふゆ、大丈夫かな……",
                "……まふゆは早く、『本当の自分』を\n見つけられるといいね"
            ]
        },
        {
            "fileName": "event_35_08",
            "talks": [
                "ん～、それってつまり、まふゆはりんごが好きってこと？\nじゃ、今度りんごスイーツパーティーでもしようよ！",
                "……よかった。すごく悩んでたけど、\n先に進めてよかったね、まふゆ！"
            ]
        },
        {
            "fileName": "event_36_03",
            "talks": [
                "もちろんまふゆも行くよね？",
                "いろんな曲を聴いて、感じるうちに\n本当のまふゆが見つかるかもしれないって！",
                "ね、どうまふゆ？　行く気になった？"
            ]
        },
        {
            "fileName": "event_36_07",
            "talks": [
                "でも、まふゆが一緒に来るとは\n思わなくてびっくりしちゃったよ！",
                "……あ、いつものまふゆに戻ったね"
            ]
        },
        {
            "fileName": "017005_kanade02",
            "talks": [
                "前にアップした曲なんて、いまだに再生数伸びてるじゃん？\nまふゆの歌詞に奏がメロディーつけたやつ",
                "それだけまふゆの歌詞が、\nみんなの心に響いたってことだよね♪",
                "まふゆはどう？\nなんか掴めた？"
            ]
        },
        {
            "fileName": "017007_kanade01",
            "talks": [
                "『忘れないうちにだよー♪　ってことで早速だけど、\n明日はどう？　雪の予備校のあと！』"
            ]
        },
        {
            "fileName": "017011_kanade01",
            "talks": [
                "『ほら、だいたいいつも雪が一番に落ちるのに、\nここ最近、ボクやえななんのほうが\n先に落ちてたし』",
                "『雪は作業以外にもいろいろやってるし、\n５時間じゃ疲れなんて取れないんじゃない？』",
                "『これは雪のこと言えないよねぇ』"
            ]
        },
        {
            "fileName": "017012_kanade01",
            "talks": [
                "まあ、そうだよね～。\nまふゆを救うための曲を作るっていうのが、\n奏の目標でもあるし"
            ]
        },
        {
            "fileName": "018002_mafuyu02",
            "talks": [
                "まふゆも、大丈夫？",
                "うんうん！　脱退しちゃった子でしょ！？\nまふゆと同じ学校だったんだー！　いいな～！",
                "わ、わぁお……。\nま、まふゆってそんな風に怒れるんだね～……",
                "ええっ！？　今のまふゆにそれ言われると、\n冗談か本気かわかんないよー！"
            ]
        },
        {
            "fileName": "018005_mafuyu02",
            "talks": [
                "『雪から話題振ってくれるなんて珍しいね。\nていうか、急にそんな質問するなんて、何かあったの？』"
            ]
        },
        {
            "fileName": "018006_mafuyu02",
            "talks": [
                "『ふーっ！　これでやっと雪に聞けるよ～』",
                "『この間、雪の学校、体育祭だったんでしょ？\nどういう感じだったのか聞きたかったんだ！』",
                "『へ～、雪は何に出たの？』"
            ]
        },
        {
            "fileName": "018007_mafuyu02",
            "talks": [
                "『雪はそう感じるんだね！　ボクは、今のままでも好きかな。\n女の子の描写が表情以外はだいぶシンプルになりそうだし』"
            ]
        },
        {
            "fileName": "018009_mafuyu01",
            "talks": [
                "まふゆー！",
                "まふゆー！"
            ]
        },
        {
            "fileName": "018009_mafuyu02",
            "talks": [
                "『うん！　どうぞどうぞ～！\nKと雪もよかったら見てね！』"
            ]
        },
        {
            "fileName": "018010_mafuyu01",
            "talks": [
                "『ボクもそうしよっかな♪\n雪、えななん、じゃあねー』"
            ]
        },
        {
            "fileName": "018011_mafuyu02",
            "talks": [
                "『おっ、雪じゃん！\nやっほー。今日は早いね』",
                "『それで雪は？』",
                "『ほら、雪も！』",
                "『とりあえず、これでお月見できたね！　雪』"
            ]
        },
        {
            "fileName": "019002_ena01",
            "talks": [
                "ええ～なんでもないって顔じゃないじゃ～ん！\n教えて教えてー！　でないと奏とまふゆに\n『えななんにいじわるされたー』って言っちゃうぞー！"
            ]
        },
        {
            "fileName": "019002_ena02",
            "talks": [
                "『世界観っていうのかな\nそれがしっかりあるしさ。ね、雪！』"
            ]
        },
        {
            "fileName": "019005_ena01",
            "talks": [
                "『あー、雪にめちゃくちゃダメ出しされてた新曲のやつ？』",
                "『ちょっと前まではえななん、\n本気で雪にイライラしてたのにね』"
            ]
        },
        {
            "fileName": "019005_ena02",
            "talks": [
                "『ね、行こうよ～！\n雪はどう、興味ない？』",
                "『んーん、雪が心配なんだな～って思ってさ』",
                "『そ。前に、Kが雪に見せたみたいにさ』",
                "『まあ、みんな、向き合い方を探してる途中だと思うんだよね。\nKは雪への、それに……雪は自分への』"
            ]
        },
        {
            "fileName": "019006_ena02",
            "talks": [
                "それさ、絵名が着ないならまふゆにあげたら？\n似合いそうだし",
                "ねえ、絵名。ちょっとセカイに寄って行かない？\nひょっとしたら、まふゆもいるかもしれないよ"
            ]
        },
        {
            "fileName": "019010_ena01",
            "talks": [
                "『ボクもそうしよっかな♪\n雪、えななん、じゃあねー』"
            ]
        },
        {
            "fileName": "019010_ena02",
            "talks": [
                "お父さんのこととか、まふゆのこととか、\nいろんなものを背負って、\nそれでも歯を食いしばって、ひたすら歩き続けてる",
                "奏にはきっと、諦めるっていう選択肢はないんだろうね。\nそんな奏だから、\nあのまふゆの笑顔に繋がったのかなって",
                "奏は……いつか本当に、まふゆを救っちゃうかもね"
            ]
        },
        {
            "fileName": "019011_ena01",
            "talks": [
                "まふゆじゃん、やっほー！\n予備校行くところ？",
                "仕方ないよ弟くんの前だし。\nていうか、優等生のまふゆ見るの結構久しぶりじゃない？",
                "弟くんはまふゆのこと知らないから、伝わらないって"
            ]
        },
        {
            "fileName": "019011_ena02",
            "talks": [
                "『雪の後輩でしょ。\n体育祭で一緒に二人三脚したっていう』"
            ]
        },
        {
            "fileName": "019012_ena01",
            "talks": [
                "まあ、まふゆは部活やってて、体力もあるだろうしさ。\n案外、明日の朝には治っちゃってるかもよ？"
            ]
        },
        {
            "fileName": "019012_ena02",
            "talks": [
                "『あっちゃぁ……。\n雪、やっぱり学校行ったんだ……』"
            ]
        },
        {
            "fileName": "020003_mizuki02",
            "talks": [
                "でも、まふゆの歌詞を見事に表現したボクもなかなかだよね♪\n絵名もそう思うでしょ？",
                "（まふゆは、自分を見つけられなくて）"
            ]
        },
        {
            "fileName": "020005_mizuki01",
            "talks": [
                "まふゆは何にする？",
                "まふゆ？　どうかした？",
                "（人形展で、まふゆのこと知れたのが大きかったのかも）",
                "あぁ……ボクのポテトがどんどんなくなってく……。\nというか、まふゆはそんな事務的に食べなくても……"
            ]
        },
        {
            "fileName": "020005_mizuki02",
            "talks": [
                "『わっ、雪！？\nええ？　なんで！？』",
                "『でも日曜だとしても、雪がこの時間に\nナイトコードにいるなんて珍しいね。\n部活とかなかったの？』",
                "『よかった！　この間、人形展行ったあとに\nいろいろ調べたから、雪に教えたかったんだよね♪』",
                "まふゆの探し物、早く見つかるといいね"
            ]
        },
        {
            "fileName": "020006_mizuki02",
            "talks": [
                "『ねえK。このエフェクト、\nサビの部分に乗せたらもっとカワイイよ！\n雪もよかったら見てね！　ほい、送信♪』",
                "『とにかく勢いはすごいけど\nわけわかんなくて笑うしかないあの劇を、\n雪が見たらどうなるんだろうって思ったよ～』",
                "『ホント！？　雪は！？』",
                "『あ、ていうか！　雪の学校も文化祭あるよね？\nそっちにも行ってみたいな』"
            ]
        },
        {
            "fileName": "020007_mizuki02",
            "talks": [
                "『K、絵コンテだいたいできたから見てもらっていい？\n雪も、よかったら意見ほしいな♪』"
            ]
        },
        {
            "fileName": "020010_mizuki01",
            "talks": [
                "（大切なんだ。\n絵名も、奏も、まふゆも……）",
                "あ、うん！　ありがと、まふゆ！",
                "そうだ、まふゆ。これちょっと飲んでみる？"
            ]
        },
        {
            "fileName": "020010_mizuki02",
            "talks": [
                "『……うん、そうする。\nKも雪も、ありがとう！』"
            ]
        },
        {
            "fileName": "020011_mizuki01",
            "talks": [
                "うわ、一番難易度高い景品まで当ててる！\nまふゆ、もしかしてこういうの得意なの？"
            ]
        },
        {
            "fileName": "020012_mizuki01",
            "talks": [
                "（まふゆが風邪か……。\nちょっとびっくりしたなぁ）",
                "だからボク、まふゆの歌詞がどんな風になるのか、\nすっごく楽しみなんだ！"
            ]
        },
        {
            "fileName": "020012_mizuki02",
            "talks": [
                "（まふゆの風邪、治ってよかったな）",
                "まふゆも、絵名や奏みたいに\n一歩前に進めたってことだよね",
                "……ミクって、まふゆがセカイに来ると、\nだいたいこうやって隣にいるよね"
            ]
        },
        {
            "fileName": "021006_miku02",
            "talks": [
                "まふゆが、たまにはここに顔出してあげてって言っててさ",
                "うん。昨日、あれからミクどうしてるかなーって話してたら、\nまふゆが会いに行ってみたらって",
                "だねっ。まあ、まふゆが見つけたいって思ってる、\n本当のまふゆがそれで見つかるかはわかんないけど……",
                "うん。まふゆが言う『いい子』じゃないまふゆも、\nちょっとずつ知れてきたかなって思うし",
                "ともかく、まふゆは元気にやってるよ",
                "とかなんとか言って、\n結構まふゆのこと心配してるくせにー"
            ]
        },
        {
            "fileName": "021009_miku01",
            "talks": [
                "あー、まふゆは予備校で来れなかったんだよね。\nだから今日はボク達だけだよ",
                "つまり……まふゆがこの人形を“見よう”って思ったから\n見えるようになったってわけ？",
                "まーまー、まふゆ自身が気づいてないだけじゃん？",
                "……っと、もう25時じゃん！\nまふゆが帰ってきてるかも！"
            ]
        },
        {
            "fileName": "025008_meiko01",
            "talks": [
                "あ、それじゃ、ボクそろそろ戻るね。\nまふゆのこと探しに行かなきゃ"
            ]
        },
        {
            "fileName": "025008_meiko02",
            "talks": [
                "だからボクは……雪がいなくなったら、ただ寂しいって思うよ"
            ]
        },
        {
            "fileName": "areatalk02_139",
            "talks": [
                "あ、あそこにいるのってまふゆかな？\n何か長い筒みたいなの持ってるけど、なんだろう？",
                "ひ、ひえ……。\nまふゆが言うとなんか怖いよ……"
            ]
        },
        {
            "fileName": "areatalk02_142",
            "talks": [
                "まふゆにだって、出来るかもしれないよ？\nそのためにもまず自分の中の『これが好き』っていう気持ちを\n見つけて行かないとね！"
            ]
        },
        {
            "fileName": "areatalk02_148",
            "talks": [
                "はい、まふゆ！\nふりふりポテトの新フレーバー、その名もヒリヒリホット味！",
                "これくらい刺激的な食べ物なら、\nまふゆでもちゃーんと味、感じると思うよ？"
            ]
        },
        {
            "fileName": "areatalk02_149",
            "talks": [
                "あれ？　お昼なのにまふゆがいる。\n学校はー？"
            ]
        },
        {
            "fileName": "areatalk02_160",
            "talks": [
                "よかったら、まふゆもどう？\n感想とか、興味あるし！"
            ]
        },
        {
            "fileName": "areatalk02_161",
            "talks": [
                "まふゆって作業してる時とか、口寂しくなったりしない？"
            ]
        },
        {
            "fileName": "areatalk02_271",
            "talks": [
                "ミクは想いのセカイっていうけどさ。奏も絵名もまふゆも、\nここがなんなのか全然気にならないの？"
            ]
        },
        {
            "fileName": "areatalk02_386",
            "talks": [
                "奏やまふゆはここでも曲づくりしてるみたいだし、\n絵名はサボりたいときに来てるみたいだし"
            ]
        },
        {
            "fileName": "areatalk03_242",
            "talks": [
                "でも帰っちゃうのはダーメ♪　まふゆも向かってると思うしね。\nはい、青だよ～。歩いて歩いてー"
            ]
        },
        {
            "fileName": "areatalk03_243",
            "talks": [
                "そう、それ！\nありがと、まふゆ！"
            ]
        },
        {
            "fileName": "areatalk03_257",
            "talks": [
                "例えば雪については、\n『実は怒らせたら一番手がつけられなさそう』だって！"
            ]
        },
        {
            "fileName": "areatalk03_258",
            "talks": [
                "あれ？　まふゆだー！　やっほー"
            ]
        },
        {
            "fileName": "areatalk03_275",
            "talks": [
                "あ、まふゆ！　部活と仲間と食べるスイーツ！\nどっちが大事……"
            ]
        },
        {
            "fileName": "areatalk03_278",
            "talks": [
                "ねえねえ、まふゆは？　何かいいアイディアない？"
            ]
        },
        {
            "fileName": "areatalk03_286",
            "talks": [
                "はーい、それでは今日は\n奏とまふゆの服を買いに行こーう♪",
                "奏、まふゆ。今日は絶対、\nふたりが気に入る服を見つけてあげるからね！"
            ]
        },
        {
            "fileName": "areatalk03_293",
            "talks": [
                "ねえ、まふゆ。最近、調子はどう？"
            ]
        },
        {
            "fileName": "areatalk03_299",
            "talks": [
                "まふゆはさ、作業に入る前に\n集中を高めるルーティーンみたいなものある？",
                "（まふゆも、ちょっとずつだけど変わってきてるのかな）"
            ]
        },
        {
            "fileName": "areatalk_ev_night_03_002",
            "talks": [
                "まふゆって、メイクしたらすっごく映えそうだよね♪\nほら、このアイシャドウとか絶対似合うよ！"
            ]
        },
        {
            "fileName": "areatalk_ev_night_03_006",
            "talks": [
                "あ、でも前に絵名と買い物してる時、\nここでまふゆと会ったんだっけ？"
            ]
        },
        {
            "fileName": "areatalk_ev_shuffle_12_009",
            "talks": [
                "だねー。それに、ちょっとずつだけど、\nまふゆにも変化が出てきてるみたいだね"
            ]
        }
    ]
}