{
    "mainStory": 2,
    "eventStory": 8,
    "cardStory": 9,
    "areaTalk": 2,
    "talkPacks": [
        {
            "fileName": "vswonder_01_04",
            "talks": [
                "……それで、ミクとカイトさんにお礼を言いたくて。\nありがとう、ふたりとも",
                "えむ、ミク！？　ま、窓から、外に……"
            ]
        },
        {
            "fileName": "event_03_05",
            "talks": [
                "そう。それで、ミク達に相談してみようよ",
                "ミク達はいつもわたし達の話を真剣に聞いてくれるし、\n行ってみようよ"
            ]
        },
        {
            "fileName": "event_08_04",
            "talks": [
                "あ、ミク……"
            ]
        },
        {
            "fileName": "event_08_07",
            "talks": [
                "……ありがとう、ふたりとも。\nミク、このあいだは誘ってくれたのに、断っちゃってごめんね",
                "今のわたしの歌を、みんなに――ミク達にも\n聴いてもらいたくって"
            ]
        },
        {
            "fileName": "event_08_08",
            "talks": [
                "ふふ。ショーで雪が降ったら、ミク達も喜んでくれるかもね"
            ]
        },
        {
            "fileName": "event_09_09",
            "talks": [
                "……あ、ミク達がネットを広げたよ。\nえむ、次お願い"
            ]
        },
        {
            "fileName": "event_32_02",
            "talks": [
                "ありがと、ミク、リン"
            ]
        },
        {
            "fileName": "015005_nene02",
            "talks": [
                "え？　ミク？",
                "……ねえ、えむとミクって\nいつからこんなふうにやり取りしてるの？"
            ]
        },
        {
            "fileName": "015006_nene01",
            "talks": [
                "わっ、ミク？　どうしたの？"
            ]
        },
        {
            "fileName": "015007_nene02",
            "talks": [
                "（ミクやメイコさんも、わたしのこと気にかけてくれてて……）"
            ]
        },
        {
            "fileName": "021005_miku02",
            "talks": [
                "ちょっと……なんでわたしに聞くの？\nミクへの質問じゃなかったの？"
            ]
        },
        {
            "fileName": "021011_miku02",
            "talks": [
                "……ミク？",
                "それで、ミクやカイトさん達は、\n司に本当の想いを思いだしてもらうために\nショーに誘ったりしてたんだよね？",
                "なのに、どうしてミクもカイトさんも\nわたしの心配をしてくれるの？",
                "うん……。\nありがとうミク"
            ]
        },
        {
            "fileName": "areatalk03_220",
            "talks": [
                "あ、ありがとう……ミク、カイトさん"
            ]
        },
        {
            "fileName": "areatalk03_221",
            "talks": [
                "あ、ミク、カイトさん。\nふたりとも段ボールの箱なんて持って何してるの？"
            ]
        }
    ]
}