{
    "mainStory": 14,
    "eventStory": 90,
    "cardStory": 89,
    "areaTalk": 12,
    "talkPacks": [
        {
            "fileName": "wonder_01_00",
            "talks": [
                "（咲希が笑ってる……！\nこんなに笑ってるの、いつぶりだろう？）",
                "（ううん、咲希だけじゃない。父さんも母さんも、\nあの主役の人が歌って踊るたびに、どんどん笑顔になって……。\nまぶしくて、カッコいい……！）",
                "咲希……",
                "む、咲希か。別に騒いでないぞ、発声練習を兼ねて壁に向かって\n喋ってただけだ",
                "ところで咲希、学校はどうだ？\n元気になったからって、無理はしすぎるなよ"
            ]
        },
        {
            "fileName": "wonder_01_08",
            "talks": [
                "咲希……"
            ]
        },
        {
            "fileName": "wonder_01_14",
            "talks": [
                "さ、き……。さき？\nそういえば、昔咲希はうさぎのぬいぐるみを持ってたような……",
                "もしかしてお前、咲希のぬいぐるみ……なのか？",
                "……よく見たら……咲希のぬいぐるみだけじゃない……",
                "オレが、咲希を苦しめる病気をこらしめてやる！\nさあ出てこい出てこい！　……出てこないだと！？\n咲希、敵はかなりおくびょうなヤツだ！",
                "オレはただ、咲希のことを笑わせたかったんだ……",
                "あの日咲希と見たショーの、スターのように",
                "スターになりたいって思ったのも、\nオレも……咲希も……あの時、最高の笑顔をもらったからだ……"
            ]
        },
        {
            "fileName": "wonder_01_18",
            "talks": [
                "『オレはあの日見た、ショーのスターのようになりたかったんだ。\n妹と、オレに、笑顔をくれた……あんなスターに』"
            ]
        },
        {
            "fileName": "event_01_01",
            "talks": [
                "おーい咲希！　まだ支度しているのかー？"
            ]
        },
        {
            "fileName": "event_01_04",
            "talks": [
                "咲希、入っていいか？",
                "そうだな……！\n咲希も、もう、そういう年ごろだからな……！！",
                "ああ、次の週末、母さん達が旅行をするらしくてな。\n念のため、咲希の予定を聞いておこうと思ったんだ"
            ]
        },
        {
            "fileName": "event_01_06",
            "talks": [
                "咲希。朝食の準備ができたぞ。\n咲希の好きなココアもあるから、降りて来たらどうだ？"
            ]
        },
        {
            "fileName": "event_01_07",
            "talks": [
                "誰かと思ったら一歌達か！\nということは……ズバリ咲希の見舞いだろう！？",
                "ショーができたあかつきには、是非咲希と一緒に見に来てくれ！",
                "それから、昨日は咲希を送り届けてくれて助かった",
                "いつも咲希の支えになってくれていること、\n本当に感謝している。ありがとう",
                "咲希は自分の部屋にいるはずだ。\nさっきまでは起きていたから、話せると思うぞ"
            ]
        },
        {
            "fileName": "event_08_05",
            "talks": [
                "オレも、最初に見たショーは家族と見た。\n入院しがちな妹が、久しぶりに出かけられると喜んでいて……",
                "そのショーで妹があんまり喜ぶものだから、\nオレもこんな風に妹を笑わせられたらと思って、\nショーをするようになったんだ"
            ]
        },
        {
            "fileName": "event_13_02",
            "talks": [
                "どうした、咲希。\n今日はずいぶんと疲れているみたいだが……。\nもしや体調が悪いのか！？",
                "だがな、咲希。たまには息抜きも必要だぞ。\nどんな天才でも、疲れがたまっていては\n100%の力を発揮できないからな！",
                "……そうだ。咲希にこれをやろう！"
            ]
        },
        {
            "fileName": "event_13_03",
            "talks": [
                "これでオレ達のショーを見た咲希達も、\n日々の疲れから解き放たれ、また新たな気持ちで\n練習に励むことができるだろう！",
                "——お、咲希！",
                "咲希、そしてLeo/need諸君！\nようこそ、我がフェニックスワンダーランドへ！",
                "こほん、咲希！　紹介しよう！\nこいつらはオレが率いるワンダーランズ×ショウタイムの\nショーキャスト達だ！",
                "そして、お前達。ここにいるのが、\n今日特別に招待した、我が妹の——"
            ]
        },
        {
            "fileName": "event_13_04",
            "talks": [
                "なんとか説得してトランポリンドームを諦めさせるんだが、\n咲希はむくれてしまってな……"
            ]
        },
        {
            "fileName": "event_13_05",
            "talks": [
                "そうだな。咲希達の分も買ってくるから、\n少し待っていてくれ！",
                "咲希、オレ達はワンダーステージへ行って\nショーの準備をしてくる！"
            ]
        },
        {
            "fileName": "event_13_06",
            "talks": [
                "オレ達のショーを見て、咲希達には\n笑顔になってもらわねばならん！",
                "よし、じゃあオレ達はショーのあと片づけをするぞ。\n咲希達はフェニックスワンダーランドを満喫してくれ！"
            ]
        },
        {
            "fileName": "event_13_08",
            "talks": [
                "オレより目立っていたのは許せんが、\n咲希達も喜んでいたし、まあよしとするか"
            ]
        },
        {
            "fileName": "event_16_01",
            "talks": [
                "咲希、こっちは終わりそうだが、\nひな壇のほうはどうだ？",
                "ああ。咲希が生まれた嬉しさのあまり、\n父さんがテンションで買ってしまったものだからなぁ……",
                "出迎えから盛大にいこう！\nそうと決まれば脚本を考えるぞ、咲希！",
                "……やはりすべて揃うと圧巻だな！\nこの量を飾りつけるとは、さすが我が妹！",
                "（咲希が楽しそうで本当によかった）",
                "（今年のひな祭りは、家で過ごす久々のひな祭りだ。\n咲希が心の底から楽しめる日にしてやりたい）",
                "待っていろ、咲希！\n今年のひな祭りは最高の思い出にしてやるからな！"
            ]
        },
        {
            "fileName": "event_16_02",
            "talks": [
                "うちの妹も今度友達とするんだが、\n盛り上がること間違いなしだ！",
                "おっと、悪いがオレは行けんぞ。\nさっきも言ったが、その日は妹と一緒に\nパーティーをするからな！",
                "オレは妹のパーティーの準備もあるが……。\nまあ、手伝うくらいならできそうだな"
            ]
        },
        {
            "fileName": "event_16_03",
            "talks": [
                "実は今度、咲希が友人達と共に\nひな祭りパーティーを開くのだ！",
                "そうだ！　咲希は長く入院していて、\nひな祭りも病院で過ごしてきたが……今年は違う！",
                "……あれはまだ、咲希が\n都内の病院に入院していた頃のことだ——",
                "ああ。あの時の咲希の、悲しそうな笑顔が\n今も忘れられなくてな……",
                "しかし、その時オレは決意したのだ！\nいつか咲希に、もっと綺麗なひな人形をプレゼントしようと！",
                "ああ！　ひな壇というステージにふさわしい輝きだろう！\nこのスター性あふれるひな人形ならば\n咲希も喜ぶと思うのだが、どうだ？"
            ]
        },
        {
            "fileName": "event_16_04",
            "talks": [
                "おお、咲希に一歌達じゃないか。\nうちに遊びに来ていたのか",
                "冬弥、咲希の幼馴染みの一歌、穂波、志歩だ！",
                "フフフ、まだ咲希は寝ているようだな。\n今のうちに、買ってきた新しいひな人形を飾ってしまおう！",
                "ハッハッハ！　咲希の驚く顔が楽しみだな！",
                "おわあっ！？　さ、咲希ー！？\nなぜこんな朝早くに！！",
                "咲希、ひな壇の最上段を見るがいい！",
                "どうだ、咲希！　嬉しいか！？\n嬉しいだろうとも、それはもう声が出ないくらいに——",
                "——まったく、咲希のやつ……。\nボロボロな人形の、どこがいいんだ？"
            ]
        },
        {
            "fileName": "event_16_05",
            "talks": [
                "……いや、実は咲希とケンカしてしまってな",
                "今朝、新しい人形と古い人形を交換したんだが、\n咲希に、古いもののほうがいいと言われてしまってな……"
            ]
        },
        {
            "fileName": "event_16_06",
            "talks": [
                "……咲希とケンカしたままの状態では、\nパーティーを楽しく盛り上げるのは不可能に近い……",
                "しかし、咲希のためにパーティーを盛り上げたい……！\n今回のひな祭りを最高のものにしてやりたい！",
                "……行きたいが……。\nオレがいると、咲希はパーティーを楽しめない……",
                "実は今朝、咲希とケンカをしてしまって——",
                "ボロボロの人形なんて嫌だろうと思っていたのに、\nなぜ咲希は……",
                "はぁ……。このまま帰っては、また咲希を怒らせてしまうな……",
                "だが、やはり咲希は——",
                "ま、まさか咲希の身に何かあったんじゃ……！？",
                "ほ、穂波ーーーーっ！！！！\n咲希は、咲希は無事なのかーーーー！？！？",
                "これが落ち着いていられるか！！\n穂波がわざわざここまで来たということは\n咲希に何かあったんだろう！？",
                "何！？\n咲希が落ちこんでいる……！？",
                "咲希は……オレに怒っているんじゃないのか……？",
                "咲希が不安になって……落ちこんで……",
                "オレは……オレは咲希を笑顔にしたいと思っていたくせに、\n一体何を……！",
                "決まっている！　咲希のもとだ！",
                "行くぞ、穂波ッ！　\n我が最愛の妹のもとへーッ！"
            ]
        },
        {
            "fileName": "event_16_07",
            "talks": [
                "——うおおおおお！！！\n咲希！！　咲希～～～～～！！"
            ]
        },
        {
            "fileName": "event_16_08",
            "talks": [
                "……咲希っ！",
                "な、なんで咲希が謝るんだ！？",
                "悪いのはオレなのに、\nなぜ、咲希を責めねばならんのだ！",
                "穂波から聞いたぞ！\n咲希がオレとのことで落ちこんでいると！",
                "あと、メッセージのことは誤解だ！\n実は今日、スマホを忘れてしまっていて、\n咲希から連絡がきていたことも知らなかったんだ",
                "す、すまない。\nオレのせいで、咲希を不安にさせてしまって……",
                "……それに、咲希の気持ちも考えず、\n勝手にひな人形を取り替えてしまったこともそうだ",
                "オレの独りよがりな行動で\n咲希を傷つけてしまった……",
                "オレは、咲希に喜んでもらいたい。\nあの時も……今だってそうだ",
                "しかし……\nオレの行動は、いつも咲希を悲しませてしまう",
                "咲希がボロボロの人形を見て、\n悲しんでいた記憶しかないんだ",
                "……それじゃあ、あの時、\n咲希は本当に喜んでくれていたのか？",
                "咲希……",
                "……ああ、もちろんだ。\n咲希との思い出を忘れるわけないだろう！",
                "だが……オレは大きな勘違いをしていたんだな。\nすまない、咲希……",
                "咲希……",
                "咲希ィーーーーーーッ！！！！",
                "咲希～～！！\nオレにとっても咲希は、最高で最愛の妹だぞ～～～～！！",
                "素晴らしい笑顔だぞ、咲希！！"
            ]
        },
        {
            "fileName": "event_32_02",
            "talks": [
                "というかえむ。ずいぶんはしゃいでいるが、咲希達と一緒に\n臨海学校で海に行ったばかりじゃなかったか？"
            ]
        },
        {
            "fileName": "event_36_06",
            "talks": [
                "おお、咲希の友人だったか！\nこれからも咲希のことよろしく頼む！"
            ]
        },
        {
            "fileName": "002003_saki01",
            "talks": [
                "おお、咲希。お前も帰りか",
                "良かったな、咲希。\n実をいうと、その項目については心配していたからな",
                "こうもやすやすと目標をクリアするとは……\nふっ、さすがはオレの妹！",
                "まあ聞け、妹よ",
                "もちろん！　オレは咲希の兄だからな！"
            ]
        },
        {
            "fileName": "002009_saki01",
            "talks": [
                "どうした咲希？　朝からご機嫌だな"
            ]
        },
        {
            "fileName": "002009_saki02",
            "talks": [
                "ただいま、咲希。\n今日も、一歌達が来てるのか？"
            ]
        },
        {
            "fileName": "002011_saki01",
            "talks": [
                "お。咲希、ここにいたのか",
                "そうか、わかったぞ！　好きなヤツがなかったのか！\nまあ、それでは咲希がいじけるのもわかるな",
                "しかしな、咲希。\n騙されたと思って食べてみるのもいいぞ！",
                "咲希……",
                "そ、そういう咲希だって、急に真ん中に飛びこんできて\n負けじとめちゃくちゃに弾いていたではないか！",
                "……咲希。\nバンド、つらいか？",
                "ああ、その意気だ！\n頑張れ、咲希！"
            ]
        },
        {
            "fileName": "003007_honami01",
            "talks": [
                "なんでお前らはそんなにのんきなんだ！？\n咲希ー！　穂波ー！　大丈夫かー！？"
            ]
        },
        {
            "fileName": "003008_honami01",
            "talks": [
                "ほ、穂波ーーーーっ！！！！\n咲希は、咲希は無事なのかーーーー！？！？",
                "穂波がわざわざここまで来たということは\n咲希に何かあったんだろう！？"
            ]
        },
        {
            "fileName": "003013_honami02",
            "talks": [
                "『実は、咲希とお祝いの歌の練習をしていてな！\nなかなかいい仕上がりになったから、\nその成果をぜひ披露させてくれ！　待っているぞ！』"
            ]
        },
        {
            "fileName": "012003_touya01",
            "talks": [
                "冬弥、咲希！\n近況報告もいいが、早く行くぞ。まずはゲームセンターだ！",
                "ふふふ咲希……我が妹よ……！\nこのオレに勝てると思っているのか！",
                "ぐぬぬ……咲希、冬弥！\n次は格ゲーで勝負だ！"
            ]
        },
        {
            "fileName": "012008_touya01",
            "talks": [
                "フッ、咲希の好きそうなパーティーグッズも\n山ほど買ったからな。成功間違いなしだ！",
                "お前はオレの弟のような存在であり、\n咲希に続く、オレのファン第２号だ",
                "お前と初めて会った日、\nあの日も咲希の見舞いに行っていたんだ",
                "いつもどおり遊んで、\nそろそろ帰らなければならなくなった時、\n咲希が急にぽろぽろ泣き出してしまってな……",
                "あれこれ泣き止ませようと頑張ったんだが、\n『帰らないで』と手を握る咲希に、\n結局オレは『明日も来るから』という約束しかできなかった",
                "オレでは咲希を笑顔にできないんじゃないかと、\nそんな思いも頭をよぎったものだ",
                "お前が笑ってくれたから、\n咲希のことも今度こそ笑顔にしてやるぞと、\n約束どおり、次の日も咲希に会いに行けたんだ"
            ]
        },
        {
            "fileName": "013005_tsukasa02",
            "talks": [
                "ああ、咲希悪……あだっ！\nっ～～～～～っ！！",
                "くっ、咲希にまで怒られてしまうとは\n不甲斐ない……"
            ]
        },
        {
            "fileName": "013006_tsukasa02",
            "talks": [
                "ああ。オレの夢は世界一のスターだからな！\nオレの妹や冬弥は、良き観客として\nオレの練習を手伝ってくれていた",
                "ああ、咲希のうさぎのぬいぐるみか！\nあいつは今でも元気にやっているぞ！",
                "そうか……感謝するぞ、彰人！\n冬弥は、オレの弟のような存在であり、\n咲希に続いて、オレのファン第２号だからな！"
            ]
        },
        {
            "fileName": "013007_tsukasa01",
            "talks": [
                "おっ！　お前、咲希のぬいぐるみじゃないか！\n久しぶりだな！"
            ]
        },
        {
            "fileName": "013008_tsukasa01",
            "talks": [
                "フッ、さすがはオレの妹",
                "（お……咲希は穂波と入るのか）",
                "穂波、咲希のことを頼んだぞ！",
                "咲希はオレ達家族にも心配をかけないようにと\n気をつかいがちでな",
                "咲希もどこまで頑張れるのかが\nだんだんわかってきたと見える",
                "まだ少し危なっかしいところはあるが……。\n咲希には、一歌達もついてるからな",
                "ああ。それに昔と違って、\nオレも咲希のそばにずっといてやれるわけじゃないからな",
                "だからこそ、そういう時に\n咲希のそばに一歌達がいてくれると思うと心強い",
                "……お、咲希達が入るみたいだな",
                "おのれおばけめ！\nオレの妹とその友人に手を出すとは！"
            ]
        },
        {
            "fileName": "013008_tsukasa02",
            "talks": [
                "（咲希が笑ってる……！\nこんなに笑ってるの、いつぶりだろう？）",
                "（ううん、咲希だけじゃない。父さんも母さんも、\nあの主役の人が歌って踊るたびに、どんどん笑顔になって……。\nまぶしくて、カッコいい……！）",
                "咲希……",
                "（あの日以来、よく咲希には即興劇を披露したり、\nミュージカルショーをマネして見せたりしたな……）",
                "（ん……考えてみると、\n咲希にちゃんとしたステージでのショーを披露したのは\n昨日が初めてか）",
                "（咲希も一歌達も、笑ってくれていたな……）",
                "おお、咲希か。スターへの階段をまた一歩のぼったことを\n実感していたところだ",
                "咲希のほうこそ、昨日は丸１日歩き回ってただろう？\n無理はしていないか？",
                "咲希や父さんや母さん、\n見ている人達みんなを笑顔にしたあのスターは、\n本当にかっこよかった",
                "無論、咲希もその中のひとりに入っているから安心しろ！",
                "見ていろ、咲希！　オレは……いやオレ達は、\nこれ以上ないくらい、すごいショーをやってみせる！"
            ]
        },
        {
            "fileName": "013009_tsukasa01",
            "talks": [
                "うっ……。\nオレは、オレは、なんていい妹をもったんだ！\n感動で、涙が……！　ありがとな、咲希！",
                "……大人のくせに、妹をふたりがかりで\nいじめている兄貴共を目撃してしまったんだ",
                "そう！　そうなんだ！\n片方が妹のことを、本人の目の前で侮辱したと思ったら……！",
                "もうひとりは、そいつの発言を咎めることもせず、\n妹の話もまっっっったく聞いてやらんのだ！",
                "それに、肝心の妹のほうも\nだんまりを決めこんでいてな……",
                "見ていろ、咲希！　オレはやるぞ！！"
            ]
        },
        {
            "fileName": "013010_tsukasa01",
            "talks": [
                "（咲希の体調も問題ないようだし、\nこの調子なら、無事にひな祭りを迎えられそうだ）",
                "フフフ、新しく、そして綺麗になったアレを見て、\n咲希も驚くに違いない！",
                "……咲希？",
                "咲希……",
                "（咲希はいつも元気にふるまっていたが、\n本当は病院でひとり、心細い夜を過ごしていた）",
                "咲希、眠れないならココアでも作ってやろうか？",
                "……覚えてたのか、咲希",
                "おやすみ、咲希"
            ]
        },
        {
            "fileName": "013010_tsukasa02",
            "talks": [
                "（ルカの言葉にはいろいろ考えさせられた。\nそのおかげで、咲希とも仲直りして\n無事にひな祭りパーティーもしてやれた）",
                "ルカ、伝えに来るのが遅くなってしまったが、\nあのあと、無事に妹とは仲直りできたぞ",
                "ああ。咲希や咲希の幼馴染み、\nそれにオレの後輩も一緒に誘って、盛大に祝ったぞ！",
                "オレの堂々たる乾杯のあと、\n我が妹の大好物であるポリポリチップスをみんなで食べてな！"
            ]
        },
        {
            "fileName": "013011_tsukasa01",
            "talks": [
                "（……オレとて、咲希と共に、\nあの遊園地には多くの笑顔をもらった）",
                "ん？　ああ、咲希か。\nどうした？",
                "ああ、そうだな……咲希はどっちがいいんだ？",
                "咲希……"
            ]
        },
        {
            "fileName": "013012_tsukasa01",
            "talks": [
                "うちの咲希が大ファンだからな！"
            ]
        },
        {
            "fileName": "013012_tsukasa02",
            "talks": [
                "どちらにしろ、マイペースで破天荒な妹や\n弟達が山ほどいて大変だな"
            ]
        },
        {
            "fileName": "014011_emu01",
            "talks": [
                "あー、そういえば咲希も、来週臨海学校だと言って、\nいろいろ準備を始めていたな",
                "いや、シュノーケリングの道具のことなど、\n咲希は一言も言ってなかったぞ"
            ]
        },
        {
            "fileName": "014011_emu02",
            "talks": [
                "そうだな！　めいっぱい楽しんでこい！\nあと、咲希達のこともよろしく頼む！"
            ]
        },
        {
            "fileName": "014012_emu02",
            "talks": [
                "咲希も、プールには入れなかったが、\nプールサイドで水のかけあいとかはよくしたな"
            ]
        },
        {
            "fileName": "015007_nene02",
            "talks": [
                "オレも、最初に見たショーは家族と見た。\n入院しがちな妹が、久しぶりに出かけられると喜んでいて……",
                "そのショーで妹があんまり喜ぶものだから、\nオレもこんな風に妹を笑わせられたらと思って、\nショーをするようになったんだ"
            ]
        },
        {
            "fileName": "025006_meiko02",
            "talks": [
                "今年は妹を含めて、\n家族全員でクリスマスをすごすことができたからな。\nかなり盛り上がったぞ！",
                "ああ。ちなみに妹は、イブに幼馴染みと\n念願のクリスマスパーティーをしたらしくてな"
            ]
        },
        {
            "fileName": "026009_kaito02",
            "talks": [
                "オレはただ、咲希のことを笑わせたかったんだ……",
                "あの日咲希と見たショーの、スターのように"
            ]
        },
        {
            "fileName": "areatalk02_044",
            "talks": [
                "今日はバイト代も入ったし、オレのおごりだ。\n咲希、この棚にあるお菓子から、\n好きな物を好きなだけ選ぶがいい！"
            ]
        },
        {
            "fileName": "areatalk02_056",
            "talks": [
                "おっと、悪いがこれはやれんぞ。\nお菓子に目がない、我が妹に頼まれたものだからな！",
                "待て待て！　少なくともオレの妹は実在するからな！？"
            ]
        },
        {
            "fileName": "areatalk02_093",
            "talks": [
                "もちろんだ。咲希も無事に学校に通えるようになったしな"
            ]
        },
        {
            "fileName": "areatalk02_107",
            "talks": [
                "ん？　おお、我が妹の友人じゃないか！\n一緒に記念撮影するか？"
            ]
        },
        {
            "fileName": "areatalk03_185",
            "talks": [
                "たしかこのあたりの雑貨屋で、\n妹が面白いものを見つけたと言っていたが……あった！"
            ]
        },
        {
            "fileName": "areatalk03_186",
            "talks": [
                "実は！　妹の咲希が体調を崩さずに\n学校に通えていることを讃えて、\nサプライズをしてやろうと考えていてな！",
                "いつもはオレが協力してやっているんだ。\n妹へのサプライズに協力してもらうぞ"
            ]
        },
        {
            "fileName": "areatalk03_304",
            "talks": [
                "ん……？ 　おお、星乃！　それに咲希の友達だな。\n何か用か？　サインならひとり１枚だぞ？"
            ]
        },
        {
            "fileName": "areatalk_ev_shuffle_05_001",
            "talks": [
                "もちろんいいぞ。迷ったらオレも\n咲希に似合いそうなものを選んでやろう！"
            ]
        },
        {
            "fileName": "areatalk_ev_shuffle_05_003",
            "talks": [
                "……いい加減決めたらどうだ、咲希。\nもう30分も悩んでいるぞ？",
                "はぁ。すまんな冬弥。\nこうなると咲希はなかなか動かなくてな……"
            ]
        }
    ]
}