{
    "mainStory": 0,
    "eventStory": 17,
    "cardStory": 4,
    "areaTalk": 1,
    "talkPacks": [
        {
            "fileName": "event_30_01",
            "talks": [
                "こはねちゃんだ～！！\nわんだほーい！",
                "実は、こはねちゃんとは、\nフェニックスワンダーランドで知りあったんだよっ☆",
                "こはねちゃんはあたし達、ワンダーランズ×ショウタイムの\nショーを初演から見てくれてるんだよ。\nその名も『ファン１号ちゃん』！"
            ]
        },
        {
            "fileName": "event_30_02",
            "talks": [
                "とうちゃーく！！\n……あれ、咲希ちゃんとこはねちゃん、もういたんだ！",
                "みんなでミュージカルをするのはどーかなっ？\nこはねちゃん、お歌が得意なんだよね？",
                "わあ、すっごく楽しそう！！\nこはねちゃん、どうかなっ？"
            ]
        },
        {
            "fileName": "event_30_04",
            "talks": [
                "あのあのっ、こはねちゃん！！",
                "ありがとう、こはねちゃん！",
                "そう！　だから、サビの前はあたしもこはねちゃんも、\nドロシーとエイミーみたいに、ちょっと話しづらそうな\n感じで歌うのがいいと思うんだ！",
                "たとえばだけど……こはねちゃんもお友達とケンカして、\n気まずくなったことないー？"
            ]
        },
        {
            "fileName": "event_30_05",
            "talks": [
                "そうなんだ、よかったー！\nあたしも、こはねちゃんと歌の練習をしてきたんだよー！",
                "あたしもこはねちゃんを手伝うよー！"
            ]
        },
        {
            "fileName": "event_30_06",
            "talks": [
                "じゃあ、みんなで穂波ちゃんとこはねちゃんが\n戻ってくるまでのあいだ、どうするか考えよー！"
            ]
        },
        {
            "fileName": "event_30_07",
            "talks": [
                "（……穂波ちゃんとこはねちゃんが急いでくれてるんだし、\nあたしも咲希ちゃんとミクちゃんと、もう少しがんばろう！）"
            ]
        },
        {
            "fileName": "event_36_06",
            "talks": [
                "わーい！　こはねちゃんだー！\nわんわんわんだほーい！",
                "次はこはねちゃん！\nあたしとダンスだよ～☆",
                "そうそう！\nこはねちゃん、今すっごく使い魔さんみたいになってる！"
            ]
        },
        {
            "fileName": "002012_saki02",
            "talks": [
                "ふたりとも、ヒトデさん苦手？\nこはねちゃんは？"
            ]
        },
        {
            "fileName": "003013_honami01",
            "talks": [
                "あ、せっかくだし、みんなで写真撮ろうよ！\nこはねちゃん、咲希ちゃん達も入って入ってー！"
            ]
        },
        {
            "fileName": "013012_tsukasa01",
            "talks": [
                "わーい！　じゃあ一歌ちゃんとこはねちゃんと\n一緒に練習できるんだ！　やったーっ☆"
            ]
        },
        {
            "fileName": "014011_emu02",
            "talks": [
                "そうなの！　あとね、みんなでハムハムしてるねーって、\n話してたファン１号のこはねちゃんも一緒なんだ♪"
            ]
        },
        {
            "fileName": "areatalk_ev_shuffle_10_004",
            "talks": [
                "あ、こはねちゃんも見てくれたの？"
            ]
        }
    ]
}