{
    "mainStory": 0,
    "eventStory": 14,
    "cardStory": 9,
    "areaTalk": 3,
    "talkPacks": [
        {
            "fileName": "event_24_02",
            "talks": [
                "——神代先輩？"
            ]
        },
        {
            "fileName": "event_24_03",
            "talks": [
                "司先輩が俺のために、わざわざ神代先輩に連絡を……",
                "神代先輩？",
                "……ありがとうございます、神代先輩！"
            ]
        },
        {
            "fileName": "event_24_04",
            "talks": [
                "はい。\nよろしくお願いします、神代先輩"
            ]
        },
        {
            "fileName": "event_24_05",
            "talks": [
                "神代先輩",
                "神代先輩は、なんの利益もないのに\n今回の演出を引き受けてくれたんだ",
                "神代先輩も、同じ気持ちだ"
            ]
        },
        {
            "fileName": "event_24_06",
            "talks": [
                "（いや、こちらが普段どおりの神代先輩なんだろうか）",
                "ですが——神代先輩のやりかたも、少し理解できます"
            ]
        },
        {
            "fileName": "event_24_07",
            "talks": [
                "神代先輩……",
                "——みんないい笑顔ですね。神代先輩"
            ]
        },
        {
            "fileName": "event_24_08",
            "talks": [
                "神代先輩？\nどうされたんですか",
                "（これもまた、神代先輩なりの追求なのかもしれないな）"
            ]
        },
        {
            "fileName": "011008_akito01",
            "talks": [
                "いや、最終リハーサルをするために、\n神代先輩を待っているんだ",
                "そうだな。\nだが、神代先輩には考えがあるんだろう",
                "……たしかに、神代先輩の行動は\n一見すると突拍子もないものに思える",
                "きっと、司先輩と同じなんだ。神代先輩は",
                "そうか……神代先輩のアドバイスのおかげだな",
                "……たしかに、神代先輩の行動は\n一見すると突拍子もないものに思える"
            ]
        },
        {
            "fileName": "012010_touya01",
            "talks": [
                "（神代先輩、気合いが入っているな。\nチーム全体にいい意味で緊張感があるし、問題なさそうだ）",
                "それはきっと、神代先輩が事前にチーム編成を\nしっかりしてくれていたからだろう",
                "（彰人はきっと、神代先輩のことを誤解している……）"
            ]
        },
        {
            "fileName": "areatalk03_167",
            "talks": [
                "神代先輩のことか？",
                "それが神代先輩の仕業だと？"
            ]
        },
        {
            "fileName": "areatalk_ev_shuffle_08_002",
            "talks": [
                "神代先輩、少しいいですか？"
            ]
        }
    ]
}