{
    "mainStory": 0,
    "eventStory": 4,
    "cardStory": 14,
    "areaTalk": 2,
    "talkPacks": [
        {
            "fileName": "event_33_01",
            "talks": [
                "たしかに日野森さん、結構矢数かけてたよね？\n疲れてない？",
                "日野森さん、どうしたの？　何か悩みごと？",
                "ふふ、日野森さんはメンバー想いなんだね",
                "大したことはしてないよ。\nでも、日野森さんの力になれたならよかった"
            ]
        },
        {
            "fileName": "008003_shizuku02",
            "talks": [
                "あれ？　日野森さん？",
                "気にしないで、日野森さんは忙しいんだし",
                "ところで……日野森さん、何だか楽しそうだね",
                "日野森さん、新しいグループに入ったんだよね。\nだからなのかな、なんだかいきいきしてるなって感じて",
                "……そっか、色々あったんだね。日野森さんにも"
            ]
        },
        {
            "fileName": "018002_mafuyu02",
            "talks": [
                "さあ。日野森雫っていって、有名なアイドルみたいだけど、\n私はよく知らない。それで――"
            ]
        },
        {
            "fileName": "018011_mafuyu01",
            "talks": [
                "日野森さん。お疲れ",
                "あんまりいいアドバイスはできなかったけど……。\n日野森さんの力になれて、嬉しいな",
                "日野森さんも？"
            ]
        },
        {
            "fileName": "018012_mafuyu01",
            "talks": [
                "おはよう、日野森さん",
                "日野森さん？",
                "ふふ。ありがとう、日野森さん。\n心配してくれて",
                "ふふ。それに日野森さんっていう\n部活でも頼りになる友達もいるから",
                "うん。ありがとう、日野森さん"
            ]
        },
        {
            "fileName": "areatalk_ev_shuffle_11_003",
            "talks": [
                "日野森さんって、よく水筒を持ってきてるね。\n中身はお茶とか、スポーツドリンク？",
                "たしかに、ちょっと珍しいよね。\nでも、なんとなく日野森さんに合ってるような気がするし、\nいいんじゃないかな"
            ]
        }
    ]
}