{
    "mainStory": 0,
    "eventStory": 1,
    "cardStory": 1,
    "areaTalk": 1,
    "talkPacks": [
        {
            "fileName": "event_08_07",
            "talks": [
                "え？　えっと、あなたは……メイコ？"
            ]
        },
        {
            "fileName": "015007_nene02",
            "talks": [
                "（ミクやメイコさんも、わたしのこと気にかけてくれてて……）"
            ]
        },
        {
            "fileName": "areatalk_ev_wonder_02_008",
            "talks": [
                "うん。ほらネネロボ、メイコさんだよ"
            ]
        }
    ]
}