{
    "mainStory": 6,
    "eventStory": 5,
    "cardStory": 23,
    "areaTalk": 16,
    "talkPacks": [
        {
            "fileName": "vsstreet_01_03",
            "talks": [
                "あっメイコ……！\nえっと、そのわたし……",
                "メイコ……ありがとう。\nじゃあ、少しだけ寄って行こうかな",
                "そっか、そうだよね……！　わたし、メイコの言う通り\nレンに会って、ちゃんと話するよ！",
                "うん。レンもわたしも\nメイコが作ってくれたレモンソーダをよく頼んで……",
                "ごめん、メイコ。\nまだ飲めない。レンと一緒に飲みたいの",
                "うん、ありがと、メイコ！\nすぐレンと戻ってくるから"
            ]
        },
        {
            "fileName": "event_09_06",
            "talks": [
                "メイコの特別メニュー、ずーっと楽しみにしてたんだよね！"
            ]
        },
        {
            "fileName": "event_09_07",
            "talks": [
                "じゃあさ、ミクとメイコでペア組んで、わたし達と対戦してよ！"
            ]
        },
        {
            "fileName": "event_12_08",
            "talks": [
                "やっほー！　遊びに来たよー！\nメイコ、今日はココアが飲みたいな♪"
            ]
        },
        {
            "fileName": "event_19_05",
            "talks": [
                "……ねえ、メイコ"
            ]
        },
        {
            "fileName": "event_27_02",
            "talks": [
                "うわー、カンペキ出遅れちゃったじゃん！\nめーこ姉、いるなら呼んでよ～っ！"
            ]
        },
        {
            "fileName": "012006_touya02",
            "talks": [
                "あっ、メイコちょうどいいところに！\nほら、この写真見て！",
                "ねえ、メイコ！　お店の中探したら、\nどこかからわたあめを作る機械、出てこないかな？"
            ]
        },
        {
            "fileName": "021012_miku01",
            "talks": [
                "うん！　メイコ、テーブル貸してね！"
            ]
        },
        {
            "fileName": "021015_miku02",
            "talks": [
                "めーこ姉、ルカ姉！\nもう、遅いよ～！"
            ]
        },
        {
            "fileName": "022004_rin01",
            "talks": [
                "やっほーメイコ！",
                "……ねぇ、メイコ",
                "う……メイコはすごいなぁ",
                "ダメー！　レンには教えてあげない！\nわたしとメイコの秘密だもんっ"
            ]
        },
        {
            "fileName": "022004_rin02",
            "talks": [
                "ありがと、メイコ！",
                "メイコ、どうしたの？\n急に笑って……",
                "メイコ、ありがとう～！\nじゃあわたしは……このおすすめケーキで！"
            ]
        },
        {
            "fileName": "022009_rin01",
            "talks": [
                "（あっ、ルカ姉とめーこ姉がいる！　あとは～……）"
            ]
        },
        {
            "fileName": "022011_rin01",
            "talks": [
                "（メイコ、何してたんだろう。\nまた、見てただけ、かな……？）",
                "メイコがいたの、気づいてたんだ",
                "……メイコみたいに、\nどっか行ったほうがよかった？"
            ]
        },
        {
            "fileName": "023006_len01",
            "talks": [
                "それでメイコ、今日は何を手伝ったらいいの？"
            ]
        },
        {
            "fileName": "024011_luka01",
            "talks": [
                "うん。それに、メイコもいるよ",
                "……メイコ、どっちの味方なの？",
                "うん。メイコは、まふゆ達のそばにもあんまり近寄らない。\n離れて見ていたいんだって"
            ]
        },
        {
            "fileName": "025008_meiko01",
            "talks": [
                "見守るのはわかるけど……。\nメイコは、それで何を知りたいの？",
                "ねえ、メイコ"
            ]
        },
        {
            "fileName": "025011_meiko01",
            "talks": [
                "なんでメイコだけなの？\nみんなは！？",
                "ねえねえメイコ、その悩み相談って何を相談されたの？"
            ]
        },
        {
            "fileName": "areatalk01_109",
            "talks": [
                "って、ここのセカイ落書きだらけだよ～！\nメイコのカフェで待ち合わせにすればよかったー！"
            ]
        },
        {
            "fileName": "areatalk01_110",
            "talks": [
                "わっ、すごーい！　レンが言った通り、さっきの細い道、\nメイコのカフェの前につながってたんだ！"
            ]
        },
        {
            "fileName": "areatalk01_111",
            "talks": [
                "この場所、開けてるし、メイコのお店も近いし\n歌うのにちょうどいいかも！"
            ]
        },
        {
            "fileName": "areatalk02_407",
            "talks": [
                "ミク、メイコのお店のお手伝いって、面白い？"
            ]
        },
        {
            "fileName": "areatalk02_408",
            "talks": [
                "ミク！　わたしね、メイコのお店のお手伝いしたの！"
            ]
        },
        {
            "fileName": "areatalk02_410",
            "talks": [
                "うん！　だって、絶対に間違えないでしょ？\nちょっと待つことになっても、\nメイコやミクがいるからつまらなくないし"
            ]
        },
        {
            "fileName": "areatalk02_411",
            "talks": [
                "メイコ。お店で流れてる曲、いつもと雰囲気違ってたね。\nどれもちょっと大人っぽかったっていうか"
            ]
        },
        {
            "fileName": "areatalk02_412",
            "talks": [
                "メイコのお店って、なんだかず～っと\nいたくなっちゃうんだよね。ふしぎー",
                "あ……メイコやミクやレンに、\nこはねちゃん達にも会えるからかな？"
            ]
        },
        {
            "fileName": "areatalk_ev_night_03_008",
            "talks": [
                "メイコはね……"
            ]
        },
        {
            "fileName": "areatalk_ev_shuffle_03_038",
            "talks": [
                "あははっ！　メイコってば、\nそれもうコーヒーカップじゃなくて飛行機になっちゃうよ～"
            ]
        },
        {
            "fileName": "areatalk_ev_street_02_004",
            "talks": [
                "ねえ、杏ちゃん！\n今度またメイコのカフェのお手伝いするんだけど、\nかわいいエプロンつけてお手伝いしたいんだ"
            ]
        },
        {
            "fileName": "areatalk_ev_street_02_005",
            "talks": [
                "その人ってミクとメイコだったら、\nどっちに似てるの？"
            ]
        },
        {
            "fileName": "areatalk_ev_street_02_007",
            "talks": [
                "今、メイコに教わりながら、初めてコーヒーいれてみたの！\nよかったら、飲んでみてほしいな",
                "うん！　冬弥くんはコーヒーに詳しいって\nメイコも言ってたし！"
            ]
        },
        {
            "fileName": "areatalk_ev_street_02_008",
            "talks": [
                "うん♪　最近よくメイコのお店を手伝うようになったから、\nみんなの好みを知っておきたいなって思って！"
            ]
        }
    ]
}