{
    "mainStory": 0,
    "eventStory": 7,
    "cardStory": 6,
    "areaTalk": 0,
    "talkPacks": [
        {
            "fileName": "event_27_02",
            "talks": [
                "そんなわけで、キミ達のこともあだ名で呼ばせてね♪\nサッキー、いっちー、ほなっち、しほぴょん！",
                "あっ、それかも～！\nあたしもミクぴょんやルカ姉達みたいに、\nいっちー達の力になりたいもん！"
            ]
        },
        {
            "fileName": "event_27_08",
            "talks": [
                "あたしもあたしも～！\nフレー！　フレー！　いっちーサッキーほなっちしほぴょん！"
            ]
        },
        {
            "fileName": "event_33_07",
            "talks": [
                "あれ？　いっちーは何か作ったりしないの？"
            ]
        },
        {
            "fileName": "event_34_02",
            "talks": [
                "あ、いっちー達だ！\nしほぴょんも元気そうだねーっ♪",
                "いっちー達が帰った頃に、\nのそのそーって入ってくるんだもん！\n今日も来ないかもって思ったんだよ～？"
            ]
        },
        {
            "fileName": "event_36_06",
            "talks": [
                "えっ！　いっちー、そんなことしてたんだ！"
            ]
        },
        {
            "fileName": "002013_saki01",
            "talks": [
                "『それで、元気がなかった理由ってやっぱアレ？\nいっちーがやってる歌詞作り』",
                "『そっか～。いっちー、苦戦中なんだ』",
                "『えっとね。実はいっちー、\n夜ひとりでセカイに来てるんだよね』",
                "いっちー、今日も来てるみたいだね！\n行こっ、サッキー！"
            ]
        },
        {
            "fileName": "002013_saki02",
            "talks": [
                "あ、ねえねえ！\nいっちーのお返しのクッキー食べてもいい？",
                "いっちー、マジサンキュー♪"
            ]
        }
    ]
}