{
    "mainStory": 0,
    "eventStory": 5,
    "cardStory": 11,
    "areaTalk": 1,
    "talkPacks": [
        {
            "fileName": "event_16_02",
            "talks": [
                "な……！　ついに巡音ルカまで……！"
            ]
        },
        {
            "fileName": "event_16_06",
            "talks": [
                "ルカを手伝えばいいんだったな！\n行ってくる！",
                "ルカ！　飾りつけを手伝うぞ！\n……ん？",
                "ルカ……",
                "すまん、ルカ！　飾りつけの途中だが……！"
            ]
        },
        {
            "fileName": "013010_tsukasa02",
            "talks": [
                "（ルカの言葉にはいろいろ考えさせられた。\nそのおかげで、咲希とも仲直りして\n無事にひな祭りパーティーもしてやれた）",
                "お、おいルカ！\nどうしたんだ！？",
                "それはこっちのセリフだ！\nどうしたんだ、ルカ！　大丈夫か！？",
                "だから！　ルカ、お前が倒れただろう！？",
                "実は、ルカが倒れたと思って\n慌てて声をかけたんだが……",
                "ルカ、伝えに来るのが遅くなってしまったが、\nあのあと、無事に妹とは仲直りできたぞ",
                "あんなに楽しいひな祭りができたのは、\nルカのおかげだ"
            ]
        },
        {
            "fileName": "013012_tsukasa02",
            "talks": [
                "これだけ賑やかな中で、やはりルカは寝ているんだな……"
            ]
        },
        {
            "fileName": "014013_emu02",
            "talks": [
                "おーい、ルカ。ブランケット持ってきてやったぞー。\n寝るなら……って、お！"
            ]
        },
        {
            "fileName": "024012_luka02",
            "talks": [
                "……本当にルカに審判を任せて大丈夫なのか？",
                "では、体調面および、ルカの寝落ち防止を考慮して、\n10点ということにしておくか"
            ]
        },
        {
            "fileName": "areatalk_ev_shuffle_05_006",
            "talks": [
                "おーい、ルカ。どこだー？\nカイトが次のショーのことで話がしたいと……"
            ]
        }
    ]
}