{
    "mainStory": 0,
    "eventStory": 6,
    "cardStory": 13,
    "areaTalk": 1,
    "talkPacks": [
        {
            "fileName": "event_19_02",
            "talks": [
                "やー、びっくりしたなぁ。\nまさかリンに続いてメイコまで来るなんて"
            ]
        },
        {
            "fileName": "event_35_03",
            "talks": [
                "へへっ、ごめんごめん。\nお店で見た時、リンに似合いそう！ってビビッときちゃってさ",
                "ありがと、リン！\nまふゆはどうかな？",
                "よし決まり！　それじゃ、\nさっそく見せてもらお、リン！",
                "……ははーん。\nリンってば、ボクのこと心配してくれてるのー？",
                "ボクは全然だいじょーぶだよ。\nありがと、リン！"
            ]
        },
        {
            "fileName": "017006_kanade01",
            "talks": [
                "『え？　この声……もしかしてリン！？』",
                "『よろしくねー！　リン！』"
            ]
        },
        {
            "fileName": "020012_mizuki01",
            "talks": [
                "さて、リンはどこかなーっと",
                "あ、これ？　コサージュだよ。\nリンに合いそうって思って、買っておいたんだ♪",
                "ルカ、リンがどの辺りにいるかわかる？",
                "……リンを、探しに行こうかな"
            ]
        },
        {
            "fileName": "022011_rin01",
            "talks": [
                "あれ、リンじゃん。やっほー♪",
                "ん？　リン、なんで背中合わせで座るの？\n隣に来ればいいのに",
                "あはは。リンが嫌ならしないよ",
                "メイコも見てただけでどっか行っちゃうし、\nリンも顔見せてくれないなんて、残念だな～",
                "それで、リンは何をしに来たの？",
                "やったー！　ありがと、リン♪",
                "あ、そうだ。少し前にさ、\nリンに合いそうなコサージュ見つけたんだ"
            ]
        },
        {
            "fileName": "areatalk_ev_night_02_010",
            "talks": [
                "リンが来てくれて、ホントよかったなーって思ってさ"
            ]
        }
    ]
}