{
    "mainStory": 0,
    "eventStory": 2,
    "cardStory": 12,
    "areaTalk": 2,
    "talkPacks": [
        {
            "fileName": "event_21_01",
            "talks": [
                "いつもはリンもレンも自分のアイスに名前を書いてるから、\nこれはきっとボクのためにメイコが\n用意してくれたんだって思いこんじゃって——"
            ]
        },
        {
            "fileName": "event_34_02",
            "talks": [
                "……盛り上げすぎだよ、リン"
            ]
        },
        {
            "fileName": "014013_emu02",
            "talks": [
                "実は、リンから\nえむちゃんが来るかもしれないって聞いていたしね"
            ]
        },
        {
            "fileName": "022008_rin01",
            "talks": [
                "だから、リンが頑張るんじゃなくて、\nみんなで頑張ろう。ね？",
                "真剣になるのは悪いことじゃないよ。\nでもきっと、リンの場合は頑張ろうって思いすぎると\n逆にうまくいかなくなっちゃうんだろうね"
            ]
        },
        {
            "fileName": "022012_rin02",
            "talks": [
                "ミク、メイコ、それとルカ……は寝てるから、\nふたりともリンのフォロー、よろしく",
                "じゃあリン、こっちにおいで。\n類くんが準備してくれた命綱をつけよう",
                "リン、レン、木の枝と建物に見立てたセットがあるから、\nまずはそこに登ってくれるかい？"
            ]
        },
        {
            "fileName": "026001_kaito02",
            "talks": [
                "わっ……リン、レン！？\nふたりとも、出てくるのもうちょっと後のはずじゃ……",
                "ふぅ……リンとレンがお騒がせしました"
            ]
        },
        {
            "fileName": "026006_kaito02",
            "talks": [
                "そういえば最近リンに会えてないな。\nリンのことだから、\nきっと元気にどこかで遊んでるんだろうけど……",
                "リンと一緒にショーがしたくてウズウズしてるのかもね"
            ]
        },
        {
            "fileName": "026009_kaito01",
            "talks": [
                "あ、いたいた。レンとリン達のチームだ",
                "（よかった、リンも楽しそうだ）"
            ]
        },
        {
            "fileName": "areatalk_ev_street_03_004",
            "talks": [
                "おっと、そろそろリンとレンとの待ちあわせの時間か。\nんー、調子いいしこのまま作業したいけど……"
            ]
        },
        {
            "fileName": "areatalk_ev_street_04_006",
            "talks": [
                "うん、それはボクも考えたんだけど……。\nリンやレンもしてるから、目新しさがないんだよね～"
            ]
        }
    ]
}