{
    "mainStory": 0,
    "eventStory": 15,
    "cardStory": 18,
    "areaTalk": 0,
    "talkPacks": [
        {
            "fileName": "event_13_06",
            "talks": [
                "あ、うん……。さっき、星乃さん達が\n深刻な雰囲気だったから気になって"
            ]
        },
        {
            "fileName": "event_13_08",
            "talks": [
                "っ！　え……星乃さん……！？",
                "（……わたしの歌が、誰かの心に届いてる。\n日野森さんにも、星乃さんにも……）"
            ]
        },
        {
            "fileName": "event_18_01",
            "talks": [
                "あ、うん。よろしく、星乃さん",
                "星乃さんに足りないのは、多分、自信なんじゃないかな",
                "うん。\n初めて星乃さんの歌を聴いた時、\nなんとなく、迷いながら歌ってるように聴こえた",
                "その時は、歌っても歌っても、何かが足りないって思ってた。\n多分、今の星乃さんと同じ感覚だと思う",
                "それより、星乃さんが『歌ってて楽しい』って\n思える瞬間を見つけていくほうがいいような気がする"
            ]
        },
        {
            "fileName": "event_25_04",
            "talks": [
                "（……だ、大丈夫！\n星乃さんにだって教えられたし、きっと……！）"
            ]
        },
        {
            "fileName": "event_36_02",
            "talks": [
                "……へぇ、バーチャル・シンガーの感謝祭、か。\nそれに星乃さんは出るんだね",
                "ねえ、星乃さん。\nそれって、まだ空きがあったりする？",
                "（星乃さんの友達か……。どんな子なんだろう）"
            ]
        },
        {
            "fileName": "event_36_06",
            "talks": [
                "まあ、紹介するも何も\n小豆沢さんと星乃さんはわたし達のこと知ってるし……",
                "ちょっと。司はともかく、星乃さん達に何する気？\n少しは加減を——",
                "……星乃さん達には、ちゃんと配慮してるんだ"
            ]
        },
        {
            "fileName": "001008_ichika02",
            "talks": [
                "……おまたせ、星乃さん。\n結構待たせちゃったよね",
                "い、いいよ。\nわたしも、星乃さんと歌うの楽しいし……"
            ]
        },
        {
            "fileName": "013012_tsukasa01",
            "talks": [
                "えっと……まず、みんなも知ってる星乃さん。\nファンフェスタのことも、星乃さんが教えてくれたの"
            ]
        },
        {
            "fileName": "015008_nene01",
            "talks": [
                "え……あ、星乃さん",
                "うん、そう。\n星乃さんは……ギターケース持ってるってことは……",
                "（あ。でも、星乃さんってえむと同じ学校だ……）",
                "星乃さん。話、聞いてくれてありがとう。\nそれと、星乃さんの知りあいの話も……"
            ]
        },
        {
            "fileName": "015008_nene02",
            "talks": [
                "（あ……星乃さんからだ。\n『また今度、練習を見てほしい』か……）"
            ]
        },
        {
            "fileName": "015009_nene01",
            "talks": [
                "（あの人達に教えてる時、\n星乃さんとの練習を思いだして、なんとかやれたけど……）",
                "え、えっと……。星乃さん達にとって、\nフェニックスワンダーランドって思い出の場所、なんだよね",
                "それは、星乃さんが頑張って練習してるからで……",
                "星乃さん……",
                "ふふ。星乃さんがそこまで言うなら、\n信じてみようかな",
                "ありがとう、星乃さん。\n今日は、わたしが教えてもらっちゃったね",
                "星乃さん、本当にありがとう。\nわたし、頑張ってくるから"
            ]
        },
        {
            "fileName": "016007_rui02",
            "talks": [
                "あ……。\n……星乃さんのことなんだけど"
            ]
        },
        {
            "fileName": "022006_rin02",
            "talks": [
                "星乃さんとは、あれからまだ会ってなくて……",
                "あ……ほ、星乃、さん……！"
            ]
        }
    ]
}