{
    "mainStory": 14,
    "eventStory": 19,
    "cardStory": 52,
    "areaTalk": 11,
    "talkPacks": [
        {
            "fileName": "leo_01_00",
            "talks": [
                "だから、私とルカは一歌に……\nううん、一歌とみんなに、本当の想いを見つけてほしいんだ"
            ]
        },
        {
            "fileName": "leo_01_07",
            "talks": [
                "うん。ルカはよくここで私と一緒に演奏してくれるの。\n私のバンド仲間……みたいな感じかな"
            ]
        },
        {
            "fileName": "leo_01_10",
            "talks": [
                "ルカ……！　そこで見てたの？"
            ]
        },
        {
            "fileName": "vsleo_01_01",
            "talks": [
                "ルカみたいな感じかな？",
                "……うん。\nルカみたいに落ち着いてアドバイスができたら\n先輩って感じがしそう",
                "……いい感じだけど、これじゃあルカのモノマネみたい",
                "わっ！　ル、ルカ！？",
                "……うん。\n心配してくれてありがとう、ルカ",
                "ところで、ルカは“先輩”って\nどんなものだと思う？"
            ]
        },
        {
            "fileName": "vsleo_01_02",
            "talks": [
                "あ、ルカ！",
                "……えっ？　\nもしかしてルカ、あれ見てたの！？",
                "うう、ルカのいじわる……",
                "うん。よろしくね、ルカ先輩"
            ]
        },
        {
            "fileName": "vsleo_01_04",
            "talks": [
                "うん。まあね。\nでも、そういうルカこそ、嬉しそうじゃない？"
            ]
        },
        {
            "fileName": "event_01_03",
            "talks": [
                "さすがだね、ルカ",
                "みんな楽しそうだけど……。\nルカは、まだ心配？"
            ]
        },
        {
            "fileName": "event_01_07",
            "talks": [
                "ルカ、いないな……。\nどこにいっちゃったんだろう",
                "……あ。あんなところに。　\nルカと……咲希？",
                "（咲希、なんだか元気がなさそう。\nだから、ルカが咲希の話を聞いてあげてるのかな）",
                "（……そういうことなら、ルカ先輩に任せたほうがいいかな）"
            ]
        },
        {
            "fileName": "event_01_08",
            "talks": [
                "はい、ジュース。\nルカ、なんだか優雅だね",
                "……ふぅ。やっぱり、まだまだルカには敵わないな"
            ]
        },
        {
            "fileName": "event_09_10",
            "talks": [
                "楽しそうだけど……、\nルカと一緒だと、一晩中ギターの特訓することになりそう",
                "『ルカってば、ずっとまだかなってそわそわしてたよね』"
            ]
        },
        {
            "fileName": "event_09_11",
            "talks": [
                "『ルカは何をお願いするの？』"
            ]
        },
        {
            "fileName": "event_10_02",
            "talks": [
                "私がギターで、ルカがベース、メイコがドラムでいい？"
            ]
        },
        {
            "fileName": "event_11_02",
            "talks": [
                "ルカちゃんは、歌もダンスもトークも得意なんだよ♪"
            ]
        },
        {
            "fileName": "event_16_06",
            "talks": [
                "わあ！　ありがとう☆　とっても助かるよ～♪\nあっちでルカが飾りつけしてるから、一緒に……"
            ]
        },
        {
            "fileName": "event_16_08",
            "talks": [
                "それじゃあ、ようこそルカー♪\nお祝いのひな祭りパーティー、はっじまるよ～♪"
            ]
        },
        {
            "fileName": "event_18_06",
            "talks": [
                "ちょ……ルカ！　それはもう言わないでってば！",
                "『先輩』って、ルカやメイコみたいな人のことを\n言うんだと思ってたから",
                "うん、だってルカは優しくてしっかりしてるし、\nメイコは頼りがいがあるし……",
                "ルカ、メイコ……"
            ]
        },
        {
            "fileName": "001004_ichika02",
            "talks": [
                "ちょ、ちょっとルカ……！"
            ]
        },
        {
            "fileName": "001007_ichika02",
            "talks": [
                "『あ……。ルカ、メイコ、見て！』"
            ]
        },
        {
            "fileName": "021002_miku01",
            "talks": [
                "じゃあ、準備しよっか。\nルカ、こっちのチューナー使う？",
                "弦がサビてないかとか緩んでないかとかでしょ？\nいつも、弾き始める前にチェックしてるよ。\nルカから教えてもらった通りにね"
            ]
        },
        {
            "fileName": "021005_miku01",
            "talks": [
                "それからね、次はイルカと一緒に水中ショーもやってみたくて、\n今カイトにお願いしてるの！"
            ]
        },
        {
            "fileName": "021013_miku01",
            "talks": [
                "メイコ、ルカ。揃ってどうしたの？",
                "じゃあ、あの公園で見たような桜、\nルカやメイコとも見られるんだね",
                "（ルカやメイコと一緒に桜、見たかったんだけどなあ）",
                "うん。……あ！\nこの生地の色、ルカの髪の色に近いかも",
                "あ、こっちの生地は\nルカが着てる服のチェック柄と似てる",
                "まあね。ルカ、ダメ？",
                "（この前、一歌と見た桜はすごく綺麗だった。\nだからルカとメイコにも、絶対見てほしい）",
                "できた……！　ルカのてるてる坊主！",
                "——てるてるルカ、明日は晴れでよろしくね"
            ]
        },
        {
            "fileName": "021013_miku02",
            "talks": [
                "『あ……。ルカ、メイコ、見て！』",
                "（……ルカ？　どうしたんだろう？）",
                "『ルカ、志歩がどうかしたの？』",
                "（……！　さすがルカ、綺麗にあわせてくれてる！）"
            ]
        },
        {
            "fileName": "021015_miku01",
            "talks": [
                "ルカ、つきあってくれてありがとう",
                "それは、ルカもでしょ？"
            ]
        },
        {
            "fileName": "024003_luka01",
            "talks": [
                "ルカ、ここにいたんだ",
                "うん。ルカは、考えごと？"
            ]
        },
        {
            "fileName": "024005_luka01",
            "talks": [
                "それに……今日、咲希はルカにお礼を言いに来たんでしょ？\n私が邪魔しちゃ悪いと思って",
                "……ルカ？　何？　じっと見て"
            ]
        },
        {
            "fileName": "024005_luka02",
            "talks": [
                "あ、ルカ！",
                "うん。でも、プラネタリウムごっこの時の咲希は、\nルカのおかげでもう吹っ切れたって感じだったね",
                "私もルカみたいに、背中を押せる先輩になるよ"
            ]
        },
        {
            "fileName": "024006_luka01",
            "talks": [
                "『ルカ、今度は絵馬だって！』"
            ]
        },
        {
            "fileName": "024006_luka02",
            "talks": [
                "あ、ルカ。どうかしたの？",
                "あー、ルカの代わりに引いた、おみくじのこととか？",
                "えっと……“願いごと、遠からず叶う”……？\nルカ、叶えたい願いごとがあるの？"
            ]
        },
        {
            "fileName": "024008_luka01",
            "talks": [
                "やったやった♪　このセカイにルカも来てくれたんだっ☆",
                "あっ！　ルカ、おはようっ☆",
                "寝ちゃった！？　ルカ、まだ寝ないでー！\nあっちのステージに行けば、カイトやメイコもいるんだよー！",
                "あ、ルカいた～っ☆",
                "ほわわっ！　またルカが寝ちゃう！？",
                "すごーい！　ルカが起きてくれたよ！\nレン、やるぅ～♪",
                "うん♪　早く会わせてあげたいなっ☆\nねえねえ、ルカも楽しみでしょ？"
            ]
        },
        {
            "fileName": "024008_luka02",
            "talks": [
                "えへへっ☆　ルカの寝顔、すっごくにっこにこ♪"
            ]
        },
        {
            "fileName": "024009_luka01",
            "talks": [
                "ルカちゃん、もしかしてメリハリのつけかたを\nみのりちゃんに教えてあげようとしてるのかもね！"
            ]
        },
        {
            "fileName": "024009_luka02",
            "talks": [
                "ルカちゃん、練習お疲れさま！",
                "そうだね。それに、ルカちゃんのサポートもあったもんね♪",
                "ルカちゃんが緩急とか、力の抜きかたを教えてあげてから\nみのりちゃん、あんまり力まなくなったから"
            ]
        },
        {
            "fileName": "024010_luka02",
            "talks": [
                "ルカちゃんと練習してたの？",
                "うん！　さすがルカちゃん♪",
                "うん！　これならライブ中も安心だね。\nありがとう、ルカちゃん！",
                "ル、ルカちゃん！？",
                "もう、ルカちゃんってばー！"
            ]
        },
        {
            "fileName": "024011_luka01",
            "talks": [
                "あ……ルカ？",
                "……ルカは、どうするの？"
            ]
        },
        {
            "fileName": "024011_luka02",
            "talks": [
                "あ、ルカ"
            ]
        },
        {
            "fileName": "026009_kaito01",
            "talks": [
                "あれれ～？　ルカ、寝てるよ"
            ]
        },
        {
            "fileName": "areatalk02_328",
            "talks": [
                "ねぇ、ルカ。演奏の時、たまに使ってるトライアングルとか、\nときどき吹いてるフルートとか、どこから持って来るの？"
            ]
        },
        {
            "fileName": "areatalk02_329",
            "talks": [
                "……！　相変わらず、ルカのベースはカッコイイ……！\nよし、感じたまま……感じたまま……"
            ]
        },
        {
            "fileName": "areatalk02_346",
            "talks": [
                "ねえ、ルカ。一歌達とセカイ探検をしようと\n思うんだけど、一緒に来る？"
            ]
        },
        {
            "fileName": "areatalk_ev_idol_02_012",
            "talks": [
                "ルカちゃん、やっとセカイに来てくれたね♪",
                "そうだよ。ルカちゃんが来てくれたら、\nどんなライブができるかなって、リンちゃんと話もしてたの！",
                "うん！　よろしくね、ルカちゃん！"
            ]
        },
        {
            "fileName": "areatalk_ev_night_04_011",
            "talks": [
                "あ……ルカ。ちょうどよかった……"
            ]
        },
        {
            "fileName": "areatalk_ev_shuffle_05_010",
            "talks": [
                "見て見てっ、ルカ！\n類くんが作ってくれたよーっ☆",
                "でしょでしょっ？　今からミクがこれに入るから、ルカには\nこのスイッチを押してほしいの！"
            ]
        },
        {
            "fileName": "areatalk_ev_shuffle_06_010",
            "talks": [
                "ルカからも何か言ってやってよ"
            ]
        },
        {
            "fileName": "areatalk_ev_special_01_001",
            "talks": [
                "あれ？　ルカ、何しているの？"
            ]
        }
    ]
}