{
    "mainStory": 27,
    "eventStory": 36,
    "cardStory": 58,
    "areaTalk": 16,
    "talkPacks": [
        {
            "fileName": "vswonder_01_04",
            "talks": [
                "類はどんなアイディアも興味を持って形にしてくれるし、\n寧々の冷静さにはいつも助けられてる"
            ]
        },
        {
            "fileName": "wonder_01_05",
            "talks": [
                "A組の天馬司だ！\n神代類はいるか？",
                "入れ違ったか。\nすまないが、神代の行きそうな場所を知らないか？\nもしくは伝言を頼んでも……",
                "なんと……カメラやマイクまでついている！\nこれは神代が作ったのか？",
                "そうだ。単刀直入に言おう。\n神代類！　このオレとともにショーをするぞ！"
            ]
        },
        {
            "fileName": "wonder_01_06",
            "talks": [
                "そしてオレなら、神代のどんな演出にも、\n12000％の結果で応えてみせる！！！",
                "ん？　いや、役者も探しているぞ。\nできれば神代にも演出家としてだけでなく、\n役者として出てもらいたいと思っている",
                "司でいい。よろしく頼むぞ、類！"
            ]
        },
        {
            "fileName": "wonder_01_07",
            "talks": [
                "はあ……。あのなあ類。\nオレがほしいのはロボットじゃない。ショーをやれる人間だ",
                "ふん、やってみろ。\nいくら類の作ったロボットとはいえ……"
            ]
        },
        {
            "fileName": "wonder_01_09",
            "talks": [
                "……類。　\n……ちょっとくらいならやってもいいぞ"
            ]
        },
        {
            "fileName": "wonder_01_10",
            "talks": [
                "お、おい！　どこに行くんだ類！",
                "おお、類。戻ったか。\n演技のヒントも掴めたことだ、そろそろ帰……"
            ]
        },
        {
            "fileName": "wonder_01_11",
            "talks": [
                "類、もう終わったかのような言い方は早いぞ。　\n本番は、練習の10000000倍のショーを見せるぞ！！",
                "類、寧々、それにえむ。\nみな、オレには及ばんがよくついてきてくれたな。\n明日のショーは必ずすばらしいショーにするぞ！"
            ]
        },
        {
            "fileName": "wonder_01_12",
            "talks": [
                "（時間を稼ぐ……！　寧々、類、頼む！\nなんとかステージを続けられるように……！）"
            ]
        },
        {
            "fileName": "wonder_01_14",
            "talks": [
                "類はそのへんでショーをしているかもしれんな。\n寧々はどこにいるかわからんが、類さえ見つけられれば……"
            ]
        },
        {
            "fileName": "wonder_01_16",
            "talks": [
                "足が速すぎるぞ！\n類のヤツ、何考えてあんなスピード出せるようにしたんだ！"
            ]
        },
        {
            "fileName": "wonder_01_17",
            "talks": [
                "待ってくれ、類！\n話したいことがあるんだ！",
                "類。昨日は……悪かった",
                "類の言う通り、最高のショーには仲間が必要だ！\nオレがしたことは間違っていた！",
                "簡単に許されるとは思っていない。\nだが、オレはまた類と……！"
            ]
        },
        {
            "fileName": "wonder_01_18",
            "talks": [
                "ああ！　見てもらうぞ類！\nこれがオレの……本当の想いだ！！",
                "類！！　オレと一緒にショーをやってくれ！！\n頼む！！",
                "類……！"
            ]
        },
        {
            "fileName": "wonder_01_19",
            "talks": [
                "寧々、何かあったら、オレもえむも類もいる。\n心配しないで、思いっきりやれ！"
            ]
        },
        {
            "fileName": "wonder_01_20",
            "talks": [
                "寧々と類は、どうするんだ？"
            ]
        },
        {
            "fileName": "event_03_03",
            "talks": [
                "しかし、そのゾンビロボットというのは、類が作るのか？\nショーまでに制作が間に合えばいいが……",
                "しかし、主人公の危機の演出としては良かった！\nこの調子で、面白い演出を頼むぞ、類！",
                "……類？"
            ]
        },
        {
            "fileName": "event_03_04",
            "talks": [
                "ああ、派手でオレにピッタリの演出だ！\n類、次は——",
                "どうだ？　類",
                "——おい、類"
            ]
        },
        {
            "fileName": "event_03_05",
            "talks": [
                "だが、今日の類は……どこか変だ。\nそれは間違いない"
            ]
        },
        {
            "fileName": "event_03_06",
            "talks": [
                "えむは、類の演出は好きか？",
                "……いや、そこは、類のせいだけじゃないけどな",
                "オレがケガさえしなければ、\n類が遠慮することはなかった",
                "……まあとにかく、明日は類とそのことを話そうと思う。\nさっきのは、オレも言葉足らずだったからな"
            ]
        },
        {
            "fileName": "event_03_07",
            "talks": [
                "類、昨日は……",
                "いいか、類！\nこれからもお前は、お前のやりたい演出を全力でやれ！"
            ]
        },
        {
            "fileName": "event_07_02",
            "talks": [
                "ああ、助かったぞ、カイト、類！　必ず学校中を……\nいや、世界中を感動の渦に叩きこんでみせる！"
            ]
        },
        {
            "fileName": "event_07_08",
            "talks": [
                "おお！　やっと見つけたぞ、類！",
                "類も一緒に後夜祭に行くぞ！\n観客は多ければ多いほうがいい！"
            ]
        },
        {
            "fileName": "event_08_05",
            "talks": [
                "……だが類、寧々の歌はどうなんだ？\nまだかなり悩んでいるようだが……"
            ]
        },
        {
            "fileName": "event_09_08",
            "talks": [
                "もしかして、壊れたんじゃないか……？\nおい類、こいつのメンテナンスを——"
            ]
        },
        {
            "fileName": "event_09_09",
            "talks": [
                "あれは……類のドローン？\nが、大きなネットを引っ張り上げて……",
                "おい、お前らもっとオレをいたわったらどうだ！\nそもそも類、オレはお前の作ったロボットが原因で——"
            ]
        },
        {
            "fileName": "event_15_01",
            "talks": [
                "ああ、類とも話しあったんだが、今回の演目は、\n広く意見を取り入れてみてはどうかと思ってな"
            ]
        },
        {
            "fileName": "event_15_03",
            "talks": [
                "搦め手など卑怯だぞ類！\n正々堂々と戦え！"
            ]
        },
        {
            "fileName": "event_15_07",
            "talks": [
                "それに、今回ここにいるのはオレとお前だけじゃない。\n寧々と、類と、ネネロボもいる"
            ]
        },
        {
            "fileName": "event_16_02",
            "talks": [
                "ほう。さすが類だな、ひな人形まで直せるとは"
            ]
        },
        {
            "fileName": "event_25_01",
            "talks": [
                "そうだな。ひとりで複数人を演じたり、\n類のロボットを使ったりしたとしても限界がある"
            ]
        },
        {
            "fileName": "event_25_02",
            "talks": [
                "えむ！　類！\nそっちはどうだ？"
            ]
        },
        {
            "fileName": "event_25_04",
            "talks": [
                "総合演出はワンダーステージより神代類！\n歌唱とダンスの指導はフェニックスステージより\n青龍院櫻子が担当する！"
            ]
        },
        {
            "fileName": "event_32_01",
            "talks": [
                "ぬおお！　これはどうやって止まればいいんだ！？\nどうにかしろ、類～っ！！"
            ]
        },
        {
            "fileName": "event_32_02",
            "talks": [
                "台本ができたぞー！\nお前達との話しあいを元に、類と試行錯誤した自信作だ！"
            ]
        },
        {
            "fileName": "event_32_06",
            "talks": [
                "おお。類、あの人が例の俳優か？"
            ]
        },
        {
            "fileName": "event_36_06",
            "talks": [
                "ああ！\nそれで、このふたりがえむと類だ！"
            ]
        },
        {
            "fileName": "event_38_01",
            "talks": [
                "ん？　類がどうかしたか？",
                "そうだな。\n類、何か気にかかることがあるなら遠慮なく言うといい"
            ]
        },
        {
            "fileName": "event_38_05",
            "talks": [
                "そうとも！\n何も出し惜しむことはないぞ、類！"
            ]
        },
        {
            "fileName": "event_38_08",
            "talks": [
                "あ、おい！　類！",
                "いつもの類ならば、公演後はニヤニヤして、\n次はどうしようかな～、司くんを土に埋めてみようかな～、\nなどと言っているだろう！"
            ]
        },
        {
            "fileName": "010001_an02",
            "talks": [
                "（類に言うことをきかせた……！？\nこの１年、できるな……！）"
            ]
        },
        {
            "fileName": "011001_akito02",
            "talks": [
                "どうなっているんだ類！　今、爆発したぞ！？"
            ]
        },
        {
            "fileName": "013001_tsukasa02",
            "talks": [
                "類、これを見ろっ！！",
                "類だって、面白い演出をこれでもかと盛り込んだだろう！",
                "ん？　どうした？　何やら元気がないが……。\n類は、自分が考えた演出に自信がないのか？",
                "類の演出は斬新でありながら王道！\nスターが出る最高のショーにふさわしいと、\n他でもないこのオレが認めているんだからな！"
            ]
        },
        {
            "fileName": "013003_tsukasa02",
            "talks": [
                "類！　いるか！"
            ]
        },
        {
            "fileName": "013005_tsukasa01",
            "talks": [
                "な、なんで類のゾンビロボットが、ここに……！？",
                "類……！？\nどうしてここに！",
                "ああ！　類が言っていたイベントの！",
                "そこは一定の温度と湿度が保たれていて、\n機械類の保管にも十分対応できる、と着ぐるみも言っていた"
            ]
        },
        {
            "fileName": "013005_tsukasa02",
            "talks": [
                "こんなことで、\nまた類が思い切れなくなったら……！",
                "どうだ、類。\nこれで思い切りやれるだろう？"
            ]
        },
        {
            "fileName": "013006_tsukasa02",
            "talks": [
                "おお、お前はたしか類の知りあい！\nそれに、冬弥達と一緒に劇を最前列で見ていてくれたな！"
            ]
        },
        {
            "fileName": "013007_tsukasa02",
            "talks": [
                "するんだが……おい、類はどうした？\nもう集合時間は過ぎてるぞ",
                "お、やっと来たのか類！\n……って、なぜ獅子舞ロボを持っているんだ？\n掃除道具を持って来ると聞いていたんだが……"
            ]
        },
        {
            "fileName": "013009_tsukasa01",
            "talks": [
                "幸い、その場にオレ達が居あわせたからな。\n類が見事に言い返して、黙らせてやったんだが……"
            ]
        },
        {
            "fileName": "013009_tsukasa02",
            "talks": [
                "下手すると、類の演出につきあうよりも大変かもしれん……"
            ]
        },
        {
            "fileName": "013011_tsukasa02",
            "talks": [
                "なんで類まで不服そうなんだ！？"
            ]
        },
        {
            "fileName": "013012_tsukasa01",
            "talks": [
                "むしろオレからすると、\n類が彼女達を知っていることのほうが驚きだぞ？"
            ]
        },
        {
            "fileName": "013013_tsukasa02",
            "talks": [
                "そうだな！\nえむ、類、休憩するぞー！",
                "（類のヤツ、さっきあんなことがあったばかりで、\n大丈夫か？）",
                "（類がしっかり準備をしてくれていたおかげで、\nえむはケガをしなかったが……）",
                "（しかもあの時は、類がオレ達に遠慮してしまって\n不調になるという事態になってしまった……）",
                "（とにかく、類が気にしていないかどうか確認せねば……）"
            ]
        },
        {
            "fileName": "014001_emu02",
            "talks": [
                "げっ……！　おい、類！　えむを隠せ！"
            ]
        },
        {
            "fileName": "014003_emu02",
            "talks": [
                "まったく……。\nまあ、どうせやるなら類と寧々も呼ぶぞ"
            ]
        },
        {
            "fileName": "014010_emu01",
            "talks": [
                "総合演出はワンダーステージより神代類！\n歌唱とダンスの指導はフェニックスステージより\n青龍院櫻子が担当する！"
            ]
        },
        {
            "fileName": "014011_emu02",
            "talks": [
                "類、お前なら仕組みとか知ってるんじゃないか？"
            ]
        },
        {
            "fileName": "014013_emu02",
            "talks": [
                "類、大道具やマットを片づけにいくぞ"
            ]
        },
        {
            "fileName": "015003_nene01",
            "talks": [
                "なっ！？\n何をやらせるんだ、類！"
            ]
        },
        {
            "fileName": "015007_nene01",
            "talks": [
                "ええい、類も乗っかるんじゃない！"
            ]
        },
        {
            "fileName": "016001_rui01",
            "talks": [
                "おっ、類か！　ちょうどいいところに来たな！\n話したいことがある！",
                "おお、類……って\nなんだその小さいプリンターみたいな機械は",
                "やるじゃないか類！\nこれをさっきの授業中に作ったのか！？",
                "ああ！　感謝するぞ、類！",
                "類ー！　お前ぇー！\nこれじゃあ授業が受けられないだろうがー！"
            ]
        },
        {
            "fileName": "016001_rui02",
            "talks": [
                "……ん？　類のヤツ、\n花壇でなにやって……はっ！",
                "おい類！\n今度は何をやらかすつもりだ！？"
            ]
        },
        {
            "fileName": "016002_rui02",
            "talks": [
                "おい、類はまだか？"
            ]
        },
        {
            "fileName": "016003_rui02",
            "talks": [
                "類が言うとシャレに思えん……"
            ]
        },
        {
            "fileName": "016007_rui01",
            "talks": [
                "類、寧々！　もたもたしてると置いていくぞー！",
                "な、なかなかやるじゃないか、類",
                "というか類、よくこんなところで\nパフォーマンスしようと思ったな"
            ]
        },
        {
            "fileName": "016008_rui02",
            "talks": [
                "おーい、類！　さっき言っていた、\nいたずら魔法とやらは、結局どういういたずらなんだ？\n虫のオモチャが落ちてくるのだけは嫌なんだが？",
                "……おい、類！　雪だるまの形をした\n発泡スチロールが落ちてきたんだが……！？"
            ]
        },
        {
            "fileName": "016010_rui02",
            "talks": [
                "類の演出に20000％で応えるのが、\nオレ達、ワンダーランズ×ショウタイムだからな！"
            ]
        },
        {
            "fileName": "016011_rui01",
            "talks": [
                "おい、類。\nお前今、真面目な顔してとんでもないこと言ったな",
                "ええい、やめろー！\n類がその気になってしまうだろうが！"
            ]
        },
        {
            "fileName": "016012_rui01",
            "talks": [
                "よし！　我らワンダーランズ×ショウタイムの力を結集し、\nかつて類がイメージしていたショーよりも、\nものすごいショーにするぞ！",
                "おーい、類！\n今日は暗くなってきているし、このまま解散とするがいいか？"
            ]
        },
        {
            "fileName": "016012_rui02",
            "talks": [
                "そういえば……。\n類、あの話はどうした",
                "何！？　ショーのあと\n類がいつになくテンションが上がっていたことに気づいた\nあの寧々ですら心当たりがないだと！？"
            ]
        },
        {
            "fileName": "021005_miku01",
            "talks": [
                "他人事みたいな顔をするな、類！\n大体えむやミクの行動に対して、どうしてオレだけが……"
            ]
        },
        {
            "fileName": "022012_rin01",
            "talks": [
                "なるほど。すでに類が演出済みのショーをやることで、\nリンとレンの望みがかなうようにしたのか"
            ]
        },
        {
            "fileName": "026007_kaito01",
            "talks": [
                "ああ、そのことだが……。\nオレと類と寧々は、あまり来れなさそうでな"
            ]
        },
        {
            "fileName": "026007_kaito02",
            "talks": [
                "そうだろう、そうだろう。\nこれも、類やカイトが練習につきあってくれたおかげ！\n……そしてこのスターの力！"
            ]
        },
        {
            "fileName": "026010_kaito01",
            "talks": [
                "あっているだと！？\nカイトも類も、よく今のでわかったな！？"
            ]
        },
        {
            "fileName": "areatalk02_040",
            "talks": [
                "類が用事で来られないから、\n代わりにオレが小道具を運ぶという話だったが……"
            ]
        },
        {
            "fileName": "areatalk02_041",
            "talks": [
                "ほう……。\n類、オレをパフォーマンスの主役にするのであれば\nその場所取り、手伝ってやってもいいぞ！"
            ]
        },
        {
            "fileName": "areatalk02_047",
            "talks": [
                "い、いかん、変なスイッチを入れてしまった……！\n類、さっき言ったことは忘れろ。\nショーで大事なのはストーリーだ。そっちで頑張ろう！　な？"
            ]
        },
        {
            "fileName": "areatalk02_195",
            "talks": [
                "ああ、お前と類とで準備したとかいうアレか。\nで、具体的に何が届くんだ？",
                "あーいーつー！！　類！　類はどこだ！？"
            ]
        },
        {
            "fileName": "areatalk03_189",
            "talks": [
                "というか類、お前ミュージカルだけじゃなくて\n狂言も見ているのか？"
            ]
        },
        {
            "fileName": "areatalk03_190",
            "talks": [
                "面白いというか……。大体えむが変なことを言いだして\n類がそれに乗っかっていってな"
            ]
        },
        {
            "fileName": "areatalk03_191",
            "talks": [
                "だいたい、寧々はともかく、\n類やえむにやらせたらオレの身体がどうなることか！"
            ]
        },
        {
            "fileName": "areatalk03_204",
            "talks": [
                "だもんって、はぁ……。\nおい、類からも何か言って……"
            ]
        },
        {
            "fileName": "areatalk03_232",
            "talks": [
                "類にしては安全かつ平和な提案だしな。\nよし、向こうに戻ってさっそく実験だ！"
            ]
        },
        {
            "fileName": "areatalk04_007",
            "talks": [
                "と、とにかく止めに行くぞ。\nおい、えむ、類！　待てー！"
            ]
        },
        {
            "fileName": "areatalk_ev_shuffle_02_008",
            "talks": [
                "演出の見栄えを確かめたいから逆さづりになれ、と\n類がオレに言ってきた時、\n自分もやってみたいと手をあげるようなヤツだ"
            ]
        },
        {
            "fileName": "areatalk_ev_shuffle_02_009",
            "talks": [
                "実はな『オレが類と一緒に、\n学校を爆破しようとした』などという\n不名誉な噂がたっているらしい",
                "類のヤツ、火薬は使ってないとシラを切っていたが、\nオレの前髪はたしかにちりちりにされたんだ！"
            ]
        },
        {
            "fileName": "areatalk_ev_wonder_04_002",
            "talks": [
                "オレや類の分まで、だと！？"
            ]
        },
        {
            "fileName": "areatalk_ev_wonder_06_004",
            "talks": [
                "おい寧々、オレはあいつを連れ戻しに……ん？\nそういえば、類はどうした"
            ]
        }
    ]
}