{
    "mainStory": 2,
    "eventStory": 7,
    "cardStory": 11,
    "areaTalk": 14,
    "talkPacks": [
        {
            "fileName": "leo_01_16",
            "talks": [
                "フフ。もちろんよ。\n志歩を驚かせるくらい上手くなりましょう？"
            ]
        },
        {
            "fileName": "vsleo_01_04",
            "talks": [
                "志歩は元々上手だったけど、\n周りのフォローまでできるようになったのね"
            ]
        },
        {
            "fileName": "event_01_03",
            "talks": [
                "私はちょっと背中を押しただけよ。\n志歩も本当は行きたかったんじゃないかしら"
            ]
        },
        {
            "fileName": "event_01_06",
            "talks": [
                "志歩が言うように、一緒に天文台に行くチャンスは\nいくらでもあったのに"
            ]
        },
        {
            "fileName": "event_01_07",
            "talks": [
                "みんなもそう思ってるんじゃないかしら。\nね？　一歌、穂波、志歩"
            ]
        },
        {
            "fileName": "event_09_11",
            "talks": [
                "『ありがとう、志歩。嬉しいわ』"
            ]
        },
        {
            "fileName": "event_20_05",
            "talks": [
                "……今頃、志歩も悩んでいるのかしら"
            ]
        },
        {
            "fileName": "event_33_07",
            "talks": [
                "あら？　志歩、まだ残っていたの？",
                "志歩……"
            ]
        },
        {
            "fileName": "003011_honami02",
            "talks": [
                "ふふ。志歩らしい、可愛いチョイスね"
            ]
        },
        {
            "fileName": "004005_shiho01",
            "talks": [
                "いらっしゃい、志歩",
                "ふふ。志歩は……いいえ、みんな、とても友達思いね",
                "そうね。ただ、それでも志歩達は咲希のことが\n気になってしまうでしょうし……"
            ]
        },
        {
            "fileName": "021015_miku01",
            "talks": [
                "あら、志歩じゃない。いらっしゃい",
                "ふふ、そうだったの。\nお姉さん、本当に志歩のことが好きなのね",
                "ふふっ。ミク、志歩のことずっと心配していたものね",
                "そうね。だけど、志歩がお姉さんと過ごしたいって\n想いを果たせて、よかったわ"
            ]
        },
        {
            "fileName": "024003_luka02",
            "talks": [
                "どうしたの、志歩？",
                "ふふっ、志歩は嬉しいのかしら"
            ]
        },
        {
            "fileName": "024006_luka01",
            "talks": [
                "『ふふ。それで、志歩はどんな結果だったの？』"
            ]
        },
        {
            "fileName": "areatalk02_315",
            "talks": [
                "志歩のベース、手入れが行き届いているわね"
            ]
        },
        {
            "fileName": "areatalk02_347",
            "talks": [
                "気になるなら、今度志歩に聞いてみるといいわ",
                "ええ、志歩が適任のはずよ。ふふ"
            ]
        },
        {
            "fileName": "areatalk03_028",
            "talks": [
                "そういえば今日は、\n志歩と一歌がバイトでいないんだったわね。\nすぐ準備するわ",
                "あら……ふふ、いつかのあなたと志歩みたいね"
            ]
        },
        {
            "fileName": "areatalk03_029",
            "talks": [
                "あら。でも、志歩が言う“普通”って、\n胸をはっていいレベルなんじゃないかしら？"
            ]
        },
        {
            "fileName": "areatalk03_055",
            "talks": [
                "志歩はよくガールズバンドのライブを見に行くのよね。\n普段聴く音楽もバンドの楽曲が多いの？",
                "ふふ。そこがまた、志歩らしいわよね"
            ]
        },
        {
            "fileName": "areatalk03_056",
            "talks": [
                "志歩はいつも誰よりも練習に真剣に打ち込んでるわね"
            ]
        },
        {
            "fileName": "areatalk03_057",
            "talks": [
                "あら、志歩と一歌？　改まってどうしたの？"
            ]
        },
        {
            "fileName": "areatalk03_058",
            "talks": [
                "ふふ。志歩らしい気分転換ね"
            ]
        },
        {
            "fileName": "areatalk03_059",
            "talks": [
                "ふふ。演奏では志歩がみんなをひっぱってるけど、\n勉強の方は違うみたいね"
            ]
        },
        {
            "fileName": "areatalk_ev_shuffle_11_005",
            "talks": [
                "そうなのね。\nでも、機会があったら聴いてみたいわ、志歩の琴",
                "ふふ。そういうところが、志歩よね"
            ]
        }
    ]
}