{
    "mainStory": 8,
    "eventStory": 38,
    "cardStory": 48,
    "areaTalk": 7,
    "talkPacks": [
        {
            "fileName": "nightcode_01_01",
            "talks": [
                "『えななんは、サムネイル用のイラストを描いてる』"
            ]
        },
        {
            "fileName": "nightcode_01_03",
            "talks": [
                "『えななん？』"
            ]
        },
        {
            "fileName": "nightcode_01_05",
            "talks": [
                "（えななんの言う通り。誰もいらない、ひとりでいたいって\n思ってるような……そんな曲……）"
            ]
        },
        {
            "fileName": "nightcode_01_06",
            "talks": [
                "……えななんと、Amiaでしょ？",
                "わかった、瑞希、絵名"
            ]
        },
        {
            "fileName": "nightcode_01_14",
            "talks": [
                "『……えななん、Amia』"
            ]
        },
        {
            "fileName": "nightcode_01_15",
            "talks": [
                "『話を聞いてくれてありがとう、えななん』",
                "『うん。えななんも、聴いてくれる？』"
            ]
        },
        {
            "fileName": "event_02_01",
            "talks": [
                "『大丈夫だよ、えななん。\nありがとう』",
                "（……えななんの言う通りだ。\n雪のこと、まだよくわからない）"
            ]
        },
        {
            "fileName": "event_02_03",
            "talks": [
                "（えななんのイラストは……。\nうん、いい）",
                "（曲をえななんなりに解釈して、絵に落とし込んでくれてる）"
            ]
        },
        {
            "fileName": "event_02_04",
            "talks": [
                "うん。絵名と瑞希はまだ来てないみたい"
            ]
        },
        {
            "fileName": "event_14_02",
            "talks": [
                "——絵名？",
                "お父さんのお見舞いに行ってたの。\n絵名は？",
                "絵名？",
                "絵名の描く絵は好きだよ",
                "絵名の描く絵は好きだよ"
            ]
        },
        {
            "fileName": "event_14_03",
            "talks": [
                "そういえば、絵名、コンクールの絵はできたの？"
            ]
        },
        {
            "fileName": "event_14_04",
            "talks": [
                "『えななん？』",
                "『えななん、どうしたんだろう……』"
            ]
        },
        {
            "fileName": "event_14_05",
            "talks": [
                "『えななんの絵とAmiaのMVがあるから、\nたくさんの人に歌が届くのに』",
                "『うん。えななんとAmiaが入ってくれてから、\n再生数もすごく伸びた』",
                "えななんに会えそうな、場所……",
                "『だから、えななんも……セカイにいるかもしれない』",
                "ミク、絵名がどこにいるのか教えてくれる？",
                "絵名、そんなに……",
                "（絵名は……ひとりになりたいわけじゃない。\n本当は、ただ……）",
                "……ミク、やっぱりわたし、絵名に会いたい",
                "絵名の力になりたい"
            ]
        },
        {
            "fileName": "event_14_06",
            "talks": [
                "絵名の描く絵は好きだよ"
            ]
        },
        {
            "fileName": "event_14_07",
            "talks": [
                "……絵名",
                "うん……絵名に聴いてもらえてよかった",
                "——絵名、あの歌に絵をつけてほしい",
                "絵名があの歌にどんな絵をつけるのか、見たい",
                "それにわたしは、絵名が誰かに認めてもらわないと\n描き続けられない人間だとも思ってない",
                "だからわたしは、絵名の絵に惹かれたし——\nニーゴに誘った",
                "絵名、認める人が必要ならわたしが認める",
                "絵名の絵が、ニーゴには必要だよ",
                "絵名……！"
            ]
        },
        {
            "fileName": "event_14_08",
            "talks": [
                "『わたしの曲、えななんに\nこういう風に届いたんだ』"
            ]
        },
        {
            "fileName": "event_26_01",
            "talks": [
                "『……ありがとう、えななん』"
            ]
        },
        {
            "fileName": "event_26_02",
            "talks": [
                "『えななん……』",
                "（前にセカイにいた雪のために作った曲も、\nえななんに届けようとした曲も、とにかく必死で作った）",
                "（マリオネットの曲や、絵名に届けた曲のことを\n思い出して作ってはみたけど……）"
            ]
        },
        {
            "fileName": "event_29_06",
            "talks": [
                "……絵名、どうしたの？\nみんな先に行っちゃうよ"
            ]
        },
        {
            "fileName": "017001_kanade01",
            "talks": [
                "『今、２分５３秒……\nえななん、すぐ食べ終わるから、イラスト送っておいて』"
            ]
        },
        {
            "fileName": "017001_kanade02",
            "talks": [
                "『今まで通りやってくれればいいよ。\nえななんが描いた絵も、Amiaが作ってくれる動画も、\nみんな、大きくイメージから外れたことはないから』"
            ]
        },
        {
            "fileName": "017002_kanade01",
            "talks": [
                "『そう。それと……絵名や瑞希のことも』"
            ]
        },
        {
            "fileName": "017002_kanade02",
            "talks": [
                "絵名と瑞希には兄弟姉妹がいて、\nまふゆの好きな食べ物は空欄、と……"
            ]
        },
        {
            "fileName": "017006_kanade01",
            "talks": [
                "……絵名",
                "ミク、絵名がどこにいるのか教えてくれる？",
                "（絵名のために、今わたしにできることは……）",
                "『うん。ふたりは……どんな曲ならえななんに届くと思う？』",
                "『あ。そういえば、絵のコンクールに応募する話を聞いた時、\nえななん、不安だって言ってた』",
                "『あ……えななんあの時、そう言ってたね……』",
                "『初めてえななんのイラストをSNSで見かけた時、\n何これって、思わず見入っちゃった』",
                "『だけど、えななんはひとりじゃないってことは、\n今のわたし達でも伝えられる』",
                "（待ってて、絵名。曲、すぐに作ってみせるから）",
                "『——リン、お願い。\nこの曲を、えななんに届けて』"
            ]
        },
        {
            "fileName": "017006_kanade02",
            "talks": [
                "『えななんお待たせ、イラストの確認終わったよ。\nこの方向で進めてもらって大丈夫』",
                "『でももう、いつものえななんっていう感じだね』",
                "（絵名が元気になってくれて本当によかった。\n歌を届けてくれたリンにも、\nそのうちお礼を言いに行かないと）",
                "（これで、絵名はきっと大丈夫——）",
                "『あ、作業を始める前に……。\nえななん、これを見てくれる？』",
                "『えななんのイラストは、おまけなんかじゃないって』",
                "『だから、えななんのイラストには\nすごく助けてもらっているって、どうしても伝えたくて』",
                "『それじゃあ、えななん。\n改めて、よろしく』"
            ]
        },
        {
            "fileName": "017009_kanade02",
            "talks": [
                "『えななん！　雪！』"
            ]
        },
        {
            "fileName": "018003_mafuyu02",
            "talks": [
                "『えななんやAmiaと違って、\n雪はいつもミュートにしてなくても静かだから』"
            ]
        },
        {
            "fileName": "018005_mafuyu02",
            "talks": [
                "『……わたしも、えななんの言いたいこと、\nなんとなくわかるかも』"
            ]
        },
        {
            "fileName": "018011_mafuyu02",
            "talks": [
                "『うん。えななんももうすぐ来ると思うけど』",
                "『おかえり、えななん』"
            ]
        },
        {
            "fileName": "019002_ena02",
            "talks": [
                "『えななん、イラストできたんだね。\n今見るから、少し待ってて』",
                "『そうだ。えななんが一昨日SNSにあげてたイラストだけど』",
                "『えななん、送ってくれたの見たよ。\nこれで問題ないから、進めて』"
            ]
        },
        {
            "fileName": "019003_ena01",
            "talks": [
                "『イラストに関しては特に。\nだから、えななんが一番納得できるものをあげて』"
            ]
        },
        {
            "fileName": "019003_ena02",
            "talks": [
                "『えななん、いる？』",
                "『よろしく、絵名』"
            ]
        },
        {
            "fileName": "019006_ena02",
            "talks": [
                "あ、絵名と瑞希も来てたんだ"
            ]
        },
        {
            "fileName": "019007_ena01",
            "talks": [
                "絵名の絵が、ニーゴには必要だよ"
            ]
        },
        {
            "fileName": "019007_ena02",
            "talks": [
                "それにわたしは、絵名が誰かに認めてもらわないと\n描き続けられない人間だとも思ってない"
            ]
        },
        {
            "fileName": "019008_ena02",
            "talks": [
                "『えななん。さっき送ってもらったラフ、見たよ。\n構図はいいと思う。ただ、人物の表情はもう少し……』",
                "『……えななん？』"
            ]
        },
        {
            "fileName": "019011_ena02",
            "talks": [
                "『でも昨日、えななんとAmiaは出かける予定だったよね。\n無事にパンケーキのお店、行けた？』",
                "『ああ、３人で行くと割引がっていう話してたね。\n最後のひとり、えななんの弟さんになったんだ』",
                "『えななんの弟さんか。\nわたしもそのうち、ちゃんと挨拶したいな』",
                "『えななんにも、えななんの絵にも\nすごく助けてもらってるって……』"
            ]
        },
        {
            "fileName": "019012_ena02",
            "talks": [
                "『えななん、Amia。今、少し話せる？』",
                "『う……え、えななん、声……。大きい……』",
                "『ありがとう、えななん』"
            ]
        },
        {
            "fileName": "020007_mizuki02",
            "talks": [
                "『……心配なんだね。えななんのこと』",
                "『Amiaも、本当はわかってるんじゃない？\n絵のことで、誰かに何かを頼るのはえななんらしくないって』",
                "『じゃあ、信じて待とう。えななんを』"
            ]
        },
        {
            "fileName": "areatalk02_152",
            "talks": [
                "絵名ってメイクをする時何を考えてる？"
            ]
        },
        {
            "fileName": "areatalk02_273",
            "talks": [
                "……絵名、学校に行く時間じゃないの？"
            ]
        },
        {
            "fileName": "areatalk03_251",
            "talks": [
                "たしかに、途切れてるようにも見えるね。\n絵名、これって描きなおせたりする？"
            ]
        },
        {
            "fileName": "areatalk03_262",
            "talks": [
                "絵名も、名前からとったんだよね"
            ]
        },
        {
            "fileName": "areatalk03_271",
            "talks": [
                "でも、前に見たことある絵名のぬいぐるみと\nちょっと雰囲気が違う気がする "
            ]
        },
        {
            "fileName": "areatalk03_298",
            "talks": [
                "うん。素材になってる絵名のイラストもいいし\nどれも瑞希の力作だから見てほしい"
            ]
        },
        {
            "fileName": "areatalk_ev_shuffle_09_003",
            "talks": [
                "あ、絵名。こっちに来てたんだね"
            ]
        }
    ]
}