{
    "mainStory": 0,
    "eventStory": 1,
    "cardStory": 6,
    "areaTalk": 2,
    "talkPacks": [
        {
            "fileName": "event_30_02",
            "talks": [
                "さっき遊んでる時、ピンクのかわいい貝も見つけたんだっ。\nメイコお姉さん達にもあげたら、きっと喜んでくれると思う！"
            ]
        },
        {
            "fileName": "022008_rin02",
            "talks": [
                "リンちゃん、メイコお姉さん。\nルカお姉さんも、協力してくれてありがとう！"
            ]
        },
        {
            "fileName": "025006_meiko02",
            "talks": [
                "メイコお姉さん、カイトお兄さん、こんにちはー！",
                "えへへっ、メイコお姉さんとお話すること！",
                "ねえねえ、メイコお姉さんは？\nどんなクリスマスをすごしたの？",
                "わぁ！　ねえ聞いた司くん！\nメイコお姉さんたちとクリスマスだよ！　パレードだよ！？"
            ]
        },
        {
            "fileName": "026001_kaito01",
            "talks": [
                "そうだけど、メイコお姉さんは涼しそうな格好だよ？\nなのにカイトお兄さんだけ、マフラーもコートも着てて……"
            ]
        },
        {
            "fileName": "areatalk_ev_wonder_02_006",
            "talks": [
                "ねえねえ、メイコお姉さん。\nメイコお姉さんは、ずっとここにいたんじゃなくて、\nどこかから来てくれたんだよね？",
                "うんうんっ、そうだよねっ！\nみんなで楽しいショーを作ろうね、メイコお姉さん！"
            ]
        }
    ]
}