{
    "mainStory": 0,
    "eventStory": 2,
    "cardStory": 5,
    "areaTalk": 6,
    "talkPacks": [
        {
            "fileName": "event_09_06",
            "talks": [
                "——ねえ、杏ちゃん！\nわたしにも塗ってくれない？"
            ]
        },
        {
            "fileName": "event_37_01",
            "talks": [
                "杏ちゃん、いいなー！\nわたしもこはねちゃんと組んで歌いたくなっちゃった！"
            ]
        },
        {
            "fileName": "022010_rin01",
            "talks": [
                "『だからまず、彰人くん達がいるこっちに来たんだ～。\nねえねえ、冬弥くんと杏ちゃんはいないの？』"
            ]
        },
        {
            "fileName": "022010_rin02",
            "talks": [
                "『あっ、杏ちゃんとこはねちゃんだー！』"
            ]
        },
        {
            "fileName": "023005_len02",
            "talks": [
                "あ、じゃあ次は\n杏ちゃんのおうちのお正月を教えてよ！"
            ]
        },
        {
            "fileName": "023006_len01",
            "talks": [
                "杏ちゃんとこはねちゃんは注文決まった？"
            ]
        },
        {
            "fileName": "023011_len01",
            "talks": [
                "杏ちゃん、いいなー！\nわたしもこはねちゃんと組んで歌いたくなっちゃった！"
            ]
        },
        {
            "fileName": "areatalk01_111",
            "talks": [
                "それなら、こはねちゃんや杏ちゃんに教えてあげようかな！\nそれで、一緒に歌ったら絶対楽しいよね！"
            ]
        },
        {
            "fileName": "areatalk_ev_street_02_003",
            "talks": [
                "ねえねえ。杏ちゃんは、\nこはねちゃんとケンカしたりしないの？"
            ]
        },
        {
            "fileName": "areatalk_ev_street_02_004",
            "talks": [
                "ねえ、杏ちゃん！\n今度またメイコのカフェのお手伝いするんだけど、\nかわいいエプロンつけてお手伝いしたいんだ",
                "だから、杏ちゃんがお父さんのお店で使ってるエプロン、\nわたしに貸してくれないかな？",
                "えー、そういうエプロンもかわいいし、\nつけてる杏ちゃんだってかわいいと思うのになぁ～"
            ]
        },
        {
            "fileName": "areatalk_ev_street_05_006",
            "talks": [
                "お願い、杏ちゃん！"
            ]
        }
    ]
}