{
    "mainStory": 0,
    "eventStory": 4,
    "cardStory": 1,
    "areaTalk": 2,
    "talkPacks": [
        {
            "fileName": "event_19_02",
            "talks": [
                "やー、びっくりしたなぁ。\nまさかリンに続いてメイコまで来るなんて",
                "ボクは暁山瑞希！\nで、左から奏とまふゆと絵名！　よろしくね、メイコ！"
            ]
        },
        {
            "fileName": "event_19_06",
            "talks": [
                "メイコ！　ちょうどよかった！",
                "そっか……。ありがと、メイコ！"
            ]
        },
        {
            "fileName": "022011_rin01",
            "talks": [
                "メイコも見てただけでどっか行っちゃうし、\nリンも顔見せてくれないなんて、残念だな～"
            ]
        },
        {
            "fileName": "areatalk_ev_night_05_003",
            "talks": [
                "あ、これ？　メイコやルカに似合うかなーって思って\n持ってきた髪飾りとか、アクセサリーだよ♪",
                "あのメイコもルカも大人っぽいし、\nふたりがつけるとどういう雰囲気になるのか\n見てみたいんだよね～"
            ]
        }
    ]
}