{
    "mainStory": 8,
    "eventStory": 5,
    "cardStory": 30,
    "areaTalk": 13,
    "talkPacks": [
        {
            "fileName": "street_01_08",
            "talks": [
                "彰人と、冬弥って、たしかあとのふたりの名前だ！\nすぐ近くにいるみたいだけど……"
            ]
        },
        {
            "fileName": "street_01_14",
            "talks": [
                "まだ話せてはないんだけど……でも、\n彰人も冬弥も、きっと来てくれると思うよ！"
            ]
        },
        {
            "fileName": "street_01_16",
            "talks": [
                "ミク！　メイコ！\nやっと彰人が来てくれたよ！",
                "もー、幻覚なんかじゃないってば。\nキミはBAD DOGSの彰人でしょ？"
            ]
        },
        {
            "fileName": "street_01_17",
            "talks": [
                "ねえ彰人、冬弥とケンカしちゃったの？",
                "ふーん、よくわからないけど、\n彰人、悲しそうだね",
                "彰人、頑張ってね！"
            ]
        },
        {
            "fileName": "vsstreet_01_04",
            "talks": [
                "ちょうどリンと、彰人達と歌いたいって話してたんだよ！"
            ]
        },
        {
            "fileName": "event_09_06",
            "talks": [
                "あ、彰人と冬弥も来てくれたんだね！\nふたりとも、あけましておめでとう！",
                "ねえ、彰人と冬弥も一緒にやらない？"
            ]
        },
        {
            "fileName": "event_12_08",
            "talks": [
                "えっ、彰人達歌うの？\nならオレも歌う！"
            ]
        },
        {
            "fileName": "event_29_07",
            "talks": [
                "『でも、本当に彰人の荷物とダンスシューズは\nどこ行っちゃったんだろう……』"
            ]
        },
        {
            "fileName": "event_37_05",
            "talks": [
                "あれ？　彰人と杏じゃん！\n今日はふたりで来たの？　珍しいな～"
            ]
        },
        {
            "fileName": "011005_akito02",
            "talks": [
                "あ、彰人と冬弥だ！　やっほー！\nメイコのカフェに行くの？",
                "……前々から思ってたんだけどさ、\n彰人って、ときどきびっくりするくらい素直な時あるよね"
            ]
        },
        {
            "fileName": "011006_akito02",
            "talks": [
                "気がするって。\nもしかしてー、彰人サボってたの？"
            ]
        },
        {
            "fileName": "011009_akito01",
            "talks": [
                "それって、彰人の小学校の頃の同級生って子？",
                "ふーん……。\n小学生の頃の彰人かぁ",
                "ねえねえ、彰人！　彰人ってどんな小学生だったの？\n休憩しながらでいいから、教えてよ！",
                "あ、ねえねえ、彰人！\nちょっとサッカーやってみたくなってきたんだけど、\nここでもできるかな？"
            ]
        },
        {
            "fileName": "011009_akito02",
            "talks": [
                "あ！　彰人、来たー！",
                "彰人ー！　あともうちょっとで10回できそうなんだ！\nコツもっと教えてよー！"
            ]
        },
        {
            "fileName": "012006_touya02",
            "talks": [
                "そうそう！　彰人達が全然来てくれないから\nすっごく退屈だったんだよ？"
            ]
        },
        {
            "fileName": "022004_rin02",
            "talks": [
                "そうだ！　彰人たちも巻き込んじゃうのはどうかな？\n目標にしてるイベントがあるって言ってたし、\nどんな風にやればいいか知ってると思うんだ",
                "彰人達から話を聞いたら\nやりたいことも、もっと増えそうだな"
            ]
        },
        {
            "fileName": "022010_rin01",
            "talks": [
                "『オレ達、彰人達が出るっていうイベント、\n見てみたいんだ！』",
                "『彰人、お願い！\nステージの袖から見る感じで全然いいからさ！』"
            ]
        },
        {
            "fileName": "022010_rin02",
            "talks": [
                "『みんなが彰人達を待ってたって感じだね！』",
                "『え？　大丈夫かな。\n彰人、あんまりはしゃぐなって……』"
            ]
        },
        {
            "fileName": "023003_len01",
            "talks": [
                "彰人、頑張ってね！",
                "……でも、彰人だって仲直りするって決めてたもんな。\nだったらオレも——"
            ]
        },
        {
            "fileName": "023005_len02",
            "talks": [
                "うん！　\nねえねえ、彰人達は？　どんなお正月だったの？"
            ]
        },
        {
            "fileName": "023006_len01",
            "talks": [
                "了解！　彰人がブレンド、冬弥が深煎りブレンドだよね"
            ]
        },
        {
            "fileName": "023006_len02",
            "talks": [
                "ねえねえメイコ、彰人達は？"
            ]
        },
        {
            "fileName": "023009_len01",
            "talks": [
                "ねえ、彰人、冬弥！\n夏祭りのイベントにオレは出られないけど、\n３人バージョンもやらない？"
            ]
        },
        {
            "fileName": "023009_len02",
            "talks": [
                "へへっ！　彰人や冬弥に負けてらんないからね！",
                "今オレが練習してるのは、\n彰人と冬弥がお祭りの本番で踊るのと\nおんなじダンスなんだけど……",
                "けど、ちょっと心配なこともあるんだよね。\n彰人と冬弥はお祭りのほうが本番で、\nオレとやるのはオマケみたいなもんだし……",
                "もちろん、彰人達はそうしてくれるだろうけど……",
                "（彰人の同級生だったっていう子の力に、\nなってあげてほしいしね）",
                "まあね～。リンやカイトにも相談に乗ってもらったし、\n彰人達もいけるって言ってくれて、自信あったんだー！",
                "だって、彰人達と最っ高のパフォーマンスができたんだもん",
                "ねえ、彰人、冬弥！"
            ]
        },
        {
            "fileName": "areatalk02_306",
            "talks": [
                "冬弥と彰人だと、ケンカしたらどっちが勝つの？"
            ]
        },
        {
            "fileName": "areatalk02_364",
            "talks": [
                "ねえ、彰人は冬弥のピアノとか\nバイオリンとか聴いたことあるの？",
                "うーん……例えばジャズとかさ。\n冬弥がピアノでオレと彰人が歌ったら面白そうなのに"
            ]
        },
        {
            "fileName": "areatalk02_365",
            "talks": [
                "ええっ！　ダメダメ、\nそれじゃあミクや彰人に笑われちゃうよ"
            ]
        },
        {
            "fileName": "areatalk02_372",
            "talks": [
                "だって、彰人も冬弥も全然来ないもん"
            ]
        },
        {
            "fileName": "areatalk03_161",
            "talks": [
                "ねえねえ、彰人にはお姉さんがいるんだって？\nどんな人？"
            ]
        },
        {
            "fileName": "areatalk03_162",
            "talks": [
                "へぇ、彰人ってパンケーキ好きなんだ？\nあはは、ぜんぜんっぽくないのに"
            ]
        },
        {
            "fileName": "areatalk03_163",
            "talks": [
                "あれ、珍しい組み合わせだね。\nさては……彰人またこはねをイジメてたなぁ？"
            ]
        },
        {
            "fileName": "areatalk03_175",
            "talks": [
                "そうそれ！　今思うと、\nあの時の彰人はナイスリアクションだったんだなー"
            ]
        },
        {
            "fileName": "areatalk03_180",
            "talks": [
                "彰人、冬弥、今度はいつこっちに来られそう？",
                "わ、出たテスト！\n彰人、大丈夫？"
            ]
        },
        {
            "fileName": "areatalk_add_01_004",
            "talks": [
                "ねえ、彰人。リンから聞いたよ～？\n彰人って、ブラックコーヒー飲めないんだって？"
            ]
        },
        {
            "fileName": "areatalk_ev_street_03_006",
            "talks": [
                "ねー。彰人達のほうがかまってくれるし、\nそっちに行っちゃおうかなー"
            ]
        }
    ]
}