{
    "mainStory": 0,
    "eventStory": 0,
    "cardStory": 10,
    "areaTalk": 3,
    "talkPacks": [
        {
            "fileName": "009011_kohane02",
            "talks": [
                "ふ～ん。ねえねえ、冬弥くん。\n彰人くん、ドヤ顔してた？"
            ]
        },
        {
            "fileName": "011009_akito02",
            "talks": [
                "うん！　レンが彰人くんにリフティングっていうのを\n教えてもらうって聞いて、\nなんだかおもしろそうだなぁって思って見に来たの！"
            ]
        },
        {
            "fileName": "012006_touya02",
            "talks": [
                "あっ、彰人くんに冬弥くんだ！",
                "彰人くんがお化け屋敷なら、\n冬弥くんのクラスは何をやったの？"
            ]
        },
        {
            "fileName": "022004_rin02",
            "talks": [
                "いいね！\nじゃあ一度、彰人くん達に話してみよっか"
            ]
        },
        {
            "fileName": "022010_rin01",
            "talks": [
                "『だからまず、彰人くん達がいるこっちに来たんだ～。\nねえねえ、冬弥くんと杏ちゃんはいないの？』",
                "『ありがとう、彰人くん！\nイベント楽しみにしてるね！』"
            ]
        },
        {
            "fileName": "022010_rin02",
            "talks": [
                "『彰人くん、来たよー！』",
                "『あっ、彰人くん！\n今日は呼んでくれてありがとう！』"
            ]
        },
        {
            "fileName": "023009_len02",
            "talks": [
                "あ、そういえば、\n彰人くんにサッカーボール持って来てもらって、\n練習し始めたんだよね！"
            ]
        },
        {
            "fileName": "areatalk_ev_street_02_005",
            "talks": [
                "彰人くんって、お姉ちゃんがいるんだよね"
            ]
        },
        {
            "fileName": "areatalk_ev_street_02_006",
            "talks": [
                "彰人くーん、聞いてー！　レンが約束の時間に遅れたくせに、\nごめんも言わないんだよー！　なんか言ってやってよー！",
                "やったー！　えへへ、彰人くん優しいー！"
            ]
        }
    ]
}