{
    "mainStory": 26,
    "eventStory": 81,
    "cardStory": 89,
    "areaTalk": 9,
    "talkPacks": [
        {
            "fileName": "street_01_04",
            "talks": [
                "冬弥、来月のイベントのセトリ\n少し変えるぞ",
                "オレは東雲彰人。よろしくね。\nこっちは相棒の青柳冬弥"
            ]
        },
        {
            "fileName": "street_01_07",
            "talks": [
                "時間通りだな。冬弥。\n準備はできてるか？",
                "今日も頼むぞ、相棒"
            ]
        },
        {
            "fileName": "street_01_08",
            "talks": [
                "いくぞ冬弥。\n徹底的に潰してやる"
            ]
        },
        {
            "fileName": "street_01_10",
            "talks": [
                "いくぞ冬弥。もうすぐオレ達の番だ。\n……盛り上げるぞ"
            ]
        },
        {
            "fileName": "street_01_12",
            "talks": [
                "……勝手にしろ。\n帰るぞ冬弥。謙さんがいねえならいる意味ねえ",
                "『RAD WEEKEND』を超えるのはオレ達だ。\n今度こそ思い知らせてやるぞ、冬弥"
            ]
        },
        {
            "fileName": "street_01_13",
            "talks": [
                "今日はオレ達が先だ。\n今度こそ見せつけてやるぞ、冬弥。……おい、冬弥？",
                "……たく、調子のりやがって。\nおい冬弥、次のイベントはセトリ変えていくぞ！",
                "冬弥？　どうした？"
            ]
        },
        {
            "fileName": "street_01_14",
            "talks": [
                "おい待てよ！　話終わってねえだろ！\n冬弥！！",
                "おい冬弥！　今、オレが言おうとしてただろ！"
            ]
        },
        {
            "fileName": "street_01_15",
            "talks": [
                "……あんなヤツ、最初から相棒じゃねえよ……"
            ]
        },
        {
            "fileName": "street_01_16",
            "talks": [
                "アイツは相棒じゃねえ！",
                "……クソ。お前らがなんなのかは知らねえけど……\n冬弥とオレはもう関係ねえよ"
            ]
        },
        {
            "fileName": "street_01_17",
            "talks": [
                "冬弥は、冗談なんか言わねえ……。\nだからつい、あいつの言葉を\n“そのままの意味”で考えてた……",
                "……冬弥が、店に来てる？"
            ]
        },
        {
            "fileName": "street_01_18",
            "talks": [
                "オレ達も、あれくらいすげえ、最高のイベントをやるぞ！　冬弥！"
            ]
        },
        {
            "fileName": "street_01_19",
            "talks": [
                "冬弥……",
                "普通相棒が荒れてたらはげますなりなんなりするだろ。\nでもお前はなんにもいわないで……",
                "冬弥………。\n……やっと吐いたか",
                "あーうるせえうるせえ。難しく考えてんじゃねえよ。\nオレは冬弥とやりたくて、冬弥もオレとやりたいんだ",
                "お前は中途半端じゃねぇ。\n中途半端って自分で思ってるだけの、オレの最高の相棒だ",
                "ま、いいか。\n明日からブランク空いた分取り戻すぞ、相棒"
            ]
        },
        {
            "fileName": "street_01_20",
            "talks": [
                "……ハッ、当たり前だ。\n冬弥、腕が落ちてたら承知しねえからな"
            ]
        },
        {
            "fileName": "event_06_03",
            "talks": [
                "お前、まだこはねのことを相棒って\n思えてないんじゃねえのか？",
                "なんで守るつもりでいたんだよ。\n相棒なら『守る』って言わねえだろ",
                "昨日の練習で、お前が言ってた『リードする』って言葉……\nオレはあれを、相棒としてこはねを助けるって意味だと思ってた",
                "お前は、こはねのことを相棒って\n思えてなかったってことだろ"
            ]
        },
        {
            "fileName": "event_06_04",
            "talks": [
                "お前は、こはねのことを相棒って\n思えてなかったってことだろ"
            ]
        },
        {
            "fileName": "event_06_06",
            "talks": [
                "おい、冬弥",
                "背中預けられるくらい信頼しあえなきゃチームにはなれねえ。\n相棒なんてもっとだ"
            ]
        },
        {
            "fileName": "event_06_08",
            "talks": [
                "つーか冬弥。お前、こはねに何か言ったんじゃねえのか？"
            ]
        },
        {
            "fileName": "event_07_02",
            "talks": [
                "待たせたな、冬弥",
                "ああ。オレは受付だけだけどな。\n冬弥のとこはたしか……"
            ]
        },
        {
            "fileName": "event_07_03",
            "talks": [
                "冬弥、お前……メチャクチャ楽しそうだな"
            ]
        },
        {
            "fileName": "event_07_04",
            "talks": [
                "……この際だから聞くが、\nどうして冬弥はそんなにあいつを尊敬してるんだ？",
                "……まあ、いいか。\nオレ達も探しに行くぞ、冬弥"
            ]
        },
        {
            "fileName": "event_09_07",
            "talks": [
                "——いいか冬弥、やるからには勝つぞ！"
            ]
        },
        {
            "fileName": "event_12_01",
            "talks": [
                "こっちもいけるぞ。\n冬弥はどうだ？"
            ]
        },
        {
            "fileName": "event_12_02",
            "talks": [
                "じゃあな、冬弥。\n自主練すんのはいいけど、無理はすんなよ"
            ]
        },
        {
            "fileName": "event_12_03",
            "talks": [
                "冬弥、悪い。待たせたな。\nサッカー部の連中に捕まってよ"
            ]
        },
        {
            "fileName": "event_12_04",
            "talks": [
                "（……いや。\nこれは、冬弥がひとりで向き合う必要がある問題だ）",
                "（冬弥が決めたなら、オレは黙って見守らねえとな）",
                "冬弥ストップだ！\nそこはお前が出てくとこだろ",
                "（冬弥のヤツ、親父ともめたな。\n顔には出てねえけど歌に出てやがる）",
                "冬弥、歌に影響が出てる以上、\nお前だけの問題じゃねえぞ"
            ]
        },
        {
            "fileName": "event_12_06",
            "talks": [
                "けど、冬弥は音楽から離れて——もう一度音楽を選んだ"
            ]
        },
        {
            "fileName": "event_12_07",
            "talks": [
                "…………冬弥は、大丈夫か。親父のことは",
                "いくぞ、冬弥",
                "……おい、冬弥！",
                "頑張ったな、冬弥"
            ]
        },
        {
            "fileName": "event_12_08",
            "talks": [
                "ま、オレの相棒ならこれくらいはやってくれねえとな"
            ]
        },
        {
            "fileName": "event_21_01",
            "talks": [
                "（——どうにも懐かしいな、この感じは。\n初めて冬弥の歌を聴いた時みたいだ）",
                "なんだよ今更。\nそれ言うなら、冬弥も前より自主練増えただろ",
                "（冬弥は親父のことにふんぎりつけてから、\nますます歌えるようになってきてる）"
            ]
        },
        {
            "fileName": "event_21_02",
            "talks": [
                "相棒？\nそいつ、相棒がいるんですか？",
                "なあ、冬弥",
                "——行くぞ、冬弥"
            ]
        },
        {
            "fileName": "event_21_03",
            "talks": [
                "同じチームの、オレの相棒です",
                "歌えるだろ、冬弥。\n喉は十分開いてんだ",
                "冬弥がやらなくても、オレはやる"
            ]
        },
        {
            "fileName": "event_21_04",
            "talks": [
                "（相棒が、歌えなくなった……）",
                "冬弥"
            ]
        },
        {
            "fileName": "event_21_05",
            "talks": [
                "そうだな。冬弥の言うとおりだ",
                "冬弥……",
                "（……冬弥と比べて才能がないなんてこと、\nオレが一番よくわかってんだよ）",
                "（あいつの相棒として、肩を並べて歌えるように。\n一緒にRAD WEEKENDを超えるために——！）",
                "（冬弥と歌い始めてからはずっとふたりだったし、\nそのあとはあいつらと組んで歌ってきたからな）"
            ]
        },
        {
            "fileName": "event_21_06",
            "talks": [
                "なんだよ冬弥。そんなに慌てて",
                "…………冬弥",
                "（冬弥と組んで——こいつと相棒としてやっていくために、\n必死で練習してきた）",
                "（冬弥達とRAD WEEKENDを超えるためには、\nオレ自身がこいつらの何倍も努力しなきゃならねえ）",
                "（今はただ、冬弥と出会った頃みてえに\nがむしゃらにやるしか——）",
                "頑張ったな、冬弥"
            ]
        },
        {
            "fileName": "event_21_07",
            "talks": [
                "……！\n……冬弥、お前……！"
            ]
        },
        {
            "fileName": "event_24_01",
            "talks": [
                "……おい、冬弥。\n本当にやる気か？",
                "（あの野郎、冬弥に面倒ごと押しつけやがって……）",
                "どうした？　冬弥。\nなんかあったのか？",
                "……おい冬弥。\n代わりに行くってなんの話だ？",
                "いや、つーかなんであいつの代わりに\n冬弥が行くことになるんだよ！？",
                "つっても冬弥は芝居なんてしたことねえだろ。\nそれでエキストラなんて、本当にできんのか？"
            ]
        },
        {
            "fileName": "event_24_05",
            "talks": [
                "とにかくだ、冬弥。オレは結婚式の出し物なんかのために\n歌う気はねえ。他あたれ",
                "何言われても、お前みたいなヤツとはやらねえぞ。\n冬弥も、わかったか",
                "……冬弥",
                "だから……今回だけは、冬弥の顔に免じて手伝ってやるよ",
                "おい！\n冬弥に変なことやらせんじゃねえぞ！"
            ]
        },
        {
            "fileName": "event_29_02",
            "talks": [
                "楽しみ？\n冬弥、お前……"
            ]
        },
        {
            "fileName": "event_29_03",
            "talks": [
                "（冬弥とイベントに出てるの見られたら、\nあとでいろいろめんどくさそうだな）"
            ]
        },
        {
            "fileName": "event_29_05",
            "talks": [
                "まあな。じゃ、荷物はこの段ボール箱に入れて……と。\n冬弥はどうする？",
                "あはは……。それはよかったです。\nあ、そうだ。こっちはオレの相棒の冬弥です",
                "冬弥、姉貴の友達の桃井さんと日野森さんだ"
            ]
        },
        {
            "fileName": "event_29_07",
            "talks": [
                "（——よし、次はオレのソロか。\n冬弥のソロにつなげるために盛り上げねえと）",
                "（——うまくいった！\nあとは、冬弥と振りを合わせて……！）"
            ]
        },
        {
            "fileName": "event_29_08",
            "talks": [
                "おい冬弥、勝手に決めんなよ",
                "いや、オレはこのあと用事があるからパス。\nおい冬弥、そろそろ行く——",
                "おい、冬弥お前……。\nレンとの約束忘れてねえだろうな？"
            ]
        },
        {
            "fileName": "event_36_10",
            "talks": [
                "冬弥も笑ってんじゃねえぞ！"
            ]
        },
        {
            "fileName": "event_37_01",
            "talks": [
                "こはね！　冬弥！\n今から聴く歌、よく聴いておけ！"
            ]
        },
        {
            "fileName": "event_37_03",
            "talks": [
                "冬弥。前に『WALKER』ってアーティストの曲、\n聴かせたことあるだろ"
            ]
        },
        {
            "fileName": "event_37_05",
            "talks": [
                "ま、そこまでモロに顔に出てたわけじゃあねえけどな。\n冬弥とこはねも多分気づいてねえし",
                "オレですらそうなんだ。\n相棒のお前は——尚更なんじゃねえかって思っただけだ"
            ]
        },
        {
            "fileName": "event_37_06",
            "talks": [
                "こはねに、相棒だと思われなくなるかもしれない……？",
                "オレの相棒だよ。\nこの前から、ふたりでチーム組むようになったんだ",
                "うん。冬弥のおかげで、\nようやく一歩前進できたよ",
                "少なくとも今のお前は、\nこはねと相棒で居続けたいって思ってんだろ？"
            ]
        },
        {
            "fileName": "009002_kohane02",
            "talks": [
                "いや、うちの親より、冬弥の親父のほうが有名……"
            ]
        },
        {
            "fileName": "009003_kohane02",
            "talks": [
                "オレと冬弥は中学の時から活動してるからな。\n新人じゃねえんだよ"
            ]
        },
        {
            "fileName": "009011_kohane01",
            "talks": [
                "あー。そういや、冬弥のクラスメイトが\nあそこのメンバーだったな"
            ]
        },
        {
            "fileName": "009011_kohane02",
            "talks": [
                "冬弥……",
                "冬弥、お前……！"
            ]
        },
        {
            "fileName": "010002_an02",
            "talks": [
                "……おい、なに笑ってんだよ。冬弥",
                "……なあ冬弥。お前のイカ食べてやるよ。\nだから代わりに……な？"
            ]
        },
        {
            "fileName": "010003_an02",
            "talks": [
                "冬弥……お前、来たことなかったのか？",
                "冬弥、お前絶叫系はダメなんじゃねえの。\n高いところ苦手だろ"
            ]
        },
        {
            "fileName": "010005_an01",
            "talks": [
                "なんで守るつもりでいたんだよ。\n相棒なら『守る』って言わねえだろ"
            ]
        },
        {
            "fileName": "010008_an01",
            "talks": [
                "オレと冬弥のスマホも鳴ってたな"
            ]
        },
        {
            "fileName": "010008_an02",
            "talks": [
                "……あ。冬弥、これ"
            ]
        },
        {
            "fileName": "011001_akito02",
            "talks": [
                "（冬弥がクラシックの話してるのに、\nこんな表情するなんて、珍しいな……）"
            ]
        },
        {
            "fileName": "011002_akito01",
            "talks": [
                "冬弥が来るまで、\nこの前録った声の確認するか",
                "ああ、冬弥か",
                "（相棒が何考えてるかくらい、\nちゃんと知っておきたいしな）"
            ]
        },
        {
            "fileName": "011003_akito01",
            "talks": [
                "（外に冬弥がいるってことは、\nもうすぐバイト上がる時間か）"
            ]
        },
        {
            "fileName": "011003_akito02",
            "talks": [
                "はぁ、マジで腹減った。\n冬弥、早く購買行こうぜ",
                "なんだ冬弥、センパイと何かあったのか？",
                "行っちまった……別にくれなんて頼んでねえのに……。\nなあ冬弥、このチケットどうする――",
                "（冬弥とあいつは昔からの知りあいらしいけど、\nにしたって、なんであんなのになついてんだ？）"
            ]
        },
        {
            "fileName": "011005_akito01",
            "talks": [
                "だいたい、見下してるヤツを相棒に選ぶわけねえんだよ",
                "特に杏は、あの『RAD WEEKEND』を見てる。\nだから、仲間の……相棒の重要さをわかってる",
                "まあ、そのようやく見つけた相棒が、こはねみたいなヤツだとは\nオレも思ってなかったわけだが……",
                "（それでも、夢を叶えるには\nこいつ以上の相棒はいないっていう確信もあった）"
            ]
        },
        {
            "fileName": "011005_akito02",
            "talks": [
                "へえ、そんな場所があるのか。\nせっかくだし、行ってみるか。冬弥は？",
                "……冬弥、気づいてなかったのかよ",
                "ああ、前まではできなかったことも、\n冬弥と組むようになってからできるようになったしな",
                "ったく、でなきゃ、今も相棒なんて続けてねえよ"
            ]
        },
        {
            "fileName": "011006_akito01",
            "talks": [
                "（冬弥のヤツ、ちゃんと話せたのか……？）",
                "（まあ、冬弥もなんだかんだ頑固なとこあるし、\nわからなくもねえけど……）",
                "いりませんって。\nそれで喜ぶのは冬弥かこはねくらいでしょうが……。\nオレまで子ども扱いしないでください",
                "冬弥も、親父の言うことなんて無視すりゃいいのに……"
            ]
        },
        {
            "fileName": "011006_akito02",
            "talks": [
                "……『ピアノソロ　青柳春道』……って、これ！",
                "あー、冬弥は物心ついた時から……いや、\n下手するともっと前から、\nこのすげえ演奏を聴いてたのかって思ってな",
                "（冬弥が吹っ切れてから、全員調子が上がってきてるし、\nチームとしての歌にも磨きがかかってる）",
                "（冬弥は今回のことで確実に成長した）",
                "（だったら相棒として、オレも負けていられねえからな！）"
            ]
        },
        {
            "fileName": "011007_akito01",
            "talks": [
                "ああ。冬弥達とは\nWEEKEND GARAGEで会う約束だしな",
                "けどそっちは……ひとりで突っ走っちまったことは、\n冬弥達には謝ったんで"
            ]
        },
        {
            "fileName": "011007_akito02",
            "talks": [
                "（……仕方ねえ。\n冬弥達との待ち合わせもあるし、腹を括るか）"
            ]
        },
        {
            "fileName": "011008_akito01",
            "talks": [
                "（問題は、プロポーズチームだよな……。\nちょっと冬弥の様子、見に行くか）"
            ]
        },
        {
            "fileName": "011008_akito02",
            "talks": [
                "冬弥……。\nそんなこといちいち教えてやらなくてもいいだろ"
            ]
        },
        {
            "fileName": "011009_akito01",
            "talks": [
                "おう。\n冬弥、いくぞ！"
            ]
        },
        {
            "fileName": "011009_akito02",
            "talks": [
                "ほらよ。\n冬弥、リン、ちょっと離れてたほうがいいぞ",
                "おいっ。待て、冬弥！\n名前で呼んでるのは仲がいいからじゃねえからな！？"
            ]
        },
        {
            "fileName": "011010_akito01",
            "talks": [
                "（冬弥とこはねはまだ来てねえな。\n……あれ？）",
                "（オレや冬弥も相当驚いたけど、\n相棒のあいつが、きっと一番驚いただろうしな）",
                "（それに、相棒のすさまじさを突きつけられた時の衝撃は、\nオレもよく知ってる）",
                "（……相棒がすごいってのは、\n何よりも誇らしいことだが）",
                "（そいつの『相棒』で居続けるのは、楽じゃねえ）"
            ]
        },
        {
            "fileName": "011010_akito02",
            "talks": [
                "けど、冬弥を相棒に選んだことを、\n後悔したことは一度もねえ",
                "自分のことを不甲斐ねえって思ったことはあっても、\nこはねのこと誘って失敗したとか、\n違うヤツを相棒にすればよかったとか思ったことねえだろ"
            ]
        },
        {
            "fileName": "012001_touya01",
            "talks": [
                "ああ、冬弥か。\nちょうどよかった。昼買いに……",
                "（それにしても冬弥のヤツ、なんであんなに\nあいつに懐いてるんだ……？）"
            ]
        },
        {
            "fileName": "012001_touya02",
            "talks": [
                "お、冬弥。図書室から出てきたってことは、\n図書委員の当番終わったのか？"
            ]
        },
        {
            "fileName": "012002_touya02",
            "talks": [
                "よし。行くぞ、冬弥"
            ]
        },
        {
            "fileName": "012003_touya02",
            "talks": [
                "冬弥。\nあいつらもうWEEKEND GARAGEに着いてるらしいぞ",
                "おう、相棒"
            ]
        },
        {
            "fileName": "012005_touya02",
            "talks": [
                "ん？　どうした、冬弥。何ぼーっとしてんだ？"
            ]
        },
        {
            "fileName": "012006_touya02",
            "talks": [
                "冬弥、前にオレ達に見せてくれた写真、\n見せてやったらどうだ？",
                "……冬弥。まーたなんか深刻に\n考えてんじゃねえだろうな"
            ]
        },
        {
            "fileName": "012007_touya02",
            "talks": [
                "あいつらはともかく、相棒のオレには言えっての"
            ]
        },
        {
            "fileName": "012009_touya01",
            "talks": [
                "ん……ああ、冬弥か。\n悪ぃ、ぼーっとしてた",
                "冬弥、こっちだ！",
                "……なんだよ、冬弥までニヤニヤしやがって"
            ]
        },
        {
            "fileName": "012009_touya02",
            "talks": [
                "ああ。BAD DOGSはスラングで、\n『最高の相棒』って意味だ"
            ]
        },
        {
            "fileName": "012010_touya01",
            "talks": [
                "ん、冬弥。いたのか",
                "冬弥？　急に黙ってどうした？"
            ]
        },
        {
            "fileName": "012010_touya02",
            "talks": [
                "……冬弥？"
            ]
        },
        {
            "fileName": "012011_touya02",
            "talks": [
                "前に、冬弥がイベントですげえパフォーマンスを\n見せてくれた時があったが……",
                "いや……。冬弥から『楽しい』って言葉が、\nこんなに普通に聞けると思ってなくて驚いただけだ",
                "じゃ、また明日な、相棒"
            ]
        },
        {
            "fileName": "012012_touya01",
            "talks": [
                "冬弥？　急に黙りこんでどうした？",
                "冬弥……"
            ]
        },
        {
            "fileName": "015001_nene01",
            "talks": [
                "おーい、冬弥。昼買いに行かないのか？"
            ]
        },
        {
            "fileName": "020009_mizuki02",
            "talks": [
                "いえ、オレ達は昼飯買いに行くので！\nほら行くぞ、冬弥！"
            ]
        },
        {
            "fileName": "021004_miku02",
            "talks": [
                "はいはい。冬弥、コーヒーでいいよな",
                "あ……いや、冬弥のやつが珍しく結構しゃべるからな。\nミクと気があうのか……？",
                "おい、冬弥！\n本当に、余計なことばっか喋ってんじゃねえよ",
                "それより、レンは？\nあいつ、ちゃんと相棒と仲直り出来たのか？"
            ]
        },
        {
            "fileName": "022010_rin01",
            "talks": [
                "じゃあ、冬弥や杏とか、こはねのスマホにも行けるのか？",
                "クラス違うからな。\n杏は多分、クラスのヤツと昼食べるだろうし、\n冬弥は今日図書委員だから、多分話せないぞ"
            ]
        },
        {
            "fileName": "023002_len02",
            "talks": [
                "お前、あれから相棒と仲直りはできたのか？"
            ]
        },
        {
            "fileName": "023003_len02",
            "talks": [
                "俺も冬弥とは来てたぞ"
            ]
        },
        {
            "fileName": "023005_len02",
            "talks": [
                "……オレの話はもういいだろ。\nで、冬弥はどうだったんだ？"
            ]
        },
        {
            "fileName": "023009_len02",
            "talks": [
                "おう。いくぞ、レン、冬弥"
            ]
        },
        {
            "fileName": "025002_meiko01",
            "talks": [
                "お願いします。\nというか冬弥、ミステリー小説は好きだろ？"
            ]
        },
        {
            "fileName": "026008_kaito02",
            "talks": [
                "どうすんだ、冬弥？"
            ]
        },
        {
            "fileName": "areatalk01_031",
            "talks": [
                "冬弥のヤツ、図書委員の当番か"
            ]
        },
        {
            "fileName": "areatalk02_059",
            "talks": [
                "おい、冬弥……って、アイツいねぇのかよ……",
                "あ……ねえ、そこのキミ。\n冬弥と同じクラスだよね？　どこ行ったか知らないかな"
            ]
        },
        {
            "fileName": "areatalk02_215",
            "talks": [
                "ああ。冬弥のヤツ、今日図書委員で居残りだからな"
            ]
        },
        {
            "fileName": "areatalk03_137",
            "talks": [
                "あ！　冬弥、お前……"
            ]
        },
        {
            "fileName": "areatalk04_005",
            "talks": [
                "……って、お前の相棒は言ってるぞ。\nやれんのか？　中途半端なマネは許さねえぞ"
            ]
        },
        {
            "fileName": "areatalk_ev_shuffle_02_004",
            "talks": [
                "ま、相棒だしな"
            ]
        },
        {
            "fileName": "areatalk_ev_shuffle_02_006",
            "talks": [
                "はぁ……いい加減その『弟くん』ってのやめろ。\n冬弥のことは、普通に名前で呼んでるだろ"
            ]
        },
        {
            "fileName": "areatalk_ev_street_05_004",
            "talks": [
                "おい、冬弥！"
            ]
        }
    ]
}