{
    "mainStory": 0,
    "eventStory": 0,
    "cardStory": 3,
    "areaTalk": 1,
    "talkPacks": [
        {
            "fileName": "006011_haruka01",
            "talks": [
                "って、もしかして愛莉ちゃんも一緒？",
                "ええ！　愛莉ちゃんのステージパフォーマンスは\nものすごく洗練されているし——",
                "一目見れば、アイドルの愛莉ちゃんもすごいんだって\nみんなに伝わるんじゃないかしら？"
            ]
        },
        {
            "fileName": "areatalk_monthly2107_005",
            "talks": [
                "それならよかった！　ありがとう、愛莉ちゃん"
            ]
        }
    ]
}