{
    "mainStory": 0,
    "eventStory": 1,
    "cardStory": 1,
    "areaTalk": 2,
    "talkPacks": [
        {
            "fileName": "event_33_04",
            "talks": [
                "でも、私も咲希に賛成かな。\n雫先輩、きっと喜ぶと思うよ"
            ]
        },
        {
            "fileName": "001010_ichika02",
            "talks": [
                "特に雫先輩は、志歩の晴れ姿見たいだろうしね"
            ]
        },
        {
            "fileName": "areatalk_ev_shuffle_11_004",
            "talks": [
                "たしかに……。\n雫先輩、志歩とそういう話ってしたりするんですか？",
                "私も、雫先輩が好きなアイドルやアーティスト、\n知りたいです"
            ]
        }
    ]
}