{
    "mainStory": 1,
    "eventStory": 3,
    "cardStory": 6,
    "areaTalk": 0,
    "talkPacks": [
        {
            "fileName": "street_01_15",
            "talks": [
                "天馬先輩とか神代先輩とかと違って、\nこはねは神高の風紀を乱さないからいーの"
            ]
        },
        {
            "fileName": "event_24_07",
            "talks": [
                "え？　冬弥と、神代先輩！？\nどういう組みあわせ？"
            ]
        },
        {
            "fileName": "event_24_08",
            "talks": [
                "ねえ冬弥、神代先輩に、RAD WEEKENDの話したの？",
                "神代先輩、風紀委員の取り締まりの時くらいしか\n話したことなかったけど、普通にいい人だよね"
            ]
        },
        {
            "fileName": "010001_an02",
            "talks": [
                "すみません、神代先輩。風紀委員です。\nずいぶん荷物が多いみたいですが、\nそっちの大きなカバンはなんですか？",
                "……あなた、Ｂ組の子だよね。\n神代先輩が言ってること、本当？"
            ]
        },
        {
            "fileName": "010008_an01",
            "talks": [
                "けど、びっくりだよ。あの神代先輩が演出をして、\n私達がそこに参加する、なんてさ",
                "神代先輩、たまたま来てたってだけなんでしょ？\nそれなのに、ひとりで段取り整えて、\nあっちこっち行って指示を出したりさ"
            ]
        },
        {
            "fileName": "010008_an02",
            "talks": [
                "ねえどう、冬弥？\nこの笑顔のために、冬弥も神代先輩も頑張ったんでしょ"
            ]
        },
        {
            "fileName": "020006_mizuki01",
            "talks": [
                "そうだ。そういえば瑞希って、神代先輩とも知りあいだったんだね"
            ]
        }
    ]
}