{
    "mainStory": 0,
    "eventStory": 4,
    "cardStory": 0,
    "areaTalk": 0,
    "talkPacks": [
        {
            "fileName": "event_36_06",
            "talks": [
                "花里が振り付けの仕方を覚えたいと言っていたから、\nあいつなりに教えているのかもしれんな"
            ]
        },
        {
            "fileName": "event_36_08",
            "talks": [
                "花里、オレはアイドルのことはよくわからん。\nだがな……",
                "花里ならばできる！\nこれまで努力してきた自分を信じろ！",
                "む……これは失敬！\nでは、花里！　静かに発声練習するぞ！"
            ]
        }
    ]
}