{
    "mainStory": 22,
    "eventStory": 31,
    "cardStory": 48,
    "areaTalk": 13,
    "talkPacks": [
        {
            "fileName": "leo_01_03",
            "talks": [
                "うん。ミクだよ。\nよろしくね、一歌"
            ]
        },
        {
            "fileName": "mmj_01_06",
            "talks": [
                "みんなこんにちはー！　ミクです！"
            ]
        },
        {
            "fileName": "nightcode_01_00",
            "talks": [
                "わたしは、ミク"
            ]
        },
        {
            "fileName": "nightcode_01_06",
            "talks": [
                "わたしは、ミク"
            ]
        },
        {
            "fileName": "street_01_02",
            "talks": [
                "『はじめまして、こはね。\n私はキミ達のセカイのミク。よろしくね』"
            ]
        },
        {
            "fileName": "vswonder_01_01",
            "talks": [
                "ミク、思いついちゃった～～～！！"
            ]
        },
        {
            "fileName": "vswonder_01_02",
            "talks": [
                "すご～い！　マジックショーだね！\nミクもそれやってみたい！！",
                "えへへ～☆\nみんなっ、ミクのマジックショー楽しかった？",
                "……みんなが見たいって思ってくれるショーができたら、\nミク達、何回もショーができるの？",
                "……！\nじゃあミク、がんばる！　みんながまた見たいって思ってくれる\nショーをがんばって作るねっ☆",
                "そしたら、みんなもミクも、\nずーっと楽しい気持ちでいられるはずだから！",
                "ミクも、みーんなに笑顔になってほしいな♪\nカイトもいっぱい笑顔にしちゃうよっ！",
                "楽しそう～！　でも、勝つのはもちろんミクだよ～！"
            ]
        },
        {
            "fileName": "vswonder_01_03",
            "talks": [
                "う～～かわいそうだね……。\nミク達、何かしてあげられないかなぁ？"
            ]
        },
        {
            "fileName": "wonder_01_00",
            "talks": [
                "ミクだよ〜！"
            ]
        },
        {
            "fileName": "wonder_01_03",
            "talks": [
                "うんっ♪　ミクだよ～っ☆",
                "そうっ♪　だからここでミク達とショーをやらない？\nそしたら本当の想いをちゃんと思い出せると思うんだっ☆"
            ]
        },
        {
            "fileName": "wonder_01_10",
            "talks": [
                "はじめまして。ミクだよ♪\nあのロボット、かわいいね～☆　キミが動かしてるの？"
            ]
        },
        {
            "fileName": "wonder_01_19",
            "talks": [
                "えへへ♪　ミクもミクも～♪"
            ]
        },
        {
            "fileName": "wonder_01_20",
            "talks": [
                "ミクにも聞こえたよ～♪\nはっはっはーって！",
                "あ、ねえねえ！　ミク達もまたショーをやろうよ！\nみんなの笑顔が見たいな～♪",
                "ミク達がみ～んなを笑顔のワンダーランドに連れていくよ～！"
            ]
        },
        {
            "fileName": "event_03_01",
            "talks": [
                "と～っても素敵なショーだったよ～！\nミクも一緒にやりたくなっちゃった♪"
            ]
        },
        {
            "fileName": "event_04_04",
            "talks": [
                "ねえねえ、ミクも体育祭出たーい！",
                "あっ、そうだ！\nミクが応援係をするっていうのはどうかな？",
                "よかった☆\nじゃあ明日、ミクがえむちゃんの学校の体育祭に遊びに行くね！"
            ]
        },
        {
            "fileName": "event_04_05",
            "talks": [
                "『よーし、ミクも張り切って応援するぞー！！』"
            ]
        },
        {
            "fileName": "event_04_07",
            "talks": [
                "『うん！\nちゃんとミクの声、聞こえてたんだねっ！』",
                "『ミクも楽しかった！\n体育祭ってこんな感じなんだね』",
                "『ふふっ、じゃあミクはそろそろ帰るね！\n今日は呼んでくれてありがとう♪』"
            ]
        },
        {
            "fileName": "event_08_04",
            "talks": [
                "『みんな～☆　ミクだよ♪\n元気にしてたっ？』",
                "『うんっ♪　あのね、今日はみんなにミク達の新しいショーを\n見てほしいなって思って☆』"
            ]
        },
        {
            "fileName": "event_08_07",
            "talks": [
                "『うん！　寧々ちゃんが元気になってくれて、\nミクもすっごく嬉しいよ～っ♪』",
                "今回は、ミク達がいなくても大丈夫だったみたいだね♪"
            ]
        },
        {
            "fileName": "event_09_09",
            "talks": [
                "えっ！　競走するならミクもまぜて～！",
                "うんうん☆　ミク達なら、きっとできるはずっ"
            ]
        },
        {
            "fileName": "event_15_02",
            "talks": [
                "ミクは絶対これがいいと思うよ～☆\nいーっぱい歌えるもんっ♪"
            ]
        },
        {
            "fileName": "event_16_02",
            "talks": [
                "いいな～！　みんな持ってるんだね～！\nミク達もおひな様飾ってパーティーしたいっ☆"
            ]
        },
        {
            "fileName": "event_25_01",
            "talks": [
                "ミクにも教えて教えて〜！\n何するの！？"
            ]
        },
        {
            "fileName": "event_25_05",
            "talks": [
                "ミクもとってもとってもとってもとっても、\nとーっても感動したよ～！！！！",
                "あーあ、ミクも一緒に本番に出たいな～！！\n絶対おもしろいのに～！！"
            ]
        },
        {
            "fileName": "event_30_01",
            "talks": [
                "『いいないいなー！　ミクも一緒に遊びたーい！』"
            ]
        },
        {
            "fileName": "event_30_02",
            "talks": [
                "『すごーい！　ミクも一緒に探したーい！\nたくさん拾って、ネックレスにしようよ！』",
                "『ううん、ミクはえむちゃんと遊べて楽しかったよ☆\nまた明日一緒に探そうね♪』"
            ]
        },
        {
            "fileName": "event_30_03",
            "talks": [
                "『へえ、楽しそう〜♪\nミクも練習見てていいかなー？』",
                "『ミクは楽しかったよ！\nだから、そんなに落ちこまないでっ』"
            ]
        },
        {
            "fileName": "event_30_07",
            "talks": [
                "『えむちゃん！　ミクの声、聞こえてるー？』",
                "『ねーっ。ミク、妖精さんになった気分だよ』",
                "『うん！　今からミクがマジックのやりかたを教えるから、\nえむちゃんも一緒にレッツトライ☆』",
                "『次の発表、がんばってね、えむちゃん！\n最高のショーになるようにミクも応援してるよっ』"
            ]
        },
        {
            "fileName": "event_30_08",
            "talks": [
                "『じゃあえむちゃん、ミクはまたしばらく隠れてるねっ』"
            ]
        },
        {
            "fileName": "event_32_02",
            "talks": [
                "あっ、ミクが人魚姫だったら、\n陸に上がってピチピチしたいなー！　お魚さんだし！"
            ]
        },
        {
            "fileName": "event_38_02",
            "talks": [
                "ミクもミクも～！"
            ]
        },
        {
            "fileName": "013007_tsukasa01",
            "talks": [
                "ふっふっふ……。\nミクとえむちゃんについてこられるかな？"
            ]
        },
        {
            "fileName": "014003_emu02",
            "talks": [
                "ミク達もね、この前のステージで\nわわわわ～！ってやってみたんだ♪"
            ]
        },
        {
            "fileName": "015007_nene02",
            "talks": [
                "『うん！　寧々ちゃんが元気になってくれて、\nミクもすっごく嬉しいよ～っ♪』"
            ]
        },
        {
            "fileName": "018003_mafuyu01",
            "talks": [
                "ミク"
            ]
        },
        {
            "fileName": "021005_miku01",
            "talks": [
                "すっごく盛り上がったよ～！\n箱にカイトが入っててね、ミクが剣を刺したんだ！",
                "えへへ、ミクの話役に立った？",
                "いつでもここに来て、ショーを見ていってね！\nミク、いつでも待ってるよ～♪"
            ]
        },
        {
            "fileName": "021005_miku02",
            "talks": [
                "えーと、ミクはねえ……"
            ]
        },
        {
            "fileName": "021010_miku01",
            "talks": [
                "それじゃあ、ミク達で体育祭やっちゃう？",
                "みんなが競争して、ミクはがんばるみんなを応援！\nすっごく楽しそう♪",
                "あっ！　じゃあ、ミクも声かけてこなくっちゃ！\nいっそげー！",
                "『体育祭をやればぬいぐるみくん達は笑顔になるし、\nミクはがんばるみんなを応援できるし、絶対楽しいよね！』",
                "『うん！　それじゃあ、ミクも準備に戻るね！』"
            ]
        },
        {
            "fileName": "021010_miku02",
            "talks": [
                "『ミクミク☆ワンダースポーツフェスティバル』\nはっじまっるよ～♪",
                "そしてミクはお花さん達と応援だよ♪",
                "（えへへっ☆　ミクもみんなを追いかけて\n応援しなくっちゃ♪）",
                "よーし！　じゃあミク、また応援に行ってくるね！",
                "今日はミク、みんながにっこにこに\nなってくれるところを見たいんだ♪"
            ]
        },
        {
            "fileName": "021011_miku01",
            "talks": [
                "はいはーい！\nミク、ステージに雪を降らせたいなっ☆",
                "寧々ちゃんがどうしてあんなに元気がなかったのか、\nミクはわからないけど……"
            ]
        },
        {
            "fileName": "021011_miku02",
            "talks": [
                "ねえ、みんな。\nあとはミクがやるから先に遊んできていいよ♪",
                "——寧々ちゃーん！　今ならミクひとりだよ？",
                "今は、ミクのことちゃーんと見て\nお話してくれるようになったんだねっ☆",
                "えへへ！　ミク、すっごく嬉しいな♪",
                "ふふっ、それはもちろん！\n寧々ちゃんのことを、ミクもカイトも応援したいからだよ！",
                "寧々ちゃん、これからもいつでもセカイに来てね！\nミク、もっともっとたくさんお話したいんだ♪"
            ]
        },
        {
            "fileName": "021014_miku01",
            "talks": [
                "でも……ミクばっかり楽しいのはダメだよね",
                "『えむちゃん、ミクのお願い聞いてくれてありがとう！』",
                "『わぁ……！　いいなぁ、ミク達は会えないかなぁ』",
                "ふっふっふっ。ミクには作戦があるんだけど、\nふたりも手伝ってくれる？"
            ]
        },
        {
            "fileName": "021014_miku02",
            "talks": [
                "それでは！　ミクとリンとレンによる、\nスペシャルショー、開演だよっ☆"
            ]
        },
        {
            "fileName": "021015_miku02",
            "talks": [
                "あっ、もう……！\nミクぴょんはやめてってば"
            ]
        },
        {
            "fileName": "021016_miku02",
            "talks": [
                "そう。みんながよく知っている『ミク』のことだよ"
            ]
        },
        {
            "fileName": "023004_len01",
            "talks": [
                "レン、どうだった～？　ミク達のステージ！"
            ]
        },
        {
            "fileName": "024008_luka01",
            "talks": [
                "じゃあ、ミク達と一緒に、\nみんなのところに行こうっ☆",
                "よかったぁ～、みんなが来てくれて♪\nミク達だけで連れていってあげられるか心配だったんだー"
            ]
        },
        {
            "fileName": "026003_kaito01",
            "talks": [
                "ミク、お花さんに聞いてくるね！\nカイトは、他にショーに出てくれそうな子達を\n集めてて～っ☆"
            ]
        },
        {
            "fileName": "026006_kaito02",
            "talks": [
                "うん♪　ミクもすっごく楽しみ！",
                "まず、ミク達は毎日楽しくショーができてるでしょー？",
                "それでそれで！　その笑顔を見て、\nミクもぬいぐるみくん達もニッコニコ！"
            ]
        },
        {
            "fileName": "026007_kaito01",
            "talks": [
                "ミクもー！\n司くん達との練習、すっごく楽しいもん♪"
            ]
        },
        {
            "fileName": "026007_kaito02",
            "talks": [
                "ミクもミクも～！\nねえねえ、どんな劇だったの？",
                "はーい！　ミク、レン達を探してくるー！"
            ]
        },
        {
            "fileName": "026009_kaito01",
            "talks": [
                "ふっふっふっ。もっちろん♪\nミクにぬかりはないのだーっ！",
                "はーい♪　ミク達のチームは全員いるよー！"
            ]
        },
        {
            "fileName": "026010_kaito01",
            "talks": [
                "だからお手伝いできるの、ミク達だけなんだ～",
                "あっ、ミクが人魚姫だったら、\n陸に上がってピチピチしたいなー！　お魚さんだし！"
            ]
        },
        {
            "fileName": "026010_kaito02",
            "talks": [
                "今日１日、このミク座長が、\n一座を乗っ取ったのだー！"
            ]
        },
        {
            "fileName": "areatalk02_360",
            "talks": [
                "私はこのセカイのミクだからね。\nまあそこは難しく考えるより、慣れて"
            ]
        },
        {
            "fileName": "areatalk02_373",
            "talks": [
                "えへへ。次のショーでね、ミク達楽器を演奏するの！\nだから、司くんもやろう♪"
            ]
        },
        {
            "fileName": "areatalk02_374",
            "talks": [
                "いいなぁ。ミクもくるくるびゅびゅびゅーんしたい！"
            ]
        },
        {
            "fileName": "areatalk02_375",
            "talks": [
                "クックックッー。さあ……、\nミクと一緒に歌うのだー♪"
            ]
        },
        {
            "fileName": "areatalk02_377",
            "talks": [
                "ミクのじゃなくて、ぬいぐるみくん達！\nミク達だけあるなんて、ふびょーどーだもん"
            ]
        },
        {
            "fileName": "areatalk03_190",
            "talks": [
                "いいねいいねっ♪\nミク、そういう予想できないほうがワクワクする☆"
            ]
        },
        {
            "fileName": "areatalk03_302",
            "talks": [
                "あっ、ミクもそう思ったことあるよ♪\nそれで、空飛ぶ汽車に乗って食べに行ったこともあるよ～",
                "レンもそう思う！？　ミクもそう思って、\n今度ぬいぐるみくん達と捕まえに行こうと思ってるんだよ！"
            ]
        },
        {
            "fileName": "areatalk_ev_shuffle_05_010",
            "talks": [
                "でしょでしょっ？　今からミクがこれに入るから、ルカには\nこのスイッチを押してほしいの！"
            ]
        },
        {
            "fileName": "areatalk_ev_special_01_004",
            "talks": [
                "えへへ。だって、ミクがお願いしたんだもん♪\nお手伝いは当たり前だよっ☆"
            ]
        },
        {
            "fileName": "areatalk_ev_wonder_02_012",
            "talks": [
                "わぁ！　それすっごくおもしろそう！\nミクもそれ絶対やりたーい！"
            ]
        },
        {
            "fileName": "areatalk_ev_wonder_02_013",
            "talks": [
                "ん～。ミクは跳ぶ瞬間とリズムかなっ☆\nピョンッ、くるくるくるっ、シュタッ！\nってやるとうまくできるんだ♪"
            ]
        },
        {
            "fileName": "areatalk_ev_wonder_06_005",
            "talks": [
                "類くん、ミクのこともなでなでして～？"
            ]
        }
    ]
}