{
    "mainStory": 3,
    "eventStory": 11,
    "cardStory": 26,
    "areaTalk": 3,
    "talkPacks": [
        {
            "fileName": "street_01_00",
            "talks": [
                "ふふ、いきなりのことで驚いてると思うけど……。\nこはねちゃんと杏ちゃんに会えて嬉しいわ"
            ]
        },
        {
            "fileName": "street_01_10",
            "talks": [
                "あら、こはねちゃん。　\nどうしたの？　しょんぼりして"
            ]
        },
        {
            "fileName": "vsstreet_01_04",
            "talks": [
                "あら、杏ちゃん。こはねちゃんも来てくれたのね"
            ]
        },
        {
            "fileName": "event_06_01",
            "talks": [
                "こはねちゃん、大丈夫？\nなんだか元気がないけど……"
            ]
        },
        {
            "fileName": "event_06_07",
            "talks": [
                "あら、こはねちゃん。いらっしゃい",
                "こはねちゃん……",
                "ふふ、こはねちゃんには素敵なお友達がいるのね",
                "ちょうどよかったわ。準備してるあいだに\nこはねちゃんにアドバイスしてくれないかしら？",
                "ふふ、こはねちゃんが教えてほしいんですって",
                "こはねちゃんは、紅茶のおかわりどうかしら？"
            ]
        },
        {
            "fileName": "event_28_04",
            "talks": [
                "あら、杏ちゃん、こはねちゃん、いらっしゃい",
                "こはねちゃんは、今まで自信を持って\n何かをやったことってないの？",
                "こはねちゃんは、人のいいところを\nよく見ているタイプなのね",
                "こはねちゃん自身のいいところにね"
            ]
        },
        {
            "fileName": "009003_kohane01",
            "talks": [
                "こはねちゃん、杏ちゃん。\nはい、ホットミルクよ",
                "ふふ、本当ね。\nこはねちゃんにすごく似合ってるわ"
            ]
        },
        {
            "fileName": "009008_kohane02",
            "talks": [
                "いらっしゃい、こはねちゃん。\nもうみんな来てるわよ"
            ]
        },
        {
            "fileName": "009011_kohane02",
            "talks": [
                "ふふ。ここでこはねちゃん達が話してる時と同じね"
            ]
        },
        {
            "fileName": "012005_touya01",
            "talks": [
                "ふふ。それにしても、時間に余裕をもって動くなんて\nこはねちゃん達は偉いわね"
            ]
        },
        {
            "fileName": "021012_miku02",
            "talks": [
                "ああ、ありえない話じゃないかも。\nこはねちゃんって、ここぞっていう時の根性とか\n意志の強さみたいなものあるものね"
            ]
        },
        {
            "fileName": "021017_miku01",
            "talks": [
                "ええ。こはねちゃんに自信をつけさせたいって言ってた時も\nまさにそうだったわね"
            ]
        },
        {
            "fileName": "022004_rin01",
            "talks": [
                "ミク？　そうね、最近はこはね達の歌を聴いて、\nアドバイスしたりしてるわね"
            ]
        },
        {
            "fileName": "023006_len01",
            "talks": [
                "あ、そうそう。\nこはねちゃんはトッピングを注文してくれる時もあるから、\n忘れずに聞いてあげてね"
            ]
        },
        {
            "fileName": "025002_meiko02",
            "talks": [
                "でも、こはねちゃん。\nつい最近できることを見つけたでしょう？"
            ]
        },
        {
            "fileName": "025005_meiko01",
            "talks": [
                "あら、杏ちゃん、こはねちゃん",
                "ふふ。こはねちゃんの好きなデザインでいいわよ。\n６客あるから、それぞれこのふきんで拭いてね",
                "（こはねちゃんは丁寧で慎重。\n杏ちゃんは迷いもなくて積極的——）",
                "ふふ。こはねちゃんは、\n杏ちゃんのことがとっても好きなのね",
                "（今は、こはねちゃんが杏ちゃんから多くを\n学んでいるのかもしれない。でも……）",
                "（もしかしたらいつか、杏ちゃんが自分にない何かを\nこはねちゃんに見出す時がくるかもしれないわね）",
                "（それに、こはねちゃん達には\n彰人くんや冬弥くんっていう仲間もいるし。\nきっと４人で、まだまだ成長していけるはず……）"
            ]
        },
        {
            "fileName": "025005_meiko02",
            "talks": [
                "ええ。でもそのうち、こはねちゃん達が来ると思うわ",
                "この前、こはねちゃんが暗い顔してカフェに来た時は\nちょっと心配しちゃったけど",
                "杏ちゃんもこはねちゃんも、\nうまく乗り越えられたみたいだし、よかったわ",
                "こはねちゃんと杏ちゃん、\nふたりがちゃんと相手と向きあって、解決していたわ"
            ]
        },
        {
            "fileName": "025011_meiko01",
            "talks": [
                "こはねちゃん、少しは気持ちを\n切り替えられたみたいでよかったわ",
                "みんなって、こはねちゃん達のこと？\nだったら、ついさっき帰ったわよ",
                "でも、途中から悩み相談みたいな感じになってたし、\nこはねちゃんも杏ちゃんも、\n遊ぶのはムリだったかもしれないわ",
                "ええ。こはねちゃん、今まで自信を持って\n何かをやったっていう経験がないみたいで……"
            ]
        },
        {
            "fileName": "025011_meiko02",
            "talks": [
                "おまたせ、こはねちゃん、杏ちゃん。\nこれで注文してもらったのは全部よね？"
            ]
        },
        {
            "fileName": "areatalk03_132",
            "talks": [
                "あら？　こはねちゃん、なんだか元気ないわね"
            ]
        },
        {
            "fileName": "areatalk03_134",
            "talks": [
                "あら、彰人くんにこはねちゃん。\n珍しい組み合わせね"
            ]
        },
        {
            "fileName": "areatalk03_135",
            "talks": [
                "はい、冬弥くんのブラックと、\nこはねちゃんのカフェラテ。お待ちどうさま"
            ]
        }
    ]
}