{
    "mainStory": 13,
    "eventStory": 2,
    "cardStory": 17,
    "areaTalk": 3,
    "talkPacks": [
        {
            "fileName": "wonder_01_00",
            "talks": [
                "ミクって……まさか、あの初音ミクか？\nたしかに見た目は似てるが……",
                "おわっ！？　お前、カイトか……！？\nミクにカイトまで出てくるということは……",
                "オレは、寝てたのか？　なんだか変な夢を見ていたような……。\nたしか、妙にテンションの高い初音ミクが……"
            ]
        },
        {
            "fileName": "wonder_01_02",
            "talks": [
                "初音ミクの映像？\nここ、初音ミクをマスコットキャラに使ってるのか？"
            ]
        },
        {
            "fileName": "wonder_01_03",
            "talks": [
                "これは、ミクの着ぐるみか？\nはぁ……まったく、驚いたぞ",
                "………………へ？\nは、初音、ミク…………？",
                "いや……ハハ、まさか。\nミクはアレだぞ？　バーチャル・シンガーだぞ？",
                "そういえばミクもそんなようなことを言っていたな。\n新世界が生まれるなど、にわかに信じがたいが……",
                "そもそもなぜ、バーチャル・シンガーのミクやカイトがいるんだ？"
            ]
        },
        {
            "fileName": "wonder_01_04",
            "talks": [
                "ゆ、夢か……！　それはそうだな。\nまさかあんな、変な場所や、変なミクや、変なぬいぐるみが\n本当にあるわけ……"
            ]
        },
        {
            "fileName": "wonder_01_13",
            "talks": [
                "……静かだな。誰もいないのか？\nいつもはすぐにミク達がやってくるのに……"
            ]
        },
        {
            "fileName": "wonder_01_14",
            "talks": [
                "ミク、カイト！　\nもしかして、ずっと見ていたのか？"
            ]
        },
        {
            "fileName": "wonder_01_19",
            "talks": [
                "ああ！\n……ミク、カイト"
            ]
        },
        {
            "fileName": "event_08_08",
            "talks": [
                "よし！　このあとはミク達への報告もかねて、\nセカイでクリスマスパーティーをするのはどうだ？"
            ]
        },
        {
            "fileName": "event_16_06",
            "talks": [
                "おお、ミクか。\nパーティーの準備を手伝いに来たぞ"
            ]
        },
        {
            "fileName": "013006_tsukasa02",
            "talks": [
                "（なにせセカイでは、しゃべって動き回って、\nミク達と一緒にショーをやっているくらいだしな）"
            ]
        },
        {
            "fileName": "013007_tsukasa01",
            "talks": [
                "決まりだな！\nおーい、えむ、ミクー！　ちょっといいか！"
            ]
        },
        {
            "fileName": "013008_tsukasa02",
            "talks": [
                "（まあ、ミクやカイト、それにあのウサギのぬいぐるみに\n思い出させてもらったんだがな）"
            ]
        },
        {
            "fileName": "013012_tsukasa01",
            "talks": [
                "おお、一歌か！　一歌は昔からミクが好きで、\nいつか出てみたいとも言っていたなぁ"
            ]
        },
        {
            "fileName": "013012_tsukasa02",
            "talks": [
                "ああ。……ん、そういえばミクがいないな。\nこういう時、真っ先に会話に入ってきそうなのに",
                "おわあああああ！？\n……って、ミクか……",
                "ああ。ミクはこの中なんだな"
            ]
        },
        {
            "fileName": "014003_emu02",
            "talks": [
                "あの着ぐるみ……中身はミクか。\nあの時は驚かされたが、同じ手は二度も食わないぞ！",
                "さあミク、着ぐるみを脱いで出てこい！",
                "久しぶりだな、ミク。カイト"
            ]
        },
        {
            "fileName": "021005_miku01",
            "talks": [
                "ここにくると、ミクに振り回されっぱなしだ。\nショーの相談どころか、どんな仰天事件に巻き込まれるか……！",
                "他人事みたいな顔をするな、類！\n大体えむやミクの行動に対して、どうしてオレだけが……"
            ]
        },
        {
            "fileName": "021016_miku01",
            "talks": [
                "さてと、ミクはどこだ？\nショーの相手役として\n練習につきあってくれる約束をしたはずだが……",
                "あんな衝撃的な出会いをしたミクと、\n今では普通にショーの練習をしているとは"
            ]
        },
        {
            "fileName": "021016_miku02",
            "talks": [
                "ミク達と出会えたおかげで、\nオレは、本当に欲しかったものを思いだせた"
            ]
        },
        {
            "fileName": "026010_kaito01",
            "talks": [
                "いや、十分だ。\nカイト、ミク、よろしく頼む！",
                "ミク、カイト、協力してくれてありがとう。\n必ず最高のショーを作ってみせるからな！"
            ]
        },
        {
            "fileName": "areatalk02_378",
            "talks": [
                "いや、あの自由気ままなミクやぬいぐるみ達で\nどう練習が成り立つのか気になってな"
            ]
        },
        {
            "fileName": "areatalk03_189",
            "talks": [
                "えむ、お前ミクと一緒に\nあの空飛ぶ汽車に乗ったらしいな"
            ]
        },
        {
            "fileName": "areatalk03_191",
            "talks": [
                "ミク……鬼か……"
            ]
        }
    ]
}