{
    "mainStory": 11,
    "eventStory": 16,
    "cardStory": 17,
    "areaTalk": 8,
    "talkPacks": [
        {
            "fileName": "street_01_07",
            "talks": [
                "あれは……白石と小豆沢か？"
            ]
        },
        {
            "fileName": "street_01_08",
            "talks": [
                "白石の？"
            ]
        },
        {
            "fileName": "street_01_10",
            "talks": [
                "待ってくれ白石。\n彰人はこんな真似は――",
                "彰人、なぜ白石達に言わない。\n音を止めたのは……"
            ]
        },
        {
            "fileName": "street_01_12",
            "talks": [
                "小豆沢、白石"
            ]
        },
        {
            "fileName": "street_01_13",
            "talks": [
                "（……彰人も、白石も、そして小豆沢も、\n夢に命をかけて、本気で向き合っている）"
            ]
        },
        {
            "fileName": "street_01_15",
            "talks": [
                "白石……お前、風紀委員じゃなかったのか"
            ]
        },
        {
            "fileName": "street_01_17",
            "talks": [
                "俺が決断できたのは、\n小豆沢と白石のおかげでもある"
            ]
        },
        {
            "fileName": "street_01_18",
            "talks": [
                "本当は……白石や小豆沢のような、\n本気で『RAD WEEKEND』を超える夢を追いかけられる\n仲間が彰人には必要だ"
            ]
        },
        {
            "fileName": "street_01_19",
            "talks": [
                "……小豆沢、白石"
            ]
        },
        {
            "fileName": "street_01_20",
            "talks": [
                "……ああ。\nあのセカイという場所がなんなのか、白石に聞いていた。\nとても興味深い話だった"
            ]
        },
        {
            "fileName": "event_06_02",
            "talks": [
                "（白石に遅れをとるわけにはいかないな！）"
            ]
        },
        {
            "fileName": "event_06_06",
            "talks": [
                "特に白石は、ショックを受けているように見えたからな"
            ]
        },
        {
            "fileName": "event_06_07",
            "talks": [
                "……そういえば白石も、昨日はお前に迷惑をかけたと\nだいぶ落ちこんでいた"
            ]
        },
        {
            "fileName": "event_09_07",
            "talks": [
                "すごかったな。\n白石と小豆沢もいい勝負をしていた"
            ]
        },
        {
            "fileName": "event_12_02",
            "talks": [
                "すまない、白石。\nさっき動画を撮っていただろう。見てもいいか？",
                "白石から送ってもらった動画は……これか"
            ]
        },
        {
            "fileName": "event_12_05",
            "talks": [
                "白石や小豆沢とチームも組めた"
            ]
        },
        {
            "fileName": "event_21_02",
            "talks": [
                "白石、小豆沢、また明日会おう"
            ]
        },
        {
            "fileName": "event_24_08",
            "talks": [
                "白石。どうしたんだ、彰人のクラスで"
            ]
        },
        {
            "fileName": "event_28_03",
            "talks": [
                "ああ、やりがいがあるぞ。\n小豆沢と白石は、このあとどうするつもりだ？"
            ]
        },
        {
            "fileName": "event_28_05",
            "talks": [
                "白石、特訓とは特別訓練の略称だ。\nスペシャル特訓と言ってしまうと、\n特別特別訓練ということに——"
            ]
        },
        {
            "fileName": "event_28_07",
            "talks": [
                "白石、小豆沢。\nそろそろスタンバイだ",
                "（今の一発でオーディエンスを掴めたな。\nここからは彰人と白石のターンか）"
            ]
        },
        {
            "fileName": "event_36_05",
            "talks": [
                "白石はサビ手前で走りがちだ。\n小豆沢が引きずられてリズムがズレるから気をつけたい"
            ]
        },
        {
            "fileName": "event_37_01",
            "talks": [
                "どうしたんだ？　白石、彰人。\nあの人を知ってるのか？"
            ]
        },
        {
            "fileName": "event_37_02",
            "talks": [
                "白石、彰人、あの人は何者なんだ？"
            ]
        },
        {
            "fileName": "009008_kohane02",
            "talks": [
                "白石が古文、彰人が英語の追試を受けるんだったな。\n俺は、彰人の英語を見るから、小豆沢は……",
                "小豆沢、手助けしてしまっては\n白石の勉強にならないぞ"
            ]
        },
        {
            "fileName": "010008_an01",
            "talks": [
                "すまない、白石。\nだが、引き受けてくれて本当に助かる"
            ]
        },
        {
            "fileName": "010008_an02",
            "talks": [
                "ああ。白石、彰人、本当に助かった。\nありがとう"
            ]
        },
        {
            "fileName": "011002_akito01",
            "talks": [
                "別に大したことじゃない。\n小豆沢と白石の実力を、買っているんだな、と"
            ]
        },
        {
            "fileName": "011005_akito01",
            "talks": [
                "小豆沢と白石、丸く収まってよかったな",
                "彰人が白石に言った言葉……。\n相当こたえていたようだったしな",
                "たしかに、それがわかってたから\n白石はずっと相棒を探していた",
                "小豆沢と白石に起きたようなことだ。\nだから、白石の気持ちもわかってやれたのかと"
            ]
        },
        {
            "fileName": "011008_akito02",
            "talks": [
                "それはそうなんだが……白石にも協力してもらったからな。\n彰人同様、何かしらお礼をさせてくれ"
            ]
        },
        {
            "fileName": "011010_akito02",
            "talks": [
                "ああ。小豆沢と白石もよかったら食べてくれ"
            ]
        },
        {
            "fileName": "012003_touya02",
            "talks": [
                "彰人や小豆沢、白石、謙さん。それに……"
            ]
        },
        {
            "fileName": "012007_touya02",
            "talks": [
                "（本当に、俺は恵まれている。\n司先輩に、謙さん……小豆沢に白石、それに……）"
            ]
        },
        {
            "fileName": "012008_touya02",
            "talks": [
                "そうだな。\nじゃあ、白石の家ではどうだったんだ？"
            ]
        },
        {
            "fileName": "012009_touya01",
            "talks": [
                "そういえば……白石は、どちらかといえば紅茶派だったな"
            ]
        },
        {
            "fileName": "012011_touya01",
            "talks": [
                "ん、白石から？"
            ]
        },
        {
            "fileName": "023009_len01",
            "talks": [
                "それなら、白石に都合がいい日を聞いてみよう"
            ]
        },
        {
            "fileName": "areatalk02_223",
            "talks": [
                "……白石は、謙さんから音楽をやれと\n言われたわけじゃないんだろう？"
            ]
        },
        {
            "fileName": "areatalk03_140",
            "talks": [
                "白石、お前もか"
            ]
        },
        {
            "fileName": "areatalk03_155",
            "talks": [
                "同じメロディーで同じ歌詞を歌うとしても、\nお前と白石とでは表現の仕方が違うだろう"
            ]
        },
        {
            "fileName": "areatalk03_159",
            "talks": [
                "そうか。\nよかったな、彰人。白石達なら、安心して紹介できる"
            ]
        },
        {
            "fileName": "areatalk03_172",
            "talks": [
                "……そういえば、白石はどうやって\n小豆沢を相棒に選んだんだ？"
            ]
        },
        {
            "fileName": "areatalk04_005",
            "talks": [
                "白石も彰人も顔が広いからな。\n歌おうとすると、ああやってすぐ人が集まってくる"
            ]
        },
        {
            "fileName": "areatalk_ev_street_02_008",
            "talks": [
                "白石は、コーヒーも飲むが紅茶も好きらしいな。\nあと、小豆沢はラテのような\nミルクが入ってる飲み物をよく飲んでいる印象だな"
            ]
        },
        {
            "fileName": "areatalk_ev_street_05_003",
            "talks": [
                "そうだな……。白石の言うとおり、\nメイコさんがいれてくれるコーヒーはフルーティーで、\nそれをより引き出す為に、浅煎りになっているんだろうな"
            ]
        }
    ]
}