{
    "mainStory": 0,
    "eventStory": 0,
    "cardStory": 5,
    "areaTalk": 1,
    "talkPacks": [
        {
            "fileName": "025006_meiko02",
            "talks": [
                "あら。司くんには、妹がいるのね！",
                "（ふふ。妹のことなのに、\nまるで自分のことみたいに嬉しそう。\n司くんは、いいお兄ちゃんなのね！）"
            ]
        },
        {
            "fileName": "026010_kaito02",
            "talks": [
                "決まってるじゃない！\n司くん達の最終公演を見に行くのよっ☆",
                "『こっちよー！\n司くん、スマホをカバンの中にいれてたみたいね』",
                "『司くんとえむちゃんが捕まったということは、\nついに次が最後の見せ場ね』"
            ]
        },
        {
            "fileName": "areatalk_ev_wonder_02_004",
            "talks": [
                "でも、それを完璧にこなしてあげちゃうのが、\n司くんのすごいところよね！"
            ]
        }
    ]
}