{
    "mainStory": 0,
    "eventStory": 15,
    "cardStory": 0,
    "areaTalk": 0,
    "talkPacks": [
        {
            "fileName": "event_31_02",
            "talks": [
                "そうなんだね。\nあ……それじゃあ、愛莉ちゃんの得意なことは？",
                "そっか。じゃあMCのことで迷ったら、\n愛莉ちゃんを頼らせてもらおうかな"
            ]
        },
        {
            "fileName": "event_31_05",
            "talks": [
                "『僕だよ、愛莉ちゃん』",
                "『愛莉ちゃんは、MCが得意だって言ってたでしょ？\nだから愛莉ちゃんの意見を聞かせてほしいなって』",
                "『でも、愛莉ちゃん達ももうすぐイベントがあるし、\nもし忙しかったら大丈夫だよ！』",
                "うん！　ありがとう、愛莉ちゃん！"
            ]
        },
        {
            "fileName": "event_31_06",
            "talks": [
                "うん。僕も助けてもらったんだし、\n愛莉ちゃんが困ってるなら相談に乗りたいな",
                "……愛莉ちゃんは、バラエティ番組に出てた頃の自分は、\nあんまり好きじゃないの？",
                "僕は、バラエティアイドルの愛莉ちゃんも、\nちゃんと希望を届けられてたと思うよ",
                "さっき僕達のMCにアドバイスしてくれた\n愛莉ちゃんを見て、そう思ったんだ",
                "愛莉ちゃん、自分のライブでもないのに、\nファンのみんながどうやったら喜んでくれるかって\n一生懸命考えてくれたでしょ？",
                "きっとどんな形でも、『ファンのために頑張りたい』っていう\n愛莉ちゃんの気持ちを感じ取ってくれてた人は、\n絶対にいたと思うんだ",
                "『僕のために愛莉ちゃんが頑張ってくれてるから、\n僕も明日頑張ろう！』って思えたはずだよ",
                "でも、昔の愛莉ちゃんに希望をもらった人は、\n絶対にいたと思うよ",
                "うん！　頑張って、愛莉ちゃん！"
            ]
        }
    ]
}