{
    "mainStory": 0,
    "eventStory": 0,
    "cardStory": 4,
    "areaTalk": 2,
    "talkPacks": [
        {
            "fileName": "003011_honami01",
            "talks": [
                "よ、よかったぁ……！\n一歌ちゃん、教えてくれてありがとう！"
            ]
        },
        {
            "fileName": "013012_tsukasa01",
            "talks": [
                "わーい！　じゃあ一歌ちゃんとこはねちゃんと\n一緒に練習できるんだ！　やったーっ☆"
            ]
        },
        {
            "fileName": "016007_rui02",
            "talks": [
                "一歌ちゃん？\n寧々ちゃんもお友達になったんだよね！",
                "やろうよ、類くん、司くん！\n寧々ちゃんと一歌ちゃんのお友達大作戦！"
            ]
        },
        {
            "fileName": "areatalk_ev_shuffle_03_009",
            "talks": [
                "うん♪　あっ、そういえば。\n穂波ちゃんは、一歌ちゃんから教えてもらったって言ってた！",
                "じゃあ、あたしは一歌ちゃんのおかげで\nこんなに楽しい歌と出会えたってことだね！\nありがとう、一歌ちゃん！"
            ]
        }
    ]
}