{
    "mainStory": 0,
    "eventStory": 6,
    "cardStory": 10,
    "areaTalk": 4,
    "talkPacks": [
        {
            "fileName": "event_09_08",
            "talks": [
                "司くん！\nあとちょっとがんばって！　もうすぐ助けるから！"
            ]
        },
        {
            "fileName": "event_09_09",
            "talks": [
                "ど、どうしようカイト！\nこのままじゃ司くんが……！",
                "司くん、無事でよかったよ！"
            ]
        },
        {
            "fileName": "event_24_01",
            "talks": [
                "『えっ！　飛ぶって、司くんみたいに……？』",
                "（司くん、いつもギャーって叫んでるけどなあ……）",
                "『司くん、どうかしたの？』"
            ]
        },
        {
            "fileName": "021011_miku01",
            "talks": [
                "そうだね！　ボク、司くん達とショーやりたい！",
                "どうしたの？　司くん達に会えなかったの？",
                "じゃあ司くん達と一緒に\nクリスマスショーできないの？"
            ]
        },
        {
            "fileName": "022008_rin01",
            "talks": [
                "ここにいるみんなも、カイト達も、\n司くん達の力になりたいって思ってるよ！"
            ]
        },
        {
            "fileName": "023007_len01",
            "talks": [
                "えむちゃんには司くん達がついてるしね"
            ]
        },
        {
            "fileName": "023008_len01",
            "talks": [
                "あ、じゃあもう司くんのことも\nがぶがぶしなくなっちゃったのかな",
                "そういえば司くんは？\n日曜日何するの？"
            ]
        },
        {
            "fileName": "024008_luka01",
            "talks": [
                "いいこと！？\nなんだろう！　司くん達が遊びに来る、とか？"
            ]
        },
        {
            "fileName": "026006_kaito02",
            "talks": [
                "えへへっ、今度、セカイのステージで\n司くん達と一緒にショーをやる約束をしたんだ！",
                "それでさ、そのショーにリンも呼びたいんだけど、\n司くん達はこのセカイに、\nリンがいることって知ってるんだよね？"
            ]
        },
        {
            "fileName": "areatalk02_404",
            "talks": [
                "司くん……あっ、このセカイの想いの持ち主だよね！",
                "ホント！？　\nえへへっ、司くん達、か。会えるの楽しみだよ！"
            ]
        },
        {
            "fileName": "areatalk_ev_wonder_01_001",
            "talks": [
                "聞いてよ、司くーん！\n昨日、ショーで空中ブランコをやったんだ"
            ]
        },
        {
            "fileName": "areatalk_ev_wonder_01_002",
            "talks": [
                "ねえねえ、司くん！　ピエロとか興味ある？"
            ]
        }
    ]
}