{
    "mainStory": 0,
    "eventStory": 15,
    "cardStory": 7,
    "areaTalk": 5,
    "talkPacks": [
        {
            "fileName": "event_18_03",
            "talks": [
                "えっ……？\nあそこにいるのってもしかして……小豆沢さん？",
                "（小豆沢さんってたしか、志歩と同じクラスの……。\n大人しそうな子のイメージがあったけど……）",
                "（とおりがかった人が、足を止めて小豆沢さんの歌を聴いてる。\n小豆沢さんの歌が、みんなの心を掴んでるんだ）",
                "あ……あの、小豆沢さん！",
                "小豆沢さん……すごく歌うまいね。\nびっくりしたよ",
                "……すごいね、小豆沢さん。\nひとりでそんなに頑張れるなんて",
                "ありがとう、小豆沢さん。\nまたやってみるよ"
            ]
        },
        {
            "fileName": "event_18_08",
            "talks": [
                "えっ？　花里さんに、小豆沢さん……？",
                "花里さん、小豆沢さん……",
                "うん、いいよ。私も、もうちょっと歌いたいと思ってたし。\n小豆沢さんは？",
                "じゃあ……みのりと、こはねだね。\n改めて、これからよろしく",
                "あのね、ミク。\nみのりとこはねとは、\nミクの歌のおかげで繋がれたんだよ",
                "うん。\nみのりはミクの歌が好きでよく話してて、\nこはねは路上ライブでミクの歌を歌ってて出会えたんだ"
            ]
        },
        {
            "fileName": "event_36_02",
            "talks": [
                "そうだ、今度みんなで一緒に練習しない？\nみのりやこはねのこと、草薙さんに紹介したいんだ"
            ]
        },
        {
            "fileName": "event_36_04",
            "talks": [
                "草薙さん。紹介するね。\nこの前話した、今度ファンフェスタに参加する\n友達のみのりとこはねだよ"
            ]
        },
        {
            "fileName": "001008_ichika02",
            "talks": [
                "えっと、こはねに用事があって……",
                "それでどうしようか悩んでた時にこはねが\nストリートライブしてるのを見かけて、\n相談に乗ってもらったんだ",
                "うん。あの時、こはねに背中を押してもらえたから、\nストリートライブもできるようになったし、\n自分の歌にも自信がついたんだ",
                "（これで、こはねにはお礼ができた。\nあとは……）"
            ]
        },
        {
            "fileName": "005008_minori01",
            "talks": [
                "じゃあ……みのりと、こはねだね。\n改めて、これからよろしく"
            ]
        },
        {
            "fileName": "005011_minori01",
            "talks": [
                "ねえ、こはね。\n練習っていつもああいう感じなの？"
            ]
        },
        {
            "fileName": "021016_miku01",
            "talks": [
                "司さんに、みのりとこはね！？\nなんでここに！？"
            ]
        },
        {
            "fileName": "areatalk_ev_shuffle_06_001",
            "talks": [
                "せっかく友達になったし、\nこはねがどんな音楽が好きなのか教えてほしいな"
            ]
        },
        {
            "fileName": "areatalk_ev_shuffle_06_002",
            "talks": [
                "こはね……。うん、ありがとう！\nじゃあ、正直に要望出してみるね！"
            ]
        },
        {
            "fileName": "areatalk_ev_shuffle_06_005",
            "talks": [
                "おまたせ、みのり、こはね！\n今日はよろしくね"
            ]
        },
        {
            "fileName": "areatalk_ev_shuffle_06_006",
            "talks": [
                "……こはね達のライブ、私も見てみたいな"
            ]
        },
        {
            "fileName": "areatalk_ev_shuffle_12_001",
            "talks": [
                "ふふ。こはね、もともと草薙さん達のショーのファンだもんね"
            ]
        }
    ]
}