{
    "mainStory": 21,
    "eventStory": 124,
    "cardStory": 119,
    "areaTalk": 19,
    "talkPacks": [
        {
            "fileName": "nightcode_01_02",
            "talks": [
                "『えななんも雪もお疲れ！\nまた明日ね〜！』"
            ]
        },
        {
            "fileName": "nightcode_01_05",
            "talks": [
                "『んー、えななんみたいに自撮りで顔とか部屋とか晒してたら\nそこから特定できるんだけどな～』"
            ]
        },
        {
            "fileName": "nightcode_01_06",
            "talks": [
                "……えななんこそ、のんきじゃーん",
                "別に、みんなで名前で呼べばいいだけじゃん。\nちなみに、ボクの名前は暁山瑞希！\nよろしくね、奏ー♪　で、えななんは？"
            ]
        },
        {
            "fileName": "nightcode_01_07",
            "talks": [
                "ちょ、ちょっと、落ち着いてよえななん！\n雪も、もうちょっとちゃんと話そうよ。ね？"
            ]
        },
        {
            "fileName": "nightcode_01_14",
            "talks": [
                "『やっほー！　今日もみんなでがんばろーねー！\n……って、あれ、えななんだけ？　Kは？』",
                "『もー、えななん、まだ根に持ってるわけ？\nそんな怒ってると顔シワシワになっちゃうよ～？』",
                "（……なんか、えななんもちょっと変だな）",
                "（Kだってえななんだって、きっといろいろ……）",
                "『いつまでもネガってちゃ楽しくないもん！\nえななんだって、毎日パーっとやりたいでしょっ♪』"
            ]
        },
        {
            "fileName": "nightcode_01_15",
            "talks": [
                "『……えななんは、一緒に行かない？』",
                "『えななん？　起きてたの？』"
            ]
        },
        {
            "fileName": "nightcode_01_18",
            "talks": [
                "え、えななん！？\nどうしてここに……！"
            ]
        },
        {
            "fileName": "nightcode_01_19",
            "talks": [
                "ま～ま～。でも、良かった。\nえななんも、そう思うでしょ？",
                "来てくれてありがとね～えななんっ♪"
            ]
        },
        {
            "fileName": "nightcode_01_20",
            "talks": [
                "そうだね〜。\nえななんって、写真撮る時は\nやっぱフィルタかけまくってるんだなーって♪",
                "それじゃあまずは、自己紹介タイムからいってみよ〜！\nボクは暁山瑞希だよ♪　瑞希って呼んでね！\nはい、次えななん！",
                "あー、はいはい！　注文しよ注文！\nボクもうお腹ペコペコ〜。ほら、絵名は何にする？",
                "あ、ありがとうございまーす♪\nえっとウーロン茶が奏とまふゆで、\nアイスティーが絵名で……みんな飲み物持ったね！"
            ]
        },
        {
            "fileName": "vsnightcode_01_04",
            "talks": [
                "えー、絵名だって『まさか、またいなくなったんじゃ……』\nってすっごく心配してたじゃん",
                "そんなこと言わないでさ、絵名も歌おうよ！"
            ]
        },
        {
            "fileName": "event_02_01",
            "talks": [
                "『もー、えななんてばテンション低いな～？』",
                "『体力バカ！？\nこんなカワイイ子相手にホンっト失礼だな、えななんは～！』",
                "『わ～、落ちたとたんに陰口スタートとか、\nえななんコワ～い！　陰険自撮り女～！』"
            ]
        },
        {
            "fileName": "event_02_04",
            "talks": [
                "ううん、そこで偶然ばったり会ったんだ。\n絵名が寝過ごさないなんてびっくりしちゃったよー"
            ]
        },
        {
            "fileName": "event_02_06",
            "talks": [
                "うわ、見てよ絵名！\nこれすごくない？"
            ]
        },
        {
            "fileName": "event_02_07",
            "talks": [
                "『そんなこと言って、ホントは心配なんじゃないの～？\nえななんって、古き良きツンデレの趣きがあるし』"
            ]
        },
        {
            "fileName": "event_02_08",
            "talks": [
                "『ボクもボクも！　MVつけたらおもしろそう～！\nえななんもそう思わない？』",
                "『わ、えななんが素直！　意外！』",
                "『感じたことをさ、いろんな形で出してみるんだよ。\n今回みたいに歌詞にしたり……えななんみたいに絵に\nしてもいいかも』",
                "『えななん言いかた～』",
                "『まあまあ、えななん落ち着いて～』"
            ]
        },
        {
            "fileName": "event_07_02",
            "talks": [
                "（こういうの、絵名とか結構ビビりそう～。\nまふゆは怖がったりしなさそうだけどね）",
                "（絵名が来てたらいいんだけど……。\nあっちは定時制だし、面倒くさがって来てなさそうなんだよね）",
                "もしかしてキミって——絵名の弟の、東雲彰人くんじゃない？"
            ]
        },
        {
            "fileName": "event_07_03",
            "talks": [
                "同い年なんて知らなかったなー。\n絵名ってば教えてくれればよかったのに！",
                "あ、ボクは１年Ａ組の暁山瑞希！\n絵名とは……まぁ、それなりに深い仲って感じ？",
                "ところで弟くん、今日って絵名は来てないの？"
            ]
        },
        {
            "fileName": "event_09_02",
            "talks": [
                "（ニーゴのみんなとできたらいいけど……\nまふゆの家は厳しそうだし、\n絵名と奏は外出たくないんだよね～）"
            ]
        },
        {
            "fileName": "event_09_03",
            "talks": [
                "うんうん！\nボクと奏のお菓子と、絵名のジュース！"
            ]
        },
        {
            "fileName": "event_14_01",
            "talks": [
                "『えななんは有名になって、いいねがいーっぱい\nつくほうが大事だもんね～♪』",
                "『おー。えななん、いいこと言うじゃん！』",
                "『えななんの絵も、\nいつもよりいい感じだったもんね♪』"
            ]
        },
        {
            "fileName": "event_14_02",
            "talks": [
                "『いいじゃーん、どうせえななんしかいないんだしー？』",
                "『じゃ、ボクもえななんのイラスト見たら落ちよーっと♪』",
                "『えななんも、たまには朝日浴びたら？』",
                "『それじゃ、ボクはそろそろ寝よっかな。\nえななん、またね～』"
            ]
        },
        {
            "fileName": "event_14_03",
            "talks": [
                "絵名ってば、なにニヤニヤしてるの？\nいいコメントでもあった？\n",
                "え！　絵名ってコンクールとか興味あったんだ！"
            ]
        },
        {
            "fileName": "event_14_04",
            "talks": [
                "『まあ、雪はいつもどおりだけど……。\nえななん、テンション低くない？』",
                "『ちょ、ちょっと、どうしたのえななん。\nなんか今日変だよ？』",
                "『あっ、えななん！』"
            ]
        },
        {
            "fileName": "event_14_05",
            "talks": [
                "『えななん大丈夫かな。\nメッセージも送ってみたけど、全然既読つかないし……』",
                "『……やっぱ、もう１回えななんと話そう！』",
                "『でも、どこに行けばえななんに会えるんだろ……。\nえななんちは知らないし、ファミレスで待ってても\nさすがに会えないよね』",
                "『……うん、そうだね。\nもしえななんがいたら、ボク達が説得してくるからさ！』",
                "うん、絵名がいるかもって思って",
                "それで、絵名は来てる？",
                "じゃあ、みんなで会いに行こうよ！\nさっき話した気持ちを、絵名に伝えよう！"
            ]
        },
        {
            "fileName": "event_14_06",
            "talks": [
                "『じゃ、ボクもえななんのイラスト見たら落ちよーっと♪』"
            ]
        },
        {
            "fileName": "event_14_07",
            "talks": [
                "『やっぱ、えななんがいないと静かだね～』",
                "『…………。\nホント、大丈夫かな。えななん……』",
                "『もしかして、えななん……！？』",
                "絵名、大丈夫！？",
                "あの歌、絵名のために奏が作ったんだよ。\nすっごい勢いで、ガガガーってメロ作ってて\nびっくりしちゃったよ！",
                "絵名……",
                "……絵名は、自分に才能がないって言うけどさ、\nボクはそう思わないよ",
                "そんなんじゃないって！\nお父さんとか、絵名の言う『誰か』は認めてくれないのかも\nしれないけど、少なくともボクは、絵名の絵が好きだよ",
                "そうそう！\n絵名のことは、ボク達が一番認めてるよ！"
            ]
        },
        {
            "fileName": "event_14_08",
            "talks": [
                "『あっ、えななん！\nも～、全然顔出さないから心配したじゃん！』"
            ]
        },
        {
            "fileName": "event_19_01",
            "talks": [
                "『え？　えななんもイラスト直してたのに、\nいつ描いてたの？』",
                "（にしても、前に絵名がセカイに行っちゃった時は\nどうなるかと思ったけど）",
                "（ていうか、絵名のお父さんが有名な画家だったなんてなー。\nびっくりしちゃった）",
                "（もうちょっと知ってたら、あんな風になる前に、\n絵名の相談に乗れてたのかもな……）",
                "（こういうの、絵名とか結構ビビりそう～。\nまふゆは怖がったりしなさそうだけどね）",
                "あ、まふゆ、絵名！\nもう来てたんだね！"
            ]
        },
        {
            "fileName": "event_19_02",
            "talks": [
                "ボクは暁山瑞希！\nで、左から奏とまふゆと絵名！　よろしくね、メイコ！"
            ]
        },
        {
            "fileName": "event_19_03",
            "talks": [
                "んもー、絵名は短気だなぁ。\nこういうのは着くまであれこれ想像するのが楽しいのにー",
                "前、文化祭の時に、絵名の弟くんと会ったって話したでしょ？",
                "絵名も安心して！\n心霊スポットとして、ちゃーんと映えるところ選んだからさ♪",
                "わっ！　ちょっと、絵名急に暴れないでってば！",
                "あはは、絵名ってば驚きすぎでしょー"
            ]
        },
        {
            "fileName": "event_19_04",
            "talks": [
                "今の……絵名の悲鳴！？\n戻らなくっちゃ！！",
                "絵名！　大丈夫！？　どうかしたの！？"
            ]
        },
        {
            "fileName": "event_19_05",
            "talks": [
                "あ、待ってまふゆ！\n奏、絵名、ボク達も一緒に行こう"
            ]
        },
        {
            "fileName": "event_19_06",
            "talks": [
                "わっ！　どうしたの？　絵名",
                "ありがとう絵名！\nじゃあ、行こう！"
            ]
        },
        {
            "fileName": "event_19_07",
            "talks": [
                "わかるー！　でも絵名って描いてる時ウンウンうなったり、\n急に『こんなんじゃない！』って言うから、\n隣になったらかなりうるさそうだよね～",
                "あはは！　\nでもあの声聞くと、絵名ががんばってるなーってわかって\n結構好きだよ、ボク",
                "やー、奏と絵名が結構怖がりだってこと知らないで\n誘っちゃったからどうなることかと思ったけど、\n奏の役に立てたならよかったよ！"
            ]
        },
        {
            "fileName": "event_19_08",
            "talks": [
                "（……奏と絵名は夜も作業してるし、\nまふゆは昼に学校行ってるからやること多いし）",
                "絵名も奏と同じ方向じゃなかったっけ？\nこの辺で他に用あるの？",
                "心配してくれてありがと、絵名",
                "ボクより絵名のほうが疲れてるだろうし、\n今日はゆっくり寝たほうがいいよ"
            ]
        },
        {
            "fileName": "event_22_01",
            "talks": [
                "『あー、楽しかったね！\nえななん帰りの電車で爆睡してて、おもしろかったな～♪』",
                "『あ、K！　お疲れー。今、MVのイラスト差し替えしたとこを\n見てもらおうって話してたんだよ。ね、えななん』"
            ]
        },
        {
            "fileName": "event_22_02",
            "talks": [
                "（……あれ？　絵名から電話？）",
                "『ピクニック？\n出不精の絵名が外に行きたがるなんて珍しいね～。\nなんでまた？』",
                "『あ、桃井愛莉ちゃんだよね！\n絵名すごいよねー、アイドルの知りあいがいるなんて』",
                "『…………あー。\nごめん絵名。ボク、やっぱやめておくよ』",
                "『あー、たしかに言ってたような……。\nっていうか今日の絵名、ずいぶん強引じゃない？\n何かあったのー？』",
                "（なんか、今日の絵名は妙に強引だな。\n……変にかわすと余計にあれこれ聞かれそうだし——）",
                "ねえ絵名、本物だよ？　テレビとか雑誌で見た本物だよ！？\nふたりともすっごくカワイイー！",
                "絵名、誘ってくれてホントにありがとね～！"
            ]
        },
        {
            "fileName": "event_22_03",
            "talks": [
                "あれ～、絵名ってばマジメじゃん。\nまずは自撮り！って言うかと思ったのにー"
            ]
        },
        {
            "fileName": "event_22_04",
            "talks": [
                "それより、絵名は大丈夫かなあ。\nあの辺りだって虫はいそうだし、雫ちゃんとふたりの時に\n大騒ぎしてないかちょっと心配だよ",
                "あー、たしかにね。絵名ってなんだかんだ言いながら、\nみんなの面倒見てくれるから、ボクも助かってるよ",
                "あはは、それわかるなあ。\n絵名はなんでもズバズバ言うよね",
                "絵名ってば、ボクが描いたアレンジ画に\n『これじゃ全然可愛くならない！』とか言ってくるんだよー！",
                "でも、一緒にどうしたら良くなるか考えてくれてさ。\nそういうところが、絵名のいいところだって思ってるんだよね",
                "え？　助けられたって……絵名が愛莉ちゃんを？",
                "え、えななん！？\nどうしてここに……！",
                "なんだかんだ言いながら、苦しんでる子がいたら、\n真っ先に駆けつけてくれる子だよね、絵名って",
                "（……そっか。\nだから、絵名は強引にピクニックに誘ったんだね）",
                "（相変わらず素直じゃないなあ、絵名は）"
            ]
        },
        {
            "fileName": "event_22_05",
            "talks": [
                "絵名も参加すればよかったのに。\nすごく楽しかったよ！"
            ]
        },
        {
            "fileName": "event_22_06",
            "talks": [
                "あっ、絵名！　そっちに行ったら——",
                "頑張ればできると思うけど……でも、絵名達が足を滑らせて、\n雫ちゃんまで落ちたら大変だよ",
                "絵名！　愛莉ちゃん！\nちょっと時間かかるかもだけど、待っててね！！",
                "雫ちゃんは、ここで待っててくれないかな？\nもしボクが助けを呼びに行ってるあいだに、\n絵名達に何かあったら大変だからさ",
                "（どうしよう、どんどん強くなってくる……。\n早く助けを呼ばないと、絵名達が……）",
                "（電波は……あ、もう少しで繋がりそう。\n早く絵名達を助けないと……！！）",
                "（絵名を、愛莉ちゃん達を助けたい……！）"
            ]
        },
        {
            "fileName": "event_22_07",
            "talks": [
                "絵名達が無事だったんだから、ボクはそれで十分だよ"
            ]
        },
        {
            "fileName": "event_22_08",
            "talks": [
                "（絵名を、愛莉ちゃん達を助けたい……！）",
                "……あれ？　絵名からメッセージきてる",
                "絵名達が無事だったんだから、ボクはそれで十分だよ",
                "絵名達が無事だったんだから、ボクはそれで十分だよ"
            ]
        },
        {
            "fileName": "event_26_04",
            "talks": [
                "絵名が描いた絵にも『いい絵だ』って言うこともあるし、\nやっぱアートには何か感じるのかもしんないね"
            ]
        },
        {
            "fileName": "event_26_08",
            "talks": [
                "『はーい！　えななんも雪もおやすみ～！』"
            ]
        },
        {
            "fileName": "event_29_02",
            "talks": [
                "絵名、打ち上げの企画してくれてありがとね。\nおかげで楽しかったよー",
                "どうせ、絵名も奏も運動不足でしょ？\nちょうどいいじゃん"
            ]
        },
        {
            "fileName": "event_29_06",
            "talks": [
                "あはは、絵名ってば下手くそ〜",
                "ま、無理するのもよくないしね。\n絵名も取れてないし大丈夫、大丈夫！",
                "絵名、下手くそだったもんねー",
                "ちょ、絵名！？",
                "あ、待ってよ絵名……！",
                "そうだったんだ……。\n……絵名、本当にありがと"
            ]
        },
        {
            "fileName": "event_29_07",
            "talks": [
                "うん、絵名のおかげでね",
                "ねえねえ、さっき知ったんだけど、\nこのあと、アマチュア部門のトリで絵名の弟くんが出るんだよー",
                "そうなんだ。\n……届けられてよかったね、絵名"
            ]
        },
        {
            "fileName": "event_29_08",
            "talks": [
                "じゃあさ、絵名チームと弟くんチームでわけて、\n姉弟対決にしようよ！"
            ]
        },
        {
            "fileName": "event_35_03",
            "talks": [
                "でも、まふゆが風邪って珍しいよね。\n絵名だったら、お腹出して寝て熱出したって\n聞いても、全然驚かないけどさ～"
            ]
        },
        {
            "fileName": "event_35_07",
            "talks": [
                "『やっほー。調子大丈夫？\nえななんがうるさいから、もし見てたら返事ちょうだい！\n寝てたらスルーして大丈夫だよ～』"
            ]
        },
        {
            "fileName": "event_36_07",
            "talks": [
                "あっ、絵名来た！\nおーい、こっちこっちー！"
            ]
        },
        {
            "fileName": "007008_airi02",
            "talks": [
                "それが、実は滅多に会わないんだよね～。\nボクは寝坊助な絵名と違って、全日制のほうだからさ",
                "あはは！　あ、それに絵名は２年で\nボクは１年だから、学年も違うんだ",
                "けどさ、絵名のワガママに\n結構つきあってくれてる感じじゃん？"
            ]
        },
        {
            "fileName": "017002_kanade02",
            "talks": [
                "絵名には弟がいるよ～。１個下でちょっと生意気だけど、\nなんだかんだ絵名に付き合ってくれるいい子でねー",
                "えー、絵名んとこは仲いい方でしょ。\nボクなんかしばらく顔見てないよ"
            ]
        },
        {
            "fileName": "017005_kanade02",
            "talks": [
                "絵名ってば、自分の絵以外のコメントも\nちゃんとチェックしててえらーい！"
            ]
        },
        {
            "fileName": "017006_kanade01",
            "talks": [
                "『ボクもいるよ♪　それで、やるんだよね。\nえななんのための曲作り』",
                "『……えななん、\n自分には絵の才能がないって思ってるっぽいよね。\nボクは全然そうは思わないんだけどな』",
                "『だねっ♪　あ、そうだ！　えななんがどこに行こうが、\nボク達が見つけるぞーっていう感じの曲とかどう？』"
            ]
        },
        {
            "fileName": "017006_kanade02",
            "talks": [
                "『へぇ、えななんの作業の進みがこんなにいいなんて\nひょっとして明日、地球滅亡しちゃうんじゃなーい？』"
            ]
        },
        {
            "fileName": "017011_kanade01",
            "talks": [
                "『えななんじゃないんだし、\nそんながさつなことしないでしょ～』",
                "『ほら、だいたいいつも雪が一番に落ちるのに、\nここ最近、ボクやえななんのほうが\n先に落ちてたし』"
            ]
        },
        {
            "fileName": "017012_kanade02",
            "talks": [
                "『あはは。えななん、どうどう』",
                "絵名も、一緒にがんばろうね！"
            ]
        },
        {
            "fileName": "018002_mafuyu02",
            "talks": [
                "本物の美人だよねー。\n絵名と違って",
                "それ、もしかして絵名の弟くんじゃない？\n絵名はさ、弟くんから何か聞いてないの？"
            ]
        },
        {
            "fileName": "018005_mafuyu01",
            "talks": [
                "『やっぱえななんは、古き良きツンデレだな～♪』"
            ]
        },
        {
            "fileName": "018005_mafuyu02",
            "talks": [
                "『おおー。ザ☆反骨精神♪\nえななんってば、カッコいい～♪』",
                "『まーまー、えななん。続けて続けて！』"
            ]
        },
        {
            "fileName": "018007_mafuyu02",
            "talks": [
                "『あ、えななんじゃん！　集中タイム終了？』",
                "『ボクも♪　ここから、えななんが前に見せてくれた\n雲から光が差すシーンに変化していくんでしょ？』",
                "『……あれ？\n今日はえななん、怒んないね』",
                "『なんかえななん、ちょっと変わった？』"
            ]
        },
        {
            "fileName": "018010_mafuyu01",
            "talks": [
                "『ボクもそうしよっかな♪\n雪、えななん、じゃあねー』"
            ]
        },
        {
            "fileName": "018011_mafuyu02",
            "talks": [
                "『まーまー、えななん』"
            ]
        },
        {
            "fileName": "019001_ena01",
            "talks": [
                "『えななん、そっちは進捗どうー？』",
                "『どう、えななん？　写真を見た感想は？』",
                "『ボクは友達と行ったけど、\nえななんは一緒に行ってくれる友達いるの？』"
            ]
        },
        {
            "fileName": "019002_ena01",
            "talks": [
                "絵名、お待たせー",
                "こっちのデザインも絵名に合いそうじゃない？\nあわせてみてよ、ほら",
                "今週、お財布ピンチだけど、これだけは買っていこうっと！\nありがと、絵名！",
                "ええ～なんでもないって顔じゃないじゃ～ん！\n教えて教えてー！　でないと奏とまふゆに\n『えななんにいじわるされたー』って言っちゃうぞー！",
                "……絵名？"
            ]
        },
        {
            "fileName": "019002_ena02",
            "talks": [
                "『あー、あれ良かったよね。\nえななんの持ち味活かせてるって感じ？』",
                "『ん？　そうだよー。\nKが何度かえななんのイラストアカウントの話をしてたし、\nせっかくだからフォローしてみよーって思って』",
                "『フォローついでに過去絵とかも見てみたんだけどさー。\n改めてみると、えななんの絵ってすごいよね』"
            ]
        },
        {
            "fileName": "019003_ena01",
            "talks": [
                "『ほらほらそれよりも、えななんの作業が一番遅れてるよ。\nイラストもだけど、歌もまだ録れてないんだよね？』"
            ]
        },
        {
            "fileName": "019005_ena01",
            "talks": [
                "『そういえば、今日ナイトコード静かじゃない？\nねえ、えななん～』",
                "『なーんか、えななんが静かだと落ち着かないな～』",
                "『うわっ、びっくりした～！\nえななん急にどうしたの！？』",
                "『でも、悔しかったから直したんでしょ？\nえななんって負けず嫌いだよね～』",
                "『出た！　えななんのツンデレ！』",
                "『ちょっと前まではえななん、\n本気で雪にイライラしてたのにね』"
            ]
        },
        {
            "fileName": "019005_ena02",
            "talks": [
                "『んー、もう少し起きてようかな～。\nえななんがさみしがっちゃうし？』",
                "『だから、えななんも難しく考えなくていいと思うな。\nボクだって正直なところ、よくわかってないしさ』"
            ]
        },
        {
            "fileName": "019006_ena02",
            "talks": [
                "ふーん。じゃあ、絵名は\n初売り、毎年ここに買いに来てるんだ？",
                "『ヤバい！　絵名が狙ってたショップの、\nMサイズがもうなくなるっぽい！』",
                "それさ、絵名が着ないならまふゆにあげたら？\n似合いそうだし",
                "ねえ、絵名。ちょっとセカイに寄って行かない？\nひょっとしたら、まふゆもいるかもしれないよ"
            ]
        },
        {
            "fileName": "019007_ena02",
            "talks": [
                "……絵名は、自分に才能がないって言うけどさ、\nボクはそう思わないよ"
            ]
        },
        {
            "fileName": "019008_ena02",
            "talks": [
                "『あれ～？\nえななん、今もしかして、寝てた～？』",
                "『えななんも、じゃあね！』"
            ]
        },
        {
            "fileName": "019010_ena01",
            "talks": [
                "『ボクもそうしよっかな♪\n雪、えななん、じゃあねー』"
            ]
        },
        {
            "fileName": "019010_ena02",
            "talks": [
                "肩幅も……あー、絵名にはちょっと合わなそうだね。\nそれで着た時に変なシルエットになって\n野暮ったく見えるのかも",
                "はい。これが完成イメージ！\nまず袖と、絵名の肩幅に合ってない肩回りは\n思い切ってカット！",
                "ちょっとちょっと、絵名。\nそんなにじーっと見つめられると、ボク困っちゃうなぁ",
                "ボクは十分集中してるよ。\nむしろ、心ここにあらずーって感じなのは絵名のほうじゃん？",
                "絵名が奏の話したから、思い出しちゃったよ。\n奏って、本当にすごいなーって",
                "うん？　だから、絵名が奏の話をしたからだよ"
            ]
        },
        {
            "fileName": "019011_ena01",
            "talks": [
                "どうせ暇だしね～。それに、みんなに断られて\nしょんぼりな絵名がかわいそうだったし",
                "あとは、弟くんを連れてくって絵名が言ってたから、\nなんかおもしろそうだなーって思って！",
                "ここ最近、絵名にいろいろ心配とか、\n気をつかわせちゃったりしてたからね……",
                "はいはい。絵名、どうどう"
            ]
        },
        {
            "fileName": "019011_ena02",
            "talks": [
                "『パンケーキすっごくおいしかったよ！\nあれには、面倒くさがってたえななんの弟くんも\n大満足！って感じでさ！』",
                "『あ、怖がるといえばさ。\nえななんと弟くん、ひょっとして犬苦手だったりする？』",
                "『えっ、なんでボクまで！？\nＫ、えななんが怖いよ～』"
            ]
        },
        {
            "fileName": "019012_ena01",
            "talks": [
                "あれ～？　絵名、ひょっとしてしたことある？"
            ]
        },
        {
            "fileName": "019012_ena02",
            "talks": [
                "『え、おはようって。\nえななん、もしかして今起きた？』",
                "『あ、さてはえななん、この流れで\n“いざとなったら看病しに行くから、住所教えてー”\nって言うつもりだ～』",
                "『あ、えななんに声をかけるなら、ボクにもかけてね。\nえななんだけじゃ心配だから』"
            ]
        },
        {
            "fileName": "020002_mizuki01",
            "talks": [
                "あ、絵名ってば、また自撮りあげてる",
                "かわいい服と帽子、見つけちゃった、か。\nんー、まあ絵名には似合ってると思うけど……",
                "やっほー、絵名！\nあの服、ちゃ～んと持ってきた？",
                "ありがと～♪\n絵名、あっちだよ",
                "でも絵名は弟くんパシらせてるし、\n調理実習も人に全部作らせてそう～！",
                "さて、絵名をからかうのはこれくらいにしてっと。\nまず袖を絞って、紐を通してリボン結びにして……"
            ]
        },
        {
            "fileName": "020002_mizuki02",
            "talks": [
                "『あ、えななんいるじゃん\n……えななん、やっほ～』",
                "『４人じゃないとできない作業しとこうよ！\nえななんが学校行っちゃう前に、ね♪』"
            ]
        },
        {
            "fileName": "020003_mizuki02",
            "talks": [
                "えー、せっかちだなあ、絵名は。\nまだ５分も遅刻してないのに～",
                "でも、まふゆの歌詞を見事に表現したボクもなかなかだよね♪\n絵名もそう思うでしょ？",
                "（もしかして絵名、\nイラストへのコメントを探してる？）",
                "……今回、絵名のイラストいいよね",
                "（絵名も、描くことに苦しんでる）"
            ]
        },
        {
            "fileName": "020005_mizuki01",
            "talks": [
                "猫舌にはつらいんだよねー……。\nあ、奏も絵名も遠慮しないで食べて食べてー♪",
                "えっ、絵名優しい！　けどラザニアって\nボクが猫舌なのわかって言ってる！？"
            ]
        },
        {
            "fileName": "020006_mizuki01",
            "talks": [
                "ううん。弟くんも言ってたけど、多分寝てたよ。\n絵名ってば昼夜逆転しちゃってるからね～"
            ]
        },
        {
            "fileName": "020006_mizuki02",
            "talks": [
                "『えななんじゃん！　学校から帰ってきたとこ？』",
                "『いろいろあって、なんと！\nえななんの弟くんをみつけちゃったんだ～♪』　",
                "『えななんには、当日電話までかけてきて\n誘ってくれる友達がいなかったんだね～。かわいそ～』",
                "『かわいい動物のわたあめを作ってくれるお店に、\nえななんは写真撮りに行きたがるんだろうな～とか！』"
            ]
        },
        {
            "fileName": "020007_mizuki01",
            "talks": [
                "『というわけだからさ。\nえななん、今回もいい素材たくさんよろしく♪』",
                "『ひょっとして、えななんもうお眠？』",
                "（んー。えななん、なんか変だったなぁ。\n眠いわけじゃないのに、やたらテンション低いし）",
                "あっ、絵名遅い——って、なんか元気ないね。\nそれに、顔色も悪くない？",
                "（……まだ本調子ってわけじゃなさそうだけど、\n絵名、元気になってきたな）",
                "（……結局、元気なかった理由はわからなかったけど、\nこの調子ならすぐいつもの絵名に戻りそうかな）"
            ]
        },
        {
            "fileName": "020007_mizuki02",
            "talks": [
                "（あと、絵名の意見も聞ければよかったんだけど……）",
                "（奏が絵名のために作った曲に、\n今度は絵名が、絵を描いてる……）",
                "『今作ってる曲が完成したら、今度は、\nKがえななんのために作った曲を\nニーゴの曲として完成させるんだよね？』",
                "『ああ、ごめん。\nちょっと、えななんのことが気になってさ』",
                "『だって、えななんって結構、\nひとりでがんばろうとしちゃうところあるじゃん？』",
                "『えななんってば負けず嫌いだし、\nそれに大好きな絵のことだから……』",
                "『はぁ……えななんがひとりでがんばりたいっていう気持ち、\nわかってるつもりだけど、\n何かできないかなって思っちゃうな』",
                "『……そっか。\nKは信じてるんだね、えななんのこと』",
                "（——絵名、ファイト！\nボク達、待ってるからね）"
            ]
        },
        {
            "fileName": "020008_mizuki01",
            "talks": [
                "だからさ。旅行の日、絵名が寝坊しそうになってたら、\n起こしてあげてよ！"
            ]
        },
        {
            "fileName": "020008_mizuki02",
            "talks": [
                "『えななんも、じゃあね！』"
            ]
        },
        {
            "fileName": "020010_mizuki01",
            "talks": [
                "絵名達とピクニック行った時もそうだけど、\nどうしてこんなに……",
                "（大切なんだ。\n絵名も、奏も、まふゆも……）"
            ]
        },
        {
            "fileName": "020011_mizuki01",
            "talks": [
                "あはは、絵名ってば下手くそ〜"
            ]
        },
        {
            "fileName": "020011_mizuki02",
            "talks": [
                "まったく、絵名ってば……。\n弟くんのほうが断然年上っぽいじゃん",
                "けど、ボクが知ってる絵名は、\n弟くんが言うほど傍若無人ではないかな～",
                "あ……メッセージ、絵名から？",
                "ほんと、絵名って放っておいてくれないんだよね"
            ]
        },
        {
            "fileName": "020012_mizuki01",
            "talks": [
                "（……あ、でも最近は\nボクや絵名が落ちたあとも作業してたみたいだし、\n疲れが溜まっちゃってたのかも）"
            ]
        },
        {
            "fileName": "020012_mizuki02",
            "talks": [
                "まふゆも、絵名や奏みたいに\n一歩前に進めたってことだよね",
                "絵名、ほっぺに変なあとついてる～。\nひょっとして机で寝てた？"
            ]
        },
        {
            "fileName": "021007_miku02",
            "talks": [
                "そっか、わかった。\nじゃあボクと絵名は帰るけど……奏は？"
            ]
        },
        {
            "fileName": "021009_miku01",
            "talks": [
                "も～、えななんは相変わらず素直じゃないんだから！"
            ]
        },
        {
            "fileName": "areatalk02_141",
            "talks": [
                "フフ、絵名。見たいなら……わかってるよね？"
            ]
        },
        {
            "fileName": "areatalk02_162",
            "talks": [
                "えっ、本当に見せてくれないのー！？\n絵名のケチー！"
            ]
        },
        {
            "fileName": "areatalk02_163",
            "talks": [
                "なーんだ、ひとりじゃなかったのか。\n食べ過ぎてちょっと丸くなった絵名が\n見られるかもって思ったのに"
            ]
        },
        {
            "fileName": "areatalk02_271",
            "talks": [
                "ミクは想いのセカイっていうけどさ。奏も絵名もまふゆも、\nここがなんなのか全然気にならないの？"
            ]
        },
        {
            "fileName": "areatalk02_276",
            "talks": [
                "ねえ、絵名。今度さリアルで会わない？"
            ]
        },
        {
            "fileName": "areatalk02_386",
            "talks": [
                "奏やまふゆはここでも曲づくりしてるみたいだし、\n絵名はサボりたいときに来てるみたいだし"
            ]
        },
        {
            "fileName": "areatalk03_243",
            "talks": [
                "あ、本当だ。　絵名が怖〜い顔して待ってるかもだし、\n急いでファミレス行かなくちゃね"
            ]
        },
        {
            "fileName": "areatalk03_260",
            "talks": [
                "ちなみに、ボクの親はサークルのこと知ってるよ。\n絵名のところは？"
            ]
        },
        {
            "fileName": "areatalk03_273",
            "talks": [
                "絵名の弟くんがバイトしてる\nセレクトショップって、このへん？"
            ]
        },
        {
            "fileName": "areatalk03_284",
            "talks": [
                "なんでって……。\n絵名の場合、睡眠不足に決まってるよ"
            ]
        },
        {
            "fileName": "areatalk03_297",
            "talks": [
                "という感じで、絵名も燃えてるし。\nボクも一度作り始めた物を途中で放り出しちゃうのはねー"
            ]
        },
        {
            "fileName": "areatalk03_300",
            "talks": [
                "なんで絵名までやる気出してんの？\n自分の作業があるでしょ"
            ]
        },
        {
            "fileName": "areatalk04_010",
            "talks": [
                "あはは。絵名はどうしても行きたいらしいね、\n保護猫カフェ"
            ]
        },
        {
            "fileName": "areatalk_ev_night_03_002",
            "talks": [
                "まあ学校には無理でも、ボク達だけで会う時とかどう？\n奏も絵名もきっとびっくりするよ！\nもちろんいい意味で♪"
            ]
        },
        {
            "fileName": "areatalk_ev_night_03_003",
            "talks": [
                "（絵名って、こういうところすっごく勉強熱心だよね～）"
            ]
        },
        {
            "fileName": "areatalk_ev_night_03_006",
            "talks": [
                "あ、でも前に絵名と買い物してる時、\nここでまふゆと会ったんだっけ？"
            ]
        },
        {
            "fileName": "areatalk_ev_shuffle_02_002",
            "talks": [
                "絵名がSNSにアップする写真に、たまにゲームセンターの\n景品っぽいぬいぐるみがいるけど、\nあれの出所は冬弥くんだったんだね"
            ]
        },
        {
            "fileName": "areatalk_ev_shuffle_02_005",
            "talks": [
                "（へえ！　弟くんも絵名と一緒で、\n自分が好きなことには、とことん真面目なタイプなんだ）"
            ]
        },
        {
            "fileName": "areatalk_ev_shuffle_02_006",
            "talks": [
                "えー、でもボクにとっては『絵名の弟くん』なんだもん♪"
            ]
        }
    ]
}