{
    "mainStory": 2,
    "eventStory": 45,
    "cardStory": 91,
    "areaTalk": 20,
    "talkPacks": [
        {
            "fileName": "vswonder_01_04",
            "talks": [
                "えむ、ミク！？　ま、窓から、外に……"
            ]
        },
        {
            "fileName": "wonder_01_20",
            "talks": [
                "……えむだけお父さんに呼び出されるなんて……"
            ]
        },
        {
            "fileName": "event_03_02",
            "talks": [
                "えむはこういうイベント好きそうだと思ってたけど",
                "ま、えむがいいなら、わたしは文句ないかな"
            ]
        },
        {
            "fileName": "event_03_06",
            "talks": [
                "わたしもえむも大丈夫。\nそれに、きっと司もね"
            ]
        },
        {
            "fileName": "event_08_01",
            "talks": [
                "なんで急に……。少女役ならえむもやれるでしょ？"
            ]
        },
        {
            "fileName": "event_08_02",
            "talks": [
                "えむ？　どうしたの、そんなに急いで"
            ]
        },
        {
            "fileName": "event_08_03",
            "talks": [
                "……えむ、それってもしかして\n『そうだそうだ』とかけてるわけ？"
            ]
        },
        {
            "fileName": "event_08_05",
            "talks": [
                "そっか。\nじゃあ、ちっちゃいえむがここから見てたんだね"
            ]
        },
        {
            "fileName": "event_09_09",
            "talks": [
                "……あ、ミク達がネットを広げたよ。\nえむ、次お願い"
            ]
        },
        {
            "fileName": "event_13_05",
            "talks": [
                "えむ……？"
            ]
        },
        {
            "fileName": "event_15_01",
            "talks": [
                "……お兄ちゃん？\nえむ、お兄ちゃんがいるの？",
                "ここの経営って……もしかして、えむのお兄ちゃんが\nフェニックスワンダーランドの社長ってこと……？"
            ]
        },
        {
            "fileName": "event_15_02",
            "talks": [
                "えむ、どこに行ってたの？"
            ]
        },
        {
            "fileName": "event_15_03",
            "talks": [
                "えむは今日、家の用事があるみたい",
                "あ、えむなら今日は休みで……",
                "えむが、悲しそう……？",
                "ア……アンタ達、誰？\nなんでえむに怒鳴ってんの？"
            ]
        },
        {
            "fileName": "event_15_04",
            "talks": [
                "えむが謝ることじゃないでしょ",
                "えむ……"
            ]
        },
        {
            "fileName": "event_15_05",
            "talks": [
                "（あの時は、えむのおかげで、ヒントをもらえたんだよね。\nだからわたしも——力になりたいのに）",
                "……わたしだって、えむの力になりたい",
                "えむが困ってるなら相談に乗りたい",
                "え、えむの目の前に……！！",
                "『……わたしだって、えむの力になりたい』",
                "『えむが困ってるなら、相談に乗りたい』"
            ]
        },
        {
            "fileName": "event_15_06",
            "talks": [
                "『……わたしだって、えむの力になりたい』",
                "『えむが困ってるなら、相談に乗りたい』"
            ]
        },
        {
            "fileName": "event_15_07",
            "talks": [
                "わたし達にも何かさせてよ、えむ"
            ]
        },
        {
            "fileName": "event_15_08",
            "talks": [
                "……バカだな、えむ。\nそんな風になるわけないじゃん",
                "むしろ……えむの力になりたいから、\n話してくれたほうが嬉しい"
            ]
        },
        {
            "fileName": "event_22_02",
            "talks": [
                "あと、えむも司も体力あるし、\nわたしだけいつもバテバテなの、嫌だし……"
            ]
        },
        {
            "fileName": "event_25_01",
            "talks": [
                "……そうなると、えむのおじいさんが目指してた、\n『みんなが笑顔になれる場所』からは離れちゃうんだよね"
            ]
        },
        {
            "fileName": "event_25_05",
            "talks": [
                "……別に、えむのためってだけじゃないよ",
                "もちろん、最初はえむが困ってるなら助けたいって\n気持ちだったけど……"
            ]
        },
        {
            "fileName": "event_32_01",
            "talks": [
                "あっ！　あれってえむの——",
                "えむのお兄さん達が来たってことは……\n話ってもしかして、前に言ってた宣伝大使のこと？"
            ]
        },
        {
            "fileName": "event_32_04",
            "talks": [
                "…………えむ",
                "えむ……ど、どうしよう！？\nあさって、み、見に来るって……！！　どうしよう！！"
            ]
        },
        {
            "fileName": "event_32_06",
            "talks": [
                "ちょっとえむ、びっくりさせないでよね……。\n寿命が縮むかと思ったんだけど"
            ]
        },
        {
            "fileName": "event_32_08",
            "talks": [
                "この声……きゃっ！\nえむ？",
                "ちょっとえむ。\nパチパチはいいけどボーンはやめてよね"
            ]
        },
        {
            "fileName": "event_36_08",
            "talks": [
                "……！？\nちょ、ちょっとえむ。突然突撃してこないで。\nびっくりするでしょ……"
            ]
        },
        {
            "fileName": "event_38_01",
            "talks": [
                "ちょ……！\nアンタ、鳳喜一郎邸庭園知らないの！？"
            ]
        },
        {
            "fileName": "event_38_06",
            "talks": [
                "……あれ？　えむ",
                "今、えむのポケットが光ったみたいなんだけど……"
            ]
        },
        {
            "fileName": "event_38_08",
            "talks": [
                "あ、えむ！"
            ]
        },
        {
            "fileName": "003008_honami01",
            "talks": [
                "（み、宮女の女の子が来てるって話してる人いたから、\nどうせまたえむかと思って来たけど……。ええっ！？）",
                "えっと……ここだけの話、\n先生にさえ見つからなければ結構平気だよ。\nえむなんて何度も勝手に入ってきてるし",
                "まあ、えむのことは置いておいて……。\n司になんの用事？"
            ]
        },
        {
            "fileName": "013011_tsukasa02",
            "talks": [
                "えむのお兄さん達、あちこち飛び回ってって言ってたし、\nそんな目と鼻の先でやるわけ……",
                "たしかに。えむ、冴えてるじゃん"
            ]
        },
        {
            "fileName": "013012_tsukasa01",
            "talks": [
                "それはだいたいえむでしょ。\nそうじゃなくって……",
                "それから、小豆沢さん。\nえむがハムハムしてる子って呼んでる子",
                "うん。その子も宮女だから、えむは知ってると思うけど、\n花里さんっていう子"
            ]
        },
        {
            "fileName": "013013_tsukasa02",
            "talks": [
                "……多分さっき、えむが木から落ちかけたこと、\n気にしてるんじゃない？"
            ]
        },
        {
            "fileName": "014001_emu02",
            "talks": [
                "……えっ！　な、な……なんでえむが……！？"
            ]
        },
        {
            "fileName": "014006_emu01",
            "talks": [
                "えむ、機嫌よさそうだね",
                "そういえば、類と司がケンカした時、\nえむは司を追いかけて行ったけど、ちゃんと会えたの？"
            ]
        },
        {
            "fileName": "014007_emu02",
            "talks": [
                "はいはい。\nでもえむ、体育祭の準備、本当に頑張ってたよね",
                "……ねえ。さっきのえむ、変だったよね",
                "あ、あそこ！\nあそこに見えてるの、えむの足じゃ……！"
            ]
        },
        {
            "fileName": "014008_emu01",
            "talks": [
                "えむ、そのたくさんの箱は何？\nそれに準備って……"
            ]
        },
        {
            "fileName": "014008_emu02",
            "talks": [
                "えむに上に登ってもらって、\n落としても大丈夫そうなヤツは上から落としてもらって、\nわたし達がキャッチすればいいんじゃない？",
                "……はぁ。もう、えむ。\n大丈夫なんだろうけど、心臓に悪いから……"
            ]
        },
        {
            "fileName": "014009_emu02",
            "talks": [
                "まあ、こっちのほうがえむらしくていいけどね"
            ]
        },
        {
            "fileName": "014010_emu01",
            "talks": [
                "えむ？　どうかした？",
                "そう、なんだ……。\nそ、それで、えむに話って何？",
                "……ほら、えむ"
            ]
        },
        {
            "fileName": "014010_emu02",
            "talks": [
                "あ……えむ来た",
                "うん。\nあっ、えむ！　そのまま進んだら壁に——",
                "まあ、あの人達の中身、えむの護衛だもんね。\nていうか、護衛なのに避けるってどういうこと？",
                "えむ……",
                "よかったね、えむ"
            ]
        },
        {
            "fileName": "014011_emu02",
            "talks": [
                "えむ！？"
            ]
        },
        {
            "fileName": "014012_emu02",
            "talks": [
                "決めたのはえむでしょ。\nていうか、あんなのムリ！　腕とれちゃうから！！",
                "じゃあ、えむは結構家族で海来てたんだ？"
            ]
        },
        {
            "fileName": "014013_emu01",
            "talks": [
                "えむのお兄さん達が来るっていう連絡、あったっけ？",
                "えむ、すごく嬉しそうだね"
            ]
        },
        {
            "fileName": "014013_emu02",
            "talks": [
                "ん？　えむ、どうしたの？",
                "つまり、森の少女として跳ぼうとしたんじゃなくて、\nえむとして跳んじゃってたってこと？",
                "あ、えむ。やっぱり来た"
            ]
        },
        {
            "fileName": "015003_nene02",
            "talks": [
                "（えむ、すごい真剣……。\nそういえば――）",
                "……それが、えむの夢？",
                "……どうしたの、えむ？\nなんだかすごく嬉しそう",
                "（……今は、もう少しえむと話していたいから）"
            ]
        },
        {
            "fileName": "015005_nene01",
            "talks": [
                "それで通じるのえむと類だけだから……",
                "って、メッセージ……？\n……えむから？",
                "まるでわたしには、\nえむしか友達いないみたいな言い方なんだけど……",
                "……あっ、またえむからのメッセージが来た"
            ]
        },
        {
            "fileName": "015005_nene02",
            "talks": [
                "……ねえ、えむとミクって\nいつからこんなふうにやり取りしてるの？",
                "（……えむ、嬉しそうだし、\nどうせいつもひとりだから、\n別にセカイで食べてもいいけど……）"
            ]
        },
        {
            "fileName": "015008_nene01",
            "talks": [
                "……えむ、帰っちゃったけど、\n本当に大丈夫かな",
                "（あ。でも、星乃さんってえむと同じ学校だ……）",
                "（余計な気はつかわせたくないし、\nえむのことだってわからないように話さないと）",
                "（えむ……）",
                "（えむには、司とバカなことやっててほしい。\n類と何か変なこと企んでてほしい。\nそれから……）"
            ]
        },
        {
            "fileName": "015008_nene02",
            "talks": [
                "（他の会社と提携しなくてすめば、\nえむが残したい今のフェニックスワンダーランドを守れる）",
                "（えむのためにも、わたし達にできることをしないと……！）",
                "そういえばえむ、学校が終わったら\nこっちに来るって言ってたっけ",
                "（えむのことも一段落ついたし、\nこのあいだ、話を聞いてくれたお礼も伝えないと）",
                "ちょっと、何のんきなこと言ってるの？\nえむが先生に見つかったら面倒でしょ",
                "（ここまで来るあいだすごい静かだったけど、\nえむどこに行ったんだろう？）",
                "（あ！　司の後ろの机に、えむが隠れてる）",
                "（けど先生、えむには気づいてないみたいだし、\n司がこのままうまく誤魔化せば……）",
                "（な、何してんのえむ！\n司がいい感じに誤魔化そうとしてたのに！）"
            ]
        },
        {
            "fileName": "015009_nene01",
            "talks": [
                "（だけど、えむが言ってたとおり、\nあそこを大事に思ってる人、たくさんいそうだな）"
            ]
        },
        {
            "fileName": "015009_nene02",
            "talks": [
                "えむ、ちょっといい？",
                "……えむ？",
                "ひゃっ！　ちょっと、えむ！\n何してんの、恥ずかしいんだけど……っ"
            ]
        },
        {
            "fileName": "015010_nene01",
            "talks": [
                "（せっかくみんなで、えむのお兄さんやお父さん達に\nわたし達の想いを伝えて、説得できたんだから）"
            ]
        },
        {
            "fileName": "015010_nene02",
            "talks": [
                "（えむ、嬉しそう）"
            ]
        },
        {
            "fileName": "015011_nene01",
            "talks": [
                "（えむの家、か。\n友達の家に行くの、いつぶりかな。ふふ……）",
                "（え、えむの家が、\nシェフがいるとかいう超すごい家だったの忘れてたっ……！）",
                "わぁ……ここがえむの部屋なんだ",
                "（よかったぁ。なんかえむっぽい、可愛い感じの部屋で。\nさっきのリビングみたいな、\nいかにも豪邸っぽい部屋だったらどうしようかと思っちゃった）",
                "（やっぱ、えむの家ってすごい……）",
                "再演されるたびに\nちょっとずつブラッシュアップされていってるから、\nえむが見た人魚姫はそのどれかじゃないかな"
            ]
        },
        {
            "fileName": "015011_nene02",
            "talks": [
                "ふふ。一番頑張ったのはえむなのに、\nえむが拍手しちゃうの？",
                "今まで、体力とか運動神経とかが必要なシーンは、\n司やえむに任せてきちゃったけど……",
                "えむだって、あの大ジャンプのシーンに挑戦したんだし、\nわたしも、何かに挑戦したいというか……"
            ]
        },
        {
            "fileName": "016007_rui01",
            "talks": [
                "案内する側なのに、えむも楽しそうだね"
            ]
        },
        {
            "fileName": "016007_rui02",
            "talks": [
                "あ……！　えむ、それは……待って……",
                "わっ、えむ！？　それに、司も類も……！\nまさか……み、見てたの！？"
            ]
        },
        {
            "fileName": "016008_rui01",
            "talks": [
                "……えむ、帰っちゃったけど、\n本当に大丈夫かな"
            ]
        },
        {
            "fileName": "016008_rui02",
            "talks": [
                "ちなみにえむは、どのいたずらが出たら嬉しい？"
            ]
        },
        {
            "fileName": "016009_rui02",
            "talks": [
                "ちょ、ちょっとえむ。\nもう押さないで！　お腹痛い……！"
            ]
        },
        {
            "fileName": "016012_rui02",
            "talks": [
                "ふぅ、疲れた……。\nえむも、すごいアクロバットやって疲れたんじゃない？"
            ]
        },
        {
            "fileName": "021011_miku02",
            "talks": [
                "それじゃ。今度は遊びに来ようかな。\nえむと一緒に"
            ]
        },
        {
            "fileName": "022006_rin01",
            "talks": [
                "ここに来る前に、フェニックスワンダーランドのチケットを\nえむからもらったんだけど……"
            ]
        },
        {
            "fileName": "022006_rin02",
            "talks": [
                "それは大丈夫。\nえむと同じ学校の子だから",
                "あ、えむもそう言ってくれたけど……。\nでも……",
                "わたしが友達になりたいんだから、\nえむに聞いてもらうのはなんか違うっていうか……",
                "う、うん……えむに伝言を頼んだから\n宮女の校門で会えると思う"
            ]
        },
        {
            "fileName": "022008_rin02",
            "talks": [
                "あ、もうえむ！\nルカさんが寝てるのに、そんな大きな声で……"
            ]
        },
        {
            "fileName": "024012_luka01",
            "talks": [
                "えむなら、『浜辺を独りじめだー』って言って走りだして、\n司は『朝っぱらから近所迷惑だからやめろー』って\n自分も大声出して追いかけてった",
                "わっ……！？\nちょ、えむ……！？"
            ]
        },
        {
            "fileName": "024012_luka02",
            "talks": [
                "決めたのはえむでしょ。\nていうか、あんなのムリ！　腕とれちゃうから！！"
            ]
        },
        {
            "fileName": "areatalk02_060",
            "talks": [
                "……あれ、えむ？　どこ？"
            ]
        },
        {
            "fileName": "areatalk02_190",
            "talks": [
                "はぁ……で、類とえむは？"
            ]
        },
        {
            "fileName": "areatalk02_203",
            "talks": [
                "えむっていつからステージの手伝いするようになったの？"
            ]
        },
        {
            "fileName": "areatalk03_187",
            "talks": [
                "うん。えむはね"
            ]
        },
        {
            "fileName": "areatalk03_196 (2)",
            "talks": [
                "……うん。えむ、絶対ああいうの好きだと思う。\n見たら猫になりそう"
            ]
        },
        {
            "fileName": "areatalk03_199",
            "talks": [
                "……うん。えむ、絶対ああいうの好きだと思う。\n見たら猫になりそう"
            ]
        },
        {
            "fileName": "areatalk03_218",
            "talks": [
                "そういう感じの顔なら、えむも得意でしょ。\n試しに、梅干し食べた顔してみてよ"
            ]
        },
        {
            "fileName": "areatalk_ev_shuffle_03_001",
            "talks": [
                "ううん。えむにはたまに、アドバイスしてって\n言われることがあるけどね",
                "えむがいるとうるさくなりそうだけど。\nそれでもいいなら……",
                "それじゃあ、えむに話しとくね。\nえっと……つ、次もよろしく"
            ]
        },
        {
            "fileName": "areatalk_ev_shuffle_03_005",
            "talks": [
                "正直わたしは、そこまで深い思い入れはないけど……。\nえむは、それ聞いたら喜ぶと思う",
                "そうなんだ、えむらしいね"
            ]
        },
        {
            "fileName": "areatalk_ev_wonder_03_002",
            "talks": [
                "……あ。このアップルパイの店、\n前にえむが美味しいって教えてくれたとこだよね。\nすごい行列ができてる"
            ]
        },
        {
            "fileName": "areatalk_ev_wonder_04_002",
            "talks": [
                "司、ちょうどいいところに……。\nえむどこ行ったか知らない？\nステージに行ったら、類しかいなくて……"
            ]
        },
        {
            "fileName": "areatalk_ev_wonder_05_002",
            "talks": [
                "まあね。体力バカなアンタやえむに負けていられないから"
            ]
        },
        {
            "fileName": "areatalk_ev_wonder_05_003",
            "talks": [
                "えむ、買いたい物があるって言ってたけど、\n何が買いたいの？"
            ]
        },
        {
            "fileName": "areatalk_ev_wonder_05_004",
            "talks": [
                "うん。じゃあ司とえむが来たら、相談しないとね"
            ]
        },
        {
            "fileName": "areatalk_monthly2107_002",
            "talks": [
                "あ、別にいいよ。じゃあ、そっちは司を呼んできてよ。\nえむにはわたしから連絡しておくから"
            ]
        },
        {
            "fileName": "areatalk_monthly2109_006",
            "talks": [
                "へえ。えむ、ちゃんとバイト代を貯めてるんだね",
                "そうなんだ……！\nそんなこと言えるなんて、なんかすごい……。\nというかかっこいいね、えむのお父さん"
            ]
        }
    ]
}