{
    "mainStory": 5,
    "eventStory": 8,
    "cardStory": 38,
    "areaTalk": 10,
    "talkPacks": [
        {
            "fileName": "vswonder_01_02",
            "talks": [
                "ミクも、みーんなに笑顔になってほしいな♪\nカイトもいっぱい笑顔にしちゃうよっ！"
            ]
        },
        {
            "fileName": "vswonder_01_03",
            "talks": [
                "カイト……",
                "カイトも笑ってかきくけこ～♪",
                "あ！　カイトー！\n今、司くんが来てくれた気がするよっ！"
            ]
        },
        {
            "fileName": "wonder_01_20",
            "talks": [
                "行こうカイト！　ステージにレッツゴー♪"
            ]
        },
        {
            "fileName": "event_04_04",
            "talks": [
                "ねえ、カイト～。\n最近えむちゃん来てないよね？"
            ]
        },
        {
            "fileName": "event_04_05",
            "talks": [
                "『カイトも手伝ってくれたんだよっ☆\n今日は楽しんできてねって言ってくれた！』"
            ]
        },
        {
            "fileName": "event_04_07",
            "talks": [
                "『その時は、カイトと一緒でもいい？』",
                "『よかった☆\nカイトも絶対喜ぶよ！』"
            ]
        },
        {
            "fileName": "event_30_02",
            "talks": [
                "『ねえねえ、えむちゃん！　せっかく海に来たんだし、\nカイト達にお土産を持って行きたいんだけど、\n何がいいかなー？』"
            ]
        },
        {
            "fileName": "event_30_03",
            "talks": [
                "『……って、カイトが言ってた☆』"
            ]
        },
        {
            "fileName": "event_34_02",
            "talks": [
                "そうだね。私もカイトが悪いと思う",
                "どうする？　カイト"
            ]
        },
        {
            "fileName": "011007_akito01",
            "talks": [
                "うん、カイトだよ。\nって、噂をすれば……",
                "カイトってさ、フラフラしてるし、\nレンのアイスも食べちゃうしで、おちゃらけた感じだけど"
            ]
        },
        {
            "fileName": "021005_miku01",
            "talks": [
                "すっごく盛り上がったよ～！\n箱にカイトが入っててね、ミクが剣を刺したんだ！",
                "剣が５本あって、本当は３本だけ刺すつもりだったんだけど、\nアドリブで全部刺すね♪って言ったらカイトがすごく慌てて……",
                "アドリブにすぐあわせてくれて、\nやっぱりカイトは演技が上手だな～って思ったよ☆",
                "カイト？　うん、元気だよー？",
                "それからね、次はイルカと一緒に水中ショーもやってみたくて、\n今カイトにお願いしてるの！"
            ]
        },
        {
            "fileName": "021010_miku01",
            "talks": [
                "フレー！　フレー！　カイト！\nがんばれ！　がんばれ！　カイトー！！",
                "ねえ、カイト！　やってもいいよね？　ねっ？"
            ]
        },
        {
            "fileName": "021010_miku02",
            "talks": [
                "それじゃあカイト、よろしく～♪"
            ]
        },
        {
            "fileName": "021011_miku02",
            "talks": [
                "ふふっ、それはもちろん！\n寧々ちゃんのことを、ミクもカイトも応援したいからだよ！"
            ]
        },
        {
            "fileName": "023004_len01",
            "talks": [
                "そうだ、カイト。\nみんなを待っている間に\nレンにもショーを見てもらおうよ！",
                "もっちろん☆　いいに決まってるよ！\nねっ、カイトもいいでしょ？"
            ]
        },
        {
            "fileName": "023004_len02",
            "talks": [
                "カイト、見て見てー！　衣装、できたよ！\nこんな感じでどうかなあ？"
            ]
        },
        {
            "fileName": "023011_len02",
            "talks": [
                "レン、さっきは……。\nって、カイト？"
            ]
        },
        {
            "fileName": "024008_luka01",
            "talks": [
                "寝ちゃった！？　ルカ、まだ寝ないでー！\nあっちのステージに行けば、カイトやメイコもいるんだよー！",
                "じゃあ、まずはやっぱりカイト達がいるステージから、\nレッツゴー！"
            ]
        },
        {
            "fileName": "026003_kaito01",
            "talks": [
                "さすがカイトだねっ♪\nそれじゃあ、ショーの準備をしようっ！",
                "ミク、お花さんに聞いてくるね！\nカイトは、他にショーに出てくれそうな子達を\n集めてて～っ☆",
                "あ！　カイトー！\n見て見て！　キレイだよ～♪"
            ]
        },
        {
            "fileName": "026006_kaito01",
            "talks": [
                "あれっ？　カイト、どーしたの？\n今日の公演はまだだよ～？",
                "ねえ、カイトが探してる子達って、あの子達じゃない？"
            ]
        },
        {
            "fileName": "026006_kaito02",
            "talks": [
                "それに、カイトは仲直りした司くん達のショーも\n早く見たいんじゃない？",
                "えー、カイト何言ってるの？\nもうなれてるよ、笑顔を繋げられる劇団にっ☆"
            ]
        },
        {
            "fileName": "026007_kaito02",
            "talks": [
                "いいの、カイト！？"
            ]
        },
        {
            "fileName": "026008_kaito02",
            "talks": [
                "それにしても、カイトは本当にコーヒーが好きだよね",
                "カイト、ただコーヒー好きな仲間と\nおしゃべりしたいだけだと思うから、許してあげて",
                "カイトのあれは、真面目っていうのとは違うかもよ",
                "まあでも……カイトはカイトだけどねえ",
                "——ね？　カイト、あんな感じで基本ダメだから"
            ]
        },
        {
            "fileName": "026009_kaito01",
            "talks": [
                "あっ、カイト！\nメイコ達いたよー！"
            ]
        },
        {
            "fileName": "026009_kaito02",
            "talks": [
                "あ、カイト嬉しそう♪",
                "よかったね、カイト！\n笑顔のわっかがぐーるぐるっだね☆"
            ]
        },
        {
            "fileName": "026010_kaito01",
            "talks": [
                "ねえ、カイト。司くん達は～？",
                "えへへっ。カイト、みんなと話してるあいだ、\nずーっと顔がルンルンニコニコしてたねっ☆",
                "……カイト？"
            ]
        },
        {
            "fileName": "026010_kaito02",
            "talks": [
                "というわけで、カイトは今日は座長じゃないのだー！",
                "えへへっ☆\nいっつもカイトにはお願い聞いてもらってるもんね♪"
            ]
        },
        {
            "fileName": "areatalk02_335",
            "talks": [
                "カイトー！　ついに完成したよっ☆\nぬいぐるみ大砲～♪"
            ]
        },
        {
            "fileName": "areatalk02_373",
            "talks": [
                "すごーい！　じゃあ司くんはピアノね！\nよーし、カイトにお願いして準備してもらわなくっちゃ！"
            ]
        },
        {
            "fileName": "areatalk02_377",
            "talks": [
                "ねえねえ、カイト！　衣装が欲しい！"
            ]
        },
        {
            "fileName": "areatalk02_403",
            "talks": [
                "あとはカイトが入ってる箱に、\nグサグサ～って剣を刺してくヤツだよ♪",
                "刺す時の慌てるカイトの演技、すっごかったよ！\nまさに迫真の演技っていう感じだった！",
                "いいよっ♪　じゃあカイトにもお願いしに行こ～う！"
            ]
        },
        {
            "fileName": "areatalk_ev_special_01_004",
            "talks": [
                "うんっ☆　お疲れさま、カイト！"
            ]
        },
        {
            "fileName": "areatalk_ev_street_04_008",
            "talks": [
                "カイト、最近ずっとカフェに入り浸ってるね"
            ]
        },
        {
            "fileName": "areatalk_ev_street_05_005",
            "talks": [
                "うん。あ、作ったやつはほとんど\nカイト達に食べてもらったから、食材は無駄にしてないよ"
            ]
        },
        {
            "fileName": "areatalk_ev_wonder_02_012",
            "talks": [
                "よーし！　カイトにやりたいって言いに行こう♪"
            ]
        }
    ]
}