{
    "mainStory": 0,
    "eventStory": 6,
    "cardStory": 2,
    "areaTalk": 7,
    "talkPacks": [
        {
            "fileName": "event_07_05",
            "talks": [
                "司せんぱ～い！",
                "う〜ん、見つからないな、司先輩……ん？",
                "……じゃなかった！\n司先輩、司先輩！"
            ]
        },
        {
            "fileName": "event_07_06",
            "talks": [
                "ところで、類、司って人がどこにいるか知らない？",
                "……たしかに、あの司って人、じっとしてなさそうだよねー"
            ]
        },
        {
            "fileName": "event_07_07",
            "talks": [
                "類には、ちゃんと仲間ができたんだね。\nあの司って人とか、あと、一緒にいた女の子とかさ"
            ]
        },
        {
            "fileName": "013006_tsukasa02",
            "talks": [
                "あれ？　司先輩だ～"
            ]
        },
        {
            "fileName": "020009_mizuki02",
            "talks": [
                "わっ！　つ、司先輩の声！？"
            ]
        },
        {
            "fileName": "areatalk_ev_shuffle_02_007",
            "talks": [
                "司先輩って病気がちだった妹さんを元気づけるために、\nスターを目指し始めたんだってね。\nいいお兄ちゃんだよね～",
                "司先輩の妹さんが、ものすごーく羨ましいよ。\nこんなにも頼りになるカッコイイお兄さんがいるなんて！",
                "わーい♪　ありがとう、司先輩！"
            ]
        },
        {
            "fileName": "areatalk_ev_shuffle_02_008",
            "talks": [
                "ねえねえ、司先輩や類がいるショーユニットって\nどんな感じのメンバーがいるの？",
                "たしか４人だよね。\n司先輩と類と、あとは類の幼馴染みの子と……"
            ]
        },
        {
            "fileName": "areatalk_ev_shuffle_02_009",
            "talks": [
                "あれ、司先輩だー。そんなに怒ってどうしたの？",
                "（類、うちの学校に転校してきてから……。\nいや、司先輩と出会ってから、思いっきり羽伸ばしてるなぁ）"
            ]
        }
    ]
}