{
    "mainStory": 1,
    "eventStory": 19,
    "cardStory": 16,
    "areaTalk": 4,
    "talkPacks": [
        {
            "fileName": "nightcode_01_08",
            "talks": [
                "おい、夜中にギャーギャーうるせえぞ絵名。\n……また親父か？"
            ]
        },
        {
            "fileName": "event_07_03",
            "talks": [
                "え？　絵名は、たしかに姉だけど……",
                "はぁ……。姉貴がどうしてるかなんて知らねえよ。\nいつも通り、まだ家で寝てるんじゃねえか"
            ]
        },
        {
            "fileName": "event_14_04",
            "talks": [
                "おい、絵名……！"
            ]
        },
        {
            "fileName": "event_14_06",
            "talks": [
                "コンクールのことで、絵名になんか言っただろ",
                "たしかに絵名は、親父の思うレベルには届いてないかも\nしれねえけど、だからって——",
                "それに絵名はああいうヤツだし、\n今のままじゃ厳しいって思うのは……わかる",
                "でもよ、今の絵名がほしいのは、\nもっと単純な言葉なんじゃねえのか",
                "絵名は、親父と一緒で、絵が好きなんだよ。\n好きなことで才能がないって言われたら、傷つくのは当然だろ"
            ]
        },
        {
            "fileName": "event_14_08",
            "talks": [
                "親父に悪気はねえ。\n親父は親父なりに、絵名を心配してんだよ",
                "あの言いかたはどうかと思うけどな。\nだから、絵名も——"
            ]
        },
        {
            "fileName": "event_29_03",
            "talks": [
                "（……絵名のヤツ、帰ってきてたのか）",
                "（つーか、夏祭りって、まさかシブヤ夏祭りのことか？\n絵名も行くのかよ）"
            ]
        },
        {
            "fileName": "event_29_05",
            "talks": [
                "（ここがステージだな。\n絵名と見た時は、もっと大きいステージだと思ったが……）",
                "冬弥、姉貴の友達の桃井さんと日野森さんだ",
                "ああ、あいつ……姉貴なら、祭りには来てるみたいです。\n他の友達と一緒みたいですけど"
            ]
        },
        {
            "fileName": "event_29_07",
            "talks": [
                "……って、こんな時に電話？\nしかも絵名からかよ",
                "絵名、それ、すぐ持って来てくれ！\nあと少しで本番なんだよ！",
                "本当に助かった！\nありがとな、絵名"
            ]
        },
        {
            "fileName": "event_29_08",
            "talks": [
                "オレは絵名がワガママばっか言うから大変だったな"
            ]
        },
        {
            "fileName": "010003_an02",
            "talks": [
                "そんなんじゃねえよ。\n絵名がまた自分を撮れってうるさかったから逃げて来ただけだ"
            ]
        },
        {
            "fileName": "011001_akito01",
            "talks": [
                "はぁ……絵名のヤツ、\nコンビニくらい自分で行けっての"
            ]
        },
        {
            "fileName": "011006_akito01",
            "talks": [
                "……オレに姉貴がいるって話はしましたよね",
                "そんな生易しいもんじゃないっすよ。\n絵名……姉貴のヤツ、徹底的に親父を避けてるし",
                "姉貴はそういうとこちゃっかりしてるし、\nイライラとか不満とかすぐに爆発させるんで、\n今はもうそこまで心配してないんですけどね"
            ]
        },
        {
            "fileName": "011009_akito02",
            "talks": [
                "昔、ケガして帰ると、絵名のヤツやたら怒って\n消毒してやるとか、ばんそうこう貼ってやるって\nうるさかったなってことを思い出してた"
            ]
        },
        {
            "fileName": "012001_touya01",
            "talks": [
                "いや……SNSのネタにはするだろうけど、\nそういうファンシーなのは絵名の趣味とだいぶ違うし、\nちょっとな……"
            ]
        },
        {
            "fileName": "012002_touya01",
            "talks": [
                "さっきまで絵名……姉貴に誘われて\nケーキ食いに行ってたんだよ",
                "ああいや、オレはまだ食べてない。\n絵名と一緒だと集中して食べられないからな"
            ]
        },
        {
            "fileName": "012008_touya02",
            "talks": [
                "あ……そういやぁ昔、『人形の顔が怖い』って\n姉貴が泣きだしたことあったな……",
                "絵名のヤツ、マジで泣き止まなくて\nうるさかったんだよ"
            ]
        },
        {
            "fileName": "019006_ena01",
            "talks": [
                "ん、絵名？"
            ]
        },
        {
            "fileName": "020009_mizuki02",
            "talks": [
                "……このあいだのピクニック、大変だったらしいな。\n暁山に助けてもらったって、絵名から聞いた"
            ]
        },
        {
            "fileName": "020011_mizuki02",
            "talks": [
                "けど、お前だって絵名や他の仲間と一緒に\n曲作ってるじゃねえか",
                "ちょっと前に、絵名がめちゃくちゃ荒れてた時があって……。\nまあ、親父のせいなんだけどな"
            ]
        },
        {
            "fileName": "023005_len02",
            "talks": [
                "いいんだよ。むしろ去年までは、\n姉貴の買い物につきあわされてすげえ面倒だったからな"
            ]
        },
        {
            "fileName": "areatalk02_214",
            "talks": [
                "バカ！　でかい声で名前呼ぶな。\n絵名……姉貴に、居場所がバレるだろうが"
            ]
        },
        {
            "fileName": "areatalk03_151",
            "talks": [
                "（そういえば、中学からずっと\n絵名の友達やってくれてるあの人も、\nアイドルになったんだったな）"
            ]
        },
        {
            "fileName": "areatalk_ev_shuffle_08_004",
            "talks": [
                "オレがっていうより姉貴のほうですけどね"
            ]
        },
        {
            "fileName": "areatalk_ev_shuffle_09_002",
            "talks": [
                "いえ、別に。\nこっちこそ、絵名のヤツがいつもすみません"
            ]
        }
    ]
}