{
    "mainStory": 0,
    "eventStory": 2,
    "cardStory": 1,
    "areaTalk": 3,
    "talkPacks": [
        {
            "fileName": "event_36_06",
            "talks": [
                "わんわん、わんだほーい！\n鳳えむだよ！　よろしくね、みのりちゃん！"
            ]
        },
        {
            "fileName": "event_36_09",
            "talks": [
                "すっごーい！\nみのりちゃん、キラキラピカピカーってしてる！"
            ]
        },
        {
            "fileName": "013012_tsukasa01",
            "talks": [
                "あ、みのりちゃんだー！"
            ]
        },
        {
            "fileName": "areatalk_ev_shuffle_12_004",
            "talks": [
                "なんだかブルーなみのりちゃんに、\n突撃わんだほーいっ☆",
                "そっかぁ……。でも、お顔がしょんぼりブルーなのは、\nもったいないよ！\nみんなが見たいのは、きっとみのりちゃんの笑顔だもんっ☆",
                "よかったー、もういつものみのりちゃんだね♪\nあたしも応援してるねーっ☆"
            ]
        }
    ]
}