{
    "mainStory": 0,
    "eventStory": 7,
    "cardStory": 14,
    "areaTalk": 4,
    "talkPacks": [
        {
            "fileName": "event_06_04",
            "talks": [
                "……遥？"
            ]
        },
        {
            "fileName": "event_06_05",
            "talks": [
                "う、改めて遥に言われるとキツいな……",
                "遥……"
            ]
        },
        {
            "fileName": "event_36_05",
            "talks": [
                "あれ？　でも、MORE MORE JUMP！って……\n遥——桐谷遥がいるところ？",
                "でも、そっか……。\nじゃあみのりちゃんが、遥の言ってた……",
                "そうだ、あとで昔の遥のこと\n聞かせてあげよっか"
            ]
        },
        {
            "fileName": "event_36_08",
            "talks": [
                "あ、遥じゃん！\nなんでここに……って、みのりちゃんの応援か"
            ]
        },
        {
            "fileName": "006003_haruka01",
            "talks": [
                "えっ……遥！？",
                "平気平気。ちょうどお客さん途切れたところだし、\n父さんも相手が遥なら何も言わないでしょ",
                "そう！　あ、そういえば宮女の１年だから、\n遥も知ってる子かもね！"
            ]
        },
        {
            "fileName": "006003_haruka02",
            "talks": [
                "いらっしゃ……あれ、遥？",
                "ふふ。律儀だなぁ、遥は",
                "……遥、今すごくスッキリした顔してるね"
            ]
        },
        {
            "fileName": "006012_haruka02",
            "talks": [
                "まあね～！　だって今日は、遥の誕生日だからさ！",
                "誕生日おめでとっ、遥！",
                "だねー。遥、中学は宮女に行っちゃったし。\nそれに、ASRUNの時はめちゃくちゃ忙しそうだったしさ。\nなんかお祝いするタイミングがなくって……",
                "——はい！　WEEKEND GARAGEの特別サービス券！\n忙しい遥に、静かで落ち着いたひと時をプレゼント♪\nなーんてね！",
                "あはは。遥ってば、だいたいいつでも\n『アイドル桐谷遥』のままだもんねー",
                "あ、そうそう！　遥と同じグループのみのりちゃん、\nこはねと仲いいんでしょ？"
            ]
        },
        {
            "fileName": "009011_kohane01",
            "talks": [
                "あはは！　遥の場合は、\n単純に私の知りあいだからってだけだよ"
            ]
        },
        {
            "fileName": "010010_an01",
            "talks": [
                "（チームメイト……じゃなくて、グループの子達と\nいろいろなこと経験してる遥が頼りになるんだけど……）"
            ]
        },
        {
            "fileName": "areatalk02_021",
            "talks": [
                "ちょっと会って遊ぼうとすると、\nすぐ桐谷遥だってバレて、慌てて逃げたりしてたよねー。\n遥ってば、芸能人オーラ隠さないからさ"
            ]
        },
        {
            "fileName": "areatalk02_224",
            "talks": [
                "遥はこのへんじゃ服とか買わなそうだよね。\n意外とちゃんと女の子っぽい服、着てるし"
            ]
        },
        {
            "fileName": "areatalk03_151",
            "talks": [
                "……遥も、デビューした時は、\nこういう場所で歌ってたのかな"
            ]
        },
        {
            "fileName": "areatalk_monthly2109_001",
            "talks": [
                "遥と買い物なんて久しぶりだよね～。\nまず、どこ行く？"
            ]
        }
    ]
}