{
    "mainStory": 10,
    "eventStory": 2,
    "cardStory": 28,
    "areaTalk": 16,
    "talkPacks": [
        {
            "fileName": "nightcode_01_03",
            "talks": [
                "『うん。おやすみAmia』",
                "『でも、それからあっという間だったな。\nえななんが入って、Amiaが入って、\nサークル名が決まって……』"
            ]
        },
        {
            "fileName": "nightcode_01_04",
            "talks": [
                "『Amia？　この時間にいるなんて珍しいね』",
                "『あ、ちょっとごめんねAmia』",
                "『じゃあAmia、私一度落ちるね。\nまた夜に』"
            ]
        },
        {
            "fileName": "nightcode_01_07",
            "talks": [
                "……えななんと、Amiaまで",
                "だって本当は、\nKも、えななんも、Amiaも——\n誰よりも消えたがってるくせに",
                "Amia。あなたはいつも楽しそうにしてるけど、\n私が言ってることの意味、全部わかってるんでしょ？"
            ]
        },
        {
            "fileName": "nightcode_01_08",
            "talks": [
                "だって本当は、\nKも、えななんも、Amiaも——\n誰よりも消えたがってるくせに"
            ]
        },
        {
            "fileName": "nightcode_01_14",
            "talks": [
                "だって本当は、\nKも、えななんも、Amiaも——\n誰よりも消えたがってるくせに"
            ]
        },
        {
            "fileName": "event_02_06",
            "talks": [
                "（……瑞希と、絵名？\nどういうこと？）"
            ]
        },
        {
            "fileName": "event_09_03",
            "talks": [
                "……瑞希"
            ]
        },
        {
            "fileName": "017001_kanade01",
            "talks": [
                "『あ、Amiaも来たんだ。お疲れ』"
            ]
        },
        {
            "fileName": "017001_kanade02",
            "talks": [
                "『この辺りの高校はだいたいこの時期にテストだから、\nAmiaも早めにインしてくるかもしれないよ』",
                "『ねえ、Kが私やえななんや、Amiaに声をかけたのは、\n自分に合わせてくれると思ったからなの？』"
            ]
        },
        {
            "fileName": "017002_kanade02",
            "talks": [
                "でもそれ、瑞希が食べたいんでしょ？"
            ]
        },
        {
            "fileName": "017006_kanade02",
            "talks": [
                "『うん。Amiaを軽くいなせてるし』"
            ]
        },
        {
            "fileName": "018002_mafuyu02",
            "talks": [
                "じゃあ、もらうね。\n瑞希の分残らなかったらごめんね"
            ]
        },
        {
            "fileName": "018003_mafuyu01",
            "talks": [
                "（ナイトコードの通知音……\n時間的にKかAmiaがログインしたのかな）"
            ]
        },
        {
            "fileName": "018009_mafuyu01",
            "talks": [
                "（……地元の、子？\nでも、ここはずいぶん昔に廃校になったみたいだし、\n小学校だったなんて瑞希は言ってなかった）"
            ]
        },
        {
            "fileName": "018009_mafuyu02",
            "talks": [
                "（……？　Amiaからメッセージ？）",
                "『Amia。廃校の写真、\nどうして校舎の窓の写真ばかりなの？』",
                "『……Amia。あの桜の木も撮った？』"
            ]
        },
        {
            "fileName": "018011_mafuyu02",
            "talks": [
                "『……今いるの、KとAmiaのふたりだけ？』",
                "『あ、Amia』"
            ]
        },
        {
            "fileName": "019009_ena01",
            "talks": [
                "……瑞希、タルト半分食べる？\n私、どうせ味わからないし"
            ]
        },
        {
            "fileName": "019011_ena01",
            "talks": [
                "……絵名、瑞希？",
                "こんにちは、絵名、瑞希。\nそれと……絵名の弟さん、かな"
            ]
        },
        {
            "fileName": "020002_mizuki02",
            "talks": [
                "『Amiaのこと？』",
                "『Amiaは……。\nかわいい、のかな』"
            ]
        },
        {
            "fileName": "020003_mizuki02",
            "talks": [
                "瑞希が歌ったところだよね。"
            ]
        },
        {
            "fileName": "020005_mizuki02",
            "talks": [
                "『Amia』",
                "『でも、Amiaもえななんも、\n私に構う理由なんてどこにもない。\nなのに……どうして？』",
                "『——Amia？』"
            ]
        },
        {
            "fileName": "020006_mizuki02",
            "talks": [
                "『Amia、はしゃいでるね』"
            ]
        },
        {
            "fileName": "020007_mizuki01",
            "talks": [
                "『……Amia、気合い入ってるね』"
            ]
        },
        {
            "fileName": "020007_mizuki02",
            "talks": [
                "『……Amia？』"
            ]
        },
        {
            "fileName": "020010_mizuki01",
            "talks": [
                "瑞希、そろそろポテト冷めたんじゃない？"
            ]
        },
        {
            "fileName": "020010_mizuki02",
            "talks": [
                "『じゃあAmiaだけ、雨に降られたんだね』",
                "『Amia、元気そうだけど熱はないの？』"
            ]
        },
        {
            "fileName": "areatalk02_139",
            "talks": [
                "あれ？　瑞希？"
            ]
        },
        {
            "fileName": "areatalk02_142",
            "talks": [
                "そんなに深く好きになれるものがあるんだね、瑞希は"
            ]
        },
        {
            "fileName": "areatalk02_147",
            "talks": [
                "人並みくらいには気を遣ってると思うけど……。\n絵名や瑞希ほどのこだわりはないかな"
            ]
        },
        {
            "fileName": "areatalk02_148",
            "talks": [
                "瑞希、大丈夫？　お水もらって来ようか？"
            ]
        },
        {
            "fileName": "areatalk02_149",
            "talks": [
                "テスト期間だから、午前中で終わりなの。\n瑞希はいつものサボり？"
            ]
        },
        {
            "fileName": "areatalk02_160",
            "talks": [
                "あ、瑞希？　どこかにお出かけ？"
            ]
        },
        {
            "fileName": "areatalk02_271",
            "talks": [
                "テレビの見過ぎだよ、瑞希"
            ]
        },
        {
            "fileName": "areatalk03_240 (2)",
            "talks": [
                "瑞希は、物を大事にしてるんだね"
            ]
        },
        {
            "fileName": "areatalk03_243",
            "talks": [
                "瑞希って、結構物欲強いね。\n……あった。これじゃない？"
            ]
        },
        {
            "fileName": "areatalk03_246",
            "talks": [
                "瑞希、もう服たくさん持ってるのに\nまだそんなに買うの？"
            ]
        },
        {
            "fileName": "areatalk03_257",
            "talks": [
                "それで瑞希は、\nそれを読んで何がどう面白いと思ったの？"
            ]
        },
        {
            "fileName": "areatalk03_258",
            "talks": [
                "瑞希、絵名……ふたりもCD買いに来たの？"
            ]
        },
        {
            "fileName": "areatalk03_259",
            "talks": [
                "……奏、ゲームの音楽まで聴いてるんだね。\n瑞希に勧められたの？"
            ]
        },
        {
            "fileName": "areatalk03_267",
            "talks": [
                "……私と奏は必要なことしか話さない。\n絵名と瑞希はずっと話してる"
            ]
        },
        {
            "fileName": "areatalk03_278",
            "talks": [
                "どうしたの、瑞希。\n手が止まってるよ？"
            ]
        },
        {
            "fileName": "areatalk_ev_night_05_003",
            "talks": [
                "……瑞希。その持ってる袋、何？"
            ]
        }
    ]
}