{
    "mainStory": 31,
    "eventStory": 36,
    "cardStory": 67,
    "areaTalk": 24,
    "talkPacks": [
        {
            "fileName": "nightcode_01_03",
            "talks": [
                "『いつもKの曲のイメージにぴったりだし。\n今回のイラストもすごく綺麗で、私びっくりしちゃった』",
                "『どうする、K？　他の曲も聴いてみ……』",
                "『ふふっ、Kにそこまで疑われると、逆に自信ついちゃうな』",
                "『ううん。気にしないで。\nそれにしてもK、私が作ってた曲、覚えててくれたんだね。\nもう１年以上前になるのに』",
                "『そっか。\n……Kと最初に連絡取りあってから、結構経つんだよね』",
                "『ありがとう、K。誘ってくれて』",
                "『あとは、初めて聴かせてもらったKの曲が\nすごく印象的だったの。\nあの時、私……』",
                "『——Kの曲に、救われたような気がしたんだ』",
                "『……え？　あ、私、なんか変なこと言っちゃったね。\nそろそろ作業に戻ろう。K。\n朝になっちゃうよ』",
                "『それじゃ、今日はここまでだね。\nまたね、K』"
            ]
        },
        {
            "fileName": "nightcode_01_05",
            "talks": [
                "『——Kの曲に、救われたような気がしたんだ』"
            ]
        },
        {
            "fileName": "nightcode_01_07",
            "talks": [
                "……その声、K？",
                "初めてKの曲を聴いた時は、少しだけ、救われたような気がした",
                "だから、Kの傍で探せば、\n見つけられるかもしれないって思った",
                "『——Kの曲に、救われたような気がしたんだ』",
                "Kと一緒にいても見つからないなら、\nもう、自分で見つけるしかない",
                "だって本当は、\nKも、えななんも、Amiaも——\n誰よりも消えたがってるくせに"
            ]
        },
        {
            "fileName": "nightcode_01_08",
            "talks": [
                "だって本当は、\nKも、えななんも、Amiaも——\n誰よりも消えたがってるくせに",
                "初めてKの曲を聴いた時は、少しだけ、救われたような気がした"
            ]
        },
        {
            "fileName": "nightcode_01_10",
            "talks": [
                "初めてKの曲を聴いた時は、少しだけ、救われたような気がした"
            ]
        },
        {
            "fileName": "nightcode_01_14",
            "talks": [
                "だって本当は、\nKも、えななんも、Amiaも——\n誰よりも消えたがってるくせに"
            ]
        },
        {
            "fileName": "nightcode_01_17",
            "talks": [
                "Kは、お父さんに呪われてるんだね",
                "でも私は、Kの呪いなんてどうでもいい。\nそんなものに、私を巻きこまないで",
                "Kは、自分が救われたいから、私を救おうとしてるだけ。\n必死になって、悪あがきしてるだけ",
                "Kだって本当は……消えたいんだから"
            ]
        },
        {
            "fileName": "nightcode_01_18",
            "talks": [
                "Kだって、本当は消えたいんでしょう！？",
                "私が私を見つけられるまで、\nKはずっと曲を作り続けなくちゃいけない！　それを……！！"
            ]
        },
        {
            "fileName": "nightcode_01_20",
            "talks": [
                "……Kはどうするの？",
                "『Kが作ってくれた曲、聴いた』",
                "『奏』"
            ]
        },
        {
            "fileName": "vsnightcode_01_04",
            "talks": [
                "うん。奏が私を救う曲を作ってくれるって言ったから……\nしばらくは、奏の傍で曲を作ろうと思って"
            ]
        },
        {
            "fileName": "event_02_01",
            "talks": [
                "『どう……。\n奏の曲だって思ったよ』"
            ]
        },
        {
            "fileName": "event_02_06",
            "talks": [
                "『K？』",
                "『でも、そしたらKが私の前にやって来て……』"
            ]
        },
        {
            "fileName": "event_02_07",
            "talks": [
                "奏が？"
            ]
        },
        {
            "fileName": "event_14_01",
            "talks": [
                "『——K、次の新曲の歌詞できたよ』"
            ]
        },
        {
            "fileName": "event_14_05",
            "talks": [
                "……でも、私は奏に見つけてもらった"
            ]
        },
        {
            "fileName": "event_19_02",
            "talks": [
                "奏の曲作りが進むなら、なんでもいい"
            ]
        },
        {
            "fileName": "event_19_03",
            "talks": [
                "奏が曲を作れるようになるなら、\n行く場所はどこでもいいじゃない",
                "奏が曲を作れるのなら、入る必要もないけど",
                "入ろう、奏",
                "奏がいない。\nさっきまで隣にいたのに"
            ]
        },
        {
            "fileName": "event_19_04",
            "talks": [
                "奏が曲を作れるようになったなら、\n帰ってもいいけど",
                "……それより、奏。\n曲のイメージは固まりそう？"
            ]
        },
        {
            "fileName": "event_26_01",
            "talks": [
                "（今までは、奏の曲を聴いてると、\n胸が痛くなったり、少し気持ちが楽になったりした）"
            ]
        },
        {
            "fileName": "event_29_03",
            "talks": [
                "奏、知ってるの？"
            ]
        },
        {
            "fileName": "event_35_01",
            "talks": [
                "たしか、新曲のMVや歌詞について\n直接話しあいたいって奏が言ってた",
                "（…………。\nあの時の、奏の曲……）",
                "……あれから考えてみたの。\n奏の曲を聴いて、どうして自分が笑ったのか"
            ]
        },
        {
            "fileName": "event_35_02",
            "talks": [
                "……少しだけ、奏の曲を聴こうかな",
                "あ……奏の曲、かけっぱなしだった。\nあのまま寝ちゃってたんだ……",
                "（胸が苦しい気がするけど……。\n奏の曲を聴いた時と、同じような感じもする）"
            ]
        },
        {
            "fileName": "event_35_03",
            "talks": [
                "（……ひょっとして、この頃の私の思い出に、\n奏の曲を聴いた時の、気持ちの答えがある……？）"
            ]
        },
        {
            "fileName": "event_35_05",
            "talks": [
                "（奏の曲を聴いた時に感じた、あたたかい気持ち……）"
            ]
        },
        {
            "fileName": "event_35_06",
            "talks": [
                "……奏……？",
                "（そっか。私、公園で動けなくなって……。\n奏がここまでつれてきて、看病してくれたんだ）",
                "奏が看病してくれたんだね。\nありがとう",
                "（奏が、私にりんごを食べさせてくれた……。\nあの夢を見たのは、そのせい……？）",
                "欲しいものはない、けど。\nひとつだけ、奏に聞きたいことがある",
                "奏は、どんな気持ちで作ったの？",
                "……じゃあね、奏。\nまた、ナイトコードで"
            ]
        },
        {
            "fileName": "event_35_07",
            "talks": [
                "（——奏のおかげだな）",
                "（……そういえば。\n奏、私に笑ってほしいって言ってた）"
            ]
        },
        {
            "fileName": "event_35_08",
            "talks": [
                "奏の曲を聴いた時に感じた気持ちのこと。\n昔の……思い出の中にあったの",
                "私、もう少し……前に進めるかな。奏"
            ]
        },
        {
            "fileName": "event_36_07",
            "talks": [
                "ふふ、奏はアイドルに興味なさそうだもんね",
                "……奏？　どうしたの？"
            ]
        },
        {
            "fileName": "017001_kanade01",
            "talks": [
                "『K、いる？　ちょっと早いけど、作業始めるね』",
                "『じゃあK、また夕ご飯カップ麺なんだ』",
                "『あ、えななん待って。\nK、今ご飯食べるところだから』",
                "『ううん。先にちゃんとご飯食べて？\nK、確認始めるとそれ以外のこと忘れちゃうし』",
                "『うん。あ……ねえK、今日……\nというか、もう日付変わっちゃったけど、お昼は食べた？』",
                "『……K、カップ麺大丈夫？』"
            ]
        },
        {
            "fileName": "017001_kanade02",
            "talks": [
                "『うん。Kがよその人を家に入れるイメージって、\nあんまりないから』",
                "『へえ、ちゃんとしてるんだね。\nKの家に来てくれる人ってどんな人なの？』",
                "『ねえ、Kが私やえななんや、Amiaに声をかけたのは、\n自分に合わせてくれると思ったからなの？』"
            ]
        },
        {
            "fileName": "017002_kanade01",
            "talks": [
                "『何？　奏』"
            ]
        },
        {
            "fileName": "017003_kanade02",
            "talks": [
                "『K、見たの？』",
                "『K、前に見た映画はなんていうタイトルなの？』",
                "『K？\n何か言った？』"
            ]
        },
        {
            "fileName": "017005_kanade02",
            "talks": [
                "……私は奏みたいに、\n誰かのために曲を作ってるわけじゃないから",
                "奏はコメントを見て、どう感じてるの？"
            ]
        },
        {
            "fileName": "017008_kanade02",
            "talks": [
                "『最初からわかりやすい明るさがあるのは\nKの曲としては、珍しい気がする』"
            ]
        },
        {
            "fileName": "017009_kanade02",
            "talks": [
                "『K、ミュートしてるみたいだね』",
                "『K、もっと音にマイクを近づけてみて』",
                "『K。それ、空気清浄機の音じゃない？』",
                "『……K、曲作り以外では結構抜けてるんだね』",
                "『うん、Kがね——』"
            ]
        },
        {
            "fileName": "017011_kanade01",
            "talks": [
                "『……Kに言われても、説得力がないね』"
            ]
        },
        {
            "fileName": "017011_kanade02",
            "talks": [
                "『K。今、何してる？』",
                "奏の部屋に、生徒手帳を落としたかもしれなくて。\n探させてもらってもいい？",
                "奏は見てない？",
                "奏、とりあえずカップ置いたら？\n手に持ったままだと割りそう",
                "奏。ケトルはともかく、急須は置いたままにして。\nお湯がはねたら火傷する"
            ]
        },
        {
            "fileName": "018002_mafuyu01",
            "talks": [
                "『Kもやったんだよね？\nなんて答えたの？』",
                "『Kの答えは？』",
                "『Kのサメも私のドラゴンも、そこに入るね』"
            ]
        },
        {
            "fileName": "018003_mafuyu01",
            "talks": [
                "（ナイトコードの通知音……\n時間的にKかAmiaがログインしたのかな）"
            ]
        },
        {
            "fileName": "018003_mafuyu02",
            "talks": [
                "（あ……Kが先にログインしてる）",
                "『お疲れ、K』",
                "（返事がない……。\nK、ミュートにでもしたのかな。）",
                "『……ありがとう、K』"
            ]
        },
        {
            "fileName": "018005_mafuyu01",
            "talks": [
                "私の中には、奏の歌があった……",
                "（……もし奏が言っていたことが本当なら、\n私は、何かを感じることができるはず）",
                "（ミクが歌ってた、奏の歌みたいに——）"
            ]
        },
        {
            "fileName": "018006_mafuyu02",
            "talks": [
                "『……K。歌詞書けたから送るね』"
            ]
        },
        {
            "fileName": "018007_mafuyu01",
            "talks": [
                "（歌詞、だいぶできてきた。\nでも今回の新曲は、奏が絵名のために作った曲……）",
                "『Kは、25時までミュート。\n集中して作業したいんだって』"
            ]
        },
        {
            "fileName": "018007_mafuyu02",
            "talks": [
                "『K。歌詞を少し変えてみたの。見てくれる？』"
            ]
        },
        {
            "fileName": "018008_mafuyu01",
            "talks": [
                "（奏達と“私”を探すようになってから、\n少しずつ、何かを感じられるようになってきた）"
            ]
        },
        {
            "fileName": "018009_mafuyu01",
            "talks": [
                "奏達のところに戻る前に、少し見て行こうかな"
            ]
        },
        {
            "fileName": "018009_mafuyu02",
            "talks": [
                "『K、歌詞のイメージがもう少しで固まりそうだから、\nあとで話す時間もらってもいい？』"
            ]
        },
        {
            "fileName": "018010_mafuyu01",
            "talks": [
                "（奏……？）"
            ]
        },
        {
            "fileName": "018010_mafuyu02",
            "talks": [
                "でも……奏達やリン達がいても、苦しくないから"
            ]
        },
        {
            "fileName": "018011_mafuyu02",
            "talks": [
                "『……今いるの、KとAmiaのふたりだけ？』"
            ]
        },
        {
            "fileName": "018012_mafuyu01",
            "talks": [
                "『……K。ミックス作業、終わったよ。\n今から送るね』",
                "『K、明日朝練があるから。\nそろそろ落ちるね』"
            ]
        },
        {
            "fileName": "018012_mafuyu02",
            "talks": [
                "うん。このあいだ、奏が作ってくれた曲に、\n歌詞をつけてみたの",
                "（奏の曲を聴いて感じた、あのあたたかい気持ちを——）"
            ]
        },
        {
            "fileName": "019007_ena02",
            "talks": [
                "『……私が？　Kじゃなくて？』"
            ]
        },
        {
            "fileName": "019011_ena02",
            "talks": [
                "『別に。それでKの曲が完成するならいい』"
            ]
        },
        {
            "fileName": "020001_mizuki01",
            "talks": [
                "『確かに、作業してると何か食べたくなるよね。\nあ、K、ここの歌詞ちょっと見てくれる？』",
                "『K、毎日カップ麺ばっかり食べてるよね』"
            ]
        },
        {
            "fileName": "020005_mizuki01",
            "talks": [
                "奏、頼んでたの来たみたいだけど"
            ]
        },
        {
            "fileName": "020005_mizuki02",
            "talks": [
                "『Kは私に、私を救う曲を作るって約束をしてくれてる』"
            ]
        },
        {
            "fileName": "020012_mizuki01",
            "talks": [
                "……あれから考えてみたの。\n奏の曲を聴いて、どうして自分が笑ったのか"
            ]
        },
        {
            "fileName": "020012_mizuki02",
            "talks": [
                "奏の曲を聴いた時に感じた気持ちのこと。\n昔の……思い出の中にあったの"
            ]
        },
        {
            "fileName": "021001_miku02",
            "talks": [
                "『そうそれ。さすがKだね。もうチェックしてたんだ』"
            ]
        },
        {
            "fileName": "021006_miku01",
            "talks": [
                "奏？　どうかしたの？"
            ]
        },
        {
            "fileName": "021007_miku01",
            "talks": [
                "……そう。\nKの曲を聴いた時は、私が見つかるかもって思えた……"
            ]
        },
        {
            "fileName": "021009_miku02",
            "talks": [
                "その歌詞に、奏が曲をつけた",
                "奏が書いてって言わなかったら、\nきっと書いてなかった",
                "……でもそれって結局、\n奏に言われたからやっただけで……"
            ]
        },
        {
            "fileName": "024011_luka02",
            "talks": [
                "……やっぱり、奏みたいかも"
            ]
        },
        {
            "fileName": "areatalk01_052",
            "talks": [
                "奏達は、どんな反応するんだろう。\nちょっと誘ってみようかな？"
            ]
        },
        {
            "fileName": "areatalk02_125",
            "talks": [
                "とりあえず、一番近い家電量販店に案内するけど……。\n奏が欲しいのは、空気清浄機だっけ？"
            ]
        },
        {
            "fileName": "areatalk02_126",
            "talks": [
                "ふふ。気づいてくれるなんて、さすが奏だね"
            ]
        },
        {
            "fileName": "areatalk02_145",
            "talks": [
                "あはは。奏よりも、ちゃんと栄養摂ってるし、\n寝てると思うけどなぁ"
            ]
        },
        {
            "fileName": "areatalk02_261",
            "talks": [
                "ああ……それ、洗濯あるあるだし、\nそういう意味では、奏はかわいい部類の人だよ"
            ]
        },
        {
            "fileName": "areatalk02_262",
            "talks": [
                "それ、ドラマのサウンドトラック？\n奏、そういうのも聴くんだね",
                "あはは……奏の行動範囲、\nここか、コンビニかショッピングモールまで、だもんね……"
            ]
        },
        {
            "fileName": "areatalk02_267",
            "talks": [
                "え……奏？　どうしたの？\n外出なんて珍しいね",
                "それは、奏が全然外に出ないからだよ"
            ]
        },
        {
            "fileName": "areatalk02_268",
            "talks": [
                "この声。やっぱり、奏だった。\nメロディを歌ってみてたの？"
            ]
        },
        {
            "fileName": "areatalk03_240 (2)",
            "talks": [
                "ありがとう、奏！　\nじゃあ、この後は約束通り、\nファミレスで次の曲の打ち合わせだね！"
            ]
        },
        {
            "fileName": "areatalk03_250",
            "talks": [
                "……奏、どうかした？"
            ]
        },
        {
            "fileName": "areatalk03_256",
            "talks": [
                "奏って、何分くらいまでなら\nズレずにはかれるんだっけ"
            ]
        },
        {
            "fileName": "areatalk03_258",
            "talks": [
                "この間、奏から聞いたアーティストの名前なんだったかな……",
                "ふうん。……そうだ。この間、\n奏が話してたアーティスト、名前、覚えてる？"
            ]
        },
        {
            "fileName": "areatalk03_259",
            "talks": [
                "……奏、ゲームの音楽まで聴いてるんだね。\n瑞希に勧められたの？"
            ]
        },
        {
            "fileName": "areatalk03_264",
            "talks": [
                "……奏は、ただ曲を作るだけじゃなくて、\nやっぱり、救ってあげたいんだ？"
            ]
        },
        {
            "fileName": "areatalk03_267",
            "talks": [
                "……私と奏は必要なことしか話さない。\n絵名と瑞希はずっと話してる"
            ]
        },
        {
            "fileName": "areatalk03_286",
            "talks": [
                "奏はともかく、私は\nお母さんが買ってきてくれるものを着るから"
            ]
        },
        {
            "fileName": "areatalk03_289",
            "talks": [
                "奏、ここにいてもお腹すくよ"
            ]
        },
        {
            "fileName": "areatalk_ev_night_03_006",
            "talks": [
                "私が、奏から聞いたアーティストのCDを\n探してた時だね"
            ]
        },
        {
            "fileName": "areatalk_ev_night_04_005",
            "talks": [
                "奏、ほとんど外に出ないしね"
            ]
        },
        {
            "fileName": "areatalk_ev_night_05_001",
            "talks": [
                "……奏って、料理するの？"
            ]
        },
        {
            "fileName": "areatalk_monthly2108_005",
            "talks": [
                "あ……奏？　珍しいね、外に出てるなんて"
            ]
        }
    ]
}