{
    "mainStory": 0,
    "eventStory": 12,
    "cardStory": 11,
    "areaTalk": 2,
    "talkPacks": [
        {
            "fileName": "event_22_02",
            "talks": [
                "『えっ！？　日野森雫って、あの日野森雫！？』",
                "うわー！　本物だー！\n本物の桃井愛莉ちゃんと日野森雫ちゃんだー！",
                "えっ、いいの？　じゃあそうしちゃおっかなー♪\nじゃあ改めて、今日はよろしくね、愛莉ちゃん、雫ちゃん"
            ]
        },
        {
            "fileName": "event_22_03",
            "talks": [
                "たしか、愛莉ちゃんと雫ちゃんが組んでるのって、\nMORE MORE JUMP！ってグループだよね"
            ]
        },
        {
            "fileName": "event_22_04",
            "talks": [
                "それより、絵名は大丈夫かなあ。\nあの辺りだって虫はいそうだし、雫ちゃんとふたりの時に\n大騒ぎしてないかちょっと心配だよ"
            ]
        },
        {
            "fileName": "event_22_06",
            "talks": [
                "頑張ればできると思うけど……でも、絵名達が足を滑らせて、\n雫ちゃんまで落ちたら大変だよ",
                "雫ちゃん、ボク、電波が入るところまで行って、\n助けを呼んで来るよ！",
                "雫ちゃんは、ここで待っててくれないかな？\nもしボクが助けを呼びに行ってるあいだに、\n絵名達に何かあったら大変だからさ"
            ]
        },
        {
            "fileName": "event_22_07",
            "talks": [
                "これって……。\nもしかして、雫ちゃんが作ってくれたの？",
                "ありがとう、雫ちゃん！"
            ]
        },
        {
            "fileName": "event_22_08",
            "talks": [
                "（グループ通話か……。たまにはいいかもね。\n愛莉ちゃんも雫ちゃんも、話してると本当に楽しくて……）"
            ]
        },
        {
            "fileName": "event_29_08",
            "talks": [
                "えっ、雫ちゃんもいたんだ！"
            ]
        },
        {
            "fileName": "020009_mizuki01",
            "talks": [
                "（あ、雫ちゃんだ……！）",
                "やっほー、雫ちゃん。\nピクニック以来だね！",
                "あの、雫ちゃん？\nこれ、ロンドンの地図だよね",
                "あのね、雫ちゃん。\nこれ『ロンドン』っていうお店への地図でもなければ、\nシブヤの地図でもなくて……",
                "それにしても、\n雫ちゃんの特技、刺繍だったんだねー！",
                "雫ちゃん、ミシンの音うるさくない？",
                "（まさか雫ちゃんとこんなに話があうなんて、\nびっくりだなぁ）",
                "雫ちゃんのほうはどう？",
                "うん。雫ちゃんの気持ち、すっごく伝わってくるよ！\nあはは、こんなハンカチをもらえる\n愛莉ちゃん達がうらやましいなぁ",
                "わぁ……！　ありがとう、雫ちゃん！",
                "……そっか。本当にありがとう、雫ちゃん。\nこのハンカチ、大事にするね！"
            ]
        },
        {
            "fileName": "areatalk_ev_shuffle_07_008",
            "talks": [
                "え？　雫ちゃんの妹も、結構ご飯食べるほうなの？",
                "（雫ちゃんの妹ちゃんか……。どんな感じの子なんだろう？）"
            ]
        }
    ]
}