{
    "mainStory": 11,
    "eventStory": 10,
    "cardStory": 33,
    "areaTalk": 8,
    "talkPacks": [
        {
            "fileName": "street_01_06",
            "talks": [
                "あら。レン、またリンとケンカしたの？"
            ]
        },
        {
            "fileName": "street_01_10",
            "talks": [
                "そういえば、リンとは仲直りできたの？"
            ]
        },
        {
            "fileName": "vsstreet_01_03",
            "talks": [
                "あら、リン。来てたのね",
                "よかったら少し寄っていかない？\nリンが好きなドリンク、１杯サービスするわ",
                "リン、ずっと元気がないようだけど……。\nもしかして、レンとまだケンカしてるの？",
                "なるほど……。リンはレンに謝りたいけど\n謝るタイミングを見失っちゃったのね",
                "ずっとレンと一緒にいるリンが仲直りしたいって思うんだから、\nレンだって、きっとそう思うはずだわ",
                "ええ。今みたいに、リンが思ってることを素直に話したら、\nきっとレンと仲直りできるわ",
                "ふふ、やっといつものリンに戻ってきたみたいね"
            ]
        },
        {
            "fileName": "vsstreet_01_04",
            "talks": [
                "リンとレンが入ってきて、彰人くんも杏ちゃんも\n拍子抜けしちゃったのね",
                "もしかして、リンとレンがこの時間に来るってわかってたの？"
            ]
        },
        {
            "fileName": "event_06_08",
            "talks": [
                "ねえ、みんな。もしよかったら\nリンとレンも練習に混ぜてあげてくれないかしら？"
            ]
        },
        {
            "fileName": "event_09_07",
            "talks": [
                "ふふ、リンも上手ね。\nでも、これは打ち返せるかしら？　それっ！",
                "ふふ、それがレンとリンのいいところよね"
            ]
        },
        {
            "fileName": "event_12_08",
            "talks": [
                "はいはい、リンはココアね。\nレンは？"
            ]
        },
        {
            "fileName": "event_13_03",
            "talks": [
                "そういえば、リンはあまりステージに来てなかったわね。\nどこに行っていたの？"
            ]
        },
        {
            "fileName": "event_19_02",
            "talks": [
                "あなた達に手を貸すのはミクやリンで十分でしょう"
            ]
        },
        {
            "fileName": "event_21_06",
            "talks": [
                "こらこら、せっかくカイトがリン達のために\nサンプリングしたのに、そんな風に言っちゃダメでしょ？"
            ]
        },
        {
            "fileName": "event_27_02",
            "talks": [
                "あはは、ごめんごめん。\nリン、気持ちよさそうに寝てたから"
            ]
        },
        {
            "fileName": "event_27_08",
            "talks": [
                "すっごく張りきってたね、リン"
            ]
        },
        {
            "fileName": "event_28_04",
            "talks": [
                "ええ。ミクはフラっと外に行って、\nレンとリンはカイトと遊びに行ってるのよ。\nそういうわけでいつもより静かだから、のんびりしていってね"
            ]
        },
        {
            "fileName": "012005_touya01",
            "talks": [
                "レンとリンなんて、\n遅れたり約束をうっかり忘れたりして、そのあとが大変なのよ"
            ]
        },
        {
            "fileName": "012007_touya01",
            "talks": [
                "はい。リンとレンにはフルーツゼリー！\nちょうど３人分しかなかったから、早い者勝ちだったのよね"
            ]
        },
        {
            "fileName": "021015_miku02",
            "talks": [
                "本当だよ、リン"
            ]
        },
        {
            "fileName": "022004_rin01",
            "talks": [
                "いらっしゃい、リン",
                "ええ、そうよ。\nそっか、リンはまだ会ったことがないわよね",
                "ふふ、みんないい子よ。\n……でも、リンが聞きたいのはもっと別のことなんじゃない？",
                "リンの顔を見てたらすぐにわかるわよ。\nケンカして会えなかったあいだ、\nレンがどうしてたのか知りたいんでしょ？",
                "それはもう、すーっごくいじけてたわ。\nリンのこと気にしてソワソワしてて",
                "うーん……リン、どうする？　教える？",
                "ほら、ずっと立ってないで、\nレンもリンの隣に座って。何飲む？",
                "ふふ。すぐに用意するから、リンとゆっくり話しててね",
                "ふふっ。\nこれでもうすっかり、いつものリンとレンね"
            ]
        },
        {
            "fileName": "022008_rin02",
            "talks": [
                "ふふっ。よかったわね、リン。\n一番笑顔にしてあげたかった子が、笑ってくれて",
                "それにその笑顔で、リンもまたキラキラってしてるし！\nこうやって、笑顔はぐるぐる回っていくのかもね"
            ]
        },
        {
            "fileName": "022009_rin01",
            "talks": [
                "あれ、リン？　教室の前で何してるの？"
            ]
        },
        {
            "fileName": "023003_len01",
            "talks": [
                "ふふ、その様子だと、リンと仲直りするつもりなのね",
                "実はさっき、リンがお店に来た時、\nレンと仲直りしたいって話してたのよ",
                "レンとリンが仲直りした記念日だもの"
            ]
        },
        {
            "fileName": "023003_len02",
            "talks": [
                "リンと仲直りもできたから、一緒にやりたいんでしょう？"
            ]
        },
        {
            "fileName": "023006_len01",
            "talks": [
                "レン、リン。片づけ終わった？"
            ]
        },
        {
            "fileName": "023006_len02",
            "talks": [
                "ええ。レン、リン、あのカップにヒビが入ったのは\nふたりのせいじゃないわよ"
            ]
        },
        {
            "fileName": "023011_len01",
            "talks": [
                "それで、一体どうしたの？\nまたリンとケンカ？"
            ]
        },
        {
            "fileName": "025002_meiko01",
            "talks": [
                "なんだかリンとレンを見てるみたいって思ってね",
                "だってリンもレンも、\nびっくりするくらい酷いケンカをしたって、\nいつもお互いのことを大事に思ってるもの",
                "まあ、ケンカのたびに『リンが無茶苦茶言うんだ』とか、\n『レンが酷いんだよ』とか、話を聞いて落ち着かせるのは\n大変だけど……"
            ]
        },
        {
            "fileName": "025008_meiko01",
            "talks": [
                "リンや私がここに来たように",
                "じゃあ、リンはどうしてほしいの？"
            ]
        },
        {
            "fileName": "025008_meiko02",
            "talks": [
                "そう？　リンが教えてくれた話には納得してるわよ。\nでも……"
            ]
        },
        {
            "fileName": "025010_meiko01",
            "talks": [
                "あら、ミク、リン、ルカ！\nみんなから会いに来てくれるなんて嬉しいわ！"
            ]
        },
        {
            "fileName": "025011_meiko02",
            "talks": [
                "不思議よねぇ。リン達は、\nフラッと来るくらいだったのに、\n今じゃ毎日のようにここに集まるんだから",
                "それを見て、ミクもリンもレンも刺激を受けて、\n負けないようにって毎日練習を頑張っているのよ"
            ]
        },
        {
            "fileName": "026008_kaito01",
            "talks": [
                "そうね。リンやレンともよく遊んでくれてるみたい"
            ]
        },
        {
            "fileName": "026010_kaito02",
            "talks": [
                "『ミクとリンとレンが、えむちゃんのスマホで一緒に\n遊んだって言ってたから、大丈夫よ♪』"
            ]
        },
        {
            "fileName": "areatalk02_334",
            "talks": [
                "はい、ストップ！　リンと仲良くわけるのよ？"
            ]
        },
        {
            "fileName": "areatalk02_412",
            "talks": [
                "リンはいろいろな楽しみ方をしてくれてるのね。\nマスター冥利に尽きるわ"
            ]
        },
        {
            "fileName": "areatalk03_146",
            "talks": [
                "そうね。これでもう少し大人になってくれたら、\nリンとのケンカも減るのにね"
            ]
        },
        {
            "fileName": "areatalk03_147",
            "talks": [
                "ええ。でも、決める前には\nミクやリンに意見を聞くこともあったわ"
            ]
        },
        {
            "fileName": "areatalk_ev_idol_04_007",
            "talks": [
                "リン、ライブお疲れさま！",
                "ええ。とっても楽しいライブだったわね♪\n曲も、元気いっぱいで可愛らしくて、\nリンだからできるセトリって感じで！"
            ]
        },
        {
            "fileName": "areatalk_ev_shuffle_03_038",
            "talks": [
                "あら！　じゃあパイロット気分も夢じゃないわね♪\nリン、そのアトラクションに案内してくれる？"
            ]
        },
        {
            "fileName": "areatalk_ev_wonder_02_002",
            "talks": [
                "ミクやカイト達だけじゃなくて、レンやリンもいるのね！"
            ]
        }
    ]
}