{
    "mainStory": 1,
    "eventStory": 2,
    "cardStory": 4,
    "areaTalk": 2,
    "talkPacks": [
        {
            "fileName": "vsstreet_01_04",
            "talks": [
                "リンちゃんとレンくんがせっかく一緒に歌いたいって\n言ってくれてるんだし、この決着つけるのは、\nみんなで歌った後でもいいんじゃない？"
            ]
        },
        {
            "fileName": "event_09_06",
            "talks": [
                "ここに、ちょんっと！\nはい、リンちゃんも"
            ]
        },
        {
            "fileName": "event_37_01",
            "talks": [
                "あはは！　気持ちはわかるけど、リンちゃんでもダメだよ？\nこはねは私の相棒！"
            ]
        },
        {
            "fileName": "010005_an01",
            "talks": [
                "リンちゃんとレンくんのおかげで、\n今日は充実した練習になったね"
            ]
        },
        {
            "fileName": "022010_rin02",
            "talks": [
                "あっ、リンちゃん、レンくん！\nいらっしゃーい！"
            ]
        },
        {
            "fileName": "023001_len01",
            "talks": [
                "私の中では、リンとレンは双子とか\n家族とか、そういう感じじゃないんだよね"
            ]
        },
        {
            "fileName": "025011_meiko02",
            "talks": [
                "あ……そういえば、\n最初はあんまりリンちゃん見かけなかったかも"
            ]
        },
        {
            "fileName": "areatalk03_143",
            "talks": [
                "ねえ。レンくんやリンちゃんと私達で、\nここに新しい落書きをしちゃおうって\n話してるんだけどどう？"
            ]
        },
        {
            "fileName": "areatalk_ev_street_02_003",
            "talks": [
                "ふふ、そうだね。でも、遠慮なくアレコレ言いあえる\nリンちゃんやレンくんが羨ましい時もあるよ？"
            ]
        }
    ]
}