{
    "mainStory": 0,
    "eventStory": 9,
    "cardStory": 2,
    "areaTalk": 0,
    "talkPacks": [
        {
            "fileName": "event_26_02",
            "talks": [
                "……ルカ？　どうして……",
                "……ねえ、ルカ。\nよかったら、聴いてもらえないかな",
                "……ありがとう、ルカ"
            ]
        },
        {
            "fileName": "event_26_04",
            "talks": [
                "ルカにも言われたんだ。\n『まふゆを迷路から救い出せない』って",
                "うまく言えないけど、ルカの言いたいことはなんとなくわかる。\nわたし自身、ずっと迷いながら作ってるから"
            ]
        },
        {
            "fileName": "event_35_08",
            "talks": [
                "あ……ルカ",
                "うん。\n……ルカ、ありがとう",
                "わたしが曲を作れなくて悩んでいた時に、\nルカが道を示してくれなかったら、\nまふゆはこの詞を書いてなかったかもしれない",
                "メイコ、ルカ……"
            ]
        },
        {
            "fileName": "017012_kanade02",
            "talks": [
                "本当？　ありがとう、ルカ"
            ]
        },
        {
            "fileName": "019012_ena01",
            "talks": [
                "それじゃあ……ミク、ルカ、また今度"
            ]
        }
    ]
}