{
    "mainStory": 1,
    "eventStory": 8,
    "cardStory": 17,
    "areaTalk": 1,
    "talkPacks": [
        {
            "fileName": "street_01_16",
            "talks": [
                "……か、鏡音レン……！？\nバーチャル・シンガーの……！？"
            ]
        },
        {
            "fileName": "event_29_02",
            "talks": [
                "急に悪かったな、レン",
                "そうだな……。\nレンじゃねえけど、かっこいいくつだと\nそれだけでテンション上がるしな"
            ]
        },
        {
            "fileName": "event_29_05",
            "talks": [
                "この前、セカイで練習した時に見たけど\nレンもだいぶ踊れてたじゃねえか",
                "おいレン、あんまり騒ぐなよ。\n誰かに見つかったらめんどくせえからな",
                "あ、レン！　出てくる時はちゃんとまわり見ろよ"
            ]
        },
        {
            "fileName": "event_29_08",
            "talks": [
                "おい、冬弥お前……。\nレンとの約束忘れてねえだろうな？"
            ]
        },
        {
            "fileName": "event_37_01",
            "talks": [
                "さっきこはねの声が聴こえてきたが……。\nレン達に歌聴かせてたのか？"
            ]
        },
        {
            "fileName": "event_37_05",
            "talks": [
                "レンとミクか？"
            ]
        },
        {
            "fileName": "011007_akito01",
            "talks": [
                "DJ？　ひょっとしてレンの……",
                "（これ、レンが？\n……いや、こういう感じのは今まで聴いたことねえ、よな）"
            ]
        },
        {
            "fileName": "011009_akito02",
            "talks": [
                "（さて、そろそろレンのとこ行くか）"
            ]
        },
        {
            "fileName": "021004_miku02",
            "talks": [
                "いや、今日はレンいないのか？",
                "それより、レンは？\nあいつ、ちゃんと相棒と仲直り出来たのか？",
                "レンは今日、ここに来ないんだろ"
            ]
        },
        {
            "fileName": "022010_rin02",
            "talks": [
                "じゃ、そろそろ中に入るか。\nリン、レン、しばらく隠れてろよ"
            ]
        },
        {
            "fileName": "023001_len02",
            "talks": [
                "そうだな。それにリンだけじゃなくて、\nレンの方も、けっこう高音域まで出てるよな",
                "ああ。ほら、鏡音レンって確か、設定では14だろ",
                "オレが声変わりしたのは中１の後半でさ。\nレンの歳には、もう声変わりしてたんだよ"
            ]
        },
        {
            "fileName": "023002_len02",
            "talks": [
                "居た！\nおい、レン！"
            ]
        },
        {
            "fileName": "023003_len02",
            "talks": [
                "レン、本当にここの常連なんだな。\n前に探してた時は全然来なかったのに",
                "……まあ、レンには世話になったしな"
            ]
        },
        {
            "fileName": "023009_len01",
            "talks": [
                "せっかく一緒にやるんだ。\nレンも何か目標とかゴールを決めたらどうだ？"
            ]
        },
        {
            "fileName": "023009_len02",
            "talks": [
                "ありがとな、レン。\nじゃあそのアイディアってやつ、早速聞いてもいいか？",
                "おう。いくぞ、レン、冬弥"
            ]
        },
        {
            "fileName": "025002_meiko01",
            "talks": [
                "……こんちわ。\nレン、いますか？"
            ]
        },
        {
            "fileName": "areatalk02_228",
            "talks": [
                "あ……おい、レンがお前らを探してたぞ"
            ]
        }
    ]
}