{
    "mainStory": 0,
    "eventStory": 0,
    "cardStory": 4,
    "areaTalk": 0,
    "talkPacks": [
        {
            "fileName": "026008_kaito01",
            "talks": [
                "冬弥くん……ああ、\nこのセカイの想いの持ち主のひとりだっけ"
            ]
        },
        {
            "fileName": "026008_kaito02",
            "talks": [
                "あ……そういえば、\n冬弥くんもコーヒー好きなんだよね？",
                "おっ、みんな久しぶり！\n特に、冬弥くん！　キミにまた会いたかったんだよ！",
                "悪いね冬弥くん。\n実は、ボクが見つけてきたこのコーヒーを、\n最高のブレンドに仕上げたいんだ！"
            ]
        }
    ]
}