{
    "mainStory": 0,
    "eventStory": 13,
    "cardStory": 15,
    "areaTalk": 0,
    "talkPacks": [
        {
            "fileName": "event_27_02",
            "talks": [
                "リンちゃんが来てくれたから、\nこれからもっと楽しくなるね♪"
            ]
        },
        {
            "fileName": "event_27_06",
            "talks": [
                "リンちゃん！",
                "えっ、リンちゃんが演奏してくれるの？",
                "……あれ。リンちゃん、歌も歌ってる……？",
                "すっごく良かったよ、リンちゃん！\nとーっても楽しかった！",
                "ねえリンちゃん。\n今の曲、リンちゃんが作ったの？",
                "（あんなにめちゃくちゃな曲でもすごくワクワクしたのは、\nあの曲に、リンちゃんの想いがこめられてたからなんだ）",
                "……うん！\nリンちゃん、ありがとう"
            ]
        },
        {
            "fileName": "event_27_07",
            "talks": [
                "リンちゃーーーーん！",
                "リンちゃん、アタシわかっちゃった！\nアタシ達の曲にこめたい気持ち、見つけられたの！",
                "リンちゃん……！",
                "本当に？　ありがとう、リンちゃん！"
            ]
        },
        {
            "fileName": "event_27_08",
            "talks": [
                "でも、リンちゃんのおかげでいい曲ができたんだ！"
            ]
        },
        {
            "fileName": "002013_saki01",
            "talks": [
                "わっ、リンちゃん！",
                "そうだったんだ……。\nありがとう、リンちゃん！　心配してくれて",
                "お母さんもお兄ちゃんもいないし、\nリンちゃん、出てきても大丈夫だよ！",
                "えっとレシピは……。\nリンちゃん、ちょっとスマホいじるね",
                "あ、レシピはっけーん！\nそれじゃあ、リンちゃんよろしく！"
            ]
        },
        {
            "fileName": "002013_saki02",
            "talks": [
                "あ、リンちゃん！\nいっちゃん、リンちゃんも呼んでたんだ？",
                "リンちゃん、それ死んじゃった人が残すやつ！！"
            ]
        },
        {
            "fileName": "003012_honami01",
            "talks": [
                "アタシも、リンちゃんやしほちゃんにヒントをもらうまで\nいろいろ迷ったりしたしなぁ"
            ]
        },
        {
            "fileName": "022009_rin02",
            "talks": [
                "あっ！　リンちゃん、発見♪\nミクちゃんの言ったとおりだったなぁ",
                "自主練習しようかなって思って、早めに来たの。\nそれと、リンちゃんとちょっと話がしたくって♪",
                "実は、リンちゃんと一緒にやりたいことがあるの！",
                "それでね……あ、あったよ！\nこのページの夢を、リンちゃんと叶えたくて！",
                "え？　……わっ、10分もすぎてる！\nごめーん、リンちゃんといろいろ話してて……",
                "おー、使いこなしてるね！\nリンちゃんきゃわたん～",
                "あ！　リンちゃん、それは……！"
            ]
        }
    ]
}