{
    "mainStory": 0,
    "eventStory": 1,
    "cardStory": 1,
    "areaTalk": 2,
    "talkPacks": [
        {
            "fileName": "event_12_08",
            "talks": [
                "あとで、あちらにも伝えに行かないとな。\n特にミクには、大事なことに気づかせてもらった"
            ]
        },
        {
            "fileName": "012003_touya02",
            "talks": [
                "あの不思議なセカイで出会ったミク達のおかげで\nたくさんのことに気づけた"
            ]
        },
        {
            "fileName": "areatalk02_361",
            "talks": [
                "ミク、しばらくここで\n歌の練習をしていても構わないか？",
                "そうだな。あとで必ず寄る。\n……ありがとう、ミク"
            ]
        }
    ]
}