{
    "mainStory": 0,
    "eventStory": 1,
    "cardStory": 9,
    "areaTalk": 1,
    "talkPacks": [
        {
            "fileName": "event_35_03",
            "talks": [
                "……まふゆ、奏と同じくらい無理するから"
            ]
        },
        {
            "fileName": "017006_kanade01",
            "talks": [
                "『会いに来たよ、奏。それから、まふゆ、瑞希も』"
            ]
        },
        {
            "fileName": "022007_rin01",
            "talks": [
                "まふゆ。それから、奏と瑞希と、絵名……",
                "ミク、奏っていう子達に会わせて。\nまず、その子達に会わないといけない気がするから"
            ]
        },
        {
            "fileName": "022011_rin01",
            "talks": [
                "（奏達、まふゆが笑ったあの曲を、\nみんなで作ってるんだっけ……）"
            ]
        },
        {
            "fileName": "022011_rin02",
            "talks": [
                "『……ん？　奏の部屋みたい』",
                "『どうなってるの？　なんでまふゆが奏の部屋に……』",
                "『あ、奏……！』",
                "（奏、看病ってしたことあるのかな？）"
            ]
        },
        {
            "fileName": "025008_meiko01",
            "talks": [
                "え？　えっと……ミクと会って、話して……。\nあ……奏達とも会って、話した"
            ]
        },
        {
            "fileName": "areatalk_ev_night_02_004",
            "talks": [
                "奏達に見つけてもらう前の苦しさとはちょっと違うみたい。\nきっと、探してるんだと思う。失くしちゃったものを"
            ]
        }
    ]
}