{
    "mainStory": 12,
    "eventStory": 2,
    "cardStory": 11,
    "areaTalk": 4,
    "talkPacks": [
        {
            "fileName": "mmj_01_03",
            "talks": [
                "『それに遥ちゃん、愛莉ちゃん、雫ちゃんだよね。\n全員そろってくれててよかった！　よろしくね♪』"
            ]
        },
        {
            "fileName": "mmj_01_07",
            "talks": [
                "……遥ちゃん！"
            ]
        },
        {
            "fileName": "mmj_01_16",
            "talks": [
                "遥ちゃんが、みのりちゃんの毎日を、\n希望でキラキラ輝かせてくれたんだね",
                "…………。\nみのりちゃんは、遥ちゃんが大好きなんだね",
                "だから、遥ちゃんのことを考えて悩んじゃうんだね。\nみのりちゃんは、優しいね",
                "うん！　遥ちゃんを励ましたいっていうみのりちゃんの想いは、\nやっぱりみのりちゃんが直接届けた方がいいと思うの！"
            ]
        },
        {
            "fileName": "mmj_01_18",
            "talks": [
                "遥ちゃん、ライブは楽しめてる？\nみんな、たっくさん練習してたんだよ！",
                "遥ちゃんは――どうしたい？"
            ]
        },
        {
            "fileName": "vsmmj_01_03",
            "talks": [
                "遥ちゃんにも、早く笑えるようになってほしいな",
                "いつも一生懸命なみのりちゃんなら、\n遥ちゃんを笑顔にできるはず！",
                "でも、それにはまず、遥ちゃんに\n青いペンライトの景色を見てもらいたいから——",
                "ふたりも同じアイドルだから、遥ちゃんに\n元気になってほしいんじゃないかなって"
            ]
        },
        {
            "fileName": "event_09_04",
            "talks": [
                "あ、みのりちゃん！　遥ちゃん！"
            ]
        },
        {
            "fileName": "event_09_05",
            "talks": [
                "ねえ遥ちゃん、今日はもう少しみんなで遊ばない？"
            ]
        },
        {
            "fileName": "005003_minori01",
            "talks": [
                "『自信を持ってステージに立ってね、みのりちゃん！\n一緒に、遥ちゃんに希望を届けよう！』"
            ]
        },
        {
            "fileName": "006010_haruka02",
            "talks": [
                "そうだったんだ。\nじゃあ遥ちゃんはきっと、欠片のセカイに行ったんだね",
                "遥ちゃん。ここで、光る物を見かけなかった？",
                "きっとそれがきっかけで、\n遥ちゃんは、その誰かの想いに触れていたんじゃないかな",
                "……ううん。遥ちゃんを探しに街には行ったけど、\nわたしは誰にも会ってないよ",
                "でも、遥ちゃんが見たり、聞いたり、感じたりしたことは、\n信じていいと思うよ"
            ]
        },
        {
            "fileName": "006011_haruka01",
            "talks": [
                "でも、遥ちゃん達は\nソロライブが一番いいんじゃないかって\n思ってるんだよね？",
                "遥ちゃんの言うとおり、\n愛莉ちゃんはちょっと大変になっちゃうし、\n曲の準備も難しいかもしれない"
            ]
        },
        {
            "fileName": "021008_miku01",
            "talks": [
                "ほら、みのりちゃんは、遥ちゃん達と違って\nまだあんまり人前に出る機会がないでしょ？"
            ]
        },
        {
            "fileName": "024010_luka01",
            "talks": [
                "『遥ちゃん達に誘ってもらってから、\nずっとわくわくしてたの』",
                "『ふふ。せっかく遊びに来たのに、\n遥ちゃん、スイッチが入っちゃったみたいだね』"
            ]
        },
        {
            "fileName": "areatalk02_282",
            "talks": [
                "遥ちゃんは？"
            ]
        },
        {
            "fileName": "areatalk02_349",
            "talks": [
                "そっか！　ふふ、わたしも遥ちゃんの笑顔が\n見られるようになってよかった"
            ]
        },
        {
            "fileName": "areatalk03_072",
            "talks": [
                "そういえば、みのりちゃんは遥ちゃんが\nアイドルだった時のライブには行ったことあるの？"
            ]
        },
        {
            "fileName": "areatalk03_085",
            "talks": [
                "ふふ、今では遥ちゃんがみんなに希望を届けて、\n笑顔にしてあげられるアイドルになったんだね"
            ]
        }
    ]
}