{
    "mainStory": 0,
    "eventStory": 6,
    "cardStory": 3,
    "areaTalk": 0,
    "talkPacks": [
        {
            "fileName": "event_36_04",
            "talks": [
                "えっと……小豆沢さんと花里さん、だよね。\n改めて、よろしく",
                "花里さんは……アイドルなんだっけ",
                "花里さんを見てると、なんだかわたしも\n頑張ろうって思えるから。\n……一緒に、頑張りたい"
            ]
        },
        {
            "fileName": "event_36_06",
            "talks": [
                "じゃあ紹介……って言っても、\nこの中で初対面なのって花里さんだけか",
                "えっと、この子が花里みのりさん。\nアイドルをやってるんだ"
            ]
        },
        {
            "fileName": "event_36_08",
            "talks": [
                "（……花里さん、大丈夫かな……）"
            ]
        },
        {
            "fileName": "005011_minori01",
            "talks": [
                "でも、そういう意味じゃ花里さんもすごいと思う",
                "（わたしにとっての風祭さんに、\n花里さんは追いつこうとしてるって思えばいいのかな）"
            ]
        },
        {
            "fileName": "013012_tsukasa01",
            "talks": [
                "うん。その子も宮女だから、えむは知ってると思うけど、\n花里さんっていう子"
            ]
        }
    ]
}