{
    "mainStory": 69,
    "eventStory": 24,
    "cardStory": 50,
    "areaTalk": 18,
    "talkPacks": [
        {
            "fileName": "leo_01_00",
            "talks": [
                "（あれ？　中庭にいるの……穂波？）",
                "穂波……",
                "（いつからこうなっちゃったんだろう？\n穂波と志歩とギクシャクして、咲希も――）"
            ]
        },
        {
            "fileName": "leo_01_01",
            "talks": [
                "あ、穂波……",
                "穂波、最近はどう――",
                "うん。穂波と志歩……あ、\nB組の望月さんと、A組の日野森さん"
            ]
        },
        {
            "fileName": "leo_01_02",
            "talks": [
                "（でも、穂波も志歩も、咲希が戻って来たって知ったら、\nもしかして……）"
            ]
        },
        {
            "fileName": "leo_01_03",
            "talks": [
                "あ。あったね。穂波が吹奏楽部でドラムできるようになったから、\nみんなで咲希の家に楽器持って行って……"
            ]
        },
        {
            "fileName": "leo_01_05",
            "talks": [
                "（志歩も、穂波も、この曲のこと覚えててくれたんだ）",
                "（もしかしたら、志歩も穂波も、本当は……。\nなんて……ちょっとくらい、思ってもいいのかな……）"
            ]
        },
        {
            "fileName": "leo_01_06",
            "talks": [
                "（それに咲希と、穂波と、志歩と……。\nみんなと一緒に演奏したんだ）",
                "（昔は、どこへ行くのもみんな一緒で、\n咲希が何かやりたいって言うと、みんなで一緒にやって、\n志歩が熱くなると、穂波が間に入ってくれて……）"
            ]
        },
        {
            "fileName": "leo_01_07",
            "talks": [
                "（でも、ここに穂波と志歩がいてくれたら、\nきっともっと……）",
                "（私も、いつか志歩と穂波と一緒にできる日のために、\n精一杯頑張ろう）"
            ]
        },
        {
            "fileName": "leo_01_08",
            "talks": [
                "志歩、一緒にお昼食べよう。\n今日は穂波も時間あるから３人で……",
                "（中学２年の時――志歩や穂波とクラスが離れ離れになって。\n休み時間のたびに志歩達のクラスに行ってたけど……）",
                "（それに、穂波は――）",
                "穂波……？",
                "うん。だから、その、穂波もよかったら……やらない？",
                "あ……うん。\nまたね、穂波",
                "……穂波",
                "（そうだ、穂波に貸してもらおう……あれ？）",
                "（穂波が、ひとりでお昼食べてる……？\nいつもクラスの友達と一緒なのに）",
                "……穂波？",
                "数学の教科書借りようと思ったんだけど……穂波、大丈夫？\nもしかして……友達と何かあったの？",
                "……穂波がそう言うなら……",
                "でも、穂波……",
                "（それから、大丈夫かって話しかけても、\n穂波は逃げるみたいに離れていって……）"
            ]
        },
        {
            "fileName": "leo_01_10",
            "talks": [
                "穂波、星好きだもんね",
                "ふふっ。まだ覚えてるよ。\n何度説明しても志歩が星座の名前覚えないから、\n穂波が珍しくむくれちゃって"
            ]
        },
        {
            "fileName": "leo_01_12",
            "talks": [
                "穂波？\nどうしたの？　ここ、うちのクラスの前だけど……",
                "……あのさ、穂波",
                "穂波も、やっぱり一緒にやらない？\nそれとも……私達とは、もう一緒にいたくない？",
                "あの時……穂波がひとりで悩んでる時に、\n私がもっと側にいられたら……",
                "あ……穂波",
                "穂波、本当に大丈夫なの？",
                "穂波、今日一緒に帰らない？\n新しいパン屋さんができたみたいだから……",
                "穂波……？　あ……！",
                "穂波はいい顔してるわけじゃないよ……！\nみんなに優しいこと、私達は知ってる。だから……",
                "穂波……！"
            ]
        },
        {
            "fileName": "leo_01_13",
            "talks": [
                "……志歩、穂波と話してたの？",
                "私このあいだ、穂波と少し話したの",
                "穂波は……怖いんだよ",
                "それに、穂波は優しいから、\n同じことしたらまた周りの子に嫌な思いさせるんじゃないかって、\n思ってるんじゃないかな……"
            ]
        },
        {
            "fileName": "leo_01_16",
            "talks": [
                "……志歩は昔から変わってなかったのかも。\n変わったのは私や穂波のほうなのかな……"
            ]
        },
        {
            "fileName": "leo_01_17",
            "talks": [
                "咲希は、穂波が今大切にしているものを尊重したいから、\nバンドに誘うのをやめるって決めた",
                "志歩は、そんな咲希を見て、本当に今のままでいいのかって、\n穂波と話をしに行った",
                "……穂波が苦しんでた時もそうだった。\n何かしなくちゃって思っても、大丈夫って言われて、\nどうしたらいいのかわからなくなって……",
                "穂波は、周りの人が困ってないかいつも気にかけてて、\n困ってたらすぐに助けに行くくらい……優しくて……",
                "穂波の想い……",
                "……あ、この星図……穂波の……？",
                "もしかして、穂波の想いって……",
                "……ごめん穂波、ちょっといいかな？"
            ]
        },
        {
            "fileName": "leo_01_18",
            "talks": [
                "穂波に見せたいものがあるの",
                "穂波、こっちだよ。屋上に行こう",
                "……よかった。穂波、笑ってくれた",
                "ねえ、穂波",
                "それで、穂波に、もっとそうやって笑っててほしい。\nもっと一緒に笑ってたい",
                "穂波。\n私達、もう一度一緒にいられないかな",
                "穂波……",
                "……穂波",
                "いいんだよ。\nだって私達は、穂波と一緒にいたい"
            ]
        },
        {
            "fileName": "leo_01_19",
            "talks": [
                "穂波……",
                "私も、ずっと穂波をひとりにしてごめん。\n気づいていたのに、何もできなくて……",
                "――穂波",
                "もう穂波のことひとりになんてしない。\nこれからはずっと、一緒だよ",
                "どうしたの？　穂波",
                "穂波……"
            ]
        },
        {
            "fileName": "leo_01_20",
            "talks": [
                "……ね、こんなコソコソ穂波のこと見てていいのかな？"
            ]
        },
        {
            "fileName": "event_01_03",
            "talks": [
                "ど、どうしたの穂波",
                "…………穂波"
            ]
        },
        {
            "fileName": "event_01_05",
            "talks": [
                "穂波は、こういう時本当にしっかりしてるね。\nすごいな"
            ]
        },
        {
            "fileName": "event_01_07",
            "talks": [
                "志歩、穂波。\n行こう！"
            ]
        },
        {
            "fileName": "event_01_08",
            "talks": [
                "いったん休憩挟もうか。\n穂波もずっと喋ってると疲れるでしょ"
            ]
        },
        {
            "fileName": "event_09_10",
            "talks": [
                "ありがとう、穂波"
            ]
        },
        {
            "fileName": "event_09_11",
            "talks": [
                "……ていうか、穂波どうしたの？\nこの世の終わりみたいな顔してるけど"
            ]
        },
        {
            "fileName": "event_10_01",
            "talks": [
                "あ、そうだ穂波。\n今日の練習の最初に、このあいだうまくいかなかったところを\n確認したいんだけど、いい？",
                "……あ。そういえば穂波……",
                "あ、そろそろ戻らないと。\nじゃあね、穂波。また放課後"
            ]
        },
        {
            "fileName": "event_10_04",
            "talks": [
                "それにしても、意見が割れたからって、\n穂波に決めてって言うなんて……"
            ]
        },
        {
            "fileName": "event_10_06",
            "talks": [
                "何があっても、穂波がみんなのために頑張ってること、\n私達は見てるよ"
            ]
        },
        {
            "fileName": "event_16_08",
            "talks": [
                "お疲れさま、穂波。\nいつもありがとう"
            ]
        },
        {
            "fileName": "event_18_04",
            "talks": [
                "それじゃあ、みんなであわせてみようか。\n穂波、カウントお願い",
                "ありがとう、穂波"
            ]
        },
        {
            "fileName": "event_18_05",
            "talks": [
                "ビニールシート敷いて、咲希のお母さんが作ってくれた\nおやつを食べて……。\nそういえばあの頃だっけ。穂波がアップルパイ好きになったの",
                "（咲希が入院して、学校に来なくなって、\n志歩とも、穂波とも話せなくなって……）",
                "（大切だけど、どうしたらいいのかわからなくて、\n穂波や志歩の背中を見ることしかできなかった）",
                "（そのおかげで、穂波に気持ちを伝えられて、\nまた４人ですごせるようになった）"
            ]
        },
        {
            "fileName": "event_20_01",
            "talks": [
                "穂波も最初は不安かもしれないけど、一度あの体験をしたら、\nきっと、もっと演奏したいって思えるんじゃないかな"
            ]
        },
        {
            "fileName": "event_27_05",
            "talks": [
                "あれ？　穂波、廊下でぼんやりしてどうしたの？"
            ]
        },
        {
            "fileName": "event_30_04",
            "talks": [
                "志歩、穂波、\nよかったら一緒に遊ばない？"
            ]
        },
        {
            "fileName": "event_34_06",
            "talks": [
                "……志歩、穂波……"
            ]
        },
        {
            "fileName": "event_34_07",
            "talks": [
                "穂波……"
            ]
        },
        {
            "fileName": "001003_ichika01",
            "talks": [
                "（そうしたら、いつか穂波とも……）",
                "（……私も、何かできるかな。\n咲希や……志歩や穂波のために……）"
            ]
        },
        {
            "fileName": "001005_ichika01",
            "talks": [
                "いいよ。じゃあ、穂波と志歩も誘って\nみんなで行ってみようか"
            ]
        },
        {
            "fileName": "001006_ichika01",
            "talks": [
                "あれ、穂波だけ？",
                "あ、そうだ。咲希が鳳さんから聞いたって\n言ってたんだけど、穂波のクラス、\n金賞になったお祝いしたんだって？",
                "……穂波はすごいね",
                "私も学級委員してるけど、穂波と同じ状況になった時\n穂波みたいにできるかわからないから",
                "（それに、穂波は中学の時のことで、\n嫌われるかもしれないっていう怖さもあっただろうし……）",
                "クラスをひとつにした穂波は、\n本当にすごいと思う",
                "穂波……",
                "うん……。\nやっぱり、穂波はすごいな",
                "もう、穂波ってば……"
            ]
        },
        {
            "fileName": "001006_ichika02",
            "talks": [
                "……あ、そうだ。\nねえ穂波、叩きかた、ちょっと変えた？",
                "うん。穂波、頑張ってクラスのみんなに\n自分の意見を伝えたもんね",
                "穂波、何やってるの？",
                "まあ、穂波なら……",
                "ありがとう、穂波！\n……はぁ、死ぬかと思った"
            ]
        },
        {
            "fileName": "001009_ichika01",
            "talks": [
                "あれ？　穂波、廊下でぼんやりしてどうしたの？",
                "（それで、その志歩を穂波は気にしてて……）"
            ]
        },
        {
            "fileName": "001009_ichika02",
            "talks": [
                "（今日は穂波も咲希もバイトで全体練習はないし、\n自主練習のついでに、いろいろ考えてみようかな）"
            ]
        },
        {
            "fileName": "001011_ichika01",
            "talks": [
                "う、うん。穂波がそばにいた大人の人を呼んでくれたから、\nすぐ助けてもらえたんだけど……",
                "（空気を読めるようになったってことなんだろうけど、\n中学の頃は、どんどん離れていく穂波や志歩を\n見てることしかできなかった）"
            ]
        },
        {
            "fileName": "002002_saki02",
            "talks": [
                "穂波……"
            ]
        },
        {
            "fileName": "002008_saki01",
            "talks": [
                "あ、穂波が中学時代のことを\nクラスの仲のいい子達に話しにいった時だっけ？",
                "穂波、頑張れ……！",
                "穂波のことが気になっちゃって、\n合唱祭の話しあい、集中できそうになかったしね"
            ]
        },
        {
            "fileName": "002008_saki02",
            "talks": [
                "穂波のクラス、本当にうまかったよね"
            ]
        },
        {
            "fileName": "002010_saki02",
            "talks": [
                "私は穂波から。\n同じアプリで猫も育ててるんだよね"
            ]
        },
        {
            "fileName": "003002_honami02",
            "talks": [
                "そういえば穂波、福祉施設のボランティアやったとき、\nここで働きたいな、みたいなこと言ってたよね"
            ]
        },
        {
            "fileName": "003003_honami01",
            "talks": [
                "おはよ、穂波……"
            ]
        },
        {
            "fileName": "003005_honami02",
            "talks": [
                "メインディッシュって、\n穂波が持ってきてくれたのは写真でしょう？",
                "穂波がいいなら、私達は大丈夫だよ"
            ]
        },
        {
            "fileName": "003010_honami01",
            "talks": [
                "あ、穂波。美化委員会の帰り？",
                "ねえ、穂波。お昼って、まだ……だよね？\nよかったら一緒に食べない？",
                "あ、練習に来たわけじゃないよ。\nお昼を食べるついでに、穂波とちょっと話したくて",
                "ほら昨日の帰り、穂波、\n志歩を追いかけて行ったでしょ？",
                "ううん。穂波の今の話を聞いて、\nすごく安心した",
                "だから……。穂波、志歩と話してくれて、\n本当にありがとう"
            ]
        },
        {
            "fileName": "003011_honami02",
            "talks": [
                "本当だね。\n穂波、咲希、ありがとう"
            ]
        },
        {
            "fileName": "003012_honami01",
            "talks": [
                "って、忘れるところだった。\n——はい、穂波"
            ]
        },
        {
            "fileName": "003013_honami01",
            "talks": [
                "ふふ。だってさ、穂波。\nふたりのあいだにおいでよ"
            ]
        },
        {
            "fileName": "003013_honami02",
            "talks": [
                "『穂波、手作りのアップルパイでお祝いしたいんだけど、\n穂波の好みの味にしたいから、よかったらうちに来て、\nいろいろアドバイスしてくれないかな？』"
            ]
        },
        {
            "fileName": "004009_shiho02",
            "talks": [
                "実は、ここに来る途中で、\n穂波と話してたんだけど……"
            ]
        },
        {
            "fileName": "004010_shiho01",
            "talks": [
                "そんなこともあったね。\n穂波がウェットティッシュを出してあげてたっけ",
                "……あ。でも、私も穂波がその時作った絵のこと、覚えてるよ"
            ]
        },
        {
            "fileName": "024006_luka01",
            "talks": [
                "あれ？　穂波、なんか気合入ってるね",
                "それで、穂波は？",
                "うーん。私、もう１回引いてこようかなぁ。\n穂波も何度か引いたんだよね"
            ]
        },
        {
            "fileName": "025007_meiko01",
            "talks": [
                "じゃあまず合わせてみようか。\n穂波、お願い"
            ]
        },
        {
            "fileName": "025009_meiko01",
            "talks": [
                "咲希、穂波！？\nもしかして、ふたりも……"
            ]
        },
        {
            "fileName": "areatalk02_114",
            "talks": [
                "穂波、教科書ありがとう。助かったよ"
            ]
        },
        {
            "fileName": "areatalk02_115",
            "talks": [
                "私も穂波みたいにしっかり掃除してみようかな"
            ]
        },
        {
            "fileName": "areatalk02_237",
            "talks": [
                "穂波は昔から星見るの好きだよね",
                "ふふ、穂波って実はすごくロマンチストだよね"
            ]
        },
        {
            "fileName": "areatalk02_248",
            "talks": [
                "穂波って普段どんな音楽聴くの？"
            ]
        },
        {
            "fileName": "areatalk02_249",
            "talks": [
                "穂波のドラムって、なんだか安心する音だよね",
                "それは穂波だけじゃないよ。\n私もまだまだ全然……みんなで上手くなっていけるといいよね"
            ]
        },
        {
            "fileName": "areatalk03_019",
            "talks": [
                "一緒に遊んでる穂波も楽しそうだね"
            ]
        },
        {
            "fileName": "areatalk03_022",
            "talks": [
                "あ、そういえば穂波のお父さん、美容師だっけ"
            ]
        },
        {
            "fileName": "areatalk03_024",
            "talks": [
                "あとは、穂波だけだね",
                "私も。穂波が来たら、ちょっと頼んでみよっか"
            ]
        },
        {
            "fileName": "areatalk03_033",
            "talks": [
                "あ、犬用の服がセールだって。\n穂波、しばおに似合う服あるかもしれないよ",
                "さすが……！　穂波って女子力高い……。\nというか、もう主婦の域だよね"
            ]
        },
        {
            "fileName": "areatalk03_042",
            "talks": [
                "さっきまでは、私が穂波にドラムを教えてもらってたんです"
            ]
        },
        {
            "fileName": "areatalk_ev_band_05_002",
            "talks": [
                "穂波。今日の練習のあと、時間ある？\nちょっと聞きたいことがあって"
            ]
        },
        {
            "fileName": "areatalk_ev_shuffle_03_009",
            "talks": [
                "え、穂波から？"
            ]
        },
        {
            "fileName": "areatalk_ev_shuffle_12_005",
            "talks": [
                "わ……。声は穂波だけど……。\n目隠ししてるのは咲希でしょ？"
            ]
        },
        {
            "fileName": "areatalk_monthly2106_003",
            "talks": [
                "私はいいと思うな。照れてる穂波も、\n楽しそうに星のことを話してる穂波も両方撮れたし"
            ]
        }
    ]
}