{
    "mainStory": 2,
    "eventStory": 6,
    "cardStory": 7,
    "areaTalk": 4,
    "talkPacks": [
        {
            "fileName": "street_01_06",
            "talks": [
                "また来るよ、レンくん！\n今日はありがとう！"
            ]
        },
        {
            "fileName": "vsstreet_01_04",
            "talks": [
                "リンちゃんとレンくんがせっかく一緒に歌いたいって\n言ってくれてるんだし、この決着つけるのは、\nみんなで歌った後でもいいんじゃない？"
            ]
        },
        {
            "fileName": "event_09_06",
            "talks": [
                "……ってことで、レンくんは罰ゲーム！",
                "……よし、わかった！\nじゃあレンくんと同じところに塗るね",
                "次は私だね！　レンくん、そっちに飛ばすよ！",
                "なかなか言うじゃん、レンくん！\nじゃ、どんどんいくよ！"
            ]
        },
        {
            "fileName": "event_37_05",
            "talks": [
                "レンくんとミクこそ、どうしたの？\n練習って言ってたけど",
                "……あはは！\nレンくん、そんなに気にしてたんだね！"
            ]
        },
        {
            "fileName": "009010_kohane02",
            "talks": [
                "それなら大丈夫！\nなんかそのダンスをレンくんも練習してたみたいでさ"
            ]
        },
        {
            "fileName": "010005_an01",
            "talks": [
                "リンちゃんとレンくんのおかげで、\n今日は充実した練習になったね"
            ]
        },
        {
            "fileName": "012005_touya02",
            "talks": [
                "あ。それってもしかして、\nこのあいだ、レンくんと話してたアレ？",
                "うん。レンくんが言ってたワクワクに結構近いかな！"
            ]
        },
        {
            "fileName": "022010_rin02",
            "talks": [
                "あっ、リンちゃん、レンくん！\nいらっしゃーい！"
            ]
        },
        {
            "fileName": "023001_len01",
            "talks": [
                "レンって、こういうのも歌えちゃうんだね",
                "私の中では、リンとレンは双子とか\n家族とか、そういう感じじゃないんだよね"
            ]
        },
        {
            "fileName": "areatalk02_228",
            "talks": [
                "へぇ、レンくんって確かDJだったよね。\nどんなパフォーマンスするか楽しみ！"
            ]
        },
        {
            "fileName": "areatalk03_143",
            "talks": [
                "ねえ。レンくんやリンちゃんと私達で、\nここに新しい落書きをしちゃおうって\n話してるんだけどどう？"
            ]
        },
        {
            "fileName": "areatalk03_146",
            "talks": [
                "知り合いにDJがいるからなんとなくわかるんだけど、\nレンくんって、相当技術高いよね"
            ]
        },
        {
            "fileName": "areatalk_ev_street_02_003",
            "talks": [
                "ふふ、そうだね。でも、遠慮なくアレコレ言いあえる\nリンちゃんやレンくんが羨ましい時もあるよ？"
            ]
        }
    ]
}