{
    "mainStory": 0,
    "eventStory": 3,
    "cardStory": 1,
    "areaTalk": 0,
    "talkPacks": [
        {
            "fileName": "event_15_03",
            "talks": [
                "でもそれなら、\n『えーん寧々ちゃ～ん！』って飛びついてきそう"
            ]
        },
        {
            "fileName": "event_32_04",
            "talks": [
                "く、草薙です！\n草薙寧々っていいます"
            ]
        },
        {
            "fileName": "event_36_04",
            "talks": [
                "え、う、うん……。\n草薙寧々です。よろしく……"
            ]
        },
        {
            "fileName": "016002_rui02",
            "talks": [
                "そのゴシュジンサマってやつ……\n……寧々にして"
            ]
        }
    ]
}