{
    "mainStory": 0,
    "eventStory": 1,
    "cardStory": 8,
    "areaTalk": 1,
    "talkPacks": [
        {
            "fileName": "event_14_06",
            "talks": [
                "……キミが、絵名？\nはじめまして、わたしはリンだよ"
            ]
        },
        {
            "fileName": "022007_rin01",
            "talks": [
                "まふゆ。それから、奏と瑞希と、絵名……",
                "絵名……。その子に、会いに行ってもいい？"
            ]
        },
        {
            "fileName": "022007_rin02",
            "talks": [
                "（……絵名達、今日は来ないのかな）",
                "（あのあと、絵名はどんな絵を描いたんだろう）",
                "苦しくても、諦めないで\n絵を描き上げた絵名自身の力だよ",
                "（今の絵名にとっては、ひとつの救いになるのかも）",
                "（絵名を認めてくれる仲間達との、絆の証でもあるから——）"
            ]
        },
        {
            "fileName": "025008_meiko01",
            "talks": [
                "そっか……。\nあ、わたしがここに来たのは、絵名を手伝うためだった"
            ]
        },
        {
            "fileName": "areatalk_ev_night_02_008",
            "talks": [
                "絵名？　顔、暗いね"
            ]
        }
    ]
}