{
    "mainStory": 0,
    "eventStory": 44,
    "cardStory": 42,
    "areaTalk": 6,
    "talkPacks": [
        {
            "fileName": "event_04_04",
            "talks": [
                "（えむちゃんと、あれは……２年生の、朝比奈先輩？）",
                "えむちゃん、朝比奈先輩と二人三脚出るんだね。\nがんばってね",
                "あれ？\nえむちゃん、なんだか緊張してる？",
                "（じゃあ、えむちゃんもそうなのかも）",
                "素敵な先輩と組めてよかったね、えむちゃん。\n応援してるね！"
            ]
        },
        {
            "fileName": "event_04_06",
            "talks": [
                "でも、えむちゃんも負けてない……！"
            ]
        },
        {
            "fileName": "event_04_07",
            "talks": [
                "えむちゃん！",
                "ふふっ、えむちゃんらしいね",
                "でも、わたしもえむちゃんをお祝いしたかったんだよ",
                "１位おめでとう、えむちゃん！\nすごく素敵だったよ！"
            ]
        },
        {
            "fileName": "event_10_03",
            "talks": [
                "ふふっ、えむちゃんったら",
                "（……でも、えむちゃんの言うとおりだな）",
                "（えむちゃんも、頑張って\nまとめようとしてくれてるけど——）"
            ]
        },
        {
            "fileName": "event_10_04",
            "talks": [
                "あ、えむちゃん。\nわたしは大丈夫、なんだけど……",
                "……えむちゃんは、合唱祭を思いっきりやりたいんだよね？",
                "えむちゃん……",
                "……ふふ。ありがとう、えむちゃん。\nその時はお願いするね"
            ]
        },
        {
            "fileName": "event_10_06",
            "talks": [
                "おはよう、えむちゃん！",
                "え？　えむちゃんが？",
                "ふふっ、ありがとう。\nえむちゃんが手伝ってくれるなら、すごく心強いな",
                "（……うん、えむちゃんが手伝ってくれたおかげで\nアンケートもまとまったし……）"
            ]
        },
        {
            "fileName": "event_10_07",
            "talks": [
                "鳳さんに協力してもらって、みんなの\n放課後の空き時間を調べさせてもらったんですが、\nうまくスケジュールが組めそうでした！"
            ]
        },
        {
            "fileName": "event_13_04",
            "talks": [
                "えむちゃん……"
            ]
        },
        {
            "fileName": "event_13_08",
            "talks": [
                "えむちゃんも、またフェニランを案内してくれるって言ってたしね"
            ]
        },
        {
            "fileName": "event_30_01",
            "talks": [
                "でも、えむちゃんってこはねちゃんのこと知ってたんだね。\n違うクラスなのに、びっくりしちゃった"
            ]
        },
        {
            "fileName": "event_30_02",
            "talks": [
                "えむちゃーん、そろそろカレーを作るから、\n手伝ってもらってもいいかなー？",
                "ふふ、よかった。えむちゃんが\nたくさん野菜を切ってくれたから、わたしも助かったよ",
                "そうだったんだ。\n貝で楽しいのおすそわけなんて、えむちゃんらしくて素敵だね",
                "わたしは少し手伝っただけだけど……。\nでも、見つかってよかったね、えむちゃん"
            ]
        },
        {
            "fileName": "event_30_03",
            "talks": [
                "（えむちゃんがドロシーで、こはねちゃんがエイミーのパートを\n歌うって言ってたけど……ふたりとも、すごく上手に歌えてる）",
                "えむちゃん、さっきの演奏どうだった？",
                "ちょっと難しそうだけど、やってみよっか。\nえむちゃん、教えてくれてありがとう",
                "みんな、えむちゃんのアドバイスを踏まえて、\nもう一度やってみよっか"
            ]
        },
        {
            "fileName": "event_30_04",
            "talks": [
                "でも、えむちゃん以外はミュージカルって初めてで、\n実際にやってみたら、歌と演奏がバラバラに聴こえちゃって",
                "えむちゃんには、もっと登場人物の気持ちに合わせて、\n自由に演奏したほうがいいって\n言ってもらったんだけど、実際にやってみると難しかったんだ",
                "え？　でも、わたしはえむちゃんに言われたとおり、\n自由に演奏しようとして……"
            ]
        },
        {
            "fileName": "event_30_05",
            "talks": [
                "えむちゃんが昨日言ってくれてた、\n役の気持ちを考えながら演奏するって方法、やってみたいんだ",
                "そうだね。あとはえむちゃんとこはねちゃんの\n歌と合わせた時にどうなるか、だけど……",
                "昨日のえむちゃんのアドバイスどおり、\nエイミーとドロシーの気持ちを考えながらやってみたんだけど、\n昨日よりだいぶ良くなったと思うんだ"
            ]
        },
        {
            "fileName": "event_30_06",
            "talks": [
                "ありがとう、えむちゃん"
            ]
        },
        {
            "fileName": "event_30_07",
            "talks": [
                "（たくさん練習したし、えむちゃんと咲希ちゃんが\n場をつないでくれたんだから、精一杯やらないと……！）"
            ]
        },
        {
            "fileName": "event_30_08",
            "talks": [
                "……あれ？\nみんな、えむちゃんを見なかった？",
                "えむちゃーん！！",
                "えむちゃん、みんなでマシュマロ焼こうって話してるんだけど、\nどうかな？"
            ]
        },
        {
            "fileName": "003001_honami01",
            "talks": [
                "あっ、え、えむちゃん！？",
                "……あの、えむちゃん……",
                "え、えむちゃんさえよければ……",
                "あ……\nえむちゃん、ちょっとごめんね",
                "ウェットティッシュもあるから、使ってね。\nあ、そうだ。えむちゃん、ジュース飲む？",
                "じゃあ、えむちゃんのも一緒に買ってくるね。\nえっと……オレンジジュースでいいかな？",
                "こっちこそありがとう。えむちゃん"
            ]
        },
        {
            "fileName": "003001_honami02",
            "talks": [
                "……って、えむちゃん……！？",
                "……えむちゃん"
            ]
        },
        {
            "fileName": "003006_honami01",
            "talks": [
                "えむちゃん、みんな……",
                "うん。心配してくれてありがとう。\nえむちゃん、みんな"
            ]
        },
        {
            "fileName": "003007_honami01",
            "talks": [
                "ここが、司さんとえむちゃんが言ってた\n笑顔で楽しめるっていうおばけ屋敷？"
            ]
        },
        {
            "fileName": "003007_honami02",
            "talks": [
                "ねえ、えむちゃん。ちょっといいかな？",
                "（よかった、えむちゃんをお昼ご飯に誘えて）",
                "（あ、でもえむちゃんのおうちが経営してる遊園地だし、\nおうち感覚でも間違ってないのかも）",
                "（案内をしてくれている時もいろいろ教えてくれたし、\nえむちゃんにとっても、大切な場所なんだろうな）",
                "……ねえ、えむちゃん。\nちょっと前のことなんだけど、覚えてるかな",
                "放課後に、廊下でえむちゃんが\nわたしにどっきりを仕掛けたこと、あったよね",
                "……って、えむちゃん……！？",
                "えむちゃんが声をかけてくれたあの日も、\n咲希ちゃんが何度も声をかけてくれようとしたのに、\nろくに話もしないで逃げて……",
                "えむちゃんの言うとおり、すごくつらかった。\n咲希ちゃんにあんな態度しか取れない自分が、すごく嫌で……",
                "えむちゃんがいろいろ話をしてくれて、\nすごく、気持ちが楽になった",
                "えむちゃん、あの時わたしに声をかけてくれて、\n本当にありがとう",
                "そういえば、あの時えむちゃんとした約束も\nようやく果たせたんだね",
                "えむちゃんの言うとおり、\nえむちゃん達のショーで笑顔になれたよ"
            ]
        },
        {
            "fileName": "003011_honami01",
            "talks": [
                "ありがとう、えむちゃん。\nじゃあさっそく野菜の下ごしらえから始めようか",
                "咲希ちゃんとえむちゃんはどう？",
                "ありがとう、えむちゃん。\nそれじゃあ、カレー作り再開だね！"
            ]
        },
        {
            "fileName": "003011_honami02",
            "talks": [
                "実は、えむちゃんが穴場を見つけてくれてね。\nそこで拾ったの"
            ]
        },
        {
            "fileName": "003013_honami01",
            "talks": [
                "一歌ちゃん達を呼んでくれてありがとう、えむちゃん"
            ]
        },
        {
            "fileName": "003013_honami02",
            "talks": [
                "うん、すっごく！\nありがとう、えむちゃん",
                "（あ……そういえば、\nえむちゃんと知りあったばっかりの時に、\n一緒にアップルパイを食べたんだっけ）",
                "でもね、えむちゃんやみんなのおかげで、\n今はこんなに、にっこにこだよ！"
            ]
        },
        {
            "fileName": "013008_tsukasa01",
            "talks": [
                "ここが、司さんとえむちゃんが言ってた\n笑顔で楽しめるっていうおばけ屋敷？"
            ]
        },
        {
            "fileName": "014001_emu01",
            "talks": [
                "あ、えむちゃん……",
                "あの、えむちゃん……",
                "……定期点検？\nあ、えむちゃんはフェニックスワンダーランドで\nキャストさんをしてるんだっけ？",
                "えむちゃんはステージに立つのが大好きなんだね",
                "えむちゃん、もしかして何か悩んでることが……",
                "……ふふ。きっと見に行くね、えむちゃん"
            ]
        },
        {
            "fileName": "016007_rui01",
            "talks": [
                "えっと……えむちゃん達笑ってるし、\nそんなにおかしなことじゃない、のかな？",
                "ふふ。司さんもえむちゃん達も、\nみんな楽しそうだし、いいんじゃないかな"
            ]
        },
        {
            "fileName": "areatalk02_253",
            "talks": [
                "こんにちは、えむちゃん。\nでも、今日はアップルパイ持ってないよ"
            ]
        },
        {
            "fileName": "areatalk02_387",
            "talks": [
                "ありがとう、えむちゃん。\n今度、幼馴染みの友達を誘ってみるね"
            ]
        },
        {
            "fileName": "areatalk_ev_shuffle_03_005",
            "talks": [
                "はい。それにえむちゃんの言うとおり、\n本当にたくさん笑顔をもらっちゃいました"
            ]
        },
        {
            "fileName": "areatalk_ev_shuffle_03_013",
            "talks": [
                "あ、えむちゃんの分は大丈夫？"
            ]
        },
        {
            "fileName": "areatalk_ev_shuffle_10_007",
            "talks": [
                "えむちゃん、こんにちは。えむちゃんもお買い物？",
                "あ、そっか。えむちゃんはお姉ちゃんがいるんだったね。\nそれと……お兄さんもいるんだったっけ？"
            ]
        }
    ]
}