{
    "mainStory": 0,
    "eventStory": 3,
    "cardStory": 0,
    "areaTalk": 0,
    "talkPacks": [
        {
            "fileName": "event_08_07",
            "talks": [
                "『はじめまして、私はメイコよ！\nついこのあいだセカイに来たから、みんなとクリスマスショーを\nやろうと思って誘いに来たの』"
            ]
        },
        {
            "fileName": "event_10_01",
            "talks": [
                "うん、メイコだよ。\nみんな、これからよろしく"
            ]
        },
        {
            "fileName": "event_23_02",
            "talks": [
                "ミク達から話は聞いてるわ。\nメイコよ、よろしくね♪"
            ]
        }
    ]
}