{
    "mainStory": 1,
    "eventStory": 3,
    "cardStory": 16,
    "areaTalk": 2,
    "talkPacks": [
        {
            "fileName": "vsstreet_01_04",
            "talks": [
                "彰人と冬弥も来たんだね。\n今日はもう少し開けてるつもりだったから、安心して"
            ]
        },
        {
            "fileName": "event_09_07",
            "talks": [
                "へえ、彰人はやらないんだ。\nもしかして、負けるのが怖いの？",
                "決まりだね。\nレン、リン！　彰人と冬弥が対戦したいって！"
            ]
        },
        {
            "fileName": "event_21_06",
            "talks": [
                "……そういえば、今日は３人なんだね。\n彰人は？"
            ]
        },
        {
            "fileName": "011007_akito01",
            "talks": [
                "メイコ、ついでにあの曲をかけてよ。\n彰人はまだ聴いてなかったはずだし",
                "さては、彰人におごって大人なところ見せようとしてる？",
                "彰人、実はああいうタイプ苦手？"
            ]
        },
        {
            "fileName": "011008_akito02",
            "talks": [
                "そういえば、彰人ってパンケーキが好きだったね。\n冬弥はどうするの？",
                "彰人も、好きな物を食べてる時は\nそういう顔するんだ",
                "ふふ、別に？\nそういえば、彰人はなんでパンケーキが好きなの？"
            ]
        },
        {
            "fileName": "021012_miku01",
            "talks": [
                "彰人達はどうする？",
                "それで、彰人と冬弥は？\n今年の抱負、聞かせてよ"
            ]
        },
        {
            "fileName": "021017_miku01",
            "talks": [
                "（ときどき、何かを悩んでるように見える時もあるんだよね。\nそれを、彰人も気にしてる）",
                "……ねえ、メイコ。\n最近、杏や彰人から何か聞いた？\n悩みごととか、相談ごと",
                "うん。なんか杏に悩みか何かがあるみたいで、\nそれに気づいた彰人も気にしてるっぽくてさ",
                "多分彰人も、音楽やチームに\n関係することだって気づいてるから気にしてるんだと思う",
                "それに彰人も、今のところ見てるだけで\n口を出そうって感じしないし"
            ]
        },
        {
            "fileName": "021017_miku02",
            "talks": [
                "それこそ、彰人と冬弥が想いをぶつけあったみたいに、\n言うべきことは言わないといけない",
                "彰人と冬弥、杏とこはね。\n４人は、みんな別々の人間なんだから"
            ]
        },
        {
            "fileName": "026008_kaito02",
            "talks": [
                "彰人のことでバタバタしてたみたいだし、\n仕方ないんじゃない？"
            ]
        },
        {
            "fileName": "areatalk02_302",
            "talks": [
                "彰人、最近、こはね達とは歌ってる？"
            ]
        },
        {
            "fileName": "areatalk03_175",
            "talks": [
                "ふふ。彰人なんて、レンを幻覚だーなんて言ってたしね"
            ]
        }
    ]
}