{
    "mainStory": 6,
    "eventStory": 11,
    "cardStory": 18,
    "areaTalk": 5,
    "talkPacks": [
        {
            "fileName": "leo_01_07",
            "talks": [
                "うん。\n……志歩と穂波は？",
                "でも、ふたりにとって穂波と志歩が大切な友達だっていうことに\n変わりはないんでしょ？\nそれならいいんじゃないかな"
            ]
        },
        {
            "fileName": "leo_01_16",
            "talks": [
                "やっぱり志歩は優しいね"
            ]
        },
        {
            "fileName": "vsleo_01_02",
            "talks": [
                "あ、でも……一歌と咲希はきっとまた来てくれるだろうけど、\n志歩と穂波は、どうしたらいいんだろう？",
                "志歩は、正確で全然ブレなかったけど……。\n他の音とは絶対合わせないって思ってるみたいだったね"
            ]
        },
        {
            "fileName": "vsleo_01_04",
            "talks": [
                "一歌、咲希！　それに穂波に志歩も！\nいらっしゃい"
            ]
        },
        {
            "fileName": "event_01_03",
            "talks": [
                "志歩はあんまり興味ないの？　天文台"
            ]
        },
        {
            "fileName": "event_18_07",
            "talks": [
                "（ふたりとも、志歩と一緒に演奏したいって強く想って、\n一生懸命練習してたな）",
                "（その想いが届いて、志歩とも一緒にいられるようになった）"
            ]
        },
        {
            "fileName": "event_27_02",
            "talks": [
                "よかった。志歩も私の仲間——"
            ]
        },
        {
            "fileName": "event_33_07",
            "talks": [
                "志歩のお姉さん？",
                "ふふ、志歩はお姉さんのことが大好きなんだね",
                "志歩だって、今まで苦しい時があっても\n頑張って乗り越えてきたでしょ？",
                "志歩が頑張ってるお姉さんを見てすごいと思ったように、\nお姉さんも、そんな頑張ってる志歩を見て\n励まされてたんじゃないかな？",
                "うーん、普段の志歩を見てて、なんとなく？"
            ]
        },
        {
            "fileName": "event_33_08",
            "talks": [
                "志歩だって、今まで苦しい時があっても\n頑張って乗り越えてきたでしょ？",
                "志歩が頑張ってるお姉さんを見てすごいと思ったように、\nお姉さんも、そんな頑張ってる志歩を見て\n励まされてたんじゃないかな？"
            ]
        },
        {
            "fileName": "001011_ichika02",
            "talks": [
                "だって一歌は、穂波や志歩と向きあって、\n本当の想いを見つけだしてくれた"
            ]
        },
        {
            "fileName": "004005_shiho01",
            "talks": [
                "志歩……",
                "うん。きっと同じくらい、\n咲希も志歩達のことが大切なんだろうね",
                "だから志歩達との時間を失くしたくなくて、\n体調が悪いこともつい隠しちゃったんだろうね"
            ]
        },
        {
            "fileName": "021002_miku02",
            "talks": [
                "あ、穂波に志歩、いらっしゃい"
            ]
        },
        {
            "fileName": "021013_miku01",
            "talks": [
                "ねえ、穂波と志歩も一緒にやらない？",
                "志歩は？　どんなのを作ったの？",
                "（ちょっと志歩のことも気になってたし、\nお花見、４人でいっぱい楽しんでもらいたいな）"
            ]
        },
        {
            "fileName": "021013_miku02",
            "talks": [
                "（志歩を、見てる……？）",
                "『ルカ、志歩がどうかしたの？』",
                "『一歌は、志歩が思いきり演奏を楽しめないのは\n自分達が志歩の望むレベルに\n届いてないからって思ってるみたい』",
                "（志歩が何に悩んでいるのかはわからないけど……）"
            ]
        },
        {
            "fileName": "021015_miku01",
            "talks": [
                "私も見てみたかったな。\n志歩のお姉さん",
                "……でも、よかった。\n志歩がお月見を楽しめたみたいで",
                "志歩はどうする？　一緒に食べていく？",
                "うん、ありがとう。おやすみ、志歩",
                "志歩、いいお月見を過ごせたみたいでよかった"
            ]
        },
        {
            "fileName": "024006_luka01",
            "talks": [
                "『志歩、吉だったんでしょ？』"
            ]
        },
        {
            "fileName": "areatalk02_314",
            "talks": [
                "ふーん、それで志歩もちょっと丸くなったのかな？"
            ]
        },
        {
            "fileName": "areatalk02_341",
            "talks": [
                "志歩って、音楽以外に何か好きなことある？",
                "（ふふ、毎日お世話か。\nなんだかんだ、志歩も面倒見いいんだね）"
            ]
        },
        {
            "fileName": "areatalk02_347",
            "talks": [
                "え？　咲希や穂波じゃなくて……志歩？"
            ]
        },
        {
            "fileName": "areatalk_ev_shuffle_11_005",
            "talks": [
                "咲希から聞いたんだけど、\n志歩のお母さんって、琴の先生やってるんだね。\n志歩も弾けたりするの？"
            ]
        }
    ]
}