{
    "mainStory": 0,
    "eventStory": 14,
    "cardStory": 3,
    "areaTalk": 1,
    "talkPacks": [
        {
            "fileName": "event_22_02",
            "talks": [
                "『あ、桃井愛莉ちゃんだよね！\n絵名すごいよねー、アイドルの知りあいがいるなんて』",
                "（ピクニックか。\n日野森さんと桃井さんにも会えるし、楽しみだけど……）",
                "うわー！　本物だー！\n本物の桃井愛莉ちゃんと日野森雫ちゃんだー！",
                "えっ、いいの？　じゃあそうしちゃおっかなー♪\nじゃあ改めて、今日はよろしくね、愛莉ちゃん、雫ちゃん"
            ]
        },
        {
            "fileName": "event_22_03",
            "talks": [
                "すごいなあ、愛莉ちゃん。アイドル活動も学校もあるんでしょ？\nそれなのに、お弁当まで作ってきてくれるなんて！",
                "たしか、愛莉ちゃんと雫ちゃんが組んでるのって、\nMORE MORE JUMP！ってグループだよね",
                "ううん！　なんでもない！　それより、愛莉ちゃん、\nこのフライドポテトもっと食べてもいい？",
                "ふう、お腹いっぱい！　愛莉ちゃん、ありがとね",
                "そうだね！\nじゃあ愛莉ちゃん、一緒に受付してこよー！"
            ]
        },
        {
            "fileName": "event_22_04",
            "talks": [
                "え？　助けられたって……絵名が愛莉ちゃんを？"
            ]
        },
        {
            "fileName": "event_22_06",
            "talks": [
                "絵名！　愛莉ちゃん！\nちょっと時間かかるかもだけど、待っててね！！",
                "（絵名を、愛莉ちゃん達を助けたい……！）"
            ]
        },
        {
            "fileName": "event_22_08",
            "talks": [
                "（絵名を、愛莉ちゃん達を助けたい……！）",
                "（グループ通話か……。たまにはいいかもね。\n愛莉ちゃんも雫ちゃんも、話してると本当に楽しくて……）"
            ]
        },
        {
            "fileName": "007008_airi02",
            "talks": [
                "あ、照れてる照れてる～！\nそうだ、愛莉ちゃんはいつ弟くんと知りあったの？"
            ]
        },
        {
            "fileName": "019011_ena01",
            "talks": [
                "ま、しょうがないよね。\n奏は次の曲の仕上げしてるし、\n愛莉ちゃん達は配信の準備で忙しそうだし"
            ]
        },
        {
            "fileName": "020009_mizuki01",
            "talks": [
                "うん。雫ちゃんの気持ち、すっごく伝わってくるよ！\nあはは、こんなハンカチをもらえる\n愛莉ちゃん達がうらやましいなぁ"
            ]
        },
        {
            "fileName": "areatalk_ev_shuffle_07_009",
            "talks": [
                "ボクも眼福だったよ。\nロリータとかゴシックとか、愛莉ちゃんに着てもらえてさ！"
            ]
        }
    ]
}