{
    "mainStory": 0,
    "eventStory": 4,
    "cardStory": 21,
    "areaTalk": 4,
    "talkPacks": [
        {
            "fileName": "event_09_08",
            "talks": [
                "すごいね、類くん。本当に生きてるみたい！\n……でも、なんで急に獅子舞のロボットを作ったの？"
            ]
        },
        {
            "fileName": "event_24_01",
            "talks": [
                "『こういう部品が、類くんの舞台装置になるんだね。\nおもしろいな～！』",
                "『そうだったんだね……。\nそれで、類くんは見に行くの？』"
            ]
        },
        {
            "fileName": "event_24_06",
            "talks": [
                "『それより類くん、さっきフィナーレをどうしようかって\n悩んでたでしょ？』"
            ]
        },
        {
            "fileName": "013012_tsukasa02",
            "talks": [
                "えむちゃんや類くんも、\n寧々ちゃんのステージ見てたんだよね！"
            ]
        },
        {
            "fileName": "016010_rui01",
            "talks": [
                "『ねえ、類くん……』",
                "『類くん……』",
                "『あ、待って類くん。\nあっちにあのふたりがいるよ』",
                "『よかったね、類くん！』"
            ]
        },
        {
            "fileName": "022012_rin01",
            "talks": [
                "うん！　ショーを見て、ボク達すっごくワクワクして、\n類くんの演出でショーができたらなーって思ったんだ！"
            ]
        },
        {
            "fileName": "023008_len01",
            "talks": [
                "類くんが作ったロボットだよ！\nお正月にセカイに来てくれたんだけど……",
                "そうだったんだ！　ありがとう、類くん！",
                "やったー！　ありがとう、類くん！"
            ]
        },
        {
            "fileName": "023008_len02",
            "talks": [
                "類くん、まだかな～？\nそろそろかな～？",
                "あっ、類くん！\n今日は来てくれてありがとう！",
                "で……できたー！！\nできたよ類くん！",
                "えへへっ！　あ、でも類くんが\n試したかったって言ってたのはどうなったの？",
                "ねえねえ、類くん！\nあれってどうなってるの！？",
                "へぇー！　そんなことも知ってるんだ！\n類くんってやっぱりすごい！",
                "（やっぱり類くんはすごい！）",
                "ねえねえ、類くん。\nどうやったら、こういうすごいアイディアを思いつくの？",
                "そっかぁ～！\nやっぱり類くんはいろいろ考えててすごいな！",
                "それでね、さっきの類くんの話を聞いてて、\n類くんの『ショーが大好き』って気持ちが伝わってきて……",
                "類くんがボクと同じ気持ちだってことが\nすっごくすっごく嬉しかった！",
                "もっちろん！　やろう、類くん！"
            ]
        },
        {
            "fileName": "areatalk_ev_shuffle_08_006",
            "talks": [
                "ねえねえ、類くん！　今度はいつ部品とか買いに行く？",
                "うんっ！　類くん、ありがとう！\nボク楽しみにしてるねっ☆"
            ]
        },
        {
            "fileName": "areatalk_ev_wonder_01_008",
            "talks": [
                "類くん！　実はボク、今度のショーで照明係をやるんだよね。\nだから、コツとかあったら教えてほしいんだ",
                "期待……！　類くん、ボクがんばるよ！\nだから、たくさんコツ教えてほしいなっ！"
            ]
        }
    ]
}