{
    "mainStory": 0,
    "eventStory": 7,
    "cardStory": 6,
    "areaTalk": 4,
    "talkPacks": [
        {
            "fileName": "event_10_02",
            "talks": [
                "心配かけてごめんなさい。\nメイコが来てくれたから、ここを案内してたの",
                "ねえメイコ、みんなにも会えたことだし、\nさっそく一緒に演奏しない？"
            ]
        },
        {
            "fileName": "event_10_06",
            "talks": [
                "メイコが、先にいいアドバイスをしてたからじゃないかしら"
            ]
        },
        {
            "fileName": "event_18_06",
            "talks": [
                "誰かにとってはメイコが、また別の誰かにとっては私が、\nそしてきっと、一歌にとってはミクが理想の先輩なんだと思うわ"
            ]
        },
        {
            "fileName": "event_26_02",
            "talks": [
                "あら、そんなところにいたのね。メイコ",
                "ねえメイコ。あの子、次はどんな曲を持ってきてくれるかしら？"
            ]
        },
        {
            "fileName": "event_35_08",
            "talks": [
                "ねえ、メイコ。\nやっぱり私は、時には今の在りかたを揺さぶって、\n壊すことが大切だと思うの"
            ]
        },
        {
            "fileName": "017012_kanade02",
            "talks": [
                "そう……。じゃあ、メイコも連れてくるわ"
            ]
        },
        {
            "fileName": "020012_mizuki01",
            "talks": [
                "（メイコが自分から積極的に動かないのは、\n彼女自身のスタンスもあるんでしょうけど……）"
            ]
        },
        {
            "fileName": "021015_miku01",
            "talks": [
                "それじゃあ私達も、\nメイコとリンを呼びに行きましょ"
            ]
        },
        {
            "fileName": "024011_luka01",
            "talks": [
                "ふふ。リン風に言うなら……。\n会話に入れてあげなくもないわよ、メイコ？"
            ]
        },
        {
            "fileName": "024011_luka02",
            "talks": [
                "私じゃなくてリンやメイコでもかまわないわ。\n何か、感じるものはある？",
                "（前にミクが、メイコは何かを探すように歩き回っている——\nと言っていたけれど……）"
            ]
        },
        {
            "fileName": "areatalk_ev_band_02_014",
            "talks": [
                "メイコ、ここの屋上にはあがってみた？"
            ]
        },
        {
            "fileName": "areatalk_ev_night_04_013",
            "talks": [
                "こんにちは、メイコ"
            ]
        },
        {
            "fileName": "areatalk_ev_night_05_006",
            "talks": [
                "あら、メイコ、リン。おはよう"
            ]
        },
        {
            "fileName": "areatalk_ev_shuffle_06_010",
            "talks": [
                "ふふ、メイコにも困ったものね。\nあんまりミクをいじめちゃダメよ？"
            ]
        }
    ]
}