{
    "mainStory": 0,
    "eventStory": 2,
    "cardStory": 1,
    "areaTalk": 0,
    "talkPacks": [
        {
            "fileName": "event_26_02",
            "talks": [
                "いらっしゃい、奏"
            ]
        },
        {
            "fileName": "event_35_08",
            "talks": [
                "奏"
            ]
        },
        {
            "fileName": "020012_mizuki01",
            "talks": [
                "奏みたいに、前に進むための刺激がほしくなったら\n言ってちょうだい"
            ]
        }
    ]
}