{
    "mainStory": 0,
    "eventStory": 1,
    "cardStory": 1,
    "areaTalk": 1,
    "talkPacks": [
        {
            "fileName": "event_26_01",
            "talks": [
                "メイコの次はルカか。\nここも賑やかになってきたじゃん"
            ]
        },
        {
            "fileName": "025008_meiko02",
            "talks": [
                "あ、メイコ！"
            ]
        },
        {
            "fileName": "areatalk_ev_shuffle_12_009",
            "talks": [
                "ほんとだね。でもリンが来て、メイコが来て、ルカが来て……。\nそのたびに、なんだかんだあったなぁ"
            ]
        }
    ]
}