{
    "mainStory": 5,
    "eventStory": 8,
    "cardStory": 16,
    "areaTalk": 4,
    "talkPacks": [
        {
            "fileName": "street_01_00",
            "talks": [
                "いや、おかしいでしょ！　ミク達と話せるわけないし……。\nこれって、夢？"
            ]
        },
        {
            "fileName": "street_01_06",
            "talks": [
                "ねえこはね、これって映像だよね？\nミクもメイコもバーチャル・シンガーだし……"
            ]
        },
        {
            "fileName": "street_01_12",
            "talks": [
                "そっか、ミク達に会ったんだ"
            ]
        },
        {
            "fileName": "vsstreet_01_04",
            "talks": [
                "あ、そうだ。こういう時は\nミクとメイコさんにアドバイスをもらおうよ",
                "ねえ、ミク、メイコさん！"
            ]
        },
        {
            "fileName": "event_21_01",
            "talks": [
                "メイコさん！　ミク！\n何かあったんですか？"
            ]
        },
        {
            "fileName": "event_21_06",
            "talks": [
                "ありがと、ミク！"
            ]
        },
        {
            "fileName": "event_37_01",
            "talks": [
                "ま、きっと今頃ミク達と練習してるよね。\nこはね、あのイベントからすごく調子いいし——"
            ]
        },
        {
            "fileName": "event_37_05",
            "talks": [
                "レンくんとミクこそ、どうしたの？\n練習って言ってたけど",
                "……ミク？"
            ]
        },
        {
            "fileName": "event_37_06",
            "talks": [
                "……何？　ミク",
                "……何？　ミク"
            ]
        },
        {
            "fileName": "event_37_07",
            "talks": [
                "（彰人もミクも、私のことを心配してくれてる）"
            ]
        },
        {
            "fileName": "009011_kohane01",
            "talks": [
                "ほんとほんと！\nそこは、ミク達のおかげってのもあるかもね！"
            ]
        },
        {
            "fileName": "009011_kohane02",
            "talks": [
                "ミク達が見守ってくれてるなら、百人力だね！"
            ]
        },
        {
            "fileName": "010009_an02",
            "talks": [
                "ミク、今日も一緒に練習してくれるんだよね？\nよろしく！",
                "……あ、そうだミク！",
                "つまり、ミクの言うとおりなら……、\nそこがこはねにとっての基準になっちゃってるってこと！？"
            ]
        },
        {
            "fileName": "010010_an02",
            "talks": [
                "あ、ミク！",
                "え……あっ、ミク！"
            ]
        },
        {
            "fileName": "021004_miku01",
            "talks": [
                "ねえねえ、ミクはよくこの通りで歌うの？",
                "ここはミクのお気に入りのスポットだし、\nそんな場所で歌えるなんて最高じゃん！",
                "そういえば、ミクにはあるの？\n十八番とか、思い出の曲とか"
            ]
        },
        {
            "fileName": "021017_miku02",
            "talks": [
                "ありがとう、ミク！",
                "ふふ、ミクが言ってくれると不思議とそんな気がしてくる",
                "ミク、いろいろありがと！",
                "ミク……",
                "ふふ。ミクって、ほんとかっこいいな！"
            ]
        },
        {
            "fileName": "023002_len01",
            "talks": [
                "練習終わったから遊びに来たんだ。\nミク達にも挨拶したいから、カフェに行こうと思ってるんだけど"
            ]
        },
        {
            "fileName": "areatalk02_299",
            "talks": [
                "ミクと一緒で、ホールの手伝いがほとんどだよ。\n一応、お店で出してるメニューは全部作れるけど"
            ]
        },
        {
            "fileName": "areatalk02_359",
            "talks": [
                "そう？　あはは、ミクに褒められるなんて\nちょっと不思議な気分かも"
            ]
        },
        {
            "fileName": "areatalk03_173",
            "talks": [
                "だからミクはメイコさんを手伝ってるのかもね"
            ]
        },
        {
            "fileName": "areatalk_ev_street_05_005",
            "talks": [
                "えっ！　ミクの手作り！？"
            ]
        }
    ]
}