{
    "mainStory": 0,
    "eventStory": 1,
    "cardStory": 2,
    "areaTalk": 0,
    "talkPacks": [
        {
            "fileName": "event_21_06",
            "talks": [
                "今の曲は、カイトさんが……？"
            ]
        },
        {
            "fileName": "023009_len02",
            "talks": [
                "……なるほど。わざわざリンやカイトさんにも\n意見をもらいながら考えてくれたのか"
            ]
        },
        {
            "fileName": "026008_kaito02",
            "talks": [
                "カイトさんには、\n彰人のことで相談にも乗ってもらっているし、\nそのお礼がしたいと思っていたからな"
            ]
        }
    ]
}