{
    "mainStory": 0,
    "eventStory": 15,
    "cardStory": 4,
    "areaTalk": 1,
    "talkPacks": [
        {
            "fileName": "event_30_01",
            "talks": [
                "天馬咲希でーす！\nよろしくね、こはねちゃん！",
                "あ……ってことは、こはねちゃん、\nアタシのお兄ちゃんのことも知ってる？",
                "でも、どうしてとーやくんと知りあいなの？\nこはねちゃん、学校も違うのに……",
                "ふえっ！？　とーやくんとこはねちゃんが一緒に！？"
            ]
        },
        {
            "fileName": "event_30_02",
            "talks": [
                "あ、こはねちゃん！",
                "あはは♪\nこはねちゃん、心配性だねー",
                "……あ、そうだ。\nアタシも、こはねちゃんの歌のこと聞きたかったんだよー！",
                "アタシとほなちゃんが演奏担当、\nえむちゃんとこはねちゃんが歌を担当するの"
            ]
        },
        {
            "fileName": "event_30_03",
            "talks": [
                "あのね、こはねちゃんにお願いがあって……。\nもしよければ、１曲歌ってみてほしいの！",
                "うん！　えむちゃんの歌はショーを見に行った時に聴いたけど、\nこはねちゃんの歌は聴いたことないなーって思って"
            ]
        },
        {
            "fileName": "event_30_05",
            "talks": [
                "でも、今回はえむちゃんとこはねちゃんが一緒なんだもんね。\nアタシ達は自由に演奏するってところをがんばらないと！",
                "（えむちゃんとこはねちゃんの歌、すごい！\nがんばって練習してきたんだねー！）",
                "（よーし、アタシもがんばらないと♪\nせっかくえむちゃんとこはねちゃんが\n歌に気持ちをこめてくれてるんだから！）"
            ]
        },
        {
            "fileName": "event_30_07",
            "talks": [
                "ほなちゃん、こはねちゃん、\nおかえりー！！",
                "こはねちゃん、がんばろうね！"
            ]
        },
        {
            "fileName": "002012_saki02",
            "talks": [
                "こはねちゃん、\nライブイベントにいっぱい出てるんだもんね",
                "そのこはねちゃんがそう言うんだから、\nリハーサルできれば大丈夫な気がしてきた！",
                "おお……！\nこはねちゃん、意外とチャレンジャー！",
                "だって、こはねちゃんも挑戦してたし、\nアタシも、せっかく海に来てるんだから\n何ごとも挑戦あるのみ！"
            ]
        },
        {
            "fileName": "areatalk_ev_shuffle_10_001",
            "talks": [
                "こはねちゃんって、本当に歌が上手だね！\n高校に入ってから練習し始めたなんて、びっくり！"
            ]
        }
    ]
}