{
    "mainStory": 0,
    "eventStory": 6,
    "cardStory": 20,
    "areaTalk": 6,
    "talkPacks": [
        {
            "fileName": "event_08_07",
            "talks": [
                "ハハ、メイコが来てくれたから、\nここはもっと賑やかになりそうだね"
            ]
        },
        {
            "fileName": "event_09_09",
            "talks": [
                "ミク、レン、メイコ、準備はいいかい？"
            ]
        },
        {
            "fileName": "event_21_01",
            "talks": [
                "ええと……さっきメイコのカフェの前を歩いてたんだ。\nそうしたら、急にお腹がグーグー鳴り出して——",
                "せっかくだし、メイコのお店で\n何か食べさせてもらおうかなーと思ったんだけど、\n準備中だったのか、メイコがいなくてね",
                "いつもはリンもレンも自分のアイスに名前を書いてるから、\nこれはきっとボクのためにメイコが\n用意してくれたんだって思いこんじゃって——"
            ]
        },
        {
            "fileName": "event_28_05",
            "talks": [
                "いやー楽しみだなあ！\n審査員ってワクワクするよね、メイコ！"
            ]
        },
        {
            "fileName": "011007_akito01",
            "talks": [
                "メイコ、こんにちはー！",
                "というわけでメイコ、\nオレンジジュースとメロンソーダちょうだい？"
            ]
        },
        {
            "fileName": "013012_tsukasa02",
            "talks": [
                "メイコにお願いしようかとも思ったんだけど、\nえっと……その、ちょっとパワフルすぎるというか……"
            ]
        },
        {
            "fileName": "022012_rin02",
            "talks": [
                "ミク、メイコ、それとルカ……は寝てるから、\nふたりともリンのフォロー、よろしく"
            ]
        },
        {
            "fileName": "023009_len02",
            "talks": [
                "そういえば、このあいだメイコのカフェで話をしてた時も、\nそう言ってたね"
            ]
        },
        {
            "fileName": "026008_kaito01",
            "talks": [
                "……いやいや！　メイコやミクなら、\nきっとお店にいるはず！",
                "やぁ、メイコ、ミク！",
                "ただいま、メイコ、ミク！"
            ]
        },
        {
            "fileName": "026008_kaito02",
            "talks": [
                "ありがと、メイコ！",
                "……はぁ。やっぱり、\nメイコがいれてくれるコーヒーが一番美味しいよ",
                "そう！　メイコ達から\nコーヒーに相当のこだわりがあると聞いていてね、\nその話がずーっとしたかったんだ！",
                "さ、ここに座って！\nメイコ、ちょっと道具借りるね！"
            ]
        },
        {
            "fileName": "026009_kaito01",
            "talks": [
                "メイコ達も、たしか歌う花達とのパフォーマンスだったね",
                "メイコとルカが一緒だから、\nきっと心配いらないだろうけど……ん？"
            ]
        },
        {
            "fileName": "026010_kaito02",
            "talks": [
                "ルカ、メイコ？\nふたりそろってどうしたんだい？",
                "わっ、メイコそんなに腕を引っ張らなくても……！",
                "『メイコとルカも、ありが……あれ？\nいない？』",
                "『メイコ、ルカ？　どこだい？』"
            ]
        },
        {
            "fileName": "026011_kaito01",
            "talks": [
                "メイコは……、そう思えるだろうけど……",
                "……何？　メイコもルカもニコニコして……"
            ]
        },
        {
            "fileName": "areatalk_ev_band_05_005",
            "talks": [
                "メイコが言ってた、バンドが主役の映画ってどれだろ。\n生演奏してて迫力あったって言ってたから、\n見てみたかったんだけど……"
            ]
        },
        {
            "fileName": "areatalk_ev_street_04_006",
            "talks": [
                "いつもお世話になってるメイコに、\nちょっとしたお返しがしたいんだけど、見当がつかなくてね"
            ]
        },
        {
            "fileName": "areatalk_ev_wonder_02_014",
            "talks": [
                "なるほど……！　メイコの考えかたはすごいね。\nスケールが大きいというか柔軟というか"
            ]
        },
        {
            "fileName": "areatalk_ev_wonder_03_006",
            "talks": [
                "あはは……だいたいその辺りかな。\n結局どれも、メイコがやりたいものとは\n違う形になってしまったよね"
            ]
        },
        {
            "fileName": "areatalk_ev_wonder_05_007",
            "talks": [
                "そんなことはないよ。ミクやぬいぐるみ達も頼りになるし、\n最近はよくメイコも助けてくれるからね"
            ]
        },
        {
            "fileName": "areatalk_monthly2109_003",
            "talks": [
                "慌てない慌てない。また今度用意しておくよ。\nだから、今日のところはメイコのカフェに行こうよ"
            ]
        }
    ]
}