{
    "mainStory": 0,
    "eventStory": 6,
    "cardStory": 7,
    "areaTalk": 8,
    "talkPacks": [
        {
            "fileName": "event_03_08",
            "talks": [
                "このショーも終わったことだし、\nカイトさんにお礼を言いに行かなくてはね",
                "僕達が『誰もが笑顔になるショー』を作ることが、\nカイトさん達にとってプレゼントになるようだからね"
            ]
        },
        {
            "fileName": "event_07_05",
            "talks": [
                "フフ。いつもありがとう、カイトさん。\nだけど……昔はこんな風になるなんて、思いもしなかったよ",
                "また次のショーで、カイトさん"
            ]
        },
        {
            "fileName": "event_15_01",
            "talks": [
                "そこで、カイトさん達も交えて\nディスカッションをしてみようと思うんだ"
            ]
        },
        {
            "fileName": "event_32_02",
            "talks": [
                "……ああ、たしかにそれは意表を突いた展開だね！\n選択肢に加えさせてもらうよ、カイトさん"
            ]
        },
        {
            "fileName": "026001_kaito02",
            "talks": [
                "イベントに出演したカイトのライブ映像だよ。\n今、期間限定で一部配信されていてね"
            ]
        },
        {
            "fileName": "026002_kaito02",
            "talks": [
                "こんにちは、カイトさん。\n今、お邪魔しても構わないかな？",
                "だとすれば……、\nカイトさん達のショーがジャンルにこだわらないのも、\nそのあたりの事情が関係しているのかな？"
            ]
        },
        {
            "fileName": "026007_kaito01",
            "talks": [
                "いやいや、カイトさんにはお世話になっているし、\n僕も司くん達の劇に興味があってねぇ",
                "ああ、そうだね。\nありがとう、カイトさん"
            ]
        },
        {
            "fileName": "026010_kaito01",
            "talks": [
                "……ああ、たしかにそれは意表を突いた展開だね！\n選択肢に加えさせてもらうよ、カイトさん"
            ]
        },
        {
            "fileName": "026010_kaito02",
            "talks": [
                "え、カイトさん達、来てくれたんだね。\nそれなら言ってくれれば——"
            ]
        },
        {
            "fileName": "areatalk03_209",
            "talks": [
                "カイトさん、ショーステージの舞台機構を\n見学させてほしいんだが、いいかな？"
            ]
        },
        {
            "fileName": "areatalk03_237",
            "talks": [
                "カイトさん、あの飛んでいる風船は\nいったいどこでどう作られているのかな？",
                "（こんなちょっとしたことでも、\n誰かを笑顔にするアイディアにしてしまうとは。\nさすがだね、カイトさん）"
            ]
        },
        {
            "fileName": "areatalk_ev_wonder_01_008",
            "talks": [
                "やあ、レンくん。カイトさんから\n僕を探していると聞いたけど、どうかしたのかい？",
                "ふむ……ちなみにそれはレンくんがやりたいと\n言ったわけじゃなく、カイトさんに任命されたのかな？",
                "カイトさんはレンくんにも、\nそれを期待しているのかな、と思ってね"
            ]
        },
        {
            "fileName": "areatalk_ev_wonder_02_010",
            "talks": [
                "ほとんどは、設計図通りに素材を準備したり、\n組み立てたりしてくれたカイトさんや\nぬいぐるみくん達のおかげなんだ"
            ]
        },
        {
            "fileName": "areatalk_ev_wonder_06_006",
            "talks": [
                "カイトさん、劇団にいるぬいぐるみ達だけど、\n全員、把握しているのかい？"
            ]
        }
    ]
}