{
    "mainStory": 0,
    "eventStory": 6,
    "cardStory": 22,
    "areaTalk": 1,
    "talkPacks": [
        {
            "fileName": "event_13_08",
            "talks": [
                "『えへへ☆　でも質問に答えてる時の寧々ちゃん、\nすっごーく嬉しそうだったよ～♪\nえむちゃん達のことを思い出してたの？』"
            ]
        },
        {
            "fileName": "event_15_02",
            "talks": [
                "えむちゃん、どうしたのっ？\nもしかして元気ない～？"
            ]
        },
        {
            "fileName": "event_15_03",
            "talks": [
                "……あれ？　今日はえむちゃんいないの？"
            ]
        },
        {
            "fileName": "event_15_06",
            "talks": [
                "えむちゃん、はっけーん♪\nみんなこっちこっちー！"
            ]
        },
        {
            "fileName": "event_38_06",
            "talks": [
                "『あっ！　えむちゃん、あぶなーい！！』",
                "『あー！\nえむちゃんが、ゆっくり地面に下りてきた！』"
            ]
        },
        {
            "fileName": "013013_tsukasa02",
            "talks": [
                "『えむちゃん、類くん、お疲れさま～！\n大丈夫？　いっぱいジャンプして疲れてない？』"
            ]
        },
        {
            "fileName": "014013_emu02",
            "talks": [
                "『それにえむちゃんは、本番になれば\n自然と演技できちゃってるし』",
                "あ、えむちゃんだ～っ☆\nやっぱり、来たんだね～！"
            ]
        },
        {
            "fileName": "021014_miku01",
            "talks": [
                "『えむちゃん、えむちゃん！\n泳いでる時、お魚さんには会えた？』",
                "うん！　えむちゃんにお願いしてよかった～",
                "え？　えむちゃんが、喜んでくれそうなこと？"
            ]
        },
        {
            "fileName": "021014_miku02",
            "talks": [
                "えむちゃんも、来てくれてありがとう！",
                "リン達を海に連れていってくれた、\nえむちゃんへのプレゼントだよ！"
            ]
        },
        {
            "fileName": "022006_rin02",
            "talks": [
                "よかったぁ！　\nそれじゃあ、えむちゃんが聞いてくれるね！"
            ]
        },
        {
            "fileName": "022008_rin01",
            "talks": [
                "（えむちゃんがしょんぼりしてた時は、\nリン達、何もしてあげられなかったけど……）",
                "それでは☆\nリン達は、前にえむちゃんに見せるために練習してた\nタップダンスのパフォーマンスをやりまーす♪"
            ]
        },
        {
            "fileName": "022008_rin02",
            "talks": [
                "そういえば、寧々ちゃんとえむちゃんはどうしたの？\n今日は遊びに来てくれたの？",
                "（あ。えむちゃんも、今すっごくキラキラ！）"
            ]
        },
        {
            "fileName": "022012_rin01",
            "talks": [
                "『うんっ☆　ここなら、\nえむちゃんの大ジャンプもしっかり見られそう♪』",
                "うん！　リン達もえむちゃん達に見てほしいから、\nちゃーんとご招待するねっ☆"
            ]
        },
        {
            "fileName": "022012_rin02",
            "talks": [
                "（リン達も、えむちゃん達みたいなショーがしたい）"
            ]
        },
        {
            "fileName": "023007_len01",
            "talks": [
                "うん。だからきっと、えむちゃんが元気ないってわかったら、\n他のみんなもしょんぼりしちゃうかも……",
                "あのね、なんだかえむちゃん、\n今すごーくいろいろなことを\nガマンしてるように見えるんだよね……",
                "そっか！　えむちゃんショー大好きだし、\nきっといいショーをしたら、笑顔になってくれるよね！"
            ]
        },
        {
            "fileName": "023007_len02",
            "talks": [
                "あ、えむちゃんにー、寧々ちゃんにー、ネネロボちゃんだ！",
                "あ、それイイねっ♪\nみんなす～～～っごくがんばってたんだもん！\nリンも、えむちゃんに見てもらいたいなっ☆"
            ]
        },
        {
            "fileName": "023008_len01",
            "talks": [
                "あ、そうだ！\nえむちゃんと寧々ちゃんはお休み何するの？"
            ]
        },
        {
            "fileName": "areatalk_ev_shuffle_03_023",
            "talks": [
                "寧々ちゃん☆　えむちゃん☆\nまっだかなぁ～♪"
            ]
        }
    ]
}