{
    "mainStory": 0,
    "eventStory": 5,
    "cardStory": 3,
    "areaTalk": 0,
    "talkPacks": [
        {
            "fileName": "event_27_02",
            "talks": [
                "そんなわけで、キミ達のこともあだ名で呼ばせてね♪\nサッキー、いっちー、ほなっち、しほぴょん！",
                "んー……じゃあ、しほっちとかは？\nねねっ！　どう？　どうかな！？",
                "やった～！\nよろしくね、しほっち♪"
            ]
        },
        {
            "fileName": "event_27_08",
            "talks": [
                "あたしもあたしも～！\nフレー！　フレー！　いっちーサッキーほなっちしほぴょん！"
            ]
        },
        {
            "fileName": "event_34_02",
            "talks": [
                "あ、いっちー達だ！\nしほぴょんも元気そうだねーっ♪"
            ]
        },
        {
            "fileName": "004009_shiho02",
            "talks": [
                "あははっ、気づかれちゃったかぁ。\nやっほー、しほっち☆"
            ]
        },
        {
            "fileName": "021015_miku02",
            "talks": [
                "さいっこーの雰囲気だよね！\nそれにしほっちのお団子、\nほなっちの紅茶と相性ばっちりだよ♪"
            ]
        },
        {
            "fileName": "022009_rin02",
            "talks": [
                "まあまあ、しほっちー。\n来たと思ったら秒で説教なんて、マジぴえんなんだけどー？"
            ]
        }
    ]
}