{
    "mainStory": 17,
    "eventStory": 38,
    "cardStory": 50,
    "areaTalk": 10,
    "talkPacks": [
        {
            "fileName": "leo_01_00",
            "talks": [
                "……一歌ちゃん"
            ]
        },
        {
            "fileName": "leo_01_01",
            "talks": [
                "一歌ちゃん……。お、おはよう"
            ]
        },
        {
            "fileName": "leo_01_08",
            "talks": [
                "い、一歌ちゃん……？"
            ]
        },
        {
            "fileName": "leo_01_10",
            "talks": [
                "（志歩ちゃんがまた一歌ちゃん達と仲良くなれたならよかった。\nみんながまた仲良くできるなら、それで……）"
            ]
        },
        {
            "fileName": "leo_01_12",
            "talks": [
                "あ……い、一歌ちゃん……",
                "……一歌ちゃんは、悪くないよ……",
                "い、一歌ちゃん……",
                "一歌ちゃん……ありがとう……",
                "……ごめん、一歌ちゃん",
                "一歌ちゃん、あの時助けようとしてくれてありがとう……",
                "……ごめんね、一歌ちゃん"
            ]
        },
        {
            "fileName": "leo_01_17",
            "talks": [
                "い、一歌ちゃん……？"
            ]
        },
        {
            "fileName": "leo_01_18",
            "talks": [
                "一歌ちゃん、どういう……あ……！",
                "一歌ちゃん、もしかして何度もここに来てるの？",
                "一歌ちゃん……"
            ]
        },
        {
            "fileName": "leo_01_20",
            "talks": [
                "もしかして一歌ちゃん、もう何か考えてるの？"
            ]
        },
        {
            "fileName": "vsleo_01_04",
            "talks": [
                "よかった。\n少し緊張したけど、しっかりできたね。一歌ちゃん"
            ]
        },
        {
            "fileName": "event_01_01",
            "talks": [
                "あ、咲希ちゃん、一歌ちゃん"
            ]
        },
        {
            "fileName": "event_01_02",
            "talks": [
                "あ、わたしも買い物して帰るからここで。\nまたね、一歌ちゃん"
            ]
        },
        {
            "fileName": "event_01_05",
            "talks": [
                "咲希ちゃん大丈夫？\n一歌ちゃん、そこの椅子持ってきてもらっていいかな"
            ]
        },
        {
            "fileName": "event_01_07",
            "talks": [
                "一歌ちゃん、志歩ちゃん。\n咲希ちゃん、お手洗いにはいないみたい"
            ]
        },
        {
            "fileName": "event_09_10",
            "talks": [
                "一歌ちゃん、わたしも手伝うよ。\nお邪魔させてもらってるんだし……",
                "ふふ。咲希ちゃん達、楽しそうだね。\n今日は誘ってくれてありがとう、一歌ちゃん"
            ]
        },
        {
            "fileName": "event_09_11",
            "talks": [
                "一歌ちゃん……"
            ]
        },
        {
            "fileName": "event_10_01",
            "talks": [
                "ありがとう、一歌ちゃん。\n心配してくれて",
                "（……こうやって、クラスのみんなと素直な気持ちで話せるのも、\n一歌ちゃん達のおかげだな）"
            ]
        },
        {
            "fileName": "event_10_03",
            "talks": [
                "（一歌ちゃん達のおかげで、クラスのみんなと\n向きあって話せるようになれたから……）"
            ]
        },
        {
            "fileName": "event_10_05",
            "talks": [
                "一歌ちゃんは一緒に悩んでくれて、\n咲希ちゃんは落ちこんでるわたしを\n元気づけようとしてくれて……",
                "一歌ちゃん達のおかげで、\nまた、前を向けるようになったって思ったんですけど"
            ]
        },
        {
            "fileName": "event_10_08",
            "talks": [
                "でも……。クラスで頑張って金賞をとれたのは、\n一歌ちゃん達のおかげでもあるんだよ"
            ]
        },
        {
            "fileName": "event_13_07",
            "talks": [
                "一歌ちゃん？"
            ]
        },
        {
            "fileName": "event_18_02",
            "talks": [
                "一歌ちゃん、あまり無理はしないようにね"
            ]
        },
        {
            "fileName": "event_18_04",
            "talks": [
                "でも、一歌ちゃんはどんどん上達するね。\nわたしも、もっとうまくなれるように練習頑張らなきゃ"
            ]
        },
        {
            "fileName": "event_20_01",
            "talks": [
                "うん、わたしも叩いてて気持ちよかったな。\nそれに一歌ちゃんが力強く歌ってくれるおかげで、\n前より一体感が出てきたっていうか……",
                "……うん。一歌ちゃんがそう言うなら、やってみたいな",
                "一歌ちゃんだけのせいじゃないよ。\nわたしも、志歩ちゃんのレベルには追いついてないと思う"
            ]
        },
        {
            "fileName": "event_20_05",
            "talks": [
                "……一歌ちゃんだけじゃないよ。\nわたしも、そう思ってたから"
            ]
        },
        {
            "fileName": "event_20_08",
            "talks": [
                "（一歌ちゃん……！）"
            ]
        },
        {
            "fileName": "event_27_05",
            "talks": [
                "あっ！　一歌ちゃん！",
                "でも、きっと一歌ちゃんも咲希ちゃんも、\n志歩ちゃんのおかげで頑張れてると思うから"
            ]
        },
        {
            "fileName": "event_27_08",
            "talks": [
                "一歌ちゃん……？"
            ]
        },
        {
            "fileName": "event_30_03",
            "talks": [
                "（一歌ちゃんみたいにまっすぐな声だけど、\nでも少し違って——）"
            ]
        },
        {
            "fileName": "event_34_03",
            "talks": [
                "一歌ちゃん、結構悩んでるの？",
                "一歌ちゃん、もしよければわたしも見たいな",
                "わたしも。でも、一歌ちゃんが納得してないのなら、\nもっといい表現方法があるのかもしれないよね",
                "昨日、一歌ちゃんが作詞で悩んでたでしょ？",
                "だから、少しでも勉強して、\n一歌ちゃんの力になりたいなって思って",
                "わたしは、一歌ちゃんが最初に見せてくれたオシャレな歌詞より\nふたつめのストレートな歌詞のほうがいいって思ったの"
            ]
        },
        {
            "fileName": "event_34_04",
            "talks": [
                "一歌ちゃんを信じて待つっていうこと、\nちゃんとできてなかったのかもしれないね"
            ]
        },
        {
            "fileName": "event_34_06",
            "talks": [
                "ねえ、一歌ちゃんの歌詞もできたし、\n演奏してみない？"
            ]
        },
        {
            "fileName": "event_34_08",
            "talks": [
                "一歌ちゃんの次の歌詞？\nいいね、読んでみたい！"
            ]
        },
        {
            "fileName": "event_36_06",
            "talks": [
                "わたし達、応援に行くからね。\n一歌ちゃん、頑張って！"
            ]
        },
        {
            "fileName": "event_36_07",
            "talks": [
                "そうだね。\nふふ、お客さん側で一歌ちゃんの歌を聴くの、\n初めてだから楽しみだなあ",
                "そうだね。一歌ちゃん、緊張してるかも……",
                "志歩ちゃん、わたし達の分まで一歌ちゃんを応援してきてね"
            ]
        },
        {
            "fileName": "001002_ichika02",
            "talks": [
                "え？　一歌ちゃん、何か困ってることがあるの？"
            ]
        },
        {
            "fileName": "001004_ichika02",
            "talks": [
                "おかえり、一歌ちゃん！"
            ]
        },
        {
            "fileName": "001005_ichika02",
            "talks": [
                "うん。一歌ちゃんほどじゃないけど、何度か行ったことあるよ"
            ]
        },
        {
            "fileName": "001006_ichika01",
            "talks": [
                "……ありがとう、一歌ちゃん",
                "でもね、勇気をふり絞れたのは、\n一歌ちゃん達やメイコさん達がいてくれたおかげなんだ",
                "そうかな？　わたしは、一歌ちゃんなら\nあっさりできちゃう気がするな",
                "中学のあの時……わたしが一歌ちゃんを避けても、\n一歌ちゃんはずっと気にかけてくれてたよね",
                "ううん。わたしにもっと勇気があって、\n一歌ちゃんに全部打ち明けられてたら……",
                "きっと一歌ちゃんは\n誰よりも力になってくれたと思う",
                "ふふ。あの頃の一歌ちゃん\nときどきビックリするほど、大胆なことしてたよね"
            ]
        },
        {
            "fileName": "001006_ichika02",
            "talks": [
                "じゃあ、わたしが食べさせてあげるね。\n一歌ちゃん、あーん",
                "一歌ちゃん、お水どうぞ"
            ]
        },
        {
            "fileName": "001008_ichika01",
            "talks": [
                "ふふ、一歌ちゃんこそ。\nまだ約束の時間のだいぶ前だよ"
            ]
        },
        {
            "fileName": "001009_ichika01",
            "talks": [
                "あっ！　一歌ちゃん！",
                "じゃあ、わたしもここで！\n一歌ちゃん、バイト頑張ってね"
            ]
        },
        {
            "fileName": "001011_ichika01",
            "talks": [
                "でも最初の曲の歌詞、すごく良かったし、\n一歌ちゃんの言葉で作ってもらえれば大丈夫だと思うよ",
                "降りようとして下を見たら、怖くなっちゃって。\n今度は一歌ちゃんが動けなくなっちゃったんだよね",
                "あの頃の一歌ちゃんって、\n考えるより即行動っていう感じだったね",
                "あの頃の一歌ちゃんって、\n考えるより即行動っていう感じだったね"
            ]
        },
        {
            "fileName": "002008_saki01",
            "talks": [
                "咲希ちゃん、一歌ちゃん！　志歩ちゃんまで！\nどうしてここに？"
            ]
        },
        {
            "fileName": "002008_saki02",
            "talks": [
                "咲希ちゃんだけじゃない、志歩ちゃんも一歌ちゃんも。\nみんながいてくれたから、頑張れたの",
                "ふふ、ありがとう、咲希ちゃん。\nそれに、一歌ちゃんも志歩ちゃんも。\nすごく支えてもらったよ"
            ]
        },
        {
            "fileName": "002010_saki02",
            "talks": [
                "おまたせ、咲希ちゃん、一歌ちゃん。\nこっちも片づけ終わったよ"
            ]
        },
        {
            "fileName": "003002_honami01",
            "talks": [
                "そ、そっか。\n一歌ちゃんも咲希ちゃんも、向かってるところかな？",
                "えっと……一歌ちゃんと咲希ちゃん、遅いね",
                "うん……あっ。\n一歌ちゃんからメッセージだ",
                "一歌ちゃんは学級委員会があって、\n咲希ちゃんは日直の仕事が長引いちゃったみたい"
            ]
        },
        {
            "fileName": "003003_honami02",
            "talks": [
                "……一歌ちゃんのベルトはこうで、\nあ、この飾りのところこうなってたんだ……"
            ]
        },
        {
            "fileName": "003005_honami01",
            "talks": [
                "（高校に入って、\n一歌ちゃん達と仲直りできて……）"
            ]
        },
        {
            "fileName": "003007_honami02",
            "talks": [
                "その時、一歌ちゃんがすぐ気づいてくれて、\n心配してくれたんだけど……"
            ]
        },
        {
            "fileName": "003008_honami02",
            "talks": [
                "ふふ。ババ抜き、いつも最後は\n一歌ちゃんと咲希ちゃんと司さんの勝負になるのも\nおもしろかったなあ"
            ]
        },
        {
            "fileName": "003009_honami01",
            "talks": [
                "一歌ちゃんは『私達のレベルが\n足りてないからかもしれない』って考えてて、\n秘密の特訓もしているみたいなんですけど"
            ]
        },
        {
            "fileName": "003009_honami02",
            "talks": [
                "それより、咲希ちゃんと一歌ちゃんは？"
            ]
        },
        {
            "fileName": "003010_honami01",
            "talks": [
                "うん。あ、じゃあもしかして、\n一歌ちゃんも学級委員会の帰り？",
                "あ……やっぱり、一歌ちゃんも気になってたんだね"
            ]
        },
        {
            "fileName": "003011_honami01",
            "talks": [
                "あ、一歌ちゃん！",
                "うん。一歌ちゃん、ありがとう！"
            ]
        },
        {
            "fileName": "003011_honami02",
            "talks": [
                "一歌ちゃん、頑張ってこつこつ磨いてたよね"
            ]
        },
        {
            "fileName": "003012_honami01",
            "talks": [
                "一歌ちゃん。大丈夫？",
                "わあ、ありがとう一歌ちゃん！\n歌詞のこともあるのにごめんね",
                "一歌ちゃんのために\nできることがあればいいんだけど……"
            ]
        },
        {
            "fileName": "003013_honami01",
            "talks": [
                "雫先輩、わざわざ来ていただいてありがとうございます。\n一歌ちゃん達もクラス違うのにありがとう",
                "一歌ちゃん達を呼んでくれてありがとう、えむちゃん"
            ]
        },
        {
            "fileName": "004002_shiho01",
            "talks": [
                "次はどうしよっか？　\n一歌ちゃん達が来るまで、他の曲で基礎練する？",
                "うん。リズム完璧にして、\n一歌ちゃんと咲希ちゃんを驚かせようね"
            ]
        },
        {
            "fileName": "004005_shiho02",
            "talks": [
                "……一歌ちゃん、サビ前のところすごく苦戦してたね"
            ]
        },
        {
            "fileName": "004011_shiho01",
            "talks": [
                "わたしも。でも、一歌ちゃんが納得してないのなら、\nもっといい表現方法があるのかもしれないよね"
            ]
        },
        {
            "fileName": "004011_shiho02",
            "talks": [
                "ふふ。それじゃあ一歌ちゃん、お願い"
            ]
        },
        {
            "fileName": "024002_luka02",
            "talks": [
                "一歌ちゃんや咲希ちゃんに合わせやすいって言ってもらったり、\n志歩ちゃんに良かったって言ってもらったりして……"
            ]
        },
        {
            "fileName": "024003_luka02",
            "talks": [
                "でも、一歌ちゃんから、あの時わたしに星空を見せるように\n言ったのは、ルカさんとミクちゃんだったって聞きました"
            ]
        },
        {
            "fileName": "areatalk02_101",
            "talks": [
                "一歌ちゃん、服にこだわりないって言うけど、\nなんでも似合いそうだよね。\nほら、あのお店に置いてるストリートファッションとか"
            ]
        },
        {
            "fileName": "areatalk02_104",
            "talks": [
                "一歌ちゃん、おすすめある？",
                "ふふ。ミクちゃんのことを聞くなら、\nやっぱり一歌ちゃんだね"
            ]
        },
        {
            "fileName": "areatalk02_248",
            "talks": [
                "一歌ちゃんは、やっぱりミクちゃんが歌ってる曲？"
            ]
        },
        {
            "fileName": "areatalk03_008",
            "talks": [
                "じゃあ一歌ちゃんなら、MVどんな風に撮りたい？"
            ]
        },
        {
            "fileName": "areatalk03_020",
            "talks": [
                "ふふ、バレバレだよ。\nじゃあ一歌ちゃんが来たら、４人で探してみようか"
            ]
        },
        {
            "fileName": "areatalk03_050",
            "talks": [
                "それで、私達４人でも行きたいって一歌ちゃんが"
            ]
        },
        {
            "fileName": "areatalk03_060",
            "talks": [
                "あとは、一歌ちゃんや咲希ちゃん達と\n４人でショッピングモールに行ったりもするんですよ"
            ]
        },
        {
            "fileName": "areatalk_ev_band_05_002",
            "talks": [
                "もしかして、一歌ちゃんのおうちも、ワンちゃん飼うの？",
                "ふふ。優しいね、一歌ちゃん。\nわたしでよければ、なんでも聞いて"
            ]
        }
    ]
}