{
    "mainStory": 43,
    "eventStory": 48,
    "cardStory": 84,
    "areaTalk": 36,
    "talkPacks": [
        {
            "fileName": "wonder_01_01",
            "talks": [
                "うん！　キミ……司くんが来るから、\nびっくりさせようって思ったの！",
                "そりゃあもちろん知ってるよー！\n司くんをここに呼んだの、あたしだもん！",
                "いっしょにすばらしいショーをつくろうねっ☆　司くんっ♪"
            ]
        },
        {
            "fileName": "wonder_01_02",
            "talks": [
                "でもでも、司くんと一緒ならきっと昔みたいに\nお客さんでいっぱいにできるはずっ！",
                "司くんの話なら、オーディションの時に聞いたよ？",
                "司くん、『すばらしいショーを届ける』って言ってたよね",
                "あたし、その時びびーんってきたの！\n司くんとなら、きっとステキなステージを作れるって！",
                "あたし、どうしてもここでみんなを笑顔にしたいの！\nだから司くん、ここで一緒にショー……を……？",
                "ええーっ！？\n司くん、もうちょっとだけ話を聞いてよ〜！"
            ]
        },
        {
            "fileName": "wonder_01_03",
            "talks": [
                "あっ、司くん！\n司くんも一緒に来てたんだね",
                "司くん、こんなすごいところまで作っちゃうなんて\nスターってすごいねー！",
                "司くん！　つかさくーん！！"
            ]
        },
        {
            "fileName": "wonder_01_04",
            "talks": [
                "あっ、起きた！\n司くん、大丈夫？",
                "司くん、なんでもしてくれるの？\nじゃあ、ワンダーステージで一緒にショーやってくれる？",
                "えーっと、司くんのスマホは……。\nあ、あった！　あそこの木にひっかかってるよ",
                "あたし、目いいんだ～♪\nよいしょ、っと！　はい、司くん",
                "司くん、あれくらい楽しいショーを一緒に作っていこうねっ♪",
                "え？　だって司くん、\n『帰してくれたらなんでもする！』って約束してくれたよね？",
                "司くんは一緒にショーをやってくれる大事なお友達だよ！\nこのステージを笑顔でい～っぱいにしてくれるんだ♪",
                "司くん、ありがとうっ！\nあたしとっても嬉しいっ！",
                "えへへ～なんのショーにしようかな♪\nあ！　お星さまの世界のショーはどうかな、司くん！",
                "司くん、見て見て！\n小さいロボットがいっぱいいる！"
            ]
        },
        {
            "fileName": "wonder_01_07",
            "talks": [
                "司くん司くんっ！　\nあたしネネロボちゃんとショーに出たい！"
            ]
        },
        {
            "fileName": "wonder_01_09",
            "talks": [
                "うん！　いつの間にか入ってたんだ～♪\n司くん！　類くんとネネロボちゃんのこと、\nミクちゃん達に紹介しに行こー！"
            ]
        },
        {
            "fileName": "wonder_01_10",
            "talks": [
                "あ！　今日はね、司くんがスランプだから、\n演技のヒントをもらいに来たんだよ！"
            ]
        },
        {
            "fileName": "wonder_01_11",
            "talks": [
                "うん！　あたし、おっきな声出すのは得意なんだけど\n歌うと、司くんにうるさいって言われちゃうんだ〜",
                "……司くん！",
                "司くんのおかげで、明日きっと、あたしの夢が叶うから……。\nだから、ありがとう！"
            ]
        },
        {
            "fileName": "wonder_01_12",
            "talks": [
                "わわわーっ！？\nた、助けなくっちゃ！　みんなー！　司くんを助けて！"
            ]
        },
        {
            "fileName": "wonder_01_13",
            "talks": [
                "……ま、待って！　司くんっ！",
                "……司くんは、楽しくなかった？",
                "司くんっ！！"
            ]
        },
        {
            "fileName": "wonder_01_14",
            "talks": [
                "……つ、司くん？",
                "……ねえ司くん、一緒に観覧車に乗らないっ？"
            ]
        },
        {
            "fileName": "wonder_01_15",
            "talks": [
                "あっ。ほら、見えたよ司くん",
                "………司くん………？",
                "……うん！　うんっ！\n一緒に、笑顔でいっぱいにしよう！　司くんっ！"
            ]
        },
        {
            "fileName": "wonder_01_17",
            "talks": [
                "あ……！\n司くん！　類くん、追いかけなくていいの！？",
                "司くんは、類くんとショーやりたいんでしょ！？",
                "うん！　それに、司くんは未来のスターなんだよ！\nだったら類くんを笑顔にしなくっちゃ！"
            ]
        },
        {
            "fileName": "wonder_01_18",
            "talks": [
                "やっちゃえ司くーん！"
            ]
        },
        {
            "fileName": "wonder_01_19",
            "talks": [
                "ありがとうみんな……！\nありがとう！　司くんっ！"
            ]
        },
        {
            "fileName": "wonder_01_20",
            "talks": [
                "みんなを笑顔にできちゃうナイスアイディアだね～！\nさすが司くんっ♪"
            ]
        },
        {
            "fileName": "event_03_01",
            "talks": [
                "あたしもあそこ大好き～！\n司くん、ロケットみたいでカッコよかったな♪",
                "大丈夫だよ司くん！\n類くんの演出は全部おもしろいし！"
            ]
        },
        {
            "fileName": "event_03_03",
            "talks": [
                "司くん、がんばれ～！！",
                "あっ、司くんっ！？\n穴に落っこちちゃった！",
                "司くーん！　\n……どうしよう！　司くんが起きないよー！",
                "よかった～！\n司くん、大丈夫？"
            ]
        },
        {
            "fileName": "event_03_04",
            "talks": [
                "でも、司くんケガ大丈夫？\nもう痛くない？",
                "司くんがそういうなら……りょうか～い！"
            ]
        },
        {
            "fileName": "event_03_05",
            "talks": [
                "つ、司くん……？",
                "へ？\nわ、司くん待ってよ～！"
            ]
        },
        {
            "fileName": "event_03_06",
            "talks": [
                "司く～ん！　そんなに怒らないでよ～！\n……ぷぎゅっ！",
                "もしかして司くん、類くんにだけじゃなくて、\n自分にも怒ってたの？",
                "……ふふっ♪\nやっぱり司くんは司くんだね！"
            ]
        },
        {
            "fileName": "event_03_07",
            "talks": [
                "司くんすごーい！"
            ]
        },
        {
            "fileName": "event_03_08",
            "talks": [
                "行ってみた～い！\nねえ司くんも一緒に行こうよ！"
            ]
        },
        {
            "fileName": "event_08_02",
            "talks": [
                "ちょっと司くんに似てるね～っ♪"
            ]
        },
        {
            "fileName": "event_08_08",
            "talks": [
                "おお～！　司くん、天才だねっ！\nあたし、ケーキいっぱい食べたーい♪"
            ]
        },
        {
            "fileName": "event_13_03",
            "talks": [
                "司くん、今日すっごく気合入ってるね！\n何かいいことあったのかな？",
                "そういえば司くん、ときどき妹さんの看病で\nバイト休んだりしてたなぁ"
            ]
        },
        {
            "fileName": "event_13_04",
            "talks": [
                "司くんと咲希ちゃんみたいに、小さな頃遊んだ思い出を\nこうやって高校生になって思い出しながら遊んだり……。\n大人になって、また違う思い出を作ったり"
            ]
        },
        {
            "fileName": "event_13_05",
            "talks": [
                "わー！！　司くんすごーい！\n世界がぐるぐる回ってるよ～♪"
            ]
        },
        {
            "fileName": "event_13_06",
            "talks": [
                "いっぱい練習してよかったね☆\n司くんっ！"
            ]
        },
        {
            "fileName": "event_15_01",
            "talks": [
                "本当！？\nありがとう、司くーんっ！"
            ]
        },
        {
            "fileName": "event_15_03",
            "talks": [
                "司くん……"
            ]
        },
        {
            "fileName": "event_15_04",
            "talks": [
                "司くん、類くん……"
            ]
        },
        {
            "fileName": "event_15_07",
            "talks": [
                "（司くん、なんで急に観覧車に乗ろうって言ったのかな……）"
            ]
        },
        {
            "fileName": "event_15_08",
            "talks": [
                "司くん……"
            ]
        },
        {
            "fileName": "event_16_02",
            "talks": [
                "え～～～！？\n司くんが来れないのなら、別の日に……",
                "ホント！？　やったー！\nそしたら司くんがいなくても大丈夫だねっ☆"
            ]
        },
        {
            "fileName": "event_16_08",
            "talks": [
                "うーーーん。\n司くん、ちゃんと咲希ちゃんと仲直りできたかな～？"
            ]
        },
        {
            "fileName": "event_25_01",
            "talks": [
                "司くん、どうしたの？",
                "もしかして司くん、ショーコンテストの優勝のこと……",
                "司くん……"
            ]
        },
        {
            "fileName": "event_25_02",
            "talks": [
                "うー、ダメだったよ……。\n司くん達のほうは？",
                "もしかして司くん、ショーコンテストの優勝のこと……",
                "（司くん、コンテストのためにいっぱいがんばってたもんね。\nやっぱり——）",
                "司くん……！"
            ]
        },
        {
            "fileName": "event_25_03",
            "talks": [
                "えっ？　なになになに？\n司くん、何するのー？"
            ]
        },
        {
            "fileName": "event_25_04",
            "talks": [
                "司くんだねえ！",
                "（オーディション会場で司くんを見た時、\nびびびびびーんってきたのは、\n間違いじゃなかったよ、おじいちゃん！）",
                "……司くんっ"
            ]
        },
        {
            "fileName": "event_25_05",
            "talks": [
                "あ……でも、司くんには、ごめんなさい！",
                "司くん、ショーコンテストの優勝を目指してたのに、\n今回のせいでだめになっちゃったから……",
                "司くん……"
            ]
        },
        {
            "fileName": "event_38_05",
            "talks": [
                "わーい！　あたしも司くんも、シュパシュパーって\n忍者さんみたいに動くよ！"
            ]
        },
        {
            "fileName": "event_38_06",
            "talks": [
                "うん！\nいくよー！　司くーん！",
                "うん！\nそれじゃあ……いくよー！　司くーん！",
                "じゃあもう１回いくよー！\n司くんは、大丈夫？"
            ]
        },
        {
            "fileName": "003001_honami02",
            "talks": [
                "うんうん。穂波ちゃんは司くんや\nA組の子みたいなナイスリアクションしてくれるねっ！"
            ]
        },
        {
            "fileName": "013002_tsukasa01",
            "talks": [
                "やっほほーい！\nこーんにーちはー！　あっ、司くんっ☆",
                "……あっ！　ねえねえ、司くん！\n楽しくササっと掃除しちゃえる方法、思いついたよ！",
                "ううー、失敗失敗……。\nごめんね司くん！　勢いつけすぎちゃった！"
            ]
        },
        {
            "fileName": "013003_tsukasa02",
            "talks": [
                "待ちきれなかったんだもんっ！\nそれより司くん、踊ろーっ♪"
            ]
        },
        {
            "fileName": "013005_tsukasa02",
            "talks": [
                "おおー！　司くん、今日も気合入ってるー！\nあたしもがんばるぞー！",
                "司くん、大丈夫！？"
            ]
        },
        {
            "fileName": "013007_tsukasa01",
            "talks": [
                "お～っと、気づいてしまったね、司くん。\nここからが本当の餅つきだよ",
                "司くーん、類くーん！　お餅わけたよー！"
            ]
        },
        {
            "fileName": "013009_tsukasa02",
            "talks": [
                "司くん……！",
                "ありがとう！\nじゃあ、司くんはこの毛虫さんが、\nどんなチョウチョさんになると思う？",
                "え……つ、司くん？　急にどうしちゃったの！？\nなんか変なものでも食べちゃった？",
                "司くん、ただいま～っ！"
            ]
        },
        {
            "fileName": "013011_tsukasa02",
            "talks": [
                "司くん達、いつの間にそこにいたの？",
                "類くん、泣かないで！\nもう、司くん！　類くんをいじめちゃダメー！"
            ]
        },
        {
            "fileName": "013012_tsukasa01",
            "talks": [
                "司くん？",
                "司くん、知ってるの？"
            ]
        },
        {
            "fileName": "013013_tsukasa01",
            "talks": [
                "司くん、虫さん見つけるとすぐギャーってなるもんね",
                "司くん、かっこいいーっ！"
            ]
        },
        {
            "fileName": "013013_tsukasa02",
            "talks": [
                "あっ、司くんっ！？\n穴に落っこちちゃった！"
            ]
        },
        {
            "fileName": "014001_emu02",
            "talks": [
                "うん！　司くん！\nその人のクラス教えてくれる？",
                "司くん、類くん、見つけた～！"
            ]
        },
        {
            "fileName": "014002_emu01",
            "talks": [
                "あっこれ見て～！　\n司くん目が半分だけ開いてる！　おもしろいね～♪",
                "聞いてるよ！　\nあれ？　でもなんで司くん怒ってるの？"
            ]
        },
        {
            "fileName": "014003_emu01",
            "talks": [
                "すごーい！　どうやってみつけたの！？\nもしかして、司くんって探偵なの！？",
                "すごいすごいっ！　司くん、名探偵ホームレスだね！！",
                "司くん、ちょっとそこに立ってみて",
                "司くん、そんなに真剣に考えてくれてるんだね……！"
            ]
        },
        {
            "fileName": "014003_emu02",
            "talks": [
                "……と、司くんが申しております！",
                "と言いつつ、嬉しくてたまらない司くんであったとさ！"
            ]
        },
        {
            "fileName": "014006_emu01",
            "talks": [
                "うんっ！　だって、司くんと類くんは仲直りできたし、\n次のショーもすっごく面白くなりそうなんだもんっ♪",
                "うーん。司くん、どこまで行っちゃったんだろう？",
                "……そうだ！　司くんのところまで\nパンダさんに乗っけていってもーらおっと",
                "いっけー、パンダさん！\n司くんを探し出すのだー！",
                "でも、ちゃんと司くんを見つけて、話もしたんだよ♪",
                "ううん、司くんと話す時には降りてたよ。\nあ、そうだ！　その時のパンダさんすごかったんだよ！",
                "あたしが司くんを見つけたら、\nピタッって急に止まっちゃったの！",
                "……ふふっ♪\nやっぱり司くんは司くんだね！",
                "あははっ。司くん、もういつもの司くんだね♪",
                "司くんも乗る？\nパンダさん力持ちだからきっと大丈夫だよ？",
                "あー！　司くんひどいよー！\n待ってー！",
                "寧々ちゃんも司くんのこと、心配してくれたんだね",
                "司くんが、類くんが考えたシーンちゃんとやり切れて！"
            ]
        },
        {
            "fileName": "014006_emu02",
            "talks": [
                "えへへっ、司くんのセリフマネしちゃった♪\nどう？　似てた？",
                "最初は、司くんがアルバイトの\n面接に来てるのを見つけて……",
                "それで、みんなで集まって\n司くん歓迎大作戦考えたんだよね♪",
                "それから、ドローンの人形劇をしてた類くんを見つけて！\nその類くんを司くんが連れてきてくれて！",
                "司くんだ！\nずるーい！　きっと先にゾンビロボットくんと会ったんだよ！"
            ]
        },
        {
            "fileName": "014008_emu02",
            "talks": [
                "（司くん達に会えて、一緒にショーができて、\nいつものクリスマスよりもっともっと楽しかった！）"
            ]
        },
        {
            "fileName": "014009_emu01",
            "talks": [
                "（司くんや咲希ちゃんも、ああやってここで遊んでたのかな）"
            ]
        },
        {
            "fileName": "014009_emu02",
            "talks": [
                "司くーん！　わんだほーいっ☆",
                "（えへへ。司くん、ごめんっ☆）"
            ]
        },
        {
            "fileName": "014011_emu01",
            "talks": [
                "それで、司くん達は？\n海に行ったらどんなことしてみたい？"
            ]
        },
        {
            "fileName": "014012_emu01",
            "talks": [
                "司くん達のこと？\n今週はずっと練習があるから、夕方ならみんないるよ！",
                "でも司くん達とは行ってないもん♪"
            ]
        },
        {
            "fileName": "014013_emu01",
            "talks": [
                "司くんや寧々ちゃんや類くん、\nミクちゃん達だって応援してくれてるし——"
            ]
        },
        {
            "fileName": "014013_emu02",
            "talks": [
                "司くん、類くん、寧々ちゃん！？\nな、なんで！？",
                "司くん、類くん……"
            ]
        },
        {
            "fileName": "015003_nene02",
            "talks": [
                "あれ、今日はひとり？\n司くんと類くんは？"
            ]
        },
        {
            "fileName": "015005_nene02",
            "talks": [
                "あ、司くんに類くん！\nやっほっほーい！"
            ]
        },
        {
            "fileName": "015011_nene01",
            "talks": [
                "ばっちり～っ☆\nあ、でも司くんと類くんは気になるシーンがあるから、\nもうちょっと残ってお話していくんだって"
            ]
        },
        {
            "fileName": "015011_nene02",
            "talks": [
                "んー、司くんの反応がおもしろいから？"
            ]
        },
        {
            "fileName": "016005_rui02",
            "talks": [
                "わぁーっ！\n司くん、すごーいすごーい！！"
            ]
        },
        {
            "fileName": "016007_rui02",
            "talks": [
                "やろうよ、類くん、司くん！\n寧々ちゃんと一歌ちゃんのお友達大作戦！"
            ]
        },
        {
            "fileName": "016008_rui02",
            "talks": [
                "待ってよー、司くん！　一緒にこの毛虫さんが、\nどんなチョウチョさんになるのか考えようよー！",
                "司くーん！　寧々ちゃーん！\n毛虫さんとさよならしてきたよ～……お？",
                "りょうかーい♪\nあ、そういえば司くんは？",
                "それなら押す前に、カウントダウンするねっ☆\n司くん、いくよー！",
                "わわっ！\n司くん、くしゃみ止まんなくなっちゃった！"
            ]
        },
        {
            "fileName": "016009_rui02",
            "talks": [
                "ひな祭りの時に言ってた、\nボタンを押すと司くんの声が出るおもちゃ！？",
                "あはははっ！　つ、司くん変なこと言ってる～♪"
            ]
        },
        {
            "fileName": "016010_rui02",
            "talks": [
                "そういえば司くん、\nエキストラで結婚式に出るって言ってたね！"
            ]
        },
        {
            "fileName": "016012_rui02",
            "talks": [
                "おおー！　司くんがいたところに\nゾンビロボちゃんが降ってきた！"
            ]
        },
        {
            "fileName": "021010_miku01",
            "talks": [
                "どういたしまして！　あ、司くん達のところに行く？\nあっちで休憩してると思うから……",
                "やったー！　じゃあ、あとで司くん達にも話すね☆"
            ]
        },
        {
            "fileName": "021014_miku02",
            "talks": [
                "ねえねえ！　このショー、\nぬいぐるみの子達とか、司くん達とか、\nもっとたくさんのみんなに見てもらおうよ！"
            ]
        },
        {
            "fileName": "022008_rin02",
            "talks": [
                "でも、みんなにお礼が言いたくて、\n今日は司くん達にも時間を作ってもらったんだ♪"
            ]
        },
        {
            "fileName": "024008_luka02",
            "talks": [
                "うん！　……司くんも、おうちで咲希ちゃん達と\n一緒にわいわいドカーンできてるかなぁ？"
            ]
        },
        {
            "fileName": "024012_luka02",
            "talks": [
                "わーい♪　司くん、がんばろうね！"
            ]
        },
        {
            "fileName": "025006_meiko02",
            "talks": [
                "わぁ！　ねえ聞いた司くん！\nメイコお姉さんたちとクリスマスだよ！　パレードだよ！？"
            ]
        },
        {
            "fileName": "026003_kaito02",
            "talks": [
                "あっ！　見て見てー！\n司くん達、もうステージにいる！"
            ]
        },
        {
            "fileName": "026007_kaito01",
            "talks": [
                "えへへっ。司くん、文化祭でも、\nステージに立つんだねっ♪"
            ]
        },
        {
            "fileName": "026007_kaito02",
            "talks": [
                "えー、そんなに楽しい劇だったの！？\nあたしも司くんの劇、見たかったー！"
            ]
        },
        {
            "fileName": "026009_kaito02",
            "talks": [
                "えへへ、司くん達が一緒にがんばってくれたから！"
            ]
        },
        {
            "fileName": "areatalk01_042",
            "talks": [
                "えへへ。司くん達に聞いてもらおー！"
            ]
        },
        {
            "fileName": "areatalk02_040",
            "talks": [
                "石けんをねー、えっと、100個！\nよかったね、司くん。すごくいいにおいの石けんだし、\nきっと楽しいパフォーマンスができるよ！"
            ]
        },
        {
            "fileName": "areatalk02_050",
            "talks": [
                "あのね！　ネネロボちゃんみたいな、\n司くんロボが欲しい！"
            ]
        },
        {
            "fileName": "areatalk02_189",
            "talks": [
                "見て見て！　ほかの動物さん達も集まってきたよ！\n司くん、ペアになってあげてよ！"
            ]
        },
        {
            "fileName": "areatalk02_195",
            "talks": [
                "司くん、もうすぐ新しい小道具が届くから、\n運ぶの手伝ってー",
                "えっとねぇ。司くんを吊るす鎖と、ザクザク刺す剣でしょ、\nあとは……"
            ]
        },
        {
            "fileName": "areatalk02_196",
            "talks": [
                "司くんって憧れてる人っている？",
                "だから、おじいちゃんがそうだったみたいに、\n遊びに来てくれた人達み〜んなを笑顔にしたい！\n司くん、一緒にがんばろうね！　おー！"
            ]
        },
        {
            "fileName": "areatalk02_199",
            "talks": [
                "大丈夫っ☆　司くんなら、絶対協力してくれるよ！"
            ]
        },
        {
            "fileName": "areatalk02_208",
            "talks": [
                "ぐにゃりーごはね、すっごく身体が柔らかくて！\n肩こりとか、上司との関係とか、いろいろなものをほぐして\n敵を改心させていっちゃうの！"
            ]
        },
        {
            "fileName": "areatalk02_393",
            "talks": [
                "やったー！\n司くんと寧々ちゃん、どーこかなぁ～♪"
            ]
        },
        {
            "fileName": "areatalk03_181",
            "talks": [
                "司くん！　かっこいいポーズして！",
                "えっ、つ、司くん、宇宙人だったの！？\nまさかかっこいいポーズって……宇宙との交信！？"
            ]
        },
        {
            "fileName": "areatalk03_186",
            "talks": [
                "あれー？　司くんがとっても真剣に悩んでるね",
                "もっちろん！　いいアイディアを考えて、\n司くんの妹ちゃんをあっと言わせちゃおう♪"
            ]
        },
        {
            "fileName": "areatalk03_187",
            "talks": [
                "司くん、突然、びよよんってしてどうしたの？"
            ]
        },
        {
            "fileName": "areatalk03_192",
            "talks": [
                "ふむふむ。じゃああの歌は司くんの\n大事な歌だったりもするのかな！"
            ]
        },
        {
            "fileName": "areatalk03_195",
            "talks": [
                "お、カイトお兄さんもノリノリだ～♪\nねえねえ、やろうよ司くん！"
            ]
        },
        {
            "fileName": "areatalk03_198",
            "talks": [
                "司くん、何言ってるの？　着ぐるみさん達が\nこんなに大きな荷物運んだら危ないでしょ？",
                "もう、司くん文句ばっかり～"
            ]
        },
        {
            "fileName": "areatalk03_202",
            "talks": [
                "えっ……！\nじゃあ、司くんの心は真っ黒に汚れちゃって……。\nか、かわいそうな司くん……！"
            ]
        },
        {
            "fileName": "areatalk03_204",
            "talks": [
                "そっか、鳥さんになったつもりでやればいいんだ！\nあ、司くんも一緒にやりたい？"
            ]
        },
        {
            "fileName": "areatalk03_207",
            "talks": [
                "ふかさくんからほらったあへなへへるほ\n（司くんからもらった飴なめてるの）",
                "わあ、司くん！\n今の声、とってもきれいに響いたね☆"
            ]
        },
        {
            "fileName": "areatalk03_210",
            "talks": [
                "司くんね。本番でズコーっと転んじゃったの",
                "……カイトお兄さん。ありがとう。\n司くん、元気いっぱい！"
            ]
        },
        {
            "fileName": "areatalk03_229",
            "talks": [
                "えー、司くんまだそんなこと言ってるの？\nあたしもう、結構ここに来てるのにー"
            ]
        },
        {
            "fileName": "areatalk03_232",
            "talks": [
                "うわぁ……！　なんだかすごそう！\nねえ、やろうよ司くん！"
            ]
        },
        {
            "fileName": "areatalk_ev_shuffle_01_009",
            "talks": [
                "はい！　ワンダーステージっていうところで、\n司くんや寧々ちゃん、類くんや着ぐるみさん達と\nみんなを笑顔にするショーをやってます！"
            ]
        },
        {
            "fileName": "areatalk_ev_shuffle_10_004",
            "talks": [
                "うん♪　類くんや司くんや寧々ちゃん、\nみんなで考えたんだっ☆"
            ]
        },
        {
            "fileName": "areatalk_ev_wonder_03_001",
            "talks": [
                "司くんって、尊敬してる人っている？\nあたしはね～"
            ]
        },
        {
            "fileName": "areatalk_ev_wonder_04_001",
            "talks": [
                "ねえねえ、司くん！　あたしも司くんみたいな、\nかっこいい自己紹介考えたから聞いてほしいな♪",
                "えーっ、一緒に考えてくれるのー！？\nやったー！　司くん、ありがとー♪"
            ]
        },
        {
            "fileName": "areatalk_ev_wonder_04_004",
            "talks": [
                "司くーん、寧々ちゃーん、類くーん！\n早くワンダーステージ行こうよ～♪"
            ]
        },
        {
            "fileName": "areatalk_ev_wonder_05_001",
            "talks": [
                "わぁ！　見たい見たーい！\n司くん、やってやってー！"
            ]
        },
        {
            "fileName": "areatalk_ev_wonder_06_002",
            "talks": [
                "……そうだね！\nあたし、司くんにも相談してくる！"
            ]
        }
    ]
}