{
    "mainStory": 2,
    "eventStory": 1,
    "cardStory": 6,
    "areaTalk": 5,
    "talkPacks": [
        {
            "fileName": "street_01_16",
            "talks": [
                "……初音ミクまで？\n疲れてるのか？　変な幻覚が見えて……"
            ]
        },
        {
            "fileName": "vsstreet_01_04",
            "talks": [
                "助かる。メイコさんとミクに間に入ってもらえるなら、\nオレとこいつのどっちが正しいか、公平に判断できるな"
            ]
        },
        {
            "fileName": "event_37_05",
            "talks": [
                "レンとミクか？"
            ]
        },
        {
            "fileName": "011005_akito02",
            "talks": [
                "ミクが？　なんて言ってたんだ？"
            ]
        },
        {
            "fileName": "011007_akito01",
            "talks": [
                "……なあ、ミク。\nカイト……さん、っていつもあんな感じなのか？"
            ]
        },
        {
            "fileName": "012006_touya02",
            "talks": [
                "ミクは……いねえのか。\nまあ、お前らの元気そうな顔が見れたからいいか"
            ]
        },
        {
            "fileName": "021004_miku02",
            "talks": [
                "あ……いや、冬弥のやつが珍しく結構しゃべるからな。\nミクと気があうのか……？"
            ]
        },
        {
            "fileName": "021012_miku01",
            "talks": [
                "けど、ミク達のほうは前衛と後衛にわかれてたり、\n掛け声もしっかり使ったり、動きが戦略的だったよな"
            ]
        },
        {
            "fileName": "023006_len01",
            "talks": [
                "珍しいな。今日はミクじゃなくて、\nふたりがメイコさんの手伝いなのか"
            ]
        },
        {
            "fileName": "areatalk02_360",
            "talks": [
                "お前、本当にミクなんだよな？",
                "いや、やっぱオレが知ってる初音ミクと姿も\n雰囲気も違うっつーか……"
            ]
        },
        {
            "fileName": "areatalk03_157",
            "talks": [
                "そういえば、ここずっとミク関連のコーナーあるな",
                "……なるほど。だからあそこだけずっと\nミク特集のままなのかもな"
            ]
        },
        {
            "fileName": "areatalk_ev_street_02_005",
            "talks": [
                "ミクとかメイコさんみたいに落ち着いてねえし、\nわがままだし……"
            ]
        }
    ]
}