{
    "mainStory": 1,
    "eventStory": 8,
    "cardStory": 3,
    "areaTalk": 2,
    "talkPacks": [
        {
            "fileName": "leo_01_12",
            "talks": [
                "そういえば、久しぶりに司さんとも会ったよ"
            ]
        },
        {
            "fileName": "event_01_07",
            "talks": [
                "懐かしいな。みんなでつけて……司さんも手伝ってくれたよね"
            ]
        },
        {
            "fileName": "event_13_03",
            "talks": [
                "それで、司さんが待っててくれてるんだっけ",
                "（あ！　あの人、公園で歌ってた人だ……。\n司さんとショーをやってる人だったんだ）"
            ]
        },
        {
            "fileName": "event_13_05",
            "talks": [
                "ちょ、ちょっと司さん！\nいくらなんでも回しすぎじゃ……！"
            ]
        },
        {
            "fileName": "event_16_04",
            "talks": [
                "こんにちは、司さん。\nえっと、そちらの人は……"
            ]
        },
        {
            "fileName": "event_16_07",
            "talks": [
                "……志歩、やっぱり咲希、司さんと何かあったよね",
                "司さんが……？"
            ]
        },
        {
            "fileName": "event_16_08",
            "talks": [
                "咲希と司さん、仲直りできてよかったね。\n……あ"
            ]
        },
        {
            "fileName": "002001_saki02 #58",
            "talks": [
                "そうだ、今日は司さんいるの？\n司さんにもしばらく会ってないから挨拶しなくちゃ"
            ]
        },
        {
            "fileName": "002001_saki02",
            "talks": [
                "そうだ、今日は司さんいるの？\n司さんにもしばらく会ってないから挨拶しなくちゃ"
            ]
        },
        {
            "fileName": "021016_miku01",
            "talks": [
                "司さんに、みのりとこはね！？\nなんでここに！？"
            ]
        },
        {
            "fileName": "areatalk02_107",
            "talks": [
                "（やっぱり司さんだった。\n……なんであんなに外国の人に囲まれてたんだろう？）"
            ]
        },
        {
            "fileName": "areatalk03_304",
            "talks": [
                "そうだね……ん？\nねぇ、あそこにいる人……司さん？"
            ]
        }
    ]
}