{
    "mainStory": 0,
    "eventStory": 0,
    "cardStory": 4,
    "areaTalk": 3,
    "talkPacks": [
        {
            "fileName": "021005_miku01",
            "talks": [
                "よしわかった。\nじゃあミクくんを探そうか",
                "それに、あのミクくんはえむくんとタイプが似ているだろう？\n会えばいやおうなしに元気をもらえるんじゃないかな",
                "ミクくん達のショーは『型にはまらない』ショーなんだね"
            ]
        },
        {
            "fileName": "021010_miku02",
            "talks": [
                "というわけで、とりあえずミクくんが言っていた\n宝箱を探そうじゃないか"
            ]
        },
        {
            "fileName": "areatalk02_199",
            "talks": [
                "ミクくん達とぬいぐるみ達の共演、迫力のある音楽と演出……！"
            ]
        },
        {
            "fileName": "areatalk03_219",
            "talks": [
                "フフ。これはミクくんやえむくんに\nあちこち連れまわされた後遺症かな？"
            ]
        },
        {
            "fileName": "areatalk_ev_wonder_06_005",
            "talks": [
                "やあ、ミクくん、リンくん。\n実は、このセカイにいるぬいぐるみ達が\nどうやって動いているのか気になっていてね"
            ]
        }
    ]
}