{
    "mainStory": 0,
    "eventStory": 12,
    "cardStory": 32,
    "areaTalk": 4,
    "talkPacks": [
        {
            "fileName": "event_04_01",
            "talks": [
                "もしよかったら、桐谷さんも一緒に\nお昼どうかなって",
                "それに、単位制クラスもあるし。\n前の桐谷さんみたいに、学校の外で活躍してる子が\nたくさんいるから",
                "咲希、桐谷さんは新しくアイドルグループ組んだみたいだし、\n実行委員はできないんじゃ……",
                "よかったね、咲希。\n桐谷さんも忙しいのにありがとう"
            ]
        },
        {
            "fileName": "event_04_06",
            "talks": [
                "あ、桐谷さん！\n実は——",
                "あ……そっか。\nリレーの補欠選手、桐谷さんだったっけ",
                "桐谷さん、頑張って！",
                "頑張って！　桐谷さん！"
            ]
        },
        {
            "fileName": "event_04_07",
            "talks": [
                "桐谷さん、実行委員も頑張ってたし、本当に大活躍だったね。\nおかげで体育祭がすごく楽しかったよ",
                "桐谷さん……"
            ]
        },
        {
            "fileName": "event_30_08",
            "talks": [
                "桐谷さん、鳳さん、追加でお肉もらってきたよ。\nこっちに並べてもいいかな？"
            ]
        },
        {
            "fileName": "event_36_05",
            "talks": [
                "桐谷さんのこと知ってるの？"
            ]
        },
        {
            "fileName": "001001_ichika02",
            "talks": [
                "あ、咲希……と、桐谷さん？",
                "（桐谷さん、いつもお昼は屋上に行ってるのに。\n教室にいるの珍しいな）",
                "……桐谷さん？",
                "咲希？　桐谷さん、どうかしたの？"
            ]
        },
        {
            "fileName": "001010_ichika01",
            "talks": [
                "あ、おはよう、桐谷さん。\n朝練、終わったの？",
                "（こうやって普通に話してるとつい忘れそうになるけど、\n桐谷さんは元トップアイドルだもんね。\nやっぱりすごいな）",
                "桐谷さん、今のアドバイスメモさせてもらってもいい？"
            ]
        },
        {
            "fileName": "001010_ichika02",
            "talks": [
                "おはよう、桐谷さん",
                "あ……そうだ。\n桐谷さん、前にアドバイスをくれた時のこと覚えてる？",
                "うん。納得のいく歌詞が書けないなって思ってた時に、\n段階とか手順を踏んで書いてみたらどうかって\n桐谷さんがアドバイスしてくれたんだ",
                "こうやって話したり、\nお弁当一緒に食べてる時は素の桐谷さんだと思うんだけど……",
                "桐谷さんもそういうことがあるんだね",
                "桐谷さんはともかく、私も？"
            ]
        },
        {
            "fileName": "002001_saki01 #59",
            "talks": [
                "花里さんは、桐谷さんとはもう知り合いなんだよね？"
            ]
        },
        {
            "fileName": "002001_saki01",
            "talks": [
                "花里さんは、桐谷さんとはもう知り合いなんだよね？"
            ]
        },
        {
            "fileName": "002005_saki02",
            "talks": [
                "ああ、桐谷さんが教えてくれたあそこ？"
            ]
        },
        {
            "fileName": "002006_saki01",
            "talks": [
                "そういえば最近、\n桐谷さんに話しかけに行く子が増えたよね",
                "咲希が体育祭の実行委員に誘って、\n頑張ってる桐谷さんを見て、\nそれで話しかけやすくなったのかも"
            ]
        },
        {
            "fileName": "003005_honami02",
            "talks": [
                "花里さん、うちのクラスの桐谷さんとも仲いいから、\n結構学校でも会うよね"
            ]
        },
        {
            "fileName": "005011_minori01",
            "talks": [
                "特に桐谷さんは、国民的アイドルだったしね"
            ]
        },
        {
            "fileName": "006001_haruka01 #304",
            "talks": [
                "あ、おはよう。桐谷さん",
                "うん。桐谷さん、もしかしてこの子かな。\nすぐそこで拾ったんだけど",
                "そっか。桐谷さんにとって、\nこの子はすっごく大切な子なんだね"
            ]
        },
        {
            "fileName": "006001_haruka01",
            "talks": [
                "あ、おはよう。桐谷さん",
                "うん。桐谷さん、もしかしてこの子かな。\nすぐそこで拾ったんだけど",
                "そっか。桐谷さんにとって、\nこの子はすっごく大切な子なんだね"
            ]
        },
        {
            "fileName": "006001_haruka02",
            "talks": [
                "私も。桐谷さんは？",
                "やると気持ちが落ち着くっていうのは、\nそれが桐谷さんにとって必要なことだからだと思うし"
            ]
        },
        {
            "fileName": "006005_haruka01",
            "talks": [
                "あ、そっか。\n桐谷さんもここの中等部にいたんだよね"
            ]
        },
        {
            "fileName": "006009_haruka01",
            "talks": [
                "おはよう、桐谷さん",
                "桐谷さんが好きそうなものを見つけたんだって。\nそれで昨日の夜からずっと\n『早く教えたい！　早く教えたいー！』ってすごくて"
            ]
        },
        {
            "fileName": "006012_haruka02",
            "talks": [
                "『桐谷さん、バンドの話とか聞いてくれてありがとう。\nプロとして活躍してる人の意見ってすごく参考になるし、\n助かってるよ。本当にありがとう』"
            ]
        },
        {
            "fileName": "areatalk02_018",
            "talks": [
                "うん、好きなんだ。\nそういう桐谷さんも、いつもサラダ食べてるね？"
            ]
        },
        {
            "fileName": "areatalk02_241",
            "talks": [
                "桐谷さんって、なんでもできちゃうイメージあるけど、\n何か苦手なことってあるの？",
                "ふふ、なんだか桐谷さんらしいね"
            ]
        },
        {
            "fileName": "areatalk_ev_shuffle_10_006",
            "talks": [
                "ふふ。桐谷さんが言いたいのは、多分、\nそうじゃないと思うんだけど"
            ]
        }
    ]
}