{
    "mainStory": 2,
    "eventStory": 14,
    "cardStory": 18,
    "areaTalk": 3,
    "talkPacks": [
        {
            "fileName": "leo_01_07",
            "talks": [
                "ええ、頑張って。\n咲希ならきっとできるわ"
            ]
        },
        {
            "fileName": "vsleo_01_02",
            "talks": [
                "咲希は、嬉しそうに弾んだ音だったわね。\nただ一緒にいられることを喜んでるってよくわかったわ"
            ]
        },
        {
            "fileName": "event_01_03",
            "talks": [
                "……咲希が、なんだかいつもと違うみたいだから"
            ]
        },
        {
            "fileName": "event_01_06",
            "talks": [
                "咲希？",
                "でも、咲希にいつもみたいな元気がないってことはわかるわ",
                "咲希は、どうしてそんなに無茶をしたの？"
            ]
        },
        {
            "fileName": "event_01_07",
            "talks": [
                "咲希はただ、そう思うあまり、\n焦ってしまっただけ"
            ]
        },
        {
            "fileName": "event_01_08",
            "talks": [
                "ところでミク。咲希がひとりでここに来た時、\nミクも屋上に来てたんじゃない？",
                "咲希が話しやすいよう、見守っていてくれてありがとう。ミク"
            ]
        },
        {
            "fileName": "event_16_06",
            "talks": [
                "今日は、咲希ちゃんのパーティーがあるって\n言ってなかったかしら",
                "咲希ちゃんのところへ行かなくてもいいの？",
                "だからきっと、咲希ちゃんのパーティーにも、\n司くんが必要だと思うわ♪",
                "いいのよぉ♪\n咲希ちゃんと、仲直りできるといいわね～♪"
            ]
        },
        {
            "fileName": "event_27_02",
            "talks": [
                "今日はいつも以上に元気ね、咲希"
            ]
        },
        {
            "fileName": "event_27_07",
            "talks": [
                "……ふふ。\n咲希、すっかり迷いが晴れたみたいでよかったわ"
            ]
        },
        {
            "fileName": "event_27_08",
            "talks": [
                "そうね。聴いていると、\n咲希が励ましてくれているように感じたわ"
            ]
        },
        {
            "fileName": "002009_saki01",
            "talks": [
                "ふふ。よかったわね、咲希",
                "ふふ。これは咲希の我慢勝ちね"
            ]
        },
        {
            "fileName": "004005_shiho01",
            "talks": [
                "私が咲希の様子に気づけたのは、きっと偶然だから",
                "咲希はきっと、あなた達に気づかれないように\nとても気をつけていたんだと思うの",
                "ふふ。本当に、咲希を大切に想っているのね",
                "そうね。ただ、それでも志歩達は咲希のことが\n気になってしまうでしょうし……"
            ]
        },
        {
            "fileName": "024002_luka01",
            "talks": [
                "先輩と後輩っていう関係は、咲希にとって憧れなのね",
                "いつか咲希達にも、\nかわいい後輩ができるといいわね"
            ]
        },
        {
            "fileName": "024005_luka01",
            "talks": [
                "こんばんは、咲希。\nプラネタリウムごっこの日以来ね",
                "ええ。おやすみなさい、咲希",
                "ええ。ところでミク、\n咲希が話しやすいようにって、また気を遣ってくれたのね",
                "あら、そうだったのね。でも、咲希はミクみたいな先輩が\nいてくれて、心強いって——",
                "（ふふ、ミクったら咲希の話、ちゃんと聞いてたのね）"
            ]
        },
        {
            "fileName": "024005_luka02",
            "talks": [
                "はい、プラネタリウムごっこをした時の写真。\n咲希がセカイに来た時に持ってきてくれたの",
                "ええ。ほら見て、眠たそうな咲希の写真もあるわ",
                "咲希の力になってあげたいって、\nずっと思っていたと思うから"
            ]
        },
        {
            "fileName": "024006_luka01",
            "talks": [
                "『それで、咲希はどうだったの？』"
            ]
        },
        {
            "fileName": "026011_kaito01",
            "talks": [
                "咲希が作ったメロディーを流しながら\n歌詞を書いているんだと思うわ"
            ]
        },
        {
            "fileName": "areatalk03_011",
            "talks": [
                "一歌と咲希は、何がきっかけでミクや私を知ったの？"
            ]
        },
        {
            "fileName": "areatalk03_026",
            "talks": [
                "ええ。手の置き方とか姿勢とか、\n咲希は基本がしっかりできてるわ"
            ]
        },
        {
            "fileName": "areatalk_ev_shuffle_06_009",
            "talks": [
                "咲希が入院していた頃は、\n一歌がよくお見舞いの花を届けてたみたいだから"
            ]
        }
    ]
}