{
    "mainStory": 0,
    "eventStory": 4,
    "cardStory": 1,
    "areaTalk": 0,
    "talkPacks": [
        {
            "fileName": "event_36_09",
            "talks": [
                "あ、次がみのりちゃんだって！"
            ]
        },
        {
            "fileName": "event_36_10",
            "talks": [
                "あっ！　ハイハイ、ハーイ！\nボクは暁山瑞希！\nみのりちゃん、よろしくね！",
                "ステージ、見てたよ！\nすっごいキラキラしててめちゃくちゃ良かった！\nこれからボク、みのりちゃんのこと推すから！",
                "これから、今までの配信動画も見るし！\nで、将来は絶対『みのりちゃんはボクが育てた』って言うから！"
            ]
        },
        {
            "fileName": "017012_kanade01",
            "talks": [
                "それにしても、みのりちゃんキラキラしてたなぁ。\nいいよね、純粋っていうか\n力に満ちあふれてるっていうか！"
            ]
        }
    ]
}