{
    "mainStory": 0,
    "eventStory": 4,
    "cardStory": 11,
    "areaTalk": 0,
    "talkPacks": [
        {
            "fileName": "event_35_01",
            "talks": [
                "どういうことなのかは、\nまふゆが知っているんじゃないかしら"
            ]
        },
        {
            "fileName": "event_35_08",
            "talks": [
                "……ふふ。いいわね。\nまふゆの詞、早く読ませてほしいわ",
                "……まふゆはどうやら、\nまた少し新しい場所に辿り着けたみたいね"
            ]
        },
        {
            "fileName": "event_36_03",
            "talks": [
                "まふゆはそのライブを見てどう感じたの？"
            ]
        },
        {
            "fileName": "017012_kanade02",
            "talks": [
                "それって、まふゆが笑ったあの曲？",
                "だってまふゆは、\nそういう曲に何も感じなかったんでしょう？",
                "そうね。まふゆがこの曲に託した想いを、たしかに感じたわ"
            ]
        },
        {
            "fileName": "020012_mizuki01",
            "talks": [
                "まふゆが体調を崩す前に、\nどんな歌詞になるのか楽しみっていう話を\n瑞希がしていたでしょう？",
                "まふゆだけじゃなくて、\nあなた達のことも表現できるかもしれないって"
            ]
        },
        {
            "fileName": "024011_luka02",
            "talks": [
                "こんにちは、まふゆ、ミク",
                "……そういえば、\nどうして私達がセカイに現れるようになったのか、\nまふゆは知っているのかしら？",
                "ねえ、まふゆ。\n私を見て、私と話をして、何か感じるものはある？",
                "（必要なことを、まふゆがまだ感じられていなくて、\n何もできないでいるだけなのかもしれない）",
                "ねえ、まふゆ",
                "ありがとう、まふゆ。\n話せてよかった"
            ]
        }
    ]
}