{
    "mainStory": 8,
    "eventStory": 23,
    "cardStory": 31,
    "areaTalk": 9,
    "talkPacks": [
        {
            "fileName": "mmj_01_09",
            "talks": [
                "それに、愛莉ちゃんは本当はアイドルがだーい好きでしょ？"
            ]
        },
        {
            "fileName": "mmj_01_17",
            "talks": [
                "あ！　今日は愛莉ちゃんと雫ちゃんもいるっ！\n久しぶりー！　元気だった？",
                "えへへ、愛莉ちゃんが元気になってくれてよかった！\nやっぱりアイドルは、笑顔が一番っ♪",
                "あ！　愛莉ちゃんと雫ちゃんの想いも重なって、\nステージがどんどんキラキラしていってるよ！"
            ]
        },
        {
            "fileName": "vsmmj_01_03",
            "talks": [
                "もしかして、愛莉ちゃんや雫ちゃんも、遥ちゃんのために\nライブをしてくれるかもしれない……ってこと？",
                "たしかにそうだね。愛莉ちゃんと雫ちゃんがいてくれたら、\nもっと素敵なライブになりそう"
            ]
        },
        {
            "fileName": "vsmmj_01_04",
            "talks": [
                "愛莉ちゃん！　雫ちゃんも……！\n来てくれてたんだね",
                "それじゃあ、ライブの準備を始めよっか！\nさあ、愛莉ちゃん、ステージにレッツゴー！"
            ]
        },
        {
            "fileName": "event_05_05",
            "talks": [
                "あ、愛莉ちゃん！\n来てくれたんだっ♪",
                "……ねえ、もしかして愛莉ちゃん、元気ない？",
                "それに、いつも元気な愛莉ちゃんがそんな顔してたら\nわたしも気になっちゃうもん",
                "なんだかわからないけど\n愛莉ちゃんにとって、すごく大事なことなんだね",
                "愛莉ちゃんのことも、ここにいないみんなのことも\n明日の天気や夕飯のおかずだって\nぜーんぶお見通しだよっ",
                "愛莉ちゃんが、いつもの元気な愛莉ちゃんになれるように"
            ]
        },
        {
            "fileName": "event_05_06",
            "talks": [
                "愛莉ちゃん、どう？\n元気出た？",
                "そうかなぁ？\n愛莉ちゃんも、ちゃんとアイドルだよ？",
                "話すだけでも、愛莉ちゃんの気持ちが軽くなったら\nとっても嬉しいなって！",
                "あ、でも！　愛莉ちゃんがイヤなら無理には聞かないよ！\nすっごく、すっごーく気になるけど……！",
                "わたし、アイドルの愛莉ちゃんが大好きだもん",
                "ステージにいる愛莉ちゃんを見てると\nわたしも笑顔になって、一緒に踊りたくなっちゃうんだ",
                "もっともっと愛莉ちゃんのステージを見ていたいし、\n一緒に歌ったりもしたいの！",
                "でも、……ねえ、愛莉ちゃん。\nちょっと気になったんだけど",
                "ほら、このセカイも、たくさんのステージも、\n愛莉ちゃん達の想いでできてるでしょ？",
                "だから、愛莉ちゃん達は、どこからでも、\nどんな形でも、みんなに希望を届けられるって思う！"
            ]
        },
        {
            "fileName": "event_09_04",
            "talks": [
                "あっ！　愛莉ちゃんと、雫ちゃんも来てくれたんだね！",
                "愛莉ちゃん、がんばろうね！"
            ]
        },
        {
            "fileName": "event_09_05",
            "talks": [
                "わあ、愛莉ちゃんすごい！\nあっという間だったね！"
            ]
        },
        {
            "fileName": "event_31_05",
            "talks": [
                "あっ！　愛莉ちゃーん！\n来てくれてありがとう！"
            ]
        },
        {
            "fileName": "event_31_06",
            "talks": [
                "さすが愛莉ちゃんだね！\nどうしたらこんなこと思いつくの？",
                "……愛莉ちゃん？　どうしたの？",
                "愛莉ちゃん……"
            ]
        },
        {
            "fileName": "007010_airi02",
            "talks": [
                "愛莉ちゃん、おかえり！",
                "愛莉ちゃんをここで待ってたんだ♪\nねえ、何か光る玉みたいなのを見かけなかった？",
                "愛莉ちゃん、想いの欠片に触れてみて、\n何かいい発見はあった？"
            ]
        },
        {
            "fileName": "021003_miku01",
            "talks": [
                "わ、ありがとう、愛莉ちゃん！　気が利くー♪"
            ]
        },
        {
            "fileName": "022002_rin02",
            "talks": [
                "そんなことないよ！　ふたりとも、遥ちゃんと愛莉ちゃんの\nアドバイス通りにしたらできるようになってたよ！",
                "きっとふたりとも、遥ちゃんと愛莉ちゃんの背中に追いつきたくて\nがんばってるんだよ！"
            ]
        },
        {
            "fileName": "022003_rin01",
            "talks": [
                "さっきからこっち見てたの、愛莉ちゃんだったんだね。\nなんで隠れてたの？",
                "あはは、びっくりさせちゃってごめんね。\nでもわたし、愛莉ちゃんがまた来てくれて嬉しいな！",
                "……うん！　がんばって！　愛莉ちゃんっ！"
            ]
        },
        {
            "fileName": "022003_rin02",
            "talks": [
                "うん！　実はこのポーズ、愛莉ちゃんに教わったんだ",
                "愛莉ちゃんもすごいよね。\n指先の角度まで考えて、ピシっと完璧に踊っちゃうんだもん！"
            ]
        },
        {
            "fileName": "022005_rin01",
            "talks": [
                "愛莉ちゃん、\n元気になってくれたのはよかったけど、\nあれから大丈夫だったかなぁ",
                "うん、わたしもそう思うし、\n愛莉ちゃんを信じてるんだけど……",
                "で、でもでも！　ここで様子を見に行っちゃったら、\n愛莉ちゃんのこと信じてないみたいじゃない？",
                "そっか……！　ミクちゃん、\nわたし、愛莉ちゃんに会ってくる！",
                "『やっほー、愛莉ちゃん！』",
                "（今の愛莉ちゃん、すっごくキラキラしてるなぁ）",
                "『……ねえ、愛莉ちゃん。\nちょっとだけお願いがあるんだけど、いいかな？』",
                "『うん！　わたし、アイドルの愛莉ちゃんと\n歌ってみたくなったの！』",
                "『やったぁ！　ありがとう、愛莉ちゃん！』",
                "えへへ。愛莉ちゃんと歌えるの、楽しみだなぁ"
            ]
        },
        {
            "fileName": "022005_rin02",
            "talks": [
                "……愛莉ちゃん、まだかなぁ",
                "愛莉ちゃん！",
                "うんっ！　応援してくれるみのりちゃん達の\nためにも、全力で楽しもうね、愛莉ちゃん！",
                "……あれ？　ねえ、愛莉ちゃん。\n何か聞こえない？",
                "うん！　行こう、愛莉ちゃん！"
            ]
        },
        {
            "fileName": "024007_luka01",
            "talks": [
                "うん……。前に愛莉ちゃんが悩んでたの。\nアイドルをやるには『事務所』っていうのが必要だって",
                "その時、わたし言ったんだ。\n愛莉ちゃん達なら、どんな形でも希望を届けられるよって",
                "それで、愛莉ちゃん達は\n自分達でアイドルをやるって決めたみたいなんだけど……"
            ]
        },
        {
            "fileName": "024010_luka01",
            "talks": [
                "『そういえば、ルカちゃん。\n愛莉ちゃん達のほうにはまだ行かなくて大丈夫？』"
            ]
        },
        {
            "fileName": "024010_luka02",
            "talks": [
                "あれ？　愛莉ちゃんと雫ちゃんがいるー！"
            ]
        },
        {
            "fileName": "areatalk02_285",
            "talks": [
                "ありがとう！\nふふ。愛莉ちゃんって、お母さんみたいだね！"
            ]
        },
        {
            "fileName": "areatalk02_354",
            "talks": [
                "愛莉ちゃんってすごくしっかりしてるよね。\nもしかして、妹か弟がいたりする？",
                "普段は愛莉ちゃんがみのりちゃんにビシバシしてるのに？\nねえねえ、もっとその話聞かせて！"
            ]
        },
        {
            "fileName": "areatalk03_074",
            "talks": [
                "そっか。ふふ、愛莉ちゃんの\nそういうところかっこいいよね！"
            ]
        },
        {
            "fileName": "areatalk03_100",
            "talks": [
                "ねえねえ、愛莉ちゃん！\nアイドルの研究生ってどんなことするの？"
            ]
        },
        {
            "fileName": "areatalk03_103",
            "talks": [
                "あはは、さすが愛莉ちゃん！\nポジティブシンキングっていうやつだね！"
            ]
        },
        {
            "fileName": "areatalk03_104",
            "talks": [
                "愛莉ちゃん、聞いたよ～。\n愛莉ちゃんのレッスン、ものすごくスパルタなんだって？"
            ]
        },
        {
            "fileName": "areatalk_ev_idol_04_007",
            "talks": [
                "えへへ。実はあのセトリ、愛莉ちゃんが一緒に考えてくれたの！",
                "愛莉ちゃんはい～っぱいアイドルのこと研究してるから、\nライブのセトリを考えるコツとかにも詳しいんだよ♪"
            ]
        }
    ]
}