{
    "mainStory": 0,
    "eventStory": 16,
    "cardStory": 9,
    "areaTalk": 5,
    "talkPacks": [
        {
            "fileName": "event_07_02",
            "talks": [
                "（あ、あの空き教室にいるのって……類？）",
                "（類は、仲間ができたのか）"
            ]
        },
        {
            "fileName": "event_07_05",
            "talks": [
                "そこにいるの……類？"
            ]
        },
        {
            "fileName": "event_07_06",
            "talks": [
                "……なんで類がここにいるの？",
                "ところで、類、司って人がどこにいるか知らない？",
                "あの人、類の知りあいだよね。\n今日も一緒に喋ってたみたいだし",
                "ねえ、類",
                "さっき、空き教室で練習してる類を見かけたんだけどさ、\nすごく楽しそうに見えたよ",
                "今は、類も普通に楽しくやってるんだなってわかって、安心したよ",
                "神代？\nああ、あのよく噂になってる３年の……"
            ]
        },
        {
            "fileName": "event_07_07",
            "talks": [
                "類には、ちゃんと仲間ができたんだね。\nあの司って人とか、あと、一緒にいた女の子とかさ",
                "あーあ、類に先越されるとはな～。\n絶対ボクのほうがコミュ力高いのに～"
            ]
        },
        {
            "fileName": "event_22_01",
            "talks": [
                "わっ、類！？",
                "あ、ほら、呼ばれてるよ！\nじゃあまたね、類"
            ]
        },
        {
            "fileName": "event_22_08",
            "talks": [
                "『まあねー。でもみんな無事だったからよかったよ。\n類、ホントにありがとね』",
                "『はぁ。今日は疲れちゃったし、ボクもう寝るよ。\nまたね、類』"
            ]
        },
        {
            "fileName": "016009_rui01",
            "talks": [
                "ばいば～い♪\n類も、またね～！"
            ]
        },
        {
            "fileName": "020001_mizuki02",
            "talks": [
                "そうだよ。類は何してるの？"
            ]
        },
        {
            "fileName": "020006_mizuki01",
            "talks": [
                "中学の頃はボクも類も、\nああいう学校行事って全然参加してなくてさ。\nだいたい屋上でぼーっとしてたし",
                "類も、今は気のあう仲間と楽しそうにしてたしね"
            ]
        },
        {
            "fileName": "020008_mizuki02",
            "talks": [
                "類……",
                "アハハ……。\nなんで類が、屋上にいると思っちゃったんだろ……",
                "ちょっとちょっと～。\nボクがなんで類にウソつかないといけないわけ？"
            ]
        },
        {
            "fileName": "020009_mizuki02",
            "talks": [
                "（あれ？　類のドローンの音かと思ったんだけど、\n気のせいかな？）",
                "（ありがと、類）"
            ]
        },
        {
            "fileName": "areatalk02_131",
            "talks": [
                "おやおや？　そこにいるのは神代くんかな～？"
            ]
        },
        {
            "fileName": "areatalk_ev_shuffle_02_008",
            "talks": [
                "ねえねえ、司先輩や類がいるショーユニットって\nどんな感じのメンバーがいるの？",
                "たしか４人だよね。\n司先輩と類と、あとは類の幼馴染みの子と……"
            ]
        },
        {
            "fileName": "areatalk_ev_shuffle_02_009",
            "talks": [
                "あはは！　なにその厨二っぽいウワサ！\nいくら類でも、そんなこと……",
                "（類、うちの学校に転校してきてから……。\nいや、司先輩と出会ってから、思いっきり羽伸ばしてるなぁ）"
            ]
        }
    ]
}