{
    "mainStory": 30,
    "eventStory": 30,
    "cardStory": 52,
    "areaTalk": 8,
    "talkPacks": [
        {
            "fileName": "leo_01_00",
            "talks": [
                "うん。そうだよ。\n初めましてだね、一歌",
                "だから、私とルカは一歌に……\nううん、一歌とみんなに、本当の想いを見つけてほしいんだ",
                "うん。いるでしょ？　一歌には、大切な友達が",
                "大丈夫だよ、一歌",
                "一歌達はきっと、同じ想いを持ってる"
            ]
        },
        {
            "fileName": "leo_01_03",
            "talks": [
                "うん。ミクだよ。\nよろしくね、一歌",
                "それじゃ、セカイで待ってるよ。一歌"
            ]
        },
        {
            "fileName": "leo_01_04",
            "talks": [
                "やっと会えたね、一歌",
                "言ったでしょ？　一歌。\nバンドやってみないか、って"
            ]
        },
        {
            "fileName": "leo_01_05",
            "talks": [
                "だから、一歌達が本当の想いをちゃんと見つけられたら、\nその想いも歌になるんだ",
                "見つけられるといいね。\n一歌達の、本当の想い"
            ]
        },
        {
            "fileName": "leo_01_07",
            "talks": [
                "一歌。咲希。\nふたりとも、また来てくれたんだね"
            ]
        },
        {
            "fileName": "leo_01_10",
            "talks": [
                "……一歌と咲希、そろそろ来るかな",
                "一歌、今のフレーズいい感じ。\nもう一度やってみようか"
            ]
        },
        {
            "fileName": "leo_01_16",
            "talks": [
                "それは一歌が一生懸命練習したからだよ",
                "いらっしゃい。\n今日は一歌だけ？"
            ]
        },
        {
            "fileName": "leo_01_17",
            "talks": [
                "ふふっ。一歌の顔見たらわかるよ",
                "……一歌はもう、本当の想いを見つけられてるんだね",
                "じゃあ、一緒に考えようよ一歌。\n４人でバンドをやるためにどうすればいいのか"
            ]
        },
        {
            "fileName": "leo_01_19",
            "talks": [
                "それじゃあ一歌――、一緒に歌おう！"
            ]
        },
        {
            "fileName": "leo_01_20",
            "talks": [
                "……でも、次はどんな歌が一歌達から生まれるんだろう。\n楽しみだな"
            ]
        },
        {
            "fileName": "vsleo_01_01",
            "talks": [
                "……こほん。\n用意はいい？　一歌"
            ]
        },
        {
            "fileName": "vsleo_01_02",
            "talks": [
                "それじゃあまた来てね。\n一歌、咲希",
                "咲希は『絶対にあきらめない』って言ってくれたし、\n一歌も、あきらめてるようには見えなかった",
                "あ、でも……一歌と咲希はきっとまた来てくれるだろうけど、\n志歩と穂波は、どうしたらいいんだろう？",
                "一歌は一生懸命な音だったよね。\nみんなと昔みたいな時間を過ごせるように、って"
            ]
        },
        {
            "fileName": "vsleo_01_03",
            "talks": [
                "もしかして……一歌とケンカしたの？"
            ]
        },
        {
            "fileName": "vsleo_01_04",
            "talks": [
                "それに、一歌達は歌ができた後も、\nここに練習しに来てくれるしね",
                "一歌、咲希！　それに穂波に志歩も！\nいらっしゃい",
                "うん！　すごく一歌の想いが伝わってくるよ！"
            ]
        },
        {
            "fileName": "event_18_02",
            "talks": [
                "そうだね……。\n一歌は、練習は十分頑張ってると思うよ",
                "一歌なら、きっとできるよ"
            ]
        },
        {
            "fileName": "event_18_04",
            "talks": [
                "ふふ、特訓の成果が出たみたいだね、一歌",
                "どうする、一歌？\n教える？"
            ]
        },
        {
            "fileName": "event_18_06",
            "talks": [
                "一歌自身が答えを見つけて、\n自分の力で乗り越えたんだよ",
                "いらっしゃい、一歌。\n今日はひとり？"
            ]
        },
        {
            "fileName": "event_18_07",
            "talks": [
                "『一歌……』",
                "『ふふっ、大丈夫だよ。\n聴かせて。今の一歌の歌』",
                "（一歌と出会ってから……か）",
                "（初めて出会った時、一歌は悲しそうな顔をしてたな）",
                "（最初は一歌と咲希だけだったんだよね）",
                "（でも、あの時セカイに来た一歌の顔は、\nちょっと変わってた）",
                "（一歌は、本当の想いを見つけた）",
                "（穂波も、一歌の言葉で本当の想いを見つけて、歌が生まれた）",
                "（それに、一歌は……）",
                "（でも、それが一歌達の助けになるなら、\nこれからも一緒に歌って、一緒に悩んでいきたいな）",
                "『すごく良かったよ、一歌。\n特訓の成果が出てるみたい』"
            ]
        },
        {
            "fileName": "event_18_08",
            "talks": [
                "『いい時間をすごせたみたいだね、一歌』",
                "『一歌が自分の想いに気づいて、受け止めてあげたから。\nだから一歌はここまでこられたんだよ』",
                "『これからも、一歌の想いを大切にしてね』"
            ]
        },
        {
            "fileName": "event_20_01",
            "talks": [
                "そうだね。\nでも、一歌もそうだけど\nみんなも練習頑張ってるよね",
                "一歌、最近ずっと頑張ってたから"
            ]
        },
        {
            "fileName": "event_20_05",
            "talks": [
                "一歌、どうしたの？"
            ]
        },
        {
            "fileName": "event_27_08",
            "talks": [
                "頑張って、一歌。応援してるよ"
            ]
        },
        {
            "fileName": "event_33_04",
            "talks": [
                "歌詞は一歌が作ってるんだよね？\nどこまで進んでるの？"
            ]
        },
        {
            "fileName": "event_34_03",
            "talks": [
                "ねえ、一歌。\n歌詞はどれくらいできてるの？",
                "へえ……一歌、こんな詞を書くんだ",
                "うん、一歌の優しい気持ちが伝わってくるね"
            ]
        },
        {
            "fileName": "event_34_06",
            "talks": [
                "うん、一歌の優しい気持ちが伝わってくるね"
            ]
        },
        {
            "fileName": "event_36_06",
            "talks": [
                "うん。\n一歌、あとで私達にも聴かせてほしいな"
            ]
        },
        {
            "fileName": "001001_ichika02",
            "talks": [
                "やっと会えたね、一歌"
            ]
        },
        {
            "fileName": "001003_ichika02",
            "talks": [
                "ふふ。だってさ。\nじゃあ、今日もよろしくね、一歌"
            ]
        },
        {
            "fileName": "001004_ichika01",
            "talks": [
                "いらっしゃい、一歌",
                "ううん、全然。\n一歌が来てくれて嬉しいよ",
                "うん。落ちこんでる時は明るい曲もいいけど、\n今の一歌は静かな曲がいいんじゃないかなって思って",
                "うん。おやすみ、一歌"
            ]
        },
        {
            "fileName": "001007_ichika02",
            "talks": [
                "『一歌達、みんな楽しそうだね』"
            ]
        },
        {
            "fileName": "001011_ichika01",
            "talks": [
                "——だってさ、一歌",
                "あ、でも……逆に一歌が凝りに凝った歌詞っていうのも\nどういうのかちょっと気になるな",
                "ふふ。みんなの話を聞く感じ、\nたしかに一歌はそのままでも十分かっこいいね",
                "あ……一歌。まだ残ってたんだね",
                "一歌、ちょっと見せたいものがあるんだけど、\n一緒に来てくれない？",
                "きっと“誰か”の想いが、\nこのセカイを作っている一歌達の想いに\n引き寄せられたんだと思う",
                "ねえ一歌、それに触ってみてくれる？",
                "それに、さっき一歌が考えていたことの答えが\n見つかるかもしれないよ？"
            ]
        },
        {
            "fileName": "001011_ichika02",
            "talks": [
                "——一歌",
                "一歌、目を開けてみて",
                "どう？　実際に一歌達が流星群を見た公園と同じ？",
                "流星群をここで見た時、\n一歌達はジャングルジムに登ったんだよね",
                "うん。ここが一歌の思い出の中にある風景と似てるなら、\nきっと何か意味があるんじゃないかって",
                "それが、さっきの一歌の言葉でピンときたんだ",
                "一歌達自身は時とともに\n少しずつ変わってきてると思うけど……",
                "……一歌",
                "昔の一歌を知らない私が言うのは\nおかしいかもしれないけど",
                "それでも、昔の一歌のほうがすごかったなんて\n私は思わないかな",
                "だって一歌は、穂波や志歩と向きあって、\n本当の想いを見つけだしてくれた",
                "そうやって歩き続けてきた今の一歌が、\n昔の一歌に負けるなんて、全然思えないよ",
                "だって、今の一歌しか持ってないものだって、\nいっぱいあるはずだから",
                "うん。期待してるよ、一歌"
            ]
        },
        {
            "fileName": "002010_saki02",
            "talks": [
                "あ……たしかにそうかも。\nけど一歌達なら、その心配はいらないかもね"
            ]
        },
        {
            "fileName": "003011_honami02",
            "talks": [
                "ありがとう、一歌"
            ]
        },
        {
            "fileName": "021002_miku01",
            "talks": [
                "咲希、一歌！　いらっしゃい",
                "うん。一歌達がよければ、\nいつでも、どんな風に呼んでくれてもいいよ"
            ]
        },
        {
            "fileName": "021002_miku02",
            "talks": [
                "一歌や咲希とは何度かセッションしてるけど、\nふたりとはなかなかやる機会なかったしね"
            ]
        },
        {
            "fileName": "021013_miku01",
            "talks": [
                "うん、一歌に誘われてね。\nすごく綺麗だったよ",
                "（この前、一歌と見た桜はすごく綺麗だった。\nだからルカとメイコにも、絶対見てほしい）"
            ]
        },
        {
            "fileName": "021013_miku02",
            "talks": [
                "（よかった。一歌達が楽しそうで……）",
                "『うん。一歌が秘密の特訓を始めたのも、\nそれが理由だし』",
                "『一歌は、志歩が思いきり演奏を楽しめないのは\n自分達が志歩の望むレベルに\n届いてないからって思ってるみたい』",
                "うん。綺麗な桜を見れたし、\n一歌達はずっと楽しそうだったし、本当によかった"
            ]
        },
        {
            "fileName": "021015_miku02",
            "talks": [
                "前に、ここで一歌達がプラネタリウムごっこやったり、\n誕生日パーティーしたりしてたんだ"
            ]
        },
        {
            "fileName": "021016_miku02",
            "talks": [
                "一歌ちゃん"
            ]
        },
        {
            "fileName": "024003_luka01",
            "talks": [
                "……一歌は、目の前に本当の想いがあるのに、\nなかなか気づけないでいるもんね",
                "もし、一歌が手を伸ばしても、\n届かないくらい穂波が遠くにいるなら……"
            ]
        },
        {
            "fileName": "024005_luka02",
            "talks": [
                "一歌たちもどんどん上達してるからね。\n私も負けられないなって思って",
                "そういえば一歌達、いろいろなところに\n遊びに行く計画を立ててるみたいだよ",
                "まだまだ、一歌達はこれからが本番って感じだね",
                "うん。一歌達は大切な後輩だから"
            ]
        },
        {
            "fileName": "025007_meiko02",
            "talks": [
                "バンドを勧めたのは私達だけど、\n一歌達はちゃんと自分達で本当の想いを見つけてくれた",
                "まあね！　だって、一歌達だもん"
            ]
        },
        {
            "fileName": "025009_meiko02",
            "talks": [
                "それは……一歌達にもう１回聞かれた時に\nなんて言えば伝わるか、いろいろ考えてて——",
                "だって、一歌達が頑張って考えて、\n自分達の力だけで解決したってことなんだから"
            ]
        },
        {
            "fileName": "areatalk02_308",
            "talks": [
                "一歌、いい歌詞は出来た？"
            ]
        },
        {
            "fileName": "areatalk02_346",
            "talks": [
                "ねえ、ルカ。一歌達とセカイ探検をしようと\n思うんだけど、一緒に来る？",
                "一歌達にも伝えておかなくちゃ！"
            ]
        },
        {
            "fileName": "areatalk03_055",
            "talks": [
                "へぇ……。あ、そっか。\n一歌達にアドバイスしてあげられるように、だね"
            ]
        },
        {
            "fileName": "areatalk_ev_shuffle_06_008",
            "talks": [
                "私は別に……。一歌が頑張った結果だよ",
                "えっ！　い、一歌まで何言ってるの？\nもう……"
            ]
        },
        {
            "fileName": "areatalk_ev_shuffle_06_009",
            "talks": [
                "それはもちろん。一歌と咲希、両方じゃない？"
            ]
        },
        {
            "fileName": "areatalk_ev_shuffle_06_010",
            "talks": [
                "ねえ、一歌達が次に練習したいって言ってた曲、\n私達も練習しておかない？"
            ]
        }
    ]
}