{
    "mainStory": 0,
    "eventStory": 3,
    "cardStory": 5,
    "areaTalk": 0,
    "talkPacks": [
        {
            "fileName": "event_19_05",
            "talks": [
                "特にあの子——瑞希は、大きな想いを抱えているみたいだから"
            ]
        },
        {
            "fileName": "event_19_06",
            "talks": [
                "……瑞希？",
                "瑞希は、まふゆを——あの子達を大切に思っているのね"
            ]
        },
        {
            "fileName": "025008_meiko01",
            "talks": [
                "……瑞希よ",
                "そのきっかけになったり、影響を与えているのがあの３人。\n奏と絵名と、瑞希……"
            ]
        },
        {
            "fileName": "025008_meiko02",
            "talks": [
                "…………。\n瑞希、いなかったわね",
                "……そういえば、瑞希は前に\n『自分はまふゆに似てる』って言っていたのよね？",
                "瑞希も、本当の自分を探しているのかしら"
            ]
        }
    ]
}