{
    "mainStory": 0,
    "eventStory": 3,
    "cardStory": 4,
    "areaTalk": 0,
    "talkPacks": [
        {
            "fileName": "event_08_07",
            "talks": [
                "『ええ。でも、私のことは気にしないで大丈夫よ。\n今はあなた――寧々ちゃんが元気になったことが一番大事なこと\nなんだから！』",
                "みんな！　寧々ちゃんも一緒に歌っていいかしら？",
                "それじゃあ、オープニングのナンバーを歌うのはどうかしら？\n４人で歌うから、寧々ちゃんと、カイトと私と、あとは……"
            ]
        },
        {
            "fileName": "015007_nene02",
            "talks": [
                "『寧々ちゃんが元気になったことが一番大事なこと\nなんだから！』"
            ]
        },
        {
            "fileName": "025006_meiko02",
            "talks": [
                "寧々ちゃんはどう？"
            ]
        },
        {
            "fileName": "026010_kaito02",
            "talks": [
                "『仕方ないわ。ルカ、カイトがいる\n寧々ちゃんのスマホに行きましょ？』",
                "『そうそう！　寧々ちゃんのあのアドリブね！\n頑張ったわね、寧々ちゃん』"
            ]
        }
    ]
}