{
    "mainStory": 8,
    "eventStory": 23,
    "cardStory": 38,
    "areaTalk": 15,
    "talkPacks": [
        {
            "fileName": "street_01_02",
            "talks": [
                "あら？　ミク、どこかに行ってたの？\nそれに、なんだかずいぶん嬉しそうね"
            ]
        },
        {
            "fileName": "street_01_06",
            "talks": [
                "ミク、今そこの通りに誰か来たような\n感じがしたんだけど……あら！"
            ]
        },
        {
            "fileName": "vsstreet_01_01",
            "talks": [
                "あら、ミク。いらっしゃい。\nまた手伝いに来てくれたのね",
                "もちろんよ。そうだ、ちょうど昨日新メニューを作ってみたから、\nよかったら、ミクにも味見を——",
                "じゃあ今度、私からレンも連れて行ってって\nミクにお願いしてみるわ",
                "そう言ってもらえて嬉しいわ。\nミクの話は、また改めて聞きましょうね"
            ]
        },
        {
            "fileName": "vsstreet_01_02",
            "talks": [
                "ふふ、確かにミクの言う通りね。\nそれに、無理をしたら、どんなことも長続きしないわ"
            ]
        },
        {
            "fileName": "vsstreet_01_04",
            "talks": [
                "ありがとう、ミク。\nじゃあ次はテーブルを拭いてもらって……"
            ]
        },
        {
            "fileName": "event_06_08",
            "talks": [
                "ありがとう。もうすぐミクと一緒に来ると思うわ"
            ]
        },
        {
            "fileName": "event_08_07",
            "talks": [
                "『ミクから元気のない子がいるって聞いちゃったからついね。\n落ちこんでる時こそショーでしょう？』"
            ]
        },
        {
            "fileName": "event_09_07",
            "talks": [
                "さすがね、ミク",
                "ええ、そうみたい。\nミクと一緒に組んでるからかしら？"
            ]
        },
        {
            "fileName": "event_09_09",
            "talks": [
                "これって……ミクが持ってた大型ネット？"
            ]
        },
        {
            "fileName": "event_10_06",
            "talks": [
                "あれ、ミク。なんか拗ねてる？",
                "あはは。ミクってば、すっかりいい先輩じゃん"
            ]
        },
        {
            "fileName": "event_12_01",
            "talks": [
                "ええ、お願い。\nいつもありがとうね、ミク"
            ]
        },
        {
            "fileName": "event_12_05",
            "talks": [
                "あら、ミク。何をしてるの？"
            ]
        },
        {
            "fileName": "event_18_06",
            "talks": [
                "へえ。だいぶ上達したね、ミク",
                "あはは、咲希が話してたからね。\n一歌がみんなに内緒でミクと秘密の特訓してるらしい、って",
                "普通は、短期間であんなにガラっとは変わらないよね。\nねえミク、どんな特訓したの？",
                "えっ、ミクそんなことしてたの？",
                "あ、ごめんねミク。\nちょっとからかいすぎちゃったね",
                "——あ。ミク、どうやら後輩が来たみたいだよ"
            ]
        },
        {
            "fileName": "event_19_02",
            "talks": [
                "あなた達に手を貸すのはミクやリンで十分でしょう"
            ]
        },
        {
            "fileName": "event_20_01",
            "talks": [
                "ミクとの『秘密の特訓』のおかげかな？"
            ]
        },
        {
            "fileName": "event_23_02",
            "talks": [
                "次はミク達と一緒に最高のライブをやるから、\nまた見に来てねっ！",
                "ミク達から話は聞いてるわ。\nメイコよ、よろしくね♪",
                "ミク達と同じように仲良くしてくれると嬉しいわ"
            ]
        },
        {
            "fileName": "event_23_03",
            "talks": [
                "でもミク達からは、遥ちゃんはいつもみんなの練習を見てるし、\n学校の成績もすごくいいって聞いたわよ？"
            ]
        },
        {
            "fileName": "event_27_02",
            "talks": [
                "あははっ、仲間が増えなくて残念だったね。\nミクぴょん"
            ]
        },
        {
            "fileName": "event_28_04",
            "talks": [
                "ええ。ミクはフラっと外に行って、\nレンとリンはカイトと遊びに行ってるのよ。\nそういうわけでいつもより静かだから、のんびりしていってね"
            ]
        },
        {
            "fileName": "001007_ichika01",
            "talks": [
                "ねえ、そのお花見なんだけど、\nミクやルカにも話していい？"
            ]
        },
        {
            "fileName": "009003_kohane01",
            "talks": [
                "ミクとレンの分も、すぐに用意するわね"
            ]
        },
        {
            "fileName": "021012_miku02",
            "talks": [
                "ええ。手伝ってくれてありがとう、ミク。\nそれにしても……",
                "でもミクだって、\nなんだかしみじみとしてるって感じよ？",
                "あ、もしかしてミクは\nちょっと予想がついてたりするのかしら？",
                "そんな想像をするのは、ミク自身も、\nあの子達に自分のライバルでいてほしいからじゃない？"
            ]
        },
        {
            "fileName": "021013_miku01",
            "talks": [
                "あ、いたいた！\nミク、練習中悪いんだけどちょっといい？"
            ]
        },
        {
            "fileName": "021013_miku02",
            "talks": [
                "ミクが作った“てるてるルカ”のおかげかな？"
            ]
        },
        {
            "fileName": "021015_miku02",
            "talks": [
                "たしかに！　ね、ミクぴょん！"
            ]
        },
        {
            "fileName": "021017_miku01",
            "talks": [
                "ミク、いらっしゃい。\nみんなとの練習終わったの？",
                "珍しいわね、ミクがそんな風にうなってるなんて。\nはい、カフェオレよ"
            ]
        },
        {
            "fileName": "022004_rin01",
            "talks": [
                "ミク？　そうね、最近はこはね達の歌を聴いて、\nアドバイスしたりしてるわね"
            ]
        },
        {
            "fileName": "023005_len01",
            "talks": [
                "もともと、私とミクで試食するつもりだったから、\n材料がふたり分しかないの"
            ]
        },
        {
            "fileName": "023006_len01",
            "talks": [
                "ありがとう、ふたりとも。\n今日はミクの代わりによろしくね"
            ]
        },
        {
            "fileName": "023006_len02",
            "talks": [
                "ふふ。私もまだ知らないんだけど、\nミクには何か考えがあるみたいなの"
            ]
        },
        {
            "fileName": "024008_luka01",
            "talks": [
                "ふふ。ぬいぐるみ達に、\nミク達が連れて来てくれるって聞いたんだけど、\nすぐに会いたくてこっちから迎えに来ちゃった！"
            ]
        },
        {
            "fileName": "025003_meiko01",
            "talks": [
                "あら、ミク。\nいらっしゃい",
                "ふふ、じゃあミクにもこの作業をお願いするわね",
                "そうね……ミクには白いのと、\n大きさが違うのを頼んでもいい？",
                "あら優しい。そんなミクには、手伝ってくれたお礼に、\nあとで、特別ブレンドをごちそうするわね"
            ]
        },
        {
            "fileName": "025003_meiko02",
            "talks": [
                "本当？　ありがとう、ミク！"
            ]
        },
        {
            "fileName": "025005_meiko02",
            "talks": [
                "あら。いらっしゃい、ミク",
                "あら？　もしかしてミク、知ってたの？",
                "ふふ。じゃあ、ミクの信じた結果になったわね"
            ]
        },
        {
            "fileName": "025006_meiko01",
            "talks": [
                "ミク、レン、こんにちは！\nあ、はじめましてのほうがいいのかしら？",
                "それにもみの木といったらクリスマスの定番でしょ？\n本物のクリスマスツリーを見たら、ミク達も喜ぶわよ！"
            ]
        },
        {
            "fileName": "025006_meiko02",
            "talks": [
                "私？　もちろん、ミク達と一緒にすごしたわ。\nそれに、ぬいぐるみ達も一緒だったから、\n勢いでパレードまでしちゃった！"
            ]
        },
        {
            "fileName": "025007_meiko01",
            "talks": [
                "それに、演奏中にミスしたとしても、\nミクやルカならフォローしてくれるって信じてるし"
            ]
        },
        {
            "fileName": "025008_meiko01",
            "talks": [
                "だからこそ、私はあの子達を\nミク達とは違う観点で、見守ろうと思うの",
                "まふゆは本当の想いを見つけて、\n少しずつだけど変化も見せてる。\n……そうでしょ、ミク"
            ]
        },
        {
            "fileName": "025010_meiko01",
            "talks": [
                "あら、ミク、リン、ルカ！\nみんなから会いに来てくれるなんて嬉しいわ！",
                "ありがとう、ミク！\nみんなも楽しんでくれた？"
            ]
        },
        {
            "fileName": "025010_meiko02",
            "talks": [
                "ええ、もちろん。\nミクからみんなと練習するって聞いたから来ちゃった♪"
            ]
        },
        {
            "fileName": "025011_meiko02",
            "talks": [
                "それを見て、ミクもリンもレンも刺激を受けて、\n負けないようにって毎日練習を頑張っているのよ"
            ]
        },
        {
            "fileName": "025012_meiko02",
            "talks": [
                "ミクとルカじゃない！　お疲れさま♪"
            ]
        },
        {
            "fileName": "026009_kaito01",
            "talks": [
                "ん？　あら、カイトにミク！\n様子を見に来てくれたの？"
            ]
        },
        {
            "fileName": "026010_kaito02",
            "talks": [
                "『ミクとリンとレンが、えむちゃんのスマホで一緒に\n遊んだって言ってたから、大丈夫よ♪』",
                "『お礼なら、ミクに言ってあげなくっちゃ♪』"
            ]
        },
        {
            "fileName": "areatalk02_411",
            "talks": [
                "ええ。今日はミクからリクエストをもらっていたから"
            ]
        },
        {
            "fileName": "areatalk03_131",
            "talks": [
                "ふふ、ミクがマスターしたい歌があるって、\nちょっと前からずーっと練習してるみたい"
            ]
        },
        {
            "fileName": "areatalk03_147",
            "talks": [
                "ええ。でも、決める前には\nミクやリンに意見を聞くこともあったわ"
            ]
        },
        {
            "fileName": "areatalk03_150",
            "talks": [
                "実はね、ミクがどーしても気になるって言うから、\n私達で描き直したの"
            ]
        },
        {
            "fileName": "areatalk_ev_band_02_002",
            "talks": [
                "あ。ギターの音がする。ミクがどこかで練習してるんだ"
            ]
        },
        {
            "fileName": "areatalk_ev_band_02_005",
            "talks": [
                "そうなの？　よく音楽を聴いてるみたいって\nミクが言ってたから、詳しいんだと思ってた"
            ]
        },
        {
            "fileName": "areatalk_ev_band_02_012",
            "talks": [
                "なるほど。このセカイでは一歌達はミクやルカの後輩なんだ",
                "えー。そんなことないですよ、ミク先輩♪"
            ]
        },
        {
            "fileName": "areatalk_ev_shuffle_06_008",
            "talks": [
                "へえ、アドバイスね……。\nやるじゃない、ミク先輩？"
            ]
        },
        {
            "fileName": "areatalk_ev_special_01_003",
            "talks": [
                "……ミク、本当に大丈夫？"
            ]
        },
        {
            "fileName": "areatalk_ev_street_05_007",
            "talks": [
                "ごめんね。ミクのサンドイッチ作りに協力してもらっちゃって。\nまさか、あんなに不器用だと思わなくて……",
                "でも、今まで興味を持たなかった料理をやってみたいだなんて、\nきっとミクも、あの子達から影響を受けてるのね"
            ]
        },
        {
            "fileName": "areatalk_ev_wonder_02_002",
            "talks": [
                "ミクやカイト達だけじゃなくて、レンやリンもいるのね！"
            ]
        },
        {
            "fileName": "areatalk_ev_wonder_02_006",
            "talks": [
                "ええ。ミクやカイト、それにえむちゃん達のね"
            ]
        },
        {
            "fileName": "areatalk_ev_wonder_02_013",
            "talks": [
                "ミクもえむちゃんもすごいわよね。\n側転とかバク宙とかを軽々やれるなんて"
            ]
        }
    ]
}