{
    "mainStory": 0,
    "eventStory": 9,
    "cardStory": 12,
    "areaTalk": 5,
    "talkPacks": [
        {
            "fileName": "event_04_04",
            "talks": [
                "部活以外で１年生の子と話せるなんて嬉しいな。\nよろしくね、鳳さん",
                "——ありがとう。鳳さんと一緒に頑張るね",
                "鳳さん？　どうかしたの？",
                "鳳さんの友達？"
            ]
        },
        {
            "fileName": "event_04_05",
            "talks": [
                "……鳳さん、今日は頑張ろうね",
                "鳳さん、ペース大丈夫？",
                "お疲れさま、鳳さん。\n１位を取れたのは鳳さんのおかげだよ、ありがとう"
            ]
        },
        {
            "fileName": "event_04_06",
            "talks": [
                "鳳さん……！"
            ]
        },
        {
            "fileName": "event_04_07",
            "talks": [
                "……負けちゃったか。\n鳳さん、やっぱり足が速いな"
            ]
        },
        {
            "fileName": "018006_mafuyu01",
            "talks": [
                "鳳さんだよ",
                "こんにちは、鳳さん。\nスキップまでして、とっても楽しそうだね",
                "（部活の子達はまぶしそうに私のことを見てくるけど、\n鳳さんは全然違う……）",
                "……ねえ、鳳さん",
                "あ、そうだ。友達から聞いたよ。\nこの間の体育祭、みんなが楽しめるように\n鳳さんがいろいろ提案してくれたって",
                "（鳳さんは、私のことなんて何も知らないはずなのに）"
            ]
        },
        {
            "fileName": "018006_mafuyu02",
            "talks": [
                "鳳さん、ペース大丈夫？",
                "（鳳さんには、\n私が『いい子』に見えてないのかもしれない……）",
                "お疲れさま、鳳さん。\n１位を取れたのは鳳さんのおかげだよ、ありがとう"
            ]
        },
        {
            "fileName": "018010_mafuyu01",
            "talks": [
                "鳳さん？",
                "ふふ。鳳さんは、今日も元気だね。\n私にその元気をわけてくれようとしたのかな？"
            ]
        },
        {
            "fileName": "019011_ena02",
            "talks": [
                "『そういえばあの感じ、鳳さんみたいだったな』"
            ]
        },
        {
            "fileName": "areatalk_ev_shuffle_01_007",
            "talks": [
                "鳳さんって、ときどき私に怯えているような時があるけど、\nあれはどうして？",
                "そう。でも、鳳さんなら……",
                "先輩とか後輩とかあんまり気にしないで、\n鳳さんらしく、話しかけてくれると嬉しいな"
            ]
        },
        {
            "fileName": "areatalk_ev_shuffle_01_008",
            "talks": [
                "あ。鳳さん、こんにちは。\nあなたも、これから部活？"
            ]
        },
        {
            "fileName": "areatalk_ev_shuffle_01_009",
            "talks": [
                "そういえば鳳さんって、\n遊園地のショーキャストをしてるんだよね"
            ]
        }
    ]
}