{
    "mainStory": 0,
    "eventStory": 2,
    "cardStory": 1,
    "areaTalk": 1,
    "talkPacks": [
        {
            "fileName": "event_10_02",
            "talks": [
                "これからは、メイコさんとも一緒に練習できるってこと？"
            ]
        },
        {
            "fileName": "event_10_08",
            "talks": [
                "メイコさーん、ほなちゃーん！\nそろそろ音合わせるよー！"
            ]
        },
        {
            "fileName": "025009_meiko01",
            "talks": [
                "メイコさん、おやすみなさい。\nほなちゃんといっちゃんも"
            ]
        },
        {
            "fileName": "areatalk_ev_band_02_006",
            "talks": [
                "メイコさんくらいのショートヘアでも\n十分アレンジできますよ！　ちょっと試してみますか？"
            ]
        }
    ]
}