{
    "mainStory": 2,
    "eventStory": 0,
    "cardStory": 1,
    "areaTalk": 3,
    "talkPacks": [
        {
            "fileName": "mmj_01_03",
            "talks": [
                "『それに遥ちゃん、愛莉ちゃん、雫ちゃんだよね。\n全員そろってくれててよかった！　よろしくね♪』"
            ]
        },
        {
            "fileName": "vsmmj_01_03",
            "talks": [
                "みのりちゃんがライブをやりたいって話をしたら、きっと\n愛莉ちゃんと雫ちゃんもステージに立ってくれる気がするんだ"
            ]
        },
        {
            "fileName": "005003_minori01",
            "talks": [
                "『明日のステージには、愛莉ちゃんや雫ちゃんがいるよ。\nわたしや、リンちゃんだっている』"
            ]
        },
        {
            "fileName": "areatalk03_115",
            "talks": [
                "雫ちゃんのダンスはのびやかでとってもきれいだね"
            ]
        },
        {
            "fileName": "areatalk03_116",
            "talks": [
                "うーん。雫ちゃん、どう思う？",
                "なるほど！　雫ちゃん、ありがとう！"
            ]
        }
    ]
}