{
    "mainStory": 1,
    "eventStory": 3,
    "cardStory": 3,
    "areaTalk": 4,
    "talkPacks": [
        {
            "fileName": "vsstreet_01_04",
            "talks": [
                "助かる。メイコさんとミクに間に入ってもらえるなら、\nオレとこいつのどっちが正しいか、公平に判断できるな"
            ]
        },
        {
            "fileName": "event_21_01",
            "talks": [
                "（メイコさんはあれで結構やるっつってたけど、\n正直、ヘラヘラしてるっつーか……）"
            ]
        },
        {
            "fileName": "event_24_01",
            "talks": [
                "（ったく、朝の自主練が一段落したから、\nメイコさんのカフェで一息つくところだったってのに）",
                "それなら、あっちに行くか？\n新しいメニュー増やしたってメイコさんが言ってただろ。\nちょっと食ってみたいのがあるんだよな"
            ]
        },
        {
            "fileName": "011006_akito02",
            "talks": [
                "じゃ、今日もメイコさんのとこに行くか"
            ]
        },
        {
            "fileName": "011007_akito02",
            "talks": [
                "（……ったく。メイコさんも謙さんも……）"
            ]
        },
        {
            "fileName": "023006_len01",
            "talks": [
                "珍しいな。今日はミクじゃなくて、\nふたりがメイコさんの手伝いなのか"
            ]
        },
        {
            "fileName": "areatalk03_134",
            "talks": [
                "なあ、メイコさん。ちょっといいか？"
            ]
        },
        {
            "fileName": "areatalk03_173",
            "talks": [
                "そうだな。けど、そう考えるとメイコさん大変だな。\n店の切り盛りに、こういう設備の手入れまでしてるなんて"
            ]
        },
        {
            "fileName": "areatalk_ev_street_02_005",
            "talks": [
                "ミクとかメイコさんみたいに落ち着いてねえし、\nわがままだし……"
            ]
        },
        {
            "fileName": "areatalk_ev_street_04_007",
            "talks": [
                "で、メイコさんには冷蔵庫の物使うって、\nちゃんと言ってあるんすか？"
            ]
        }
    ]
}