{
    "mainStory": 0,
    "eventStory": 3,
    "cardStory": 8,
    "areaTalk": 3,
    "talkPacks": [
        {
            "fileName": "event_14_06",
            "talks": [
                "（あれって、バーチャル・シンガーのリン……？\nでも、どうしてここにいるの？）",
                "……リン？",
                "なのに……リンが歌うのを聴いたら……"
            ]
        },
        {
            "fileName": "019007_ena01",
            "talks": [
                "ありがとう、リン……"
            ]
        },
        {
            "fileName": "022007_rin02",
            "talks": [
                "あ、リン……",
                "リンが歌ってくれた歌でもあるから、\n見てもらいたくて",
                "……ふふっ、ありがと。\nこの絵を描けたのは、リンのおかげかな",
                "リン……",
                "ま、リンが言うならそうなのかも",
                "……ねえ、リンってさ",
                "リンは、これからもこのセカイにいるの？"
            ]
        },
        {
            "fileName": "areatalk_ev_night_02_008",
            "talks": [
                "リン……？　もしかして、慰めてくれてる？"
            ]
        },
        {
            "fileName": "areatalk_ev_shuffle_09_003",
            "talks": [
                "うん。ちょっとリンに見せたい絵があって！\nふふ、これなんだけど……"
            ]
        },
        {
            "fileName": "areatalk_ev_shuffle_12_009",
            "talks": [
                "ほんとだね。でもリンが来て、メイコが来て、ルカが来て……。\nそのたびに、なんだかんだあったなぁ"
            ]
        }
    ]
}