{
    "mainStory": 0,
    "eventStory": 22,
    "cardStory": 42,
    "areaTalk": 5,
    "talkPacks": [
        {
            "fileName": "event_04_01",
            "talks": [
                "はるかちゃーん、今から時間ある？",
                "はるかちゃんは？\nなんの競技に出るか、もう決めてる？",
                "そうだ！\nはるかちゃん、実行委員やってみない？",
                "はるかちゃんの負担にはならないと思うから……。\nよかったら、一緒にやりたいな！",
                "やったー！　ありがとう、はるかちゃん！"
            ]
        },
        {
            "fileName": "event_04_02",
            "talks": [
                "……はるかちゃん。ごめんね",
                "えっ、はるかちゃん！？"
            ]
        },
        {
            "fileName": "event_04_03",
            "talks": [
                "そういえばはるかちゃん、最近遅くまで\n残ってるみたいだったけど……\nえむちゃんと競技を考えてたんだね",
                "はるかちゃん、これ！\n参加者リストだよ",
                "みんな、はるかちゃんとえむちゃんが\nがんばってるから、自分もって思ってくれたみたいだよ"
            ]
        },
        {
            "fileName": "event_04_06",
            "talks": [
                "アタシ達も応援してるね、はるかちゃん！",
                "はるかちゃん、ファイトー！！",
                "すごいすごい！\nはるかちゃんかっこいい〜！"
            ]
        },
        {
            "fileName": "event_04_07",
            "talks": [
                "はるかちゃん、すごかったね！\nアタシ感動しちゃった！",
                "あ。はるかちゃん、目がウルウルしてる",
                "……うう、なんだかアタシも泣いちゃいそう……！\nよかったね、はるかちゃん……！"
            ]
        },
        {
            "fileName": "event_04_08",
            "talks": [
                "はるかちゃーん！",
                "それより、はるかちゃんって、\nこのあと時間ある？",
                "もちろん！　ていうか、今日の『Ｃ組一番がんばったで賞』は\nはるかちゃんだし"
            ]
        },
        {
            "fileName": "event_30_08",
            "talks": [
                "はるかちゃん、アタシのアシスタント姿、\nちゃーんと見てくれた？"
            ]
        },
        {
            "fileName": "event_34_01",
            "talks": [
                "はるかちゃん、おはよー！",
                "え？　はるかちゃんもそうなの？"
            ]
        },
        {
            "fileName": "001001_ichika02",
            "talks": [
                "あのね、はるかちゃんがミクちゃんに興味があるんだって！",
                "だからミクちゃんのこと教えてあげたら、\nはるかちゃんの悩みもなんとかできるかな、って",
                "うん。あと、ちょっとだけ気になったんだけど……。\nはるかちゃん、ミクちゃんに会ったって言いかけてなかった？",
                "ねえねえ。アタシも\nはるかちゃんが聴いてた曲、聴きた～い！"
            ]
        },
        {
            "fileName": "001010_ichika02",
            "talks": [
                "はるかちゃん、おはよ～！",
                "プロとして活躍してるはるかちゃん達が、\nいつかアタシ達のライブを見に来るかもしれないんだ！"
            ]
        },
        {
            "fileName": "002001_saki01 #59",
            "talks": [
                "ねえねえ、いっちゃん、はるかちゃん、\n今日は天気もいいし、屋上でご飯食べない？"
            ]
        },
        {
            "fileName": "002001_saki01",
            "talks": [
                "ねえねえ、いっちゃん、遥ちゃん、\n今日は天気もいいし、屋上でご飯食べない？"
            ]
        },
        {
            "fileName": "002006_saki01",
            "talks": [
                "けどそれができたのは、はるかちゃんや\nえむちゃんが、一緒にがんばってくれたおかげなの！",
                "あ……はるかちゃん達、\n今日も居残りで作業するの？",
                "でもそのためには……はるかちゃんやえむちゃんに\n頼っちゃうこととかもあるかもしれなくて……",
                "えへへ。じゃあアタシも、\nちゃんとはるかちゃんの力になれたってことかな？"
            ]
        },
        {
            "fileName": "002010_saki01",
            "talks": [
                "はるかちゃん、たっだいま～♪",
                "ねえねえ、はるかちゃんは\n今までい～っぱいライブしてきたんだよね！\nライブって……えっと、どんな感じ！？",
                "えっ、はるかちゃんが緊張？"
            ]
        },
        {
            "fileName": "006001_haruka01 #304",
            "talks": [
                "おはよ！　遥ちゃん！\n何か探してるみたいだけど、どうかしたの？",
                "遥ちゃん、ペンギンが好きなの？",
                "遥ちゃんみたいなアイドルの人も水族館って行くんだね",
                "実はちょっとだけ、どう話しかけたらいいんだろうって\n思ってたけど……。\n遥ちゃんもクラスメイトのひとりなんだなーって！",
                "ねえねえ、アタシもっと遥ちゃんと話したいな！\n良かったら今日のお昼、一緒に食べない？"
            ]
        },
        {
            "fileName": "006001_haruka01",
            "talks": [
                "おはよ！　はるかちゃん！\n何か探してるみたいだけど、どうかしたの？",
                "はるかちゃん、ペンギンが好きなの？",
                "はるかちゃんみたいなアイドルの人も\n水族館って行くんだね",
                "実はちょっとだけ、どう話しかけたらいいんだろうって\n思ってたけど……。\nはるかちゃんもクラスメイトのひとりなんだなーって！",
                "ねえねえ、アタシもっとはるかちゃんと話したいな！\n良かったら今日のお昼、一緒に食べない？"
            ]
        },
        {
            "fileName": "006001_haruka02",
            "talks": [
                "あ、そうそう！　はるかちゃんは、何を買ったの？",
                "そういえば、はるかちゃんは食事制限してるって\nテレビのインタビューか何かで見たかも",
                "はるかちゃん……"
            ]
        },
        {
            "fileName": "006005_haruka01",
            "talks": [
                "あ！　あの時はるかちゃん、みのりちゃんに\n唐揚げ、あ～んしてあげてたね",
                "はるかちゃん……",
                "はるかちゃんやえむちゃんと一緒に実行委員できて、\n最っ高な、青春の１ページができたんだもん！",
                "だからはるかちゃん、アタシのほうこそ\n一緒に実行委員やってくれて、ありがとう！"
            ]
        },
        {
            "fileName": "006009_haruka01",
            "talks": [
                "あっ！　はるかちゃん、発見！\nおっはよー！",
                "ふっふっふっ。いいことがあるかもしれないのは、\nはるかちゃんのほうだよ",
                "はるかちゃんにも見せてあげるね！\nえーっと、昨日スクショしたんだけど……",
                "あった！　これだよ、はるかちゃん！",
                "でしょでしょ～！\nはるかちゃん、絶対好きだと思ったんだー！"
            ]
        },
        {
            "fileName": "006011_haruka02",
            "talks": [
                "あっ、はるかちゃん！　おはよう！",
                "す、すごい……！\nさすが、はるかちゃん！",
                "はるかちゃんも、本当にありがとう！\nみのりちゃん、しずく先輩もありがとうございました！"
            ]
        },
        {
            "fileName": "006012_haruka01",
            "talks": [
                "ふっふっふっ。\nだって今日は、はるかちゃんのお誕生日だからね♪"
            ]
        },
        {
            "fileName": "006012_haruka02",
            "talks": [
                "『はるかちゃん！　ペンギンカフェに新メニューの\nスフレケーキが入ったの知ってる！？\n絶対、一緒に食べに行こうね♪』"
            ]
        },
        {
            "fileName": "areatalk02_113",
            "talks": [
                "はるかちゃんってカラオケ行ったことある？\nやっぱり仕事が忙しくて、行ってるヒマなかった？"
            ]
        },
        {
            "fileName": "areatalk02_175",
            "talks": [
                "ふんふ～ん♪　はるかちゃんと、ゲーセンだ♪"
            ]
        },
        {
            "fileName": "areatalk_ev_shuffle_01_001",
            "talks": [
                "はるかちゃんって、ペンギンに似てるから\nフェニーくんが好きなんだよね？"
            ]
        },
        {
            "fileName": "areatalk_ev_shuffle_01_003",
            "talks": [
                "さっきの音楽の授業、はるかちゃんすごかったよ！\n歌声にすっごく気持ちが乗ってて、さすがプロって感じ！"
            ]
        },
        {
            "fileName": "areatalk_ev_shuffle_10_006",
            "talks": [
                "おおー！　つまり、はるかちゃんがはしゃいじゃうくらい、\nものすごくテンションが上がっちゃうカフェっていうこと！？\nますます楽しみー！"
            ]
        }
    ]
}