{
    "mainStory": 1,
    "eventStory": 0,
    "cardStory": 5,
    "areaTalk": 6,
    "talkPacks": [
        {
            "fileName": "vsstreet_01_04",
            "talks": [
                "ねえ、こはねちゃんと冬弥くんは何か歌いたい曲ある？"
            ]
        },
        {
            "fileName": "009011_kohane02",
            "talks": [
                "ふ～ん。ねえねえ、冬弥くん。\n彰人くん、ドヤ顔してた？"
            ]
        },
        {
            "fileName": "011006_akito02",
            "talks": [
                "やっほー、冬弥くん！\nあの日以来だねー"
            ]
        },
        {
            "fileName": "012006_touya02",
            "talks": [
                "あっ、彰人くんに冬弥くんだ！",
                "彰人くんがお化け屋敷なら、\n冬弥くんのクラスは何をやったの？"
            ]
        },
        {
            "fileName": "022010_rin01",
            "talks": [
                "『だからまず、彰人くん達がいるこっちに来たんだ～。\nねえねえ、冬弥くんと杏ちゃんはいないの？』"
            ]
        },
        {
            "fileName": "areatalk_ev_street_02_006",
            "talks": [
                "……あーあ。こういう時冬弥くんなら\n相談に乗ってくれるのになー"
            ]
        },
        {
            "fileName": "areatalk_ev_street_02_007",
            "talks": [
                "あっ！　冬弥くん、いいところに！",
                "うん！　冬弥くんはコーヒーに詳しいって\nメイコも言ってたし！"
            ]
        },
        {
            "fileName": "areatalk_ev_street_02_008",
            "talks": [
                "冬弥くん、アンケートに協力してもらえないかな！",
                "冬弥くんは、飲み物何が好き？\nそれと、他のみんなの好みも知ってたら教えて！",
                "そうなんだ！　えへへ、おもしろい話聞けちゃった♪\nどうもありがと、冬弥くん！"
            ]
        }
    ]
}