{
    "mainStory": 7,
    "eventStory": 8,
    "cardStory": 5,
    "areaTalk": 1,
    "talkPacks": [
        {
            "fileName": "wonder_01_01",
            "talks": [
                "……こうして、スター・天馬司の伝説が、\n華々しく幕を開けるのであった……",
                "天翔けるペガサスと書き、天馬！　世界を司ると書き、司！\nその名も――天馬司！　スターになるべく産まれた男ッ！！",
                "この天馬司、採用されたあかつきには、未来のスターとして、\n素晴らしいショーをお届けすることをお約束いたします！",
                "輝きすぎる男、天馬司！\n奇跡を起こす男、天馬司！\n天馬司を、どうぞよろしくお願いします！！",
                "ハイ。僕が天馬司です！\nこれからどうぞよろしくお願いします！"
            ]
        },
        {
            "fileName": "wonder_01_05",
            "talks": [
                "A組の天馬司だ！\n神代類はいるか？"
            ]
        },
        {
            "fileName": "wonder_01_06",
            "talks": [
                "司でいい。よろしく頼むぞ、類！"
            ]
        },
        {
            "fileName": "event_03_07",
            "talks": [
                "オレは未来のスター！　天馬司だぞ！"
            ]
        },
        {
            "fileName": "event_16_08",
            "talks": [
                "司会進行は、無論このオレ！\n天翔けるペガサスと書いて——"
            ]
        },
        {
            "fileName": "event_25_03",
            "talks": [
                "いいか、お前らそこで見ていろ！\nこの未来のスター、天馬司の真骨頂を！"
            ]
        },
        {
            "fileName": "event_25_04",
            "talks": [
                "天翔けるペガサスと書き天馬！　世界を司ると書き司！\nその名も——天馬司！　スターになるべく産まれた男ッ！",
                "この天馬司、採用されたあかつきには、未来のスターとして、\n素晴らしいショーをお届けすることをお約束いたします！",
                "そして困ったら、この天馬司になんでも聞いてくれ！"
            ]
        },
        {
            "fileName": "event_36_06",
            "talks": [
                "ああ！\nオレは座長の天馬司だ、今日はよろしくな"
            ]
        },
        {
            "fileName": "event_38_08",
            "talks": [
                "いつもの類ならば、公演後はニヤニヤして、\n次はどうしようかな～、司くんを土に埋めてみようかな～、\nなどと言っているだろう！"
            ]
        },
        {
            "fileName": "013001_tsukasa02",
            "talks": [
                "未来のミュージカルスター、\n天馬司がいよいよ世界へ向けての第一歩を踏み出すのだ！"
            ]
        },
        {
            "fileName": "013003_tsukasa01",
            "talks": [
                "（いや……待つんだ、天馬司。恐れることはない。\nオレはスターになる男！）"
            ]
        },
        {
            "fileName": "013009_tsukasa01",
            "talks": [
                "無論だ！　天翔けるペガサスと書き、天馬！\n世界を司ると書き、司！\nその名も——天馬司！"
            ]
        },
        {
            "fileName": "014006_emu02",
            "talks": [
                "この天馬司、採用されたあかつきには、未来のスターとして、\nすばらしいショーをお届けすることをお約束いたします！"
            ]
        },
        {
            "fileName": "014010_emu01",
            "talks": [
                "そして困ったら、この天馬司になんでも聞いてくれ！"
            ]
        },
        {
            "fileName": "areatalk03_216",
            "talks": [
                "……天翔けるペガサスと書き、天馬！\n世界を司ると書き、司！　その名も――天馬司！"
            ]
        }
    ]
}