{
    "mainStory": 0,
    "eventStory": 4,
    "cardStory": 0,
    "areaTalk": 0,
    "talkPacks": [
        {
            "fileName": "event_36_06",
            "talks": [
                "そこに星乃くん演じる魔法使いと、\n小豆沢くんと花里くんが演じる使い魔が現れて、\n姫を救い出すんだ",
                "その場面で踊るシーンを作ろうと思うんだけど、\n花里くんだったらどんな動きがいいと思う？",
                "さてと、花里くんは——",
                "司くんに観客の視線が向いた瞬間に、花里くん達が\nステージ上に登場する仕掛けだよ！\n面白いと思わないかい？"
            ]
        }
    ]
}