{
    "mainStory": 0,
    "eventStory": 1,
    "cardStory": 5,
    "areaTalk": 0,
    "talkPacks": [
        {
            "fileName": "event_24_06",
            "talks": [
                "（ま、神代センパイが考えた振りを\nやってるだけなんだけどな）"
            ]
        },
        {
            "fileName": "011008_akito01",
            "talks": [
                "……お前、文化祭ん時以外で\n神代センパイと話したことあったか？"
            ]
        },
        {
            "fileName": "012010_touya01",
            "talks": [
                "あと、神代センパイのことも、\nもう別になんとも思ってねえよ",
                "……正直、神代センパイが何を考えてるのか、\nオレにはほとんどわからねえ"
            ]
        },
        {
            "fileName": "016010_rui01",
            "talks": [
                "……正直、神代センパイが何を考えてるのか、\nオレにはほとんどわからねえ"
            ]
        },
        {
            "fileName": "020009_mizuki02",
            "talks": [
                "げっ、神代センパイ……！"
            ]
        }
    ]
}