{
    "mainStory": 2,
    "eventStory": 0,
    "cardStory": 9,
    "areaTalk": 0,
    "talkPacks": [
        {
            "fileName": "mmj_01_03",
            "talks": [
                "『それに遥ちゃん、愛莉ちゃん、雫ちゃんだよね。\n全員そろってくれててよかった！　よろしくね♪』"
            ]
        },
        {
            "fileName": "vsmmj_01_03",
            "talks": [
                "みのりちゃんがライブをやりたいって話をしたら、きっと\n愛莉ちゃんと雫ちゃんもステージに立ってくれる気がするんだ"
            ]
        },
        {
            "fileName": "005003_minori01",
            "talks": [
                "『明日のステージには、愛莉ちゃんや雫ちゃんがいるよ。\nわたしや、リンちゃんだっている』"
            ]
        },
        {
            "fileName": "005003_minori02",
            "talks": [
                "あ、みのりちゃん、愛莉ちゃん！",
                "そうだね。\nいいかな？　みのりちゃん、愛莉ちゃん"
            ]
        },
        {
            "fileName": "006011_haruka01",
            "talks": [
                "いってらっしゃーい！\n愛莉ちゃんによろしくね♪",
                "愛莉ちゃんが主役のライブ？",
                "遥ちゃんの言うとおり、\n愛莉ちゃんはちょっと大変になっちゃうし、\n曲の準備も難しいかもしれない"
            ]
        },
        {
            "fileName": "022005_rin01",
            "talks": [
                "リンちゃんの励ましもあったんだし、\n愛莉ちゃんなら、きっと大丈夫だよ",
                "ふふ。愛莉ちゃんは\nきっとそんな風には感じないと思うよ",
                "おかえり、リンちゃん。\n愛莉ちゃんに会えたみたいだね！"
            ]
        }
    ]
}