{
    "mainStory": 52,
    "eventStory": 87,
    "cardStory": 59,
    "areaTalk": 27,
    "talkPacks": [
        {
            "fileName": "leo_01_00",
            "talks": [
                "（……あそこにいるのは……志歩？）",
                "志歩、今日もベース持ってるんだね。これから練習しに行くの？",
                "あ、志歩……",
                "（いつからこうなっちゃったんだろう？\n穂波と志歩とギクシャクして、咲希も――）"
            ]
        },
        {
            "fileName": "leo_01_01",
            "talks": [
                "お……おはよう、志歩",
                "うん。穂波と志歩……あ、\nB組の望月さんと、A組の日野森さん"
            ]
        },
        {
            "fileName": "leo_01_02",
            "talks": [
                "（でも、穂波も志歩も、咲希が戻って来たって知ったら、\nもしかして……）"
            ]
        },
        {
            "fileName": "leo_01_05",
            "talks": [
                "（志歩も、穂波も、この曲のこと覚えててくれたんだ）",
                "（もしかしたら、志歩も穂波も、本当は……。\nなんて……ちょっとくらい、思ってもいいのかな……）",
                "志歩……"
            ]
        },
        {
            "fileName": "leo_01_06",
            "talks": [
                "（それに咲希と、穂波と、志歩と……。\nみんなと一緒に演奏したんだ）",
                "（昔は、どこへ行くのもみんな一緒で、\n咲希が何かやりたいって言うと、みんなで一緒にやって、\n志歩が熱くなると、穂波が間に入ってくれて……）"
            ]
        },
        {
            "fileName": "leo_01_07",
            "talks": [
                "（でも、ここに穂波と志歩がいてくれたら、\nきっともっと……）",
                "（私も、いつか志歩と穂波と一緒にできる日のために、\n精一杯頑張ろう）"
            ]
        },
        {
            "fileName": "leo_01_08",
            "talks": [
                "ふふっ。咲希ってば相変わらず、志歩のマネが上手いね",
                "志歩、一緒にお昼食べよう。\n今日は穂波も時間あるから３人で……",
                "（中学２年の時――志歩や穂波とクラスが離れ離れになって。\n休み時間のたびに志歩達のクラスに行ってたけど……）",
                "し、志歩？",
                "（志歩は急に私達から離れていって……。\nどんどん距離が開いていった）"
            ]
        },
        {
            "fileName": "leo_01_09",
            "talks": [
                "志歩……",
                "志歩……",
                "志歩……"
            ]
        },
        {
            "fileName": "leo_01_10",
            "talks": [
                "きゅ、急にごめん。志歩とバンドできるかもしれなくて……！\nだから、もっと練習を見てもらいたいの。\nいいかな……？",
                "ふふっ。まだ覚えてるよ。\n何度説明しても志歩が星座の名前覚えないから、\n穂波が珍しくむくれちゃって",
                "……もうすぐ、志歩との約束の日だね",
                "（……志歩とも、また一緒にいたい。\nだから次のセッション、一番いい演奏ができるように……）"
            ]
        },
        {
            "fileName": "leo_01_11",
            "talks": [
                "私、志歩に嫌われたって思ってたから、\nもうこんな風に一緒に何かしたりできないかもって思ってた……",
                "志歩……。私は、誰に何言われても、\n志歩と友達でいたいよ",
                "もちろんだよ……！　やろう、志歩"
            ]
        },
        {
            "fileName": "leo_01_12",
            "talks": [
                "志歩が、私達と一緒にバンドやるって言ってくれたんだ。\n……これまで、どうして私達と距離を置いていたのかも、\n話してくれた"
            ]
        },
        {
            "fileName": "leo_01_13",
            "talks": [
                "ふふっ。\nなんか久しぶりに見るな、咲希と志歩のこの感じ",
                "そうだ。志歩のこと、ミク達に報告しにいかない？",
                "……志歩、穂波と話してたの？",
                "志歩、そんな言い方しなくても……",
                "志歩……"
            ]
        },
        {
            "fileName": "leo_01_15",
            "talks": [
                "志歩、こんな時間にどうしたの？",
                "うん、そうだけど……志歩は？",
                "志歩……",
                "……私は、志歩のそういうところ、すごいなって思うよ",
                "ううん。こうすべきだって決めたら、\n志歩は絶対にブレずに行動できるでしょ。\nそういうの……すごいよ",
                "……そっか。\nありがとう、志歩",
                "うん。また明日ね、志歩"
            ]
        },
        {
            "fileName": "leo_01_16",
            "talks": [
                "……志歩が入ってくれたから上手くなれてるのかも。\nもっと頑張らなくちゃって思えて",
                "……志歩は昔から変わってなかったのかも。\n変わったのは私や穂波のほうなのかな……",
                "昨日志歩からね、私は昔、考えるよりも先に行動する\nタイプだったって言われたの",
                "それ、昨日志歩にも言われたな"
            ]
        },
        {
            "fileName": "leo_01_17",
            "talks": [
                "あのね、志歩がバンドに入ってくれて、\nまた志歩と昔みたいに過ごせて、今すごくうれしいの。\nでも……",
                "志歩は、そんな咲希を見て、本当に今のままでいいのかって、\n穂波と話をしに行った",
                "志歩は、誰になんて言われても、\n自分の信じたことを貫く強さがあって"
            ]
        },
        {
            "fileName": "leo_01_18",
            "talks": [
                "うん。驚いちゃうよね。\n咲希も志歩もびっくりしてたよ"
            ]
        },
        {
            "fileName": "leo_01_20",
            "talks": [
                "うん。ライブ、見に来てくれるといいね。\n志歩の誤解も解けたみたいだし",
                "私は嬉しいよ。志歩のこと、\nこれからもっとわかってもらえるかもって"
            ]
        },
        {
            "fileName": "event_01_03",
            "talks": [
                "志歩は花より団子っていうか、\n星よりベースだもんね"
            ]
        },
        {
            "fileName": "event_01_05",
            "talks": [
                "志歩……"
            ]
        },
        {
            "fileName": "event_01_07",
            "talks": [
                "志歩、穂波。\n行こう！"
            ]
        },
        {
            "fileName": "event_10_01",
            "talks": [
                "今日こそ、みんなで志歩に褒められたいね"
            ]
        },
        {
            "fileName": "event_10_08",
            "talks": [
                "志歩、この前アドバイスもらったところ、家で練習してきたんだ。\n音合わせる前に見てくれないかな？"
            ]
        },
        {
            "fileName": "event_13_01",
            "talks": [
                "——志歩、さっきの歌どうだった？",
                "ねえ、志歩。ちょっといい？\nサビのところで相談があるんだけど",
                "ごめん、志歩も自分の練習があるのに",
                "志歩……。\nうん、ありがとう"
            ]
        },
        {
            "fileName": "event_13_02",
            "talks": [
                "（……練習したあとも、志歩はバイト先で\nベース弾いてるんだよね）",
                "（私も、もっと歌の練習しないと……。\n志歩のレベルに、追いつけるように）",
                "志歩は？"
            ]
        },
        {
            "fileName": "event_13_05",
            "talks": [
                "志歩がそれだけ褒めるってことは、\n本当にすごい人達なんだね",
                "でも、志歩が言うように、いろいろな人に歌を聴いてもらえたら\nきっと楽しいだろうな"
            ]
        },
        {
            "fileName": "event_13_07",
            "talks": [
                "あ、志歩……！"
            ]
        },
        {
            "fileName": "event_13_08",
            "talks": [
                "志歩の——ううん、みんなのために、\nもっとうまくならなきゃいけないのに"
            ]
        },
        {
            "fileName": "event_16_07",
            "talks": [
                "……志歩、やっぱり咲希、司さんと何かあったよね"
            ]
        },
        {
            "fileName": "event_18_01",
            "talks": [
                "（もっとうまくなって、志歩と一緒に——\nみんなと一緒に、いい演奏をしたい）"
            ]
        },
        {
            "fileName": "event_18_03",
            "talks": [
                "（……志歩はああいう風に、\n知らない人の前で演奏したことが、たくさんあるんだよね）",
                "（草薙さんとの練習でうまくなれたと思ってたけど……。\n志歩から見れば、私なんて本当にまだまだなんだろうな……）",
                "（小豆沢さんってたしか、志歩と同じクラスの……。\n大人しそうな子のイメージがあったけど……）",
                "うん、私はまだまだだけど……。\n志歩は小学生の頃からベースやってるから、すごくうまいんだ",
                "でも……志歩の夢の力になりたいんだ",
                "うん。私がプロになるのは無理でも、\n志歩が目指す場所に近い演奏ができたら、って思ってる",
                "いつも教えてもらうばっかりで、\n志歩の練習時間を削っちゃってるし……",
                "だから、もっとうまくなって、\n志歩が思う存分、演奏できるようにしたいんだ",
                "……そうだ。\n志歩、『みんなとうまくなりたいから』って言ってた",
                "志歩の力になりたいなら、\nここで挫けてちゃダメだよね"
            ]
        },
        {
            "fileName": "event_18_04",
            "talks": [
                "（志歩の望むレベルに届かないまま——）",
                "（今まで教えてくれた志歩のためにも、\nもっともっとうまくなりたい！）",
                "ありがとう。志歩にそう言ってもらえると\n……すごく嬉しい",
                "うん、志歩の望むレベルに辿り着くのが、\n今の私の夢だから",
                "志歩が思いっきり演奏ができるように、\n私……頑張るよ"
            ]
        },
        {
            "fileName": "event_18_05",
            "talks": [
                "（咲希が入院して、学校に来なくなって、\n志歩とも、穂波とも話せなくなって……）",
                "（大切だけど、どうしたらいいのかわからなくて、\n穂波や志歩の背中を見ることしかできなかった）"
            ]
        },
        {
            "fileName": "event_18_07",
            "talks": [
                "きゅ、急にごめん。志歩とバンドできるかもしれなくて……！\nだから、もっと練習を見てもらいたいの。\nいいかな……？"
            ]
        },
        {
            "fileName": "event_20_01",
            "talks": [
                "志歩のバイト先、ライブハウスだよね",
                "ごめん、志歩。\n私の演奏がまだ志歩のレベルに\n追いついてないのはわかる",
                "志歩……"
            ]
        },
        {
            "fileName": "event_20_02",
            "talks": [
                "でも、どうして志歩が……？"
            ]
        },
        {
            "fileName": "event_20_03",
            "talks": [
                "志歩、さっきの話って……",
                "でも、志歩はLeo/needで一緒にバンドをしているんです。\n別のバンドにいくなんて……",
                "だからもっと練習して、志歩に追いつけるくらい\nうまくなりたいって思って——",
                "志歩……"
            ]
        },
        {
            "fileName": "event_20_04",
            "talks": [
                "あ、志歩……",
                "志歩が来れる時までに、\nみんなで合わせられるように練習しておくね",
                "志歩、あのさ……"
            ]
        },
        {
            "fileName": "event_20_05",
            "talks": [
                "……志歩は、今までどんな気持ちで\n私達に教えてくれてたんだろう",
                "志歩がプロを目指してるって初めて聞いた時は、\n私もそんな風に一緒にやれたらいいなって感じたんだけど……",
                "それが、志歩を苦しませてたんだよね",
                "志歩から言われて、ずっと考えてるんだけど\nどういうことなのか、わからなくて……",
                "（志歩が目指していたのは、きっと……\nあのライブで聴いた演奏だ）",
                "（今の私には……あの演奏は超えられない。\n志歩のために、STANDOUTでプロを目指す道を\n応援したほうがいいのかもしれない）"
            ]
        },
        {
            "fileName": "event_20_06",
            "talks": [
                "私達、志歩に話があるの"
            ]
        },
        {
            "fileName": "event_20_07",
            "talks": [
                "志歩、今まで甘えててごめん",
                "私はプロになることはできない、って……なんとなく思ってて、\nだから今だけは、志歩をサポートできるようになろうって",
                "……そう思ってきたこと自体が、\n志歩を苦しませてたんだよね",
                "このあいだ、ステージで演奏してる志歩を見て、\n志歩の演奏を聴いて——",
                "志歩と一緒に——誰かの心に響くような演奏がしたいって",
                "この気持ちが、志歩が言っていたことなのかもって……",
                "でも、志歩と一緒にバンドがしたい。ライブがしたい。\n一緒に……誰かの心を打つ演奏がしたい",
                "志歩、私は……",
                "……志歩、大丈夫？",
                "でも、楽しみだよ。\n志歩と一緒にライブするの",
                "STANDOUTのステージに立ってた志歩は、\nすごくかっこよかったから",
                "最高の演奏をしよう、志歩"
            ]
        },
        {
            "fileName": "event_20_08",
            "talks": [
                "（Leo/needとしての初ライブなのに……！\n私達の想いを志歩に伝えるチャンスなのに……！）",
                "（この歌で、演奏で——志歩に！）",
                "志歩……",
                "……志歩、私達本気だよ",
                "散々待たせちゃって、ごめん。\nでも、もう志歩をひとりにはしない",
                "志歩？"
            ]
        },
        {
            "fileName": "event_27_01",
            "talks": [
                "でも、志歩に想いを伝えなきゃって必死になってたら、\n不思議と歌えるようになったんだっけ"
            ]
        },
        {
            "fileName": "event_27_02",
            "talks": [
                "志歩、さっきの歌の感想聞かせてくれる？"
            ]
        },
        {
            "fileName": "event_27_05",
            "talks": [
                "……志歩？　どうかしたの？\nなんか難しい顔してるけど……"
            ]
        },
        {
            "fileName": "event_27_08",
            "talks": [
                "し、志歩……",
                "……いいね。\n志歩が引っ張ってくれるんだ"
            ]
        },
        {
            "fileName": "event_30_04",
            "talks": [
                "志歩、穂波、\nよかったら一緒に遊ばない？"
            ]
        },
        {
            "fileName": "event_33_04",
            "talks": [
                "それじゃあ、十五夜の日は練習のあとに\nお月見パーティーをしようか。\n志歩、どうかな？"
            ]
        },
        {
            "fileName": "event_33_07",
            "talks": [
                "……志歩？　どうかした？"
            ]
        },
        {
            "fileName": "event_34_01",
            "talks": [
                "咲希、志歩、ありがとう",
                "うん、志歩がいなかったら\n私も迷走してたと思う"
            ]
        },
        {
            "fileName": "event_34_06",
            "talks": [
                "……志歩、穂波……"
            ]
        },
        {
            "fileName": "event_36_01",
            "talks": [
                "最初は、志歩のレベルに追いつくために\nもっと歌がうまくなりたいと思って始めたんだけど……"
            ]
        },
        {
            "fileName": "event_36_05",
            "talks": [
                "（この感覚……志歩に教えてもらう時に似てるな）"
            ]
        },
        {
            "fileName": "event_36_08",
            "talks": [
                "あ……志歩！　来てくれたんだ",
                "そうかな……。\nでも、志歩の顔が見れてよかった"
            ]
        },
        {
            "fileName": "001002_ichika02",
            "talks": [
                "ねえ志歩。\n楽器が手元にない時にも、練習ってできるかな"
            ]
        },
        {
            "fileName": "001003_ichika01",
            "talks": [
                "そっか。でも、もうあんな無理しないでね。\nせっかく志歩とも一緒にバンドやれることになったんだから",
                "（……私も、何かできるかな。\n咲希や……志歩や穂波のために……）"
            ]
        },
        {
            "fileName": "001005_ichika01",
            "talks": [
                "いいよ。じゃあ、穂波と志歩も誘って\nみんなで行ってみようか"
            ]
        },
        {
            "fileName": "001007_ichika01",
            "talks": [
                "……志歩はどうする？",
                "（志歩は……。\nどっちがいいって、思ってるかな……）"
            ]
        },
        {
            "fileName": "001007_ichika02",
            "talks": [
                "志歩、それいくつ目？"
            ]
        },
        {
            "fileName": "001008_ichika01",
            "talks": [
                "……伝えなきゃ、志歩に",
                "（当たり前、か。今から志歩に、\n私達の気持ちを伝えに行くんだから……）",
                "志歩のこと……きっとすごく、待たせちゃったね",
                "行こう、志歩のところに！",
                "（志歩……！）",
                "（志歩はずっと本気だった……）",
                "私がプロになるのは無理でも、\n志歩が目指す場所に近い演奏ができたら、って思ってる",
                "（きっとそのせいで、志歩のことも苦しめて……！）",
                "（志歩に伝える言葉をちゃんと持ってる！\nだから——）",
                "お願い志歩、もう少し……。\nもう少しだけでいいから、待ってて！"
            ]
        },
        {
            "fileName": "001008_ichika02",
            "talks": [
                "私達、志歩と一緒にプロを目指すことにしたの",
                "私、志歩と……Leo/needのみんなと、\nプロを目指すって決めた"
            ]
        },
        {
            "fileName": "001009_ichika01",
            "talks": [
                "（志歩……？）",
                "……志歩？　どうかしたの？\nなんだか難しい顔してるけど……",
                "（多分、志歩は咲希を気にしてるんだよね。\n咲希、最近すごく頑張ってるし、\n志歩も、体調のこと心配してたしな……）",
                "（それで、その志歩を穂波は気にしてて……）",
                "（昨日も、帰りに志歩を追いかけて行ったみたいだけど、\nあのあと、何か話せたかな）",
                "ん？　志歩、なんでうちの教室に……",
                "え、えーっと……！\n実は、志歩にちょっと用事が……",
                "（どうしよう……。話をして、ちょっとでも志歩に\n安心してもらえたらって思ってたんだけど……）",
                "……志歩！",
                "でも、志歩が誘ってくれたら、\nすごく喜ぶと思う！",
                "だから、志歩さえよかったら咲希を誘ってあげて",
                "（これで、きっと志歩なら\nちゃんとお昼に誘いに行ってくれるはず）",
                "（少しでも咲希と話をして、\n志歩が気にしてること、解決できるといいな）"
            ]
        },
        {
            "fileName": "001009_ichika02",
            "talks": [
                "あっ、志歩！",
                "うん。志歩は、自主練習？",
                "でも、志歩はちゃんと言うでしょ？\n『それ以上はやめて』って",
                "でも、そういうことって、\n志歩から言われるのが一番咲希に効く感じもするし",
                "だから、志歩が咲希を気にしてくれて、\n無理しないでって言ってくれてたこと、\nすごく、安心できたって言うか……",
                "志歩……"
            ]
        },
        {
            "fileName": "001010_ichika02",
            "talks": [
                "特に雫先輩は、志歩の晴れ姿見たいだろうしね"
            ]
        },
        {
            "fileName": "001011_ichika01",
            "talks": [
                "（空気を読めるようになったってことなんだろうけど、\n中学の頃は、どんどん離れていく穂波や志歩を\n見てることしかできなかった）"
            ]
        },
        {
            "fileName": "002001_saki01 #59",
            "talks": [
                "あ、確か、志歩と同じクラスの……"
            ]
        },
        {
            "fileName": "002001_saki01",
            "talks": [
                "あ、確か、志歩と同じクラスの……"
            ]
        },
        {
            "fileName": "002008_saki01",
            "talks": [
                "志歩もクラス会、うまく抜けてこられたんだね"
            ]
        },
        {
            "fileName": "002010_saki02",
            "talks": [
                "だって志歩、家じゃ動物飼えないからって、\nアプリで育ててるけど……"
            ]
        },
        {
            "fileName": "003010_honami01",
            "talks": [
                "実は、咲希と志歩のことでちょっと相談っていうか……",
                "ほら昨日の帰り、穂波、\n志歩を追いかけて行ったでしょ？",
                "志歩、そんな風に考えてたんだ……",
                "実は私も、志歩と話したほうがいいかもって\nちょっと思ってたんだ",
                "（志歩……？）",
                "うん。あのあと、みんなでセカイに練習に行く時も、\nなんだか志歩の様子おかしかったし……",
                "だから……。穂波、志歩と話してくれて、\n本当にありがとう"
            ]
        },
        {
            "fileName": "004010_shiho01",
            "talks": [
                "うん。志歩の絵、\nすごく細かく描かれてて、びっくりした",
                "いいね。志歩、練習のあとにどうかな？"
            ]
        },
        {
            "fileName": "004011_shiho01",
            "talks": [
                "志歩……。\nありがとう",
                "うん！　ありがとう、志歩。\n志歩のおかげで、いいヒントがつかめたよ！"
            ]
        },
        {
            "fileName": "005011_minori01",
            "talks": [
                "（みのりのもどかしい気持ちわかるな。\n私も、志歩の実力に全然追いつけてないし）"
            ]
        },
        {
            "fileName": "006005_haruka01",
            "talks": [
                "途中で志歩達のクラスも来て、\nファミレスにいるのほとんど宮女の生徒になったりね"
            ]
        },
        {
            "fileName": "021013_miku02",
            "talks": [
                "志歩、それいくつ目？"
            ]
        },
        {
            "fileName": "026011_kaito02",
            "talks": [
                "志歩達と一緒に、Leo/needとして——"
            ]
        },
        {
            "fileName": "areatalk02_105",
            "talks": [
                "志歩がバンドに前向きだから。\nそれがうれしいなって思って"
            ]
        },
        {
            "fileName": "areatalk02_106",
            "talks": [
                "志歩から見てもそうなら、きっと相当すごいんだね"
            ]
        },
        {
            "fileName": "areatalk02_120",
            "talks": [
                "志歩、それ、ペットを育てるアプリゲーム？"
            ]
        },
        {
            "fileName": "areatalk02_236",
            "talks": [
                "あ、この人たち、確か志歩が好きなガールズバンドの……",
                "それにはまず、志歩が納得できるクオリティの演奏が\n出来るようにならないとね"
            ]
        },
        {
            "fileName": "areatalk02_239",
            "talks": [
                "志歩って、ライブに行ったりするの？",
                "ふふ、そうだね。志歩が楽しいなら、それが一番だね"
            ]
        },
        {
            "fileName": "areatalk02_255",
            "talks": [
                "志歩って、バイト先のライブハウスで\nヘルプでベースもやったりするんだよね"
            ]
        },
        {
            "fileName": "areatalk03_002",
            "talks": [
                "このロックバンド、初めて見たかも。\n志歩、このバンド知ってる？"
            ]
        },
        {
            "fileName": "areatalk03_003",
            "talks": [
                "そういえば、志歩ハンバーグ好きだったよね"
            ]
        },
        {
            "fileName": "areatalk03_005",
            "talks": [
                "志歩、そんなにたくさんのお菓子どうしたの？"
            ]
        },
        {
            "fileName": "areatalk03_006",
            "talks": [
                "（志歩って、なんだかんだ咲希には甘いよね）"
            ]
        },
        {
            "fileName": "areatalk03_007",
            "talks": [
                "でも、ミクや志歩みたいな迷いのない演奏、\nできるかな……"
            ]
        },
        {
            "fileName": "areatalk03_014",
            "talks": [
                "違うと言えば……ルカやミク達に代わって、\n志歩がいろいろアドバイスをくれることかな"
            ]
        },
        {
            "fileName": "areatalk03_021",
            "talks": [
                "そうだね。ちょうど志歩の隣空いてるし、じゃあ……"
            ]
        },
        {
            "fileName": "areatalk03_031",
            "talks": [
                "志歩にオススメを教えてもらったら？\nきっと、もうすぐ来るだろうし"
            ]
        },
        {
            "fileName": "areatalk03_048",
            "talks": [
                "へぇ、そうなんだ。\n志歩、このあたりの道詳しいね"
            ]
        },
        {
            "fileName": "areatalk03_049",
            "talks": [
                "あ、志歩いた"
            ]
        },
        {
            "fileName": "areatalk03_051",
            "talks": [
                "志歩って、今でも書道に自信ある？"
            ]
        },
        {
            "fileName": "areatalk03_052",
            "talks": [
                "志歩、教えてもらったクロスと潤滑剤、\nすごく使いやすかった。ありがとう"
            ]
        },
        {
            "fileName": "areatalk03_063 (2)",
            "talks": [
                "このロックバンド、初めて見たかも。\n志歩、このバンド知ってる？"
            ]
        },
        {
            "fileName": "areatalk_ev_band_03_001",
            "talks": [
                "えっ……！？\nし、志歩がストレートに褒めて、くれた……！？"
            ]
        },
        {
            "fileName": "areatalk_ev_band_03_005",
            "talks": [
                "そうなんだ。ちなみに、志歩はどこまで上げたの？"
            ]
        },
        {
            "fileName": "areatalk_ev_band_05_003",
            "talks": [
                "（あ……。あのラーメン屋さんに並んでるの、志歩だ）",
                "ううん。バイトが終わって、今から帰るところ。\n志歩はこれからお昼？"
            ]
        },
        {
            "fileName": "areatalk_ev_shuffle_11_004",
            "talks": [
                "たしかに……。\n雫先輩、志歩とそういう話ってしたりするんですか？"
            ]
        },
        {
            "fileName": "areatalk_ev_shuffle_12_005",
            "talks": [
                "咲希の手って、他の人よりちょっとあったかいから。\nそれに、志歩がこういうことすると思えないし"
            ]
        }
    ]
}