{
    "mainStory": 0,
    "eventStory": 2,
    "cardStory": 5,
    "areaTalk": 3,
    "talkPacks": [
        {
            "fileName": "event_16_02",
            "talks": [
                "うふふ。ありがとう、えむちゃん"
            ]
        },
        {
            "fileName": "event_25_01",
            "talks": [
                "えむちゃん……"
            ]
        },
        {
            "fileName": "024012_luka01",
            "talks": [
                "『あら？　えむちゃんと司くんは？』",
                "『えむちゃん、司くん、おかえりなさ～い』"
            ]
        },
        {
            "fileName": "024012_luka02",
            "talks": [
                "『えむちゃん、すごいわぁ。\nびよよーん、ぐいーんってして、最後はビシーって』",
                "『これで、司くん・えむちゃんチームが９点ね。\nということは……』"
            ]
        },
        {
            "fileName": "026010_kaito02",
            "talks": [
                "『えむちゃんもそうみた～い』"
            ]
        },
        {
            "fileName": "areatalk_ev_shuffle_05_007",
            "talks": [
                "あ！　えむちゃん、こんにちは～",
                "ふふっ。えむちゃんに見てほしいものがあって、\nがんばって起きていたのよ",
                "本当？　うふふっ、\nえむちゃんの笑顔も見れたし、練習してよかったわぁ"
            ]
        }
    ]
}