{
    "mainStory": 0,
    "eventStory": 3,
    "cardStory": 7,
    "areaTalk": 3,
    "talkPacks": [
        {
            "fileName": "event_14_05",
            "talks": [
                "あなたは……リン……！？",
                "そっか。\nよろしく、リン"
            ]
        },
        {
            "fileName": "event_26_08",
            "talks": [
                "うん。リンにも聴いてほしい。\nいいかな？"
            ]
        },
        {
            "fileName": "017006_kanade01",
            "talks": [
                "『…………！　リンが、歌ってくれるの？』",
                "『——リン、お願い。\nこの曲を、えななんに届けて』",
                "『そうだ、みんなこのあともまだ時間ある？\nリンが戻ってくるまで、\nよかったら一緒に待ちたいんだけど……』"
            ]
        },
        {
            "fileName": "017006_kanade02",
            "talks": [
                "（絵名が元気になってくれて本当によかった。\n歌を届けてくれたリンにも、\nそのうちお礼を言いに行かないと）"
            ]
        },
        {
            "fileName": "022011_rin02",
            "talks": [
                "え、リンにミク？",
                "リンも、まふゆが心配なんだね",
                "リン、ミク。よかったら\nまふゆのこと見ててくれない？"
            ]
        },
        {
            "fileName": "areatalk_ev_night_02_004",
            "talks": [
                "リンは、このセカイのことどう思う？",
                "うん、そうする。\nありがとう、リン"
            ]
        },
        {
            "fileName": "areatalk_ev_shuffle_09_003",
            "talks": [
                "リン、喜んでくれるといいね"
            ]
        }
    ]
}