{
    "mainStory": 2,
    "eventStory": 5,
    "cardStory": 0,
    "areaTalk": 5,
    "talkPacks": [
        {
            "fileName": "wonder_01_06",
            "talks": [
                "君が、司くんの言っていた子だね。\n神代類だよ。よろしく"
            ]
        },
        {
            "fileName": "wonder_01_18",
            "talks": [
                "おやおや、間違えないでくれたまえ。\n僕は類じゃない"
            ]
        },
        {
            "fileName": "event_07_06",
            "talks": [
                "名乗り遅れてしまったね。僕は神代類"
            ]
        },
        {
            "fileName": "event_24_03",
            "talks": [
                "（筋書きは単純明快なものだし、\n役者も、衣装類も、すべてそろっている）",
                "フェニックスワンダーランドのショーステージで\n演出家兼役者を務めている、神代類という者です"
            ]
        },
        {
            "fileName": "event_24_04",
            "talks": [
                "——というわけで本日、\n代理で演出をつけることになった神代です"
            ]
        },
        {
            "fileName": "event_36_06",
            "talks": [
                "はじめまして、神代類です。\n今日はよろしくね"
            ]
        },
        {
            "fileName": "areatalk02_192",
            "talks": [
                "おや。虫が苦手な司くんが、特に嫌いな多足類じゃないか。\nネズミは見かけることもあるが、珍しいねぇ",
                "司くんは毛嫌いするが、多足類の足の動きは\n実はとても複雑な作りでね。科学的にも興味深い……"
            ]
        },
        {
            "fileName": "areatalk02_294",
            "talks": [
                "（それにしても、オノマトペの使い方がえむくんと\nどこか類似している。ふふ、面白い共通点だ）"
            ]
        },
        {
            "fileName": "areatalk03_230",
            "talks": [
                "哺乳類としての特徴を\nこれだけ持っているにもかかわらず卵生……！"
            ]
        },
        {
            "fileName": "areatalk03_234",
            "talks": [
                "たしか、ムカデみたいな多足類がダメだったよね"
            ]
        }
    ]
}