{
    "mainStory": 1,
    "eventStory": 7,
    "cardStory": 24,
    "areaTalk": 9,
    "talkPacks": [
        {
            "fileName": "vswonder_01_04",
            "talks": [
                "司くん、手を！\n類くんも！"
            ]
        },
        {
            "fileName": "event_03_06",
            "talks": [
                "類くんは、今の居場所が気に入っているんじゃないかな",
                "類くん。その想いは、決して悪いものじゃないと思うよ"
            ]
        },
        {
            "fileName": "event_03_08",
            "talks": [
                "……類くん達も、今頃は仲良くショーを作れているかな？"
            ]
        },
        {
            "fileName": "event_07_05",
            "talks": [
                "『本当に、屋上からだと、文化祭の様子がよく見えるね。\nありがとう、類くん』",
                "『でも、よかったのかい？\n類くんも何か、クラスですることがあったんじゃ……』",
                "『ああ、もちろんだよ。\nそれじゃあ僕はこれで。またね、類くん』"
            ]
        },
        {
            "fileName": "event_08_07",
            "talks": [
                "じゃあ、類くん。\n一緒に歌わないかい？"
            ]
        },
        {
            "fileName": "013007_tsukasa01",
            "talks": [
                "類くんの手伝いは必要なさそうだね"
            ]
        },
        {
            "fileName": "014013_emu02",
            "talks": [
                "しっかり、類くんに監修してもらったからね"
            ]
        },
        {
            "fileName": "021010_miku02",
            "talks": [
                "紅組には司くんとえむちゃん、\n白組には類くんと寧々ちゃんに入ってもらおうかな"
            ]
        },
        {
            "fileName": "022012_rin01",
            "talks": [
                "そうだね。それに、類くんにとっては\nかけがえのない証明になったんじゃないかな",
                "類くんが考えたショーが、\n“誰もやりたがらないようなショーじゃない”っていう証明だよ",
                "昔は受け入れられなかったショーを、\nみんなと成功させることができたっていうのは、\n類くんにとって、本当に大きなことだと思うんだ",
                "そうだね。類くんにそのまま伝えてあげるっていうのが、\n一番簡単ではあるけど……"
            ]
        },
        {
            "fileName": "022012_rin02",
            "talks": [
                "じゃあリン、こっちにおいで。\n類くんが準備してくれた命綱をつけよう"
            ]
        },
        {
            "fileName": "025006_meiko02",
            "talks": [
                "はは。類くんはクリスマスでも\n相変わらずだったみたいだね"
            ]
        },
        {
            "fileName": "026002_kaito02",
            "talks": [
                "類くん？\nもしかして、ひとりで来たのかな？"
            ]
        },
        {
            "fileName": "026006_kaito01",
            "talks": [
                "司くんや類くん達のこともあったし、放っておけなくてね。\n話を聞いたんだ",
                "うん。あの時、なんとなく類くんの孤独に通じるものを\nあの子から感じたんだ",
                "類くん達のほうも、上手くいってるといいな"
            ]
        },
        {
            "fileName": "026006_kaito02",
            "talks": [
                "（よかった。\n類くんも司くんも、すっかりいつも通りだ）",
                "おかえり、レン。類くん達と\nずいぶんと盛り上がっていたみたいだね",
                "落ち込んでいた類くんも、\nすっかり元気になってくれたみたいで本当によかった"
            ]
        },
        {
            "fileName": "026007_kaito01",
            "talks": [
                "『類くん、こんなお願いをしてしまってすまないね』",
                "『類くんは、こういうみんなで頑張る行事は\nあまり好きじゃないのかい？』",
                "『類くん……』",
                "（類くんも、司くんからいい影響を受けているひとり、\nなんだろうね）",
                "『どういたしまして、類くん』"
            ]
        },
        {
            "fileName": "026007_kaito02",
            "talks": [
                "やあ、司くん。それに類くん達も、久しぶりだね"
            ]
        },
        {
            "fileName": "026009_kaito02",
            "talks": [
                "えむちゃんが始めた笑顔の輪も、\n司くんや類くん、寧々ちゃん達につながって——"
            ]
        },
        {
            "fileName": "026010_kaito02",
            "talks": [
                "『いた！　類くん！』"
            ]
        },
        {
            "fileName": "areatalk02_295",
            "talks": [
                "類くんはショーの演出家なんだってね"
            ]
        },
        {
            "fileName": "areatalk02_381",
            "talks": [
                "ロボットやステージの仕掛けとか、\n類くんはどうやってそういう技術を勉強したんだい？",
                "なるほど。そのあくなき探求心が\n今の類くんをつくっているんだね"
            ]
        },
        {
            "fileName": "areatalk03_194",
            "talks": [
                "司くん達のショーの演出類くんが考えているんだよね"
            ]
        },
        {
            "fileName": "areatalk03_235",
            "talks": [
                "ネネロボちゃんはいつ見ても、すごいなぁ。\n類くんは、いつ頃からこういうロボットを作っていたんだい？"
            ]
        },
        {
            "fileName": "areatalk03_236",
            "talks": [
                "そういえば、技術的な専門知識は\n類くんしか持っていなかったね",
                "そうか。さすがは類くん。頼もしいね！"
            ]
        },
        {
            "fileName": "areatalk03_238",
            "talks": [
                "類くん、さっきからずっと何かつぶやきながら\n空を見上げているけど、どうしたんだい？",
                "なるほど、ステージ演出のためだったんだね。\nさすが類くん、ブレないなあ"
            ]
        }
    ]
}