{
    "mainStory": 0,
    "eventStory": 4,
    "cardStory": 5,
    "areaTalk": 1,
    "talkPacks": [
        {
            "fileName": "event_10_02",
            "talks": [
                "メイコが……どうして！？",
                "……びっくりしたけど、嬉しいな。\nメイコとも話せちゃうなんて",
                "よろしく、メイコ",
                "みんなで演奏する前に、ミクとルカとメイコの３人で\n弾いてるところを見学させてもらえたら嬉しいなって思って"
            ]
        },
        {
            "fileName": "001007_ichika02",
            "talks": [
                "うん。あとは……。\nおまたせ、ミク、ルカ、メイコ"
            ]
        },
        {
            "fileName": "003010_honami01",
            "talks": [
                "あ、ううん。\nよかったらメイコも一緒に聞いてくれないかな"
            ]
        },
        {
            "fileName": "021013_miku02",
            "talks": [
                "おまたせ、ミク、ルカ、メイコ"
            ]
        },
        {
            "fileName": "025009_meiko01",
            "talks": [
                "うん……。\nごめん、メイコ。練習の邪魔しちゃって……",
                "うん。\nメイコもありがとう。おやすみ"
            ]
        },
        {
            "fileName": "areatalk_ev_shuffle_06_007",
            "talks": [
                "ルカ、メイコ、お願いしてもいいかな？\nそれで、一緒に聴こうよ"
            ]
        }
    ]
}