{
    "mainStory": 3,
    "eventStory": 7,
    "cardStory": 45,
    "areaTalk": 9,
    "talkPacks": [
        {
            "fileName": "wonder_01_16",
            "talks": [
                "司に言われたことも……わかってる……！\nお客さんと向き合わないで、最高のショーはできないって……！\nでも……わたし……っ！",
                "……司……"
            ]
        },
        {
            "fileName": "wonder_01_17",
            "talks": [
                "……司……"
            ]
        },
        {
            "fileName": "event_03_05",
            "talks": [
                "司も、きっとそう思ってる。\nだから怒ったんだと思うよ"
            ]
        },
        {
            "fileName": "event_03_06",
            "talks": [
                "わたしもえむも大丈夫。\nそれに、きっと司もね"
            ]
        },
        {
            "fileName": "event_16_06",
            "talks": [
                "……じゃあせっかく来たし、司の代わりに手伝おうかな。\nルカさん、どこを飾りつければ……"
            ]
        },
        {
            "fileName": "event_22_02",
            "talks": [
                "あと、えむも司も体力あるし、\nわたしだけいつもバテバテなの、嫌だし……",
                "あ、ちょっと……！\nわたしは司じゃないんだから、\n変な装置は使わないからね！！"
            ]
        },
        {
            "fileName": "event_32_01",
            "talks": [
                "それじゃ、司も地面に立ったことだし、\n練習始めよっか"
            ]
        },
        {
            "fileName": "event_36_06",
            "talks": [
                "ちょっと。司はともかく、星乃さん達に何する気？\n少しは加減を——"
            ]
        },
        {
            "fileName": "003008_honami01",
            "talks": [
                "まあ、えむのことは置いておいて……。\n司になんの用事？"
            ]
        },
        {
            "fileName": "013005_tsukasa02",
            "talks": [
                "……！　司、下がっちゃダメ！！",
                "司？　ちょっと、聞こえてる？",
                "……！　司、下がっちゃダメ！！",
                "……司にしては、いいことするじゃん"
            ]
        },
        {
            "fileName": "013008_tsukasa01",
            "talks": [
                "ちょっ、ちょっと司！？"
            ]
        },
        {
            "fileName": "013011_tsukasa02",
            "talks": [
                "わー。司、サイテー",
                "大丈夫。大変なところは司に任せるから"
            ]
        },
        {
            "fileName": "013013_tsukasa01",
            "talks": [
                "司、虫がすっごい苦手なの。\n……わたしも人のこと言えないけど",
                "類かネネロボにやってもらったほうが\nいいんじゃない？　司、絶対うろたえそうだし"
            ]
        },
        {
            "fileName": "013013_tsukasa02",
            "talks": [
                "ハロウィンショーの時、司がケガしそうになって、\n類が演出、遠慮しちゃったことあったでしょ？"
            ]
        },
        {
            "fileName": "014006_emu01",
            "talks": [
                "そういえば、類と司がケンカした時、\nえむは司を追いかけて行ったけど、ちゃんと会えたの？",
                "まあ、司まで元気ないままだったら、\nショーができないしね……",
                "ふふ。あの壁のぼりね。\n司も類も、きっとほっとしてると思う"
            ]
        },
        {
            "fileName": "014008_emu02",
            "talks": [
                "そうそう。投げるなら司のほうによろしくー"
            ]
        },
        {
            "fileName": "015002_nene02",
            "talks": [
                "（司は、ロボより自分が目立ちたいはず。\nだから、いい顔はしないかもしれないけど）"
            ]
        },
        {
            "fileName": "015003_nene02",
            "talks": [
                "……プールで司が爆発しかけて、\n司は無事だったけど、水柱とかあがっちゃって、\nそれがばれて、居残り",
                "類と司、今こっちに向かってるって"
            ]
        },
        {
            "fileName": "015005_nene02",
            "talks": [
                "え、司……？\nそれに、類までどうして？"
            ]
        },
        {
            "fileName": "015007_nene01",
            "talks": [
                "あ、司って虫ダメだったっけ",
                "（司の近くにいたら巻きこまれる……！　そうだ！）"
            ]
        },
        {
            "fileName": "015007_nene02",
            "talks": [
                "（あの時、司があんなこと言うから、\nわたしも黙ってられなくなっちゃったんだよね）"
            ]
        },
        {
            "fileName": "015008_nene01",
            "talks": [
                "（えむには、司とバカなことやっててほしい。\n類と何か変なこと企んでてほしい。\nそれから……）"
            ]
        },
        {
            "fileName": "015008_nene02",
            "talks": [
                "（校門で待ってろって司が伝えてたけど、\nたぶんいつもどおり、普通に入ってきちゃうんだろうな）",
                "（あ！　司の後ろの机に、えむが隠れてる）",
                "（けど先生、えむには気づいてないみたいだし、\n司がこのままうまく誤魔化せば……）",
                "（な、何してんのえむ！\n司がいい感じに誤魔化そうとしてたのに！）"
            ]
        },
        {
            "fileName": "015011_nene02",
            "talks": [
                "今まで、体力とか運動神経とかが必要なシーンは、\n司やえむに任せてきちゃったけど……"
            ]
        },
        {
            "fileName": "016005_rui01",
            "talks": [
                "まだ、気にしてるの？\n司がケガしたこと"
            ]
        },
        {
            "fileName": "016007_rui02",
            "talks": [
                "わっ、えむ！？　それに、司も類も……！\nまさか……み、見てたの！？"
            ]
        },
        {
            "fileName": "016009_rui02",
            "talks": [
                "逆に、司が言わないようなセリフとかもいいんじゃない？\nほら、『キラキラサニサニー☆』とか"
            ]
        },
        {
            "fileName": "016010_rui02",
            "talks": [
                "そういえば、司は前から知りあいなんだっけ"
            ]
        },
        {
            "fileName": "021005_miku02",
            "talks": [
                "（でも、なんだか納得いかない気が……。\nこれが司がよくやる『ぐぬぬ』って気持ちなのかな……）",
                "（……なんだか、司の気持ちがわかった気がする。\n今ならあいつの全力のツッコミが欲しい……）",
                "今日ほど司を必要だって思ったことはないかも……"
            ]
        },
        {
            "fileName": "021011_miku02",
            "talks": [
                "ここって、司の想いから生まれた場所なんでしょ？",
                "それで、ミクやカイトさん達は、\n司に本当の想いを思いだしてもらうために\nショーに誘ったりしてたんだよね？",
                "司は本当の想いも思いだしたみたいだし、\n何より、わたしはただ、\n司と一緒にショーをしてるだけだし……",
                "司に遠慮してるわけじゃないけど、\nなんていうか、甘えすぎてるっていうか……"
            ]
        },
        {
            "fileName": "022006_rin01",
            "talks": [
                "わたし別にいらないし、司にあげたの。\n４枚あったら、妹の友達を呼べるって言ってたし"
            ]
        },
        {
            "fileName": "023008_len01",
            "talks": [
                "だってさ、司"
            ]
        },
        {
            "fileName": "024008_luka02",
            "talks": [
                "そういえば、司が真剣な表情でルカさんと\n何か話してるのを見かけたんだけど、\nたしかにその時は眠そうじゃなかったかも……"
            ]
        },
        {
            "fileName": "024012_luka01",
            "talks": [
                "えむなら、『浜辺を独りじめだー』って言って走りだして、\n司は『朝っぱらから近所迷惑だからやめろー』って\n自分も大声出して追いかけてった"
            ]
        },
        {
            "fileName": "024012_luka02",
            "talks": [
                "あれー？　司、なんで避けてんの？\n勝負にならないんですけどー"
            ]
        },
        {
            "fileName": "026003_kaito02",
            "talks": [
                "ここは、司の想いでできてる場所でしょ？"
            ]
        },
        {
            "fileName": "areatalk02_035",
            "talks": [
                "じゃあ、忙しい司のために、わたしが内容教えてあげる。\nこの主人公って実は……"
            ]
        },
        {
            "fileName": "areatalk02_055",
            "talks": [
                "司って、いつもそんな妙な歩き方してるわけ？"
            ]
        },
        {
            "fileName": "areatalk02_293",
            "talks": [
                "そうなんだ。司が書いてくるのと違って、\nわかりやすく感情移入させてくれるから、見てて楽"
            ]
        },
        {
            "fileName": "areatalk03_216",
            "talks": [
                "完璧。司のあの大声も\nちゃんとシャットアウトできてた"
            ]
        },
        {
            "fileName": "areatalk_ev_shuffle_03_003",
            "talks": [
                "（司の知り合いで、同じ神高の１年で、トーヤクン？\nそれ、ひょっとして……）"
            ]
        },
        {
            "fileName": "areatalk_ev_wonder_04_002",
            "talks": [
                "司、ちょうどいいところに……。\nえむどこ行ったか知らない？\nステージに行ったら、類しかいなくて……",
                "（本当に手伝ってくれるなんて思わなかった。\n……もしかして、司もたい焼き食べたかったとか？）"
            ]
        },
        {
            "fileName": "areatalk_ev_wonder_05_004",
            "talks": [
                "うん。じゃあ司とえむが来たら、相談しないとね"
            ]
        },
        {
            "fileName": "areatalk_monthly2107_002",
            "talks": [
                "あ、別にいいよ。じゃあ、そっちは司を呼んできてよ。\nえむにはわたしから連絡しておくから"
            ]
        }
    ]
}