{
    "mainStory": 0,
    "eventStory": 3,
    "cardStory": 8,
    "areaTalk": 0,
    "talkPacks": [
        {
            "fileName": "event_19_05",
            "talks": [
                "まふゆの想いでできた、この誰もいないセカイに、\nあの３人だけは出入りできる",
                "つまり、まふゆにとって、あの３人はとても大切で、\n欠かせない存在"
            ]
        },
        {
            "fileName": "event_19_06",
            "talks": [
                "瑞希は、まふゆを——あの子達を大切に思っているのね"
            ]
        },
        {
            "fileName": "017012_kanade02",
            "talks": [
                "……それで、まふゆは何かつかめたのかしら"
            ]
        },
        {
            "fileName": "025008_meiko01",
            "talks": [
                "まふゆを探しに来たみたい。\n来ていないことを教えたら、すぐに帰ったわ",
                "ええ。ここはまふゆの想いのセカイだけど、\nあの３人だけは、このセカイに出入りできる",
                "それは、あの子達がまふゆにとって、\nとても大切で欠かせない存在だから……",
                "まふゆは本当の想いを見つけて、\n少しずつだけど変化も見せてる。\n……そうでしょ、ミク",
                "だから、まふゆがあの子達の想いに触れることで、\nセカイに変化が起きている",
                "そういえば、まふゆ達の想いから生まれた歌を、\nまだ聴いていなかったわ"
            ]
        },
        {
            "fileName": "025008_meiko02",
            "talks": [
                "……そういえば、瑞希は前に\n『自分はまふゆに似てる』って言っていたのよね？"
            ]
        }
    ]
}