{
    "mainStory": 0,
    "eventStory": 2,
    "cardStory": 4,
    "areaTalk": 0,
    "talkPacks": [
        {
            "fileName": "event_35_08",
            "talks": [
                "あ、メイコ。\nいつの間に……",
                "メイコ、ルカ……"
            ]
        },
        {
            "fileName": "017012_kanade02",
            "talks": [
                "えっと……。\nメイコ、来てくれてありがとう"
            ]
        },
        {
            "fileName": "025008_meiko02",
            "talks": [
                "こんにちは、メイコ",
                "……メイコ？",
                "メイコも、また"
            ]
        }
    ]
}