{
    "mainStory": 15,
    "eventStory": 64,
    "cardStory": 48,
    "areaTalk": 17,
    "talkPacks": [
        {
            "fileName": "vswonder_01_04",
            "talks": [
                "そんな機能ついてたの……！？\nっていうか、類はもうちょっと慌てるとかないわけ……"
            ]
        },
        {
            "fileName": "wonder_01_07",
            "talks": [
                "……急にロボットを持ってきて『一緒にショーをやらないか』\nなんて言ってくる類も、大概どうかしてるけどね……"
            ]
        },
        {
            "fileName": "wonder_01_15",
            "talks": [
                "……忍び込むなんて、\n類と同じことしちゃった……"
            ]
        },
        {
            "fileName": "wonder_01_16",
            "talks": [
                "でも類が……ネネロボをくれて……。\nロボット越しでも……ショーは、やっぱり楽しくて……！"
            ]
        },
        {
            "fileName": "wonder_01_17",
            "talks": [
                "ショーはひとりじゃできない……。\n類、そんなこと言ってたんだ……",
                "……うん。わかった。\nじゃあ、類の家に行こう",
                "年齢はひとつ違うけど、わたしも類も兄弟がいないから、\n親同士がよく遊ばせてたの",
                "……類は、昔、クラスメイトと一緒に、\nショーをやろうとしたことがあったんだけど……",
                "類は、ショーのことになると周りが見えなくなるから、\nいつもうまくいかなくって",
                "でも、本当は類も……",
                "……類",
                "類……わたしは……。\nわたしは、またステージに立つって、決めた",
                "……ねえ類。\n類も、本当はまた誰かとショーをやりたいんじゃない？",
                "類……！",
                "……類は、最高のショーをしたいってずっと思ってる。\nだから、仲間と一緒にショーをやりたいって気持ちは、\n今も持ってると、思う……"
            ]
        },
        {
            "fileName": "event_03_01",
            "talks": [
                "類、最近楽しそうだね",
                "――ふふ。\nよかったね、類"
            ]
        },
        {
            "fileName": "event_03_04",
            "talks": [
                "じゃあ、台本の読み合わせから始めよっか。\n類、台本コピーしたって言ってたけど……",
                "類？　聞いてる？",
                "類……？"
            ]
        },
        {
            "fileName": "event_03_05",
            "talks": [
                "……うん。\nなんだか、いつもの類じゃないって思う",
                "（類、自分が無意識に遠慮しちゃってることに、\n本当に気づけてないみたい……）",
                "（……でも、あの時も、何もできなかった。\nわたしに……類を助けられるのかな）",
                "（だけど、今どうにかしないと——\nまた類がひとりになっちゃう……）",
                "ねえ、類。\nセカイに行ってみない？",
                "でも、類もこのままじゃいいショーは作れないって\n思ってるでしょ？",
                "類は、みんなでいいショーを作りたいんでしょ？"
            ]
        },
        {
            "fileName": "event_03_06",
            "talks": [
                "……あ、類",
                "その、類は、今は……",
                "じゃあ、類もわたしが所属してる劇団に……！",
                "あ……類……",
                "……でも、類がちゃんと仲間のことを\n考えてたってこと、わたしはわかってるよ",
                "類はとんでもないこと言い出すけど、\nいつもちゃんと、やる人がケガしないようにって考えてた",
                "危険に見える演出も、類のこと信じてれば危なくない。\n小さい頃はよく一緒にやってたから……わかるよ",
                "で……類もショーバカでしょ？",
                "だからきっと類のこと、ひとりにしないよ"
            ]
        },
        {
            "fileName": "event_03_07",
            "talks": [
                "……類",
                "類、この高さでそれは……さすがに危ないんじゃない？\nあそこからジャンプするなんて……",
                "……ちゃんと受け止めてもらえてよかったね、類"
            ]
        },
        {
            "fileName": "event_03_08",
            "talks": [
                "ねえ、類",
                "小さい頃みたいに、思いっきり演出してる類と一緒に\nショーができて",
                "昔のわたしは、類がひとりだった時、力になれなかったけど……"
            ]
        },
        {
            "fileName": "event_08_05",
            "talks": [
                "類の家の隣にうちが引っ越してから、親同士が仲良くなったの。\nそれで、類の家族とうちの家族で、ショーを見に行こうってことに\nなったんだけど……",
                "類は昔から無茶なことばっかり言ってたけどね。\n川に飛びこめとか、足でジャグリングしろとか……"
            ]
        },
        {
            "fileName": "event_08_06",
            "talks": [
                "……でも、懐かしいな。\nこの公園にも、よく類と練習しに行ったっけ",
                "（図書館に行ったり、類の家に行ったりして、\nショーの台本を読ませてもらって……）"
            ]
        },
        {
            "fileName": "event_15_01",
            "talks": [
                "へえ、なんか意外。\nわたしとか類みたいに、ひとりっ子だと思ってた"
            ]
        },
        {
            "fileName": "event_15_05",
            "talks": [
                "メッセージって……類のヤツまた新しい機能つけたわけ！？\nネネロボをプロンプターにでもする気！？"
            ]
        },
        {
            "fileName": "event_15_08",
            "talks": [
                "それで類。結局、策ってなんなの？"
            ]
        },
        {
            "fileName": "event_16_02",
            "talks": [
                "そういえば昔、ひな人形を壊しちゃって、\n類に直してもらったっけ"
            ]
        },
        {
            "fileName": "event_22_01",
            "talks": [
                "あ、類。\nちょっと話が……"
            ]
        },
        {
            "fileName": "event_22_02",
            "talks": [
                "（類が『駅で待ってて』っていうから先に来たけど、\nこれなら家に行って一緒に来たほうがよかったな）",
                "あ、類。さすがに遅すぎ……って何？　その大荷物",
                "類、今、フェニックスワンダーランドの経営方針が\n変わっちゃうのをなんとかするために、\n新しいショーを考えてるでしょ？"
            ]
        },
        {
            "fileName": "event_22_04",
            "talks": [
                "（ていうか類も荷物背負って走ってたくせに、\nなんで息ひとつ切らしてないわけ……？）",
                "類、あいつのこと雑技団のメンバーか\nなんかだと思ってない……？"
            ]
        },
        {
            "fileName": "event_22_05",
            "talks": [
                "ありがとう、類"
            ]
        },
        {
            "fileName": "event_32_01",
            "talks": [
                "な、なんか類詳しくない？",
                "うん。小さい頃に類と人魚姫のショーを見たんだけど、\nその時人魚姫の役をやっていた俳優さんが\nすごく素敵な歌を歌ってて……それからずっと好きなんだ"
            ]
        },
        {
            "fileName": "event_32_05",
            "talks": [
                "（人魚王子達は、悪役になった類に捕まって、\nその悲鳴を聞いたわたしが、薬を飲んでネネロボに——）",
                "類……！　ネネロボが……！",
                "（類はネネロボの修理で手一杯だし、\nアドリブでつなげるとしたら、わたししかいない）",
                "——類。\nわたし、やってみる",
                "ネネロボを直せるのは類しかいないし、\nふたりはまだステージの上にいるから、このこと知らないでしょ"
            ]
        },
        {
            "fileName": "event_32_08",
            "talks": [
                "それ、類が言う？\n……ま、いいけど",
                "……うん。\nでもね、類",
                "……ふふっ。\nありがとう、類"
            ]
        },
        {
            "fileName": "event_36_04",
            "talks": [
                "それに、わたしが振り付けを考えてるわけじゃないから。\n相談するなら類……あ、演出家なんだけど、\nそっちに聞いてみるといいかも"
            ]
        },
        {
            "fileName": "event_36_06",
            "talks": [
                "いつもは、最初類が形を作っちゃって、\nみんなで合わせながら直していくのが多いんだけどね"
            ]
        },
        {
            "fileName": "event_38_01",
            "talks": [
                "え、どうしたの類。いつもより気持ち悪い顔して",
                "うん。ちゃんと頼ってよね、類"
            ]
        },
        {
            "fileName": "event_38_02",
            "talks": [
                "（これって、類が昔考えた……）",
                "（——そっか。\nちゃんと吹っ切れたんだね、類）"
            ]
        },
        {
            "fileName": "event_38_05",
            "talks": [
                "類……"
            ]
        },
        {
            "fileName": "event_38_06",
            "talks": [
                "類！　熱中しすぎて落ちないでよ！",
                "類なら、全然怖くないと思うよ",
                "類とやるショーは、いつもとんでもないけど……。\nでも、おもしろいから"
            ]
        },
        {
            "fileName": "event_38_08",
            "talks": [
                "もしかしたら、類が言いたいこと、\nなんとなくわかるかも",
                "長いつきあいだからね。\n——でもさ、類"
            ]
        },
        {
            "fileName": "013011_tsukasa02",
            "talks": [
                "うそ、類まで！？"
            ]
        },
        {
            "fileName": "013012_tsukasa01",
            "talks": [
                "多分、類にお願いすることになると思うけど"
            ]
        },
        {
            "fileName": "013013_tsukasa01",
            "talks": [
                "類かネネロボにやってもらったほうが\nいいんじゃない？　司、絶対うろたえそうだし"
            ]
        },
        {
            "fileName": "013013_tsukasa02",
            "talks": [
                "ハロウィンショーの時、司がケガしそうになって、\n類が演出、遠慮しちゃったことあったでしょ？",
                "どこがさりげなくなわけ？\n類のことガン見だったじゃん"
            ]
        },
        {
            "fileName": "014001_emu02",
            "talks": [
                "（類、あいつと何か話してるみたいだけど……）"
            ]
        },
        {
            "fileName": "014006_emu01",
            "talks": [
                "そういえば、類と司がケンカした時、\nえむは司を追いかけて行ったけど、ちゃんと会えたの？",
                "ふふ。あの壁のぼりね。\n司も類も、きっとほっとしてると思う"
            ]
        },
        {
            "fileName": "014011_emu01",
            "talks": [
                "なんで類はそんなにぱっと意味がわかるわけ？",
                "類の場合、そのルールを悪用して\n自分のチームのカレーから野菜を抹殺しそう"
            ]
        },
        {
            "fileName": "014012_emu02",
            "talks": [
                "類が青春とか言うと、違和感がすごいんだけど"
            ]
        },
        {
            "fileName": "015001_nene02",
            "talks": [
                "……類、楽しそう"
            ]
        },
        {
            "fileName": "015002_nene02",
            "talks": [
                "ネネロボを今、類が改良してくれてる",
                "あ、その、えっと。\n改良は類に任せてたから、それ次第だけど……"
            ]
        },
        {
            "fileName": "015003_nene02",
            "talks": [
                "えっと、そうだね……\nきっかけは子供の頃、類と一緒に見たミュージカル……かな",
                "……うん。\n類は、そのミュージカルを見て、演出家になりたいって\n思ったみたい",
                "えっと……類と一緒に、\n独学で勉強したり、してたかな",
                "メッセージ……類から？",
                "類と司、今こっちに向かってるって"
            ]
        },
        {
            "fileName": "015005_nene01",
            "talks": [
                "たしか、類が考えてる途中じゃなかった？",
                "それで通じるのえむと類だけだから……",
                "（でも……よかったね。類）"
            ]
        },
        {
            "fileName": "015005_nene02",
            "talks": [
                "え、司……？\nそれに、類までどうして？"
            ]
        },
        {
            "fileName": "015006_nene01",
            "talks": [
                "（……！　そうだ、類ならきっと直せる！）",
                "類……えっと、神代先輩なら、知りあいだから！\nわ、わたし、頼んでみる……！",
                "よかった……！\nありがとう、類！",
                "そ、そんなおおげさな……。\n直したのは神代先輩だし、\nわたしは、ただみんなが困ってたから……"
            ]
        },
        {
            "fileName": "015007_nene01",
            "talks": [
                "（うわー、類楽しそう……）"
            ]
        },
        {
            "fileName": "015008_nene01",
            "talks": [
                "（えむには、司とバカなことやっててほしい。\n類と何か変なこと企んでてほしい。\nそれから……）"
            ]
        },
        {
            "fileName": "015008_nene02",
            "talks": [
                "あれ？　類のクラスも知ってるはずでしょ？"
            ]
        },
        {
            "fileName": "015011_nene01",
            "talks": [
                "次のショー、絶対、成功させたいね。\nこの遊園地のためにも、類のためにも"
            ]
        },
        {
            "fileName": "015011_nene02",
            "talks": [
                "（類にとっても、今回のショーの成功は\nすごく大きいんだろうな）",
                "（類が昔の話をしたからかな。\nビショビショになって人魚姫を\nやった時のこと思い出しちゃった）",
                "類も、いいよね？"
            ]
        },
        {
            "fileName": "016005_rui01",
            "talks": [
                "……類、来たよ",
                "類、この机の上の図面って、\n前に話し合いで言ってたワイヤーアクションの？"
            ]
        },
        {
            "fileName": "016006_rui01",
            "talks": [
                "でも、類もこのままじゃいいショーは作れないって\n思ってるでしょ？"
            ]
        },
        {
            "fileName": "016007_rui02",
            "talks": [
                "わっ、えむ！？　それに、司も類も……！\nまさか……み、見てたの！？"
            ]
        },
        {
            "fileName": "016008_rui02",
            "talks": [
                "はぁ、はぁ……。類も笑ってないで助けてよね"
            ]
        },
        {
            "fileName": "016009_rui01",
            "talks": [
                "まあ、類は知らないよね。\n芸能ニュースとか歌番組とかあんまり見なさそうだし……",
                "……類？　暁山さんがどうかしたの？"
            ]
        },
        {
            "fileName": "016010_rui02",
            "talks": [
                "えっ！？　じゃああれ、類の演出なの？",
                "だって類……",
                "よかったね、類"
            ]
        },
        {
            "fileName": "016011_rui02",
            "talks": [
                "……？　類、ため息なんてついてどうしたの？"
            ]
        },
        {
            "fileName": "016012_rui02",
            "talks": [
                "類が家に人を呼んだ！？"
            ]
        },
        {
            "fileName": "024012_luka02",
            "talks": [
                "ねえ、類。\nなんか、このまま負けるの嫌じゃない？"
            ]
        },
        {
            "fileName": "026001_kaito02",
            "talks": [
                "類、バーチャル・シンガーに興味あったんだ……"
            ]
        },
        {
            "fileName": "areatalk02_190",
            "talks": [
                "はぁ……で、類とえむは？"
            ]
        },
        {
            "fileName": "areatalk02_191",
            "talks": [
                "……類が、バラしてみたいって言ってた"
            ]
        },
        {
            "fileName": "areatalk02_204",
            "talks": [
                "類って相変わらず野菜食べないよね。\n外でご飯食べるときとか、困らないの？"
            ]
        },
        {
            "fileName": "areatalk03_215",
            "talks": [
                "って、誰よりも類が食いついてるし"
            ]
        },
        {
            "fileName": "areatalk03_222",
            "talks": [
                "さあ？　けど類のことだから、\nビームを撃てないロボはロボじゃないって、\n変なところにこだわってる可能性あるかも"
            ]
        },
        {
            "fileName": "areatalk03_224",
            "talks": [
                "うん。ゲームとか、類が作ったロボットの試運転とか、\nあとミュージカルの動画見たりとか",
                "わたしは役者を見てて、類は演出を見てたっていう\n違いはあったけどね"
            ]
        },
        {
            "fileName": "areatalk03_227",
            "talks": [
                "もしかして類、参加するの？\nでも、道具とか持ってきて……",
                "え、わ、わたしやるなんて一言も！\nちょっと、類。笑ってないで止めてよ……！"
            ]
        },
        {
            "fileName": "areatalk03_230",
            "talks": [
                "哺乳類なのに卵を産むから……だっけ？"
            ]
        },
        {
            "fileName": "areatalk03_238",
            "talks": [
                "うん。類も言ってた。解明できれば、\nワンダーステージの演出に応用できるかもって"
            ]
        },
        {
            "fileName": "areatalk_ev_shuffle_12_008",
            "talks": [
                "あ、うん。ちょっと動きがカクカクする時があって、\n類に預けて、見てもらってるところだから"
            ]
        },
        {
            "fileName": "areatalk_ev_wonder_02_008",
            "talks": [
                "うん。前はわたしが動かしたりしゃべったりしてたけど、\n自分で動いてしゃべれるように、類に作りかえてもらったの"
            ]
        },
        {
            "fileName": "areatalk_ev_wonder_03_004",
            "talks": [
                "まあ、得した気持ちになるってことね。\nあ……類も割ってる"
            ]
        },
        {
            "fileName": "areatalk_ev_wonder_04_002",
            "talks": [
                "司、ちょうどいいところに……。\nえむどこ行ったか知らない？\nステージに行ったら、類しかいなくて……"
            ]
        },
        {
            "fileName": "areatalk_ev_wonder_06_003",
            "talks": [
                "……あれ、類？\n何か撮ってるみたいだけど、どうしたの？"
            ]
        },
        {
            "fileName": "areatalk_monthly2107_002",
            "talks": [
                "あれ、類？　購買の前でボーっとしてるけど、\nパン争奪戦に乗り遅れたの？"
            ]
        }
    ]
}