{
    "mainStory": 42,
    "eventStory": 55,
    "cardStory": 100,
    "areaTalk": 26,
    "talkPacks": [
        {
            "fileName": "leo_01_02",
            "talks": [
                "ねぇいっちゃん！　\n一緒に、ほなちゃんとしほちゃんに会いに行かない？",
                "あ、ほなちゃん！　久しぶり～！\nあのね、アタシ今日からまたここの生徒なの！",
                "ほ、ほなちゃん？\n行っちゃった……"
            ]
        },
        {
            "fileName": "leo_01_03",
            "talks": [
                "で、みーんなヘトヘトになった時に、ほなちゃんが\nアップルパイみんなで食べようって言ってくれたんだよ。\nそれがもうすーっごく美味しくて……",
                "……ほなちゃんも行っちゃった……"
            ]
        },
        {
            "fileName": "leo_01_04",
            "talks": [
                "って、ほなちゃんとしほちゃん！？",
                "ほら！　いっちゃんはやるって！\nだからしほちゃんとほなちゃんも、やろうよ～！"
            ]
        },
        {
            "fileName": "leo_01_05",
            "talks": [
                "しほちゃん、ほなちゃん、いっちゃん！\n……みんなでバンドやってみない！？",
                "ほなちゃん……"
            ]
        },
        {
            "fileName": "leo_01_06",
            "talks": [
                "これって、しほちゃんとほなちゃんのスマホにも入ってるのかな？",
                "しほちゃんとほなちゃんにも、\nアタシ達と同じ想いがあるのかな？　それならまた……！",
                "アタシ達が始めれば、いつかほなちゃんとしほちゃんも、\n一緒にやってくれるかもしれないもんね！"
            ]
        },
        {
            "fileName": "leo_01_07",
            "talks": [
                "でも、アタシが病気で入院して戻って来たら、\nしほちゃんとほなちゃんがあんまり話してくれなくなって……"
            ]
        },
        {
            "fileName": "leo_01_08",
            "talks": [
                "うん！　早く上達して、\nしほちゃんとほなちゃんにも聴いてもらいたいな〜♪"
            ]
        },
        {
            "fileName": "leo_01_09",
            "talks": [
                "それに、ほなちゃんとも！\n４人で一緒に！"
            ]
        },
        {
            "fileName": "leo_01_10",
            "talks": [
                "そうそう、それ！\nほなちゃんが一生懸命教えてくれたよね"
            ]
        },
        {
            "fileName": "leo_01_11",
            "talks": [
                "もしかしたらほなちゃんも、\nちゃんと話したら、戻ってきてくれるかもね！"
            ]
        },
        {
            "fileName": "leo_01_13",
            "talks": [
                "あーあ、ほなちゃんも一緒に来られたらよかったのにな〜",
                "中学？　しほちゃん、ほなちゃんに何があったか知ってるの？",
                "え！？　は、ハブ！？　\nほなちゃんはみんなに優しくて友達もたくさんいたのに、\nどうして……？",
                "……ほなちゃん、そうだったんだね……",
                "ほなちゃんは、昔からすごく優しいもんね",
                "ほなちゃんのこと、バンドに誘うのはもうやめる",
                "うん。それがアタシからほなちゃんへの、\n思いやりってやつかな！",
                "アタシ……ほなちゃんが苦しくないほうがいいなって思ったの",
                "本当は、ほなちゃんをひとりになんてさせないよって、\n言いたいけど……",
                "でも、せっかくほなちゃんが今のクラスの子達と\n仲良くできてるんだもん",
                "だから……ほなちゃんの気持ちを大事にしてあげたいな"
            ]
        },
        {
            "fileName": "leo_01_14",
            "talks": [
                "……バンドに誘うのもうやめるねって、\nほなちゃんに言いに行こうと思って",
                "ほなちゃん優しいから。言わないと、\nアタシ達のことずっと気にしちゃうと思うんだよね",
                "ほなちゃん！　ごめんね、お昼時に。\nちょっといいかな？",
                "でも、それってよく考えたら、\nほなちゃんのこと全然考えられてなかったんだよね。\nすごい自分勝手なことしちゃって……ごめんね",
                "アタシもほなちゃんの立場だったら、\nすっごくつらいだろうなって、そう思って……",
                "だから、ほなちゃんには、\n今の友達を大事にしてほしいなって思ったの！",
                "じゃあね！　ほなちゃん！",
                "うん！　ほなちゃんのこと大好きだから。\nこれでいいんだよ",
                "一緒にはいられないけど、クラスは近いから、\nほなちゃんが元気にしてるのはそばで見られるし！"
            ]
        },
        {
            "fileName": "leo_01_18",
            "talks": [
                "ほなちゃんには、今の友達を大事にしてほしいなって思ったの！",
                "ほなちゃん！"
            ]
        },
        {
            "fileName": "leo_01_19",
            "talks": [
                "……ううん。アタシのほうこそ、ごめんね。\nほなちゃんのことずっと助けられなくて……",
                "つらい時、ほなちゃんのそばにいられなくて……ごめんね"
            ]
        },
        {
            "fileName": "vsleo_01_04",
            "talks": [
                "よーし、じゃあすぐ作曲しなくっちゃ！\nほなちゃんとしほちゃんも手伝ってくれる？"
            ]
        },
        {
            "fileName": "event_01_01",
            "talks": [
                "ほなちゃーん！\n授業お疲れさまー……の、ハグ！"
            ]
        },
        {
            "fileName": "event_01_02",
            "talks": [
                "ほなちゃんとしほちゃんの都合があわなかったのは\n残念だけど……"
            ]
        },
        {
            "fileName": "event_01_03",
            "talks": [
                "おおー。さすがほなちゃん。星博士！",
                "ほ、ほなちゃ～ん。\nしほちゃんが……しほちゃんが～"
            ]
        },
        {
            "fileName": "event_01_04",
            "talks": [
                "ほなちゃん！\nほなちゃんも家庭科部終わり？　一緒に帰ろうよ",
                "（ほなちゃんの言う通りちょっと熱があったし、\n今日は早く帰ってゆっくり寝ようっと）"
            ]
        },
        {
            "fileName": "event_01_05",
            "talks": [
                "えっ。ほ、ほなちゃん……！",
                "ううん……誰もいないから助かったよ……。\nありがと、ほなちゃん……"
            ]
        },
        {
            "fileName": "event_01_06",
            "talks": [
                "あ、そーだ。ほなちゃんとしほちゃんにも書こうっと！\nスマホの連絡ばっかじゃ味気ないしね～",
                "ほなちゃんもしほちゃんも、忙しいみたいだね。\n最近メッセージ送っても、あんまり返事こないんだぁ",
                "ほなちゃんは書いてくれそうだけど\nしほちゃん返事書いてくれるかなー？　ふふっ"
            ]
        },
        {
            "fileName": "event_01_07",
            "talks": [
                "ほなちゃん……"
            ]
        },
        {
            "fileName": "event_01_08",
            "talks": [
                "うんっ！　ほなちゃんお願いしますっ！",
                "だってほなちゃんの声、\n優しくって子守歌みたいなんだもーん……"
            ]
        },
        {
            "fileName": "event_09_10",
            "talks": [
                "ねえ、ほなちゃんとしほちゃんも来れるよね？",
                "うそー！？　また負けた！\nほなちゃん、七並べ強すぎるよ～！"
            ]
        },
        {
            "fileName": "event_09_11",
            "talks": [
                "あ、いたいた！\nしほちゃん、ほなちゃーん！"
            ]
        },
        {
            "fileName": "event_10_01",
            "talks": [
                "だってほなちゃんって、くっつくと柔らかいんだもーん"
            ]
        },
        {
            "fileName": "event_10_04",
            "talks": [
                "むむっ！\nほなちゃん、顔がどよーんってしちゃってる！",
                "ほなちゃん……"
            ]
        },
        {
            "fileName": "event_10_06",
            "talks": [
                "ほなちゃん、すごーい！",
                "そっか！\nほなちゃんが支えてくれてたから\nアタシ達も思いっきり弾けたんだね！",
                "でもでも！　アタシ達もいるからね、ほなちゃん！"
            ]
        },
        {
            "fileName": "event_10_08",
            "talks": [
                "メイコさーん、ほなちゃーん！\nそろそろ音合わせるよー！"
            ]
        },
        {
            "fileName": "event_13_05",
            "talks": [
                "ほなちゃんも？"
            ]
        },
        {
            "fileName": "event_16_05",
            "talks": [
                "あ……！　ほ、ほなちゃん！",
                "う……うえ～ん！　ほなちゃ～ん！！",
                "うわーーーーん！\nどうしよう、ほなちゃん！\nアタシ、お兄ちゃんにひどいこと言っちゃった～～～～！"
            ]
        },
        {
            "fileName": "event_16_07",
            "talks": [
                "うん！　ふたりともありがとう！\nあとはほなちゃんが来るのを待つだけだね！",
                "あ、ほなちゃんかも！\nアタシ、出てくるね"
            ]
        },
        {
            "fileName": "event_16_08",
            "talks": [
                "……え、ほなちゃんが？",
                "ほなちゃんも、ホントにありがとうっ！\nほなちゃんがいなかったら、きっと仲直りできなかったよ！"
            ]
        },
        {
            "fileName": "event_20_02",
            "talks": [
                "ねえねえいっちゃん、ほなちゃん！\nベース弾いてるのって、しほちゃんじゃない！？",
                "いっちゃんが今ハマってる焼きそばパンはどれか、とか\nほなちゃんが好きなアップルパイの話とか？"
            ]
        },
        {
            "fileName": "event_20_03",
            "talks": [
                "……っ、ほなちゃん……"
            ]
        },
        {
            "fileName": "event_20_08",
            "talks": [
                "（いっちゃん、ほなちゃん……！\nすごい！　練習の時より音が……！）"
            ]
        },
        {
            "fileName": "event_27_03",
            "talks": [
                "はーいっ♪　ありがとう、ほなちゃん！"
            ]
        },
        {
            "fileName": "event_27_05",
            "talks": [
                "ほなちゃんは、怖いことにも自分から立ち向かっていって……。\nどんどん自信を持って演奏できるようになってる",
                "あれ？　ほなちゃん、いっちゃん！\nいっちゃん、もう委員会の用事終わったの？"
            ]
        },
        {
            "fileName": "event_27_07",
            "talks": [
                "あ～、ここにほなちゃんがいてくれたら、\nチャイムが鳴る前に起こしてくれるのにー！"
            ]
        },
        {
            "fileName": "event_30_01",
            "talks": [
                "えっ、ホント！？\nありがとう、ほなちゃん～！",
                "えーっと……こうかな？\nほなちゃん、アタシ、できてる？",
                "やったー！！　教えてくれてありがとね、ほなちゃん。\nえむちゃんも、浮き輪貸してくれてありがとう♪"
            ]
        },
        {
            "fileName": "event_30_02",
            "talks": [
                "アタシとほなちゃんが演奏担当、\nえむちゃんとこはねちゃんが歌を担当するの"
            ]
        },
        {
            "fileName": "event_30_03",
            "talks": [
                "よろしくね、ほなちゃん！\nえむちゃん先生も、よろしくお願いしまーす！"
            ]
        },
        {
            "fileName": "event_30_04",
            "talks": [
                "ホントー！？\nほなちゃん先生の教えかたが上手だからかな♪",
                "うん！\nほなちゃん、よろしくねー！"
            ]
        },
        {
            "fileName": "event_30_05",
            "talks": [
                "あ、ほなちゃん！\nもしかして、自主練習しに来たのー？",
                "ううん！　ほなちゃんこそ、ありがとね！\nおかげでサビのところ、だいぶしっくりくるようになったよ！",
                "うん！　ほなちゃんと\nどうしたらミュージカルらしい曲になるかなーって\n相談しながら練習してたんだ！",
                "ってことは、アタシとほなちゃんも、\nもっと抑揚つけて演奏してもいいのかな？"
            ]
        },
        {
            "fileName": "event_30_06",
            "talks": [
                "あっ！　ほなちゃん、えむちゃん、危ない！",
                "えっ、ほなちゃん！？"
            ]
        },
        {
            "fileName": "event_30_07",
            "talks": [
                "ほなちゃん、こはねちゃん、\nおかえりー！！"
            ]
        },
        {
            "fileName": "event_30_08",
            "talks": [
                "うん！　帰ったらまた、アタシとほなちゃんは\nバンドの練習があるもんね！"
            ]
        },
        {
            "fileName": "001001_ichika01",
            "talks": [
                "でも、そのアサガオの種で、\nほなちゃんやしほちゃんと一緒に\nうちにアサガオの庭を作ったよね",
                "……うん！　とにかくやってみないとだよね！\nというわけで、放課後、\nほなちゃんとしほちゃんに声かけてみない？"
            ]
        },
        {
            "fileName": "001004_ichika01",
            "talks": [
                "もー、しほちゃんそこまでー！\nアタシはおやつ楽しみにしてるね、ほなちゃん！\nそれじゃ、また明日ね～"
            ]
        },
        {
            "fileName": "001005_ichika02",
            "talks": [
                "だって、ずっと楽しみにしてたんだもん♪\nほなちゃんやしほちゃんは行ったことあるんだよね？"
            ]
        },
        {
            "fileName": "001006_ichika02",
            "talks": [
                "うー。さすがいっちゃん。\nアタシの行動が完全にバレてる……！\nじゃあ、ほなちゃんにやってもらおうよ"
            ]
        },
        {
            "fileName": "001007_ichika01",
            "talks": [
                "き、聞いた！？　いっちゃん、しほちゃん！\nキレイな桜を満喫するだけじゃなくって、\nほなちゃんのお弁当まで食べられるかも！？"
            ]
        },
        {
            "fileName": "001007_ichika02",
            "talks": [
                "わー！　ほなちゃんのお弁当、すごーい！\n卵焼きに、唐揚げに一口ハンバーグまで！",
                "ずるーい！\nアタシもほなちゃんのハンバーグ食べたーい！"
            ]
        },
        {
            "fileName": "002002_saki02",
            "talks": [
                "みんな、ポテトもシェアしよ！\nほなちゃん、そこからで手、ちゃんと届く？"
            ]
        },
        {
            "fileName": "002003_saki01",
            "talks": [
                "でも……なんていうか、しほちゃんもほなちゃんも、\nどこかよそよそしいっていうか"
            ]
        },
        {
            "fileName": "002003_saki02",
            "talks": [
                "ほなちゃーん、しほちゃんが意地悪するよ～"
            ]
        },
        {
            "fileName": "002005_saki02",
            "talks": [
                "いっちゃん、ほなちゃん、しほちゃん……！",
                "いっちゃん、ほなちゃん、しほちゃん"
            ]
        },
        {
            "fileName": "002006_saki02",
            "talks": [
                "ありがとう、ほなちゃん！"
            ]
        },
        {
            "fileName": "002007_saki01",
            "talks": [
                "おお、さすがほなちゃん！　物知り～！",
                "どういたしまして！\nこれで、ほなちゃんのお願いごとも叶ったらいいね！"
            ]
        },
        {
            "fileName": "002007_saki02",
            "talks": [
                "ええー！\nほなちゃーん、いっちゃんとしほちゃんがいじめる～！"
            ]
        },
        {
            "fileName": "002008_saki01",
            "talks": [
                "よし！　じゃあほなちゃんのクラスに行こう！",
                "ほなちゃん、大丈夫かな……",
                "うん！　だからほなちゃんを\nアタシ達が応援しなくちゃ！",
                "だってー。やっぱりほなちゃんが心配だったんだもん",
                "（ほなちゃん、がんばれ……！）",
                "ふぅ、ほなちゃん……よかったぁ……",
                "さっきのほなちゃん、すっごくかっこよかった！\nみんなに自分の想いを伝えて、\nちゃんと意見もひとつにまとめて！",
                "誰がなんと言おうと、ほなちゃんは偉い！\nアタシ、ほなちゃんを尊敬するよ！"
            ]
        },
        {
            "fileName": "002008_saki02",
            "talks": [
                "うん！　特にほなちゃんはいろいろお疲れさま！",
                "そこでですねー。アタシの家で、\nほなちゃんお疲れさま会をやろうと思います！",
                "そ、そんなことないよ。\nほなちゃんをだしに使おうなんて、思ってないからね！",
                "それでは、ほなちゃんお疲れさま会を始めまーす！",
                "まずは改めて！\nほなちゃん、合唱祭お疲れさまでした！",
                "さすがほなちゃん！",
                "だって絶対に金賞とりたかったんだもん！\n結局、ほなちゃんのクラスには勝てなかったけど",
                "ねえ、ほなちゃん",
                "アタシ、ほなちゃんはひとりじゃない、みたいなこと\n偉そうに言っちゃったでしょ",
                "でも、言うほどほなちゃんの力に\nなれなかった気がして……",
                "ほら、ただでさえ中学の時は入院してたせいで、\nほなちゃんの力になれなかったから",
                "あ……。えへへ、さすがほなちゃん。正解！\nでもきっと、いっちゃんやしほちゃんも気づいてたよね",
                "ほなちゃん……",
                "ほなちゃん……！"
            ]
        },
        {
            "fileName": "002009_saki01",
            "talks": [
                "ありがとう、いっちゃん、ほなちゃん！",
                "わっ、あははっ！　ほなっ……ほなちゃん！\nツンツンやめて～、くすぐったいよぉ～！！"
            ]
        },
        {
            "fileName": "002009_saki02",
            "talks": [
                "あ、いた！\nほなちゃーん、おはよ～！",
                "それにお兄ちゃんのことも……。\nほなちゃん、本当にありがとう",
                "ところで……ほなちゃん、\n今日の放課後って用事あったりする？",
                "……ホント！？　それならほなちゃん、\nアタシに力を貸してください！　お願いします！",
                "よし！　お兄ちゃんまだ帰って来てないみたい。\nほなちゃん、今のうちにあがってあがって！",
                "ほなちゃん、ジュースもお菓子もあるから、\n遠慮なくくつろいでね！",
                "それで、お裁縫が得意なほなちゃんに、\n直しかたを教えてほしいなって思ったの！",
                "ありがとう！\nじゃあ、ほなちゃん先生！　さっそくお願いします！",
                "……あ。ほなちゃん、ここは？\nここも着物の柄にあわせてくっつければいいのかな？",
                "ほなちゃんがわかりやすく教えてくれたおかげだよ！\nありがとう、ほなちゃん！",
                "あ。ねえ、ほなちゃん。\n今日のことは、来年までふたりだけの秘密にしてくれる？"
            ]
        },
        {
            "fileName": "002010_saki01",
            "talks": [
                "（あ。ほなちゃんも、中学の時は吹奏楽部だったし、\n大勢の人の前で演奏した経験あるのか……）"
            ]
        },
        {
            "fileName": "002010_saki02",
            "talks": [
                "アタシはほなちゃんと、あとみのりちゃんから！",
                "あ、そうだ！　いっちゃん、\nほなちゃんとしほちゃんにあれ見せてあげてよ！",
                "そうそう、この子！　アップルパイ食べて、\nおいしさで顔がとろけてるほなちゃんそっくりじゃない！？",
                "え～。ほなちゃーん、しほちゃんが冷たいよ～",
                "いっちゃん、ほなちゃん、しほちゃん！"
            ]
        },
        {
            "fileName": "002012_saki01",
            "talks": [
                "教えてくれてありがとう、ほなちゃん！"
            ]
        },
        {
            "fileName": "003002_honami02",
            "talks": [
                "そういえば、ほなちゃんってなんのバイトしてるんだろう？",
                "ほなちゃんのお母さんって、スタイリストさんだっけ？\nモデルさんとかの",
                "ごめんね、ほなちゃん。\n急にいろいろ聞いちゃって……"
            ]
        },
        {
            "fileName": "003003_honami02",
            "talks": [
                "ほなちゃんは家庭科部にはいってて、\n料理もできちゃうし、お裁縫もできちゃうんだよ！",
                "あ、えっと……ほなちゃん、\n絵が描けないから……",
                "ほなちゃん、ちょーっとタッチが独特っていうか、\n画伯っていうか……",
                "んー、あの衣装を持って帰れれば、\nほなちゃんにわざわざ作ってもらわなくていいのにね"
            ]
        },
        {
            "fileName": "003005_honami02",
            "talks": [
                "では、ほなちゃん。\nメインディッシュをお願い！",
                "ホントだ！　ほなちゃん、大変じゃなかった？",
                "ほなちゃん、こういうのは\n印刷しなくてよかったのに～",
                "それはもちろん、しほちゃんとほなちゃんのクラスの子！",
                "だから、ほなちゃん、\nよかったらほなちゃんの友達、紹介してね！",
                "うん！　楽しみにしてるね、ほなちゃん！"
            ]
        },
        {
            "fileName": "003007_honami01",
            "talks": [
                "じゃあ、ほなちゃん一緒に入ろ！",
                "はーい♪\n行こうっ、ほなちゃん！"
            ]
        },
        {
            "fileName": "003008_honami01",
            "talks": [
                "うわーーーーん！\nどうしよう、ほなちゃん！\nアタシ、お兄ちゃんにひどいこと言っちゃった～～～～！"
            ]
        },
        {
            "fileName": "003008_honami02",
            "talks": [
                "ほなちゃん。今日、いっちゃんもしほちゃんもバイトだし、\nふたりで一緒に帰ろ～♪",
                "あのね、ほなちゃん",
                "委員会を休むなんて、きっとほなちゃんを\nすごく悩ませちゃったし、困らせちゃったよね",
                "だから……。\nほなちゃん、迷惑かけてごめんなさい！",
                "悪いのはアタシとお兄ちゃんなんだから、\nほなちゃんからのごめんなさいは受けつけませ～ん！",
                "ほなちゃんのおかげでお兄ちゃんと仲直りできて\n楽しいひな祭りにできたんだよ？",
                "だから……ありがとう、ほなちゃん！\nアタシとお兄ちゃんのこと心配してくれて！"
            ]
        },
        {
            "fileName": "003009_honami02",
            "talks": [
                "しほちゃん、ほなちゃん！　おまたせー！"
            ]
        },
        {
            "fileName": "003011_honami01",
            "talks": [
                "それに、うちの班には\n料理得意なほなちゃんがいるからね！\n絶対おいしくできること間違いなし！",
                "えへへっ。\nもう、ほなちゃんってば褒め上手なんだからー",
                "ほなちゃん、飾り用のにんじんもゆでたよー！"
            ]
        },
        {
            "fileName": "003012_honami01",
            "talks": [
                "ん～？\nほなちゃん、ひょっとしていいアイディア浮かんだ？"
            ]
        },
        {
            "fileName": "003013_honami01",
            "talks": [
                "……あっ！　ほなちゃーん、おっはよーう♪",
                "えへへ。だって、ほなちゃんを待ってたんだもん♪\nあっ……！",
                "ふっふっふっ。お別れにはまだ早いよ。\nさあ、ほなちゃん！　早く教室に入って！",
                "ヘイ、ほなちゃん！\nアタシの左側もあいてるよ！"
            ]
        },
        {
            "fileName": "004010_shiho01",
            "talks": [
                "そうそう！　それでほなちゃんが\n『緑色の絵の具を塗ったら？』ってアドバイスしてくれて、\n解決したんだよねーっ"
            ]
        },
        {
            "fileName": "013008_tsukasa01",
            "talks": [
                "はーい♪\n行こうっ、ほなちゃん！"
            ]
        },
        {
            "fileName": "021013_miku02",
            "talks": [
                "わー！　ほなちゃんのお弁当、すごーい！\n卵焼きに、唐揚げに一口ハンバーグまで！"
            ]
        },
        {
            "fileName": "022009_rin02",
            "talks": [
                "あ、いっちゃん！\nそれにほなちゃん、しほちゃんもいる！　やっほー♪"
            ]
        },
        {
            "fileName": "024005_luka01",
            "talks": [
                "はい！　実は、今日は\nほなちゃんから写真を預かってきたんです"
            ]
        },
        {
            "fileName": "024006_luka01",
            "talks": [
                "あ、ほなちゃん達もうおみくじ引いた？",
                "ということは……しほちゃんが一番で、\nその次がアタシとほなちゃんで、次がいっちゃんだね",
                "そうなんだ？　引き直したってことは……。\nさてはほなちゃん、大凶でも引いたな～？"
            ]
        },
        {
            "fileName": "025009_meiko01",
            "talks": [
                "メイコさん、おやすみなさい。\nほなちゃんといっちゃんも"
            ]
        },
        {
            "fileName": "areatalk02_108",
            "talks": [
                "ホント！？　わぁ、ありがとう、ほなちゃん！"
            ]
        },
        {
            "fileName": "areatalk02_109",
            "talks": [
                "あはは、ほなちゃんって本当にアップルパイ大好きだね"
            ]
        },
        {
            "fileName": "areatalk02_110",
            "talks": [
                "……ふふ。あそこのチュロス屋さんにする？\nそうしたら、いっちゃんとほなちゃんの分も買えるし！"
            ]
        },
        {
            "fileName": "areatalk02_116",
            "talks": [
                "このヘアクリップ、ほなちゃんに似合いそうだよ！",
                "そういえばほなちゃん、いつも横に髪結ぶもんね",
                "うーん。絶対似合うと思うんだけどなぁ。\nねえ、ほなちゃん。ちょっと試させてもらってもいい？"
            ]
        },
        {
            "fileName": "areatalk02_117",
            "talks": [
                "ほなちゃん。さっきの美術の授業、人物画だったんでしょ？\nアタシ達のクラスもやるみたいなんだけど、\nどんな感じか見せてもらってもいい？"
            ]
        },
        {
            "fileName": "areatalk02_118",
            "talks": [
                "ほなちゃんのバイト、珍しいよね。\nえっと、家事代行サービス、だっけ",
                "へぇ。でも、いいなぁ。ほなちゃんにお世話してもらえる人。\nほなちゃん、アタシもお世話されたーい！"
            ]
        },
        {
            "fileName": "areatalk02_250",
            "talks": [
                "ほなちゃん、どうかしたの？　考え事？",
                "あっ、ほなちゃんも感じた！？　アタシも！\nこのキーボード、他人の気がしないんだよね！"
            ]
        },
        {
            "fileName": "areatalk03_016",
            "talks": [
                "ほなちゃん、いつも可愛いスニーカー履いてるよね！\n……そういうのってどこで買うの？",
                "え！？　いっちゃん、ほなちゃんと靴買いに行ったの？\nいつの間に……"
            ]
        },
        {
            "fileName": "areatalk03_019",
            "talks": [
                "ほなちゃん、何見てるの？"
            ]
        },
        {
            "fileName": "areatalk03_023",
            "talks": [
                "ほなちゃんのクラスもあったんだ！？\nじゃあ、しほちゃんのクラスも？"
            ]
        },
        {
            "fileName": "areatalk03_028",
            "talks": [
                "よーし。今日はほなちゃんとみっちり練習して、\n明日合わせる時にふたりをびっくりさせよーっと"
            ]
        },
        {
            "fileName": "areatalk03_034",
            "talks": [
                "ほなちゃん、服の型紙とかはちゃんと描けるのにね",
                "それだ！　やってみようよ、ほなちゃん。\nあそこのビルなんて、定規でキレイに描けそうだよ！"
            ]
        },
        {
            "fileName": "areatalk03_035",
            "talks": [
                "わ、そんなに名前が出てくるなんて、\nさすがほなちゃん、星に詳しいね"
            ]
        },
        {
            "fileName": "areatalk03_037",
            "talks": [
                "ほなちゃん、ドラム叩くのって、\nすごく体力使うよね。大丈夫？"
            ]
        },
        {
            "fileName": "areatalk03_038",
            "talks": [
                "しほちゃんだけじゃなくて、\nほなちゃんも知ってるんだ！？"
            ]
        },
        {
            "fileName": "areatalk03_043",
            "talks": [
                "いいの！？　実はちょっと叩いてみたかったの。\nありがとう、ほなちゃん！"
            ]
        },
        {
            "fileName": "areatalk03_047",
            "talks": [
                "そっかー。あ、『弾けそう』っていうイメージだけで言うと、\nほなちゃんはすごく弾けそう！"
            ]
        },
        {
            "fileName": "areatalk04_001",
            "talks": [
                "ほなちゃんありがとう！\nそれに、しほちゃんも！"
            ]
        },
        {
            "fileName": "areatalk_ev_band_03_002",
            "talks": [
                "うん！　じゃあこれは覚えてる？\n『そんなに月の名前が出てくるなんて、\nほなちゃん、星に詳しいね』ってアタシが言ったら——"
            ]
        },
        {
            "fileName": "areatalk_ev_band_04_002",
            "talks": [
                "３種類！？　す、すごい、さすがほなちゃん！\nそれ、ぜひアタシに教えてください！"
            ]
        }
    ]
}