{
    "mainStory": 0,
    "eventStory": 16,
    "cardStory": 16,
    "areaTalk": 4,
    "talkPacks": [
        {
            "fileName": "event_11_02",
            "talks": [
                "ええ、よろしくね。雫ちゃん♪"
            ]
        },
        {
            "fileName": "event_11_05",
            "talks": [
                "——あら、雫ちゃん？",
                "どうしたの？　そんな悲しそうな顔をして。\nそんな雫ちゃんも素敵だけどね",
                "もし雫ちゃんが嫌でなければ、\n話を聞かせてもらってもいいかしら",
                "雫ちゃんに、私の秘密を教えるわ。\nミクちゃん達には内緒にしてね？",
                "やっぱり笑っている雫ちゃんのほうが、素敵だわ",
                "それで……雫ちゃんは、どうしようと思うの？",
                "本当に、ありのままの雫ちゃんだと\nダメなのかしら？",
                "それは今のままの雫ちゃんだと、できないことなのかしら？"
            ]
        },
        {
            "fileName": "event_22_02",
            "talks": [
                "雫ちゃん、すごく上達したわね。\nさっきのターン、とっても綺麗だったわ",
                "いらっしゃい、愛莉ちゃん。雫ちゃんから\n部活があるって聞いてたから、今日は来ないのかと思ってたわ"
            ]
        },
        {
            "fileName": "event_22_07",
            "talks": [
                "『雫ちゃん、なんだか大変なことになってるわね……！』",
                "『大丈夫よ、雫ちゃん。\n一緒に愛莉ちゃん達を助ける方法を考えましょう』",
                "『大丈夫よ、\n雫ちゃんなら、きっとできるはずだわ！』",
                "『そのほうがいいわね。でも、愛莉ちゃん達が助かるまで、\n私も雫ちゃんと一緒にいるから、安心してね』",
                "『もう大丈夫そうね。\n雫ちゃん、私はそろそろ戻るわ』"
            ]
        },
        {
            "fileName": "007009_airi01",
            "talks": [
                "雫ちゃんのことなんだけど、\nなんだか遥ちゃんのことを心配してるみたいね……",
                "だったら、まずは雫ちゃんと話をするのはどうかしら？",
                "いいのよ。私も雫ちゃん達が気になっていたから",
                "愛莉ちゃん、雫ちゃん達をお願いね"
            ]
        },
        {
            "fileName": "024007_luka01",
            "talks": [
                "……大丈夫、ちゃんと“答え”は見つかるわ。\nだって、雫ちゃんはひとりじゃないんだもの",
                "それに、雫ちゃんが今困っているのは、\n『事務所』に入らなかったこととは\nあまり関係ないんじゃないかしら？",
                "ええ。だって、雫ちゃんが悩んでいるのは、\nどうやってファンのみんなに応えるか、だもの",
                "私は、雫ちゃんならきっと乗り越えられるって信じてるわ"
            ]
        },
        {
            "fileName": "024007_luka02",
            "talks": [
                "あら！　いらっしゃい、雫ちゃん",
                "ふふ、よかったわね。\n雫ちゃんの気持ちが伝わって",
                "だから、雫ちゃんが勇気を出したかっこいいところ、\nリンちゃんにも見せてあげたくて。\nね？　どうかしら？",
                "いらっしゃい、雫ちゃん♪\nそれにみのりちゃんも！",
                "あら、これね！\n雫ちゃんが言ってたコメントって",
                "実はリンちゃんね、悩んでいたの。\n雫ちゃん達が苦労しているのは、自分のせいかもって"
            ]
        },
        {
            "fileName": "024010_luka02",
            "talks": [
                "さて。ねえ、雫ちゃん。\n今日もアレを教えてもらっていいかしら♪",
                "これはね、雫ちゃんにロープワークを教えてもらってるのよ"
            ]
        },
        {
            "fileName": "areatalk_ev_idol_02_010",
            "talks": [
                "ねえ、雫ちゃん。練習のあとに\nお味噌汁を飲むって聞いたけど、いつもそうしてるの？",
                "ふふ。私も雫ちゃんが作ったお味噌汁飲んでみたいわ"
            ]
        },
        {
            "fileName": "areatalk_ev_idol_02_011",
            "talks": [
                "あら、雫ちゃんはトーク苦手なの？"
            ]
        },
        {
            "fileName": "areatalk_ev_shuffle_07_006",
            "talks": [
                "どうしたの、雫ちゃん。なんだか浮かないお顔ね？"
            ]
        }
    ]
}