{
    "mainStory": 15,
    "eventStory": 7,
    "cardStory": 17,
    "areaTalk": 7,
    "talkPacks": [
        {
            "fileName": "vswonder_01_02",
            "talks": [
                "司くん達とショー始めたかったのに、帰っちゃった～。\nつまんない～！"
            ]
        },
        {
            "fileName": "vswonder_01_03",
            "talks": [
                "あ！　カイトー！\n今、司くんが来てくれた気がするよっ！",
                "司くんだ！　司くー……もがっ！？"
            ]
        },
        {
            "fileName": "wonder_01_00",
            "talks": [
                "やっほ〜☆　司くん！",
                "ここはセカイだよ、司くん！",
                "今度はみんなでセカイに来てね、司くん。\n一緒に歌って、楽しいショーにしようっ☆",
                "みんなもきっと、司くんと同じ想いを持ってるから！",
                "それじゃあ、司くん！\nまた会おうね、バイバーイ☆"
            ]
        },
        {
            "fileName": "wonder_01_03",
            "talks": [
                "まだ歌がないから歌えないんだよー。\n司くん、本当の想いを忘れちゃってるから〜"
            ]
        },
        {
            "fileName": "wonder_01_04",
            "talks": [
                "司くん、大丈夫？"
            ]
        },
        {
            "fileName": "wonder_01_10",
            "talks": [
                "ん～。司くんは、スターになってどうするの？"
            ]
        },
        {
            "fileName": "wonder_01_14",
            "talks": [
                "うん♪　ここは司くんの想いでできたセカイだからね！",
                "うん！　さっきの司くん、\nとってもとーってもキラキラしてた☆"
            ]
        },
        {
            "fileName": "wonder_01_17",
            "talks": [
                "司くん、どうしてるかなー？\nみんなと仲直りできてるといいんだけど……"
            ]
        },
        {
            "fileName": "wonder_01_19",
            "talks": [
                "うんっ♪　これは司くんの中にある、\n『ショーでみんなを笑顔にしたい』っていう想いの歌だよっ☆"
            ]
        },
        {
            "fileName": "event_03_01",
            "talks": [
                "あ！　司くんが天井までぴゅーんって勢いよく飛び上がるのも\nとってもおもしろかったよっ♪"
            ]
        },
        {
            "fileName": "event_08_07",
            "talks": [
                "『もちろんっ！　みんなでショーしようっ♪\n司くん達も一緒に！』"
            ]
        },
        {
            "fileName": "event_09_09",
            "talks": [
                "司くんも、追いかけっこお疲れさま☆\nいーっぱい走ってたね〜！！"
            ]
        },
        {
            "fileName": "event_13_03",
            "talks": [
                "寧々ちゃーん！\n司くんがリハーサルやりたいって言ってるよ～♪"
            ]
        },
        {
            "fileName": "event_16_06",
            "talks": [
                "あれ、司くん？",
                "司くん、なんだか元気ないね？　大丈夫？",
                "あっ、司くん……！"
            ]
        },
        {
            "fileName": "015006_nene01",
            "talks": [
                "文化祭っていうのがもうじきあるんでしょう？\n司くんはショーをやるって聞いたけど、寧々ちゃんは？"
            ]
        },
        {
            "fileName": "021010_miku01",
            "talks": [
                "『あ、司くんの声！\nちょっと遠そうだけど、耳がいいえむちゃんなら……』"
            ]
        },
        {
            "fileName": "021011_miku01",
            "talks": [
                "でも司くん達は『絶対なんとかするぞ！』っていう\n顔してたもん！　だからきっと大丈夫！"
            ]
        },
        {
            "fileName": "021011_miku02",
            "talks": [
                "それにねっ、司くんは、最高のショーをするためには、\n寧々ちゃん達が必要だって思ってるよ"
            ]
        },
        {
            "fileName": "021016_miku02",
            "talks": [
                "司くん"
            ]
        },
        {
            "fileName": "026003_kaito01",
            "talks": [
                "せっかく司くんがセカイに来たのに、\n一緒にショーできなかったな～",
                "司くんはどんなショーやりたいのかな～？",
                "ショーでシャボン玉を飛ばしたらどうかな？\nキラキラするから、司くんも一緒にやりたくなるかも！",
                "キラキラなショーで、司くんが、\n本当の想いを思い出してくれるといいな～！"
            ]
        },
        {
            "fileName": "026003_kaito02",
            "talks": [
                "やったー☆\nそれじゃ、司くんは空飛ぶ汽車から飛び降りて登場してね♪"
            ]
        },
        {
            "fileName": "026006_kaito02",
            "talks": [
                "それに、カイトは仲直りした司くん達のショーも\n早く見たいんじゃない？",
                "きっと司くんがすごくすごーくがんばってくれたんだね♪",
                "それにショーを見に来てくれたり、\n一緒に参加してくれたりしてる司くん達もいっつも笑顔だよ？"
            ]
        },
        {
            "fileName": "026007_kaito01",
            "talks": [
                "ミクもー！\n司くん達との練習、すっごく楽しいもん♪",
                "ねえねえ、司くん！\n次いつこっちに来られる？"
            ]
        },
        {
            "fileName": "026009_kaito02",
            "talks": [
                "あっ、司くん達だー！　わーい♪"
            ]
        },
        {
            "fileName": "026010_kaito01",
            "talks": [
                "ねえ、カイト。司くん達は～？"
            ]
        },
        {
            "fileName": "areatalk02_294",
            "talks": [
                "そうそう！　お空に司くんが飛んだやつ！\nこっちでもやれないかなぁ？"
            ]
        },
        {
            "fileName": "areatalk02_373",
            "talks": [
                "えへへ。次のショーでね、ミク達楽器を演奏するの！\nだから、司くんもやろう♪",
                "ピアノ？　司くん、弾けるの！？",
                "すごーい！　じゃあ司くんはピアノね！\nよーし、カイトにお願いして準備してもらわなくっちゃ！"
            ]
        },
        {
            "fileName": "areatalk02_376",
            "talks": [
                "でも、司くんはいつもドキマギしてるよね"
            ]
        },
        {
            "fileName": "areatalk02_404",
            "talks": [
                "うん♪　ぬいぐるみくん達とも司くん達とも乗ったよ！"
            ]
        },
        {
            "fileName": "areatalk03_191",
            "talks": [
                "でもでも～、司くんの頑張りでたーくさんの人が\n笑顔になってくれるんだよっ☆"
            ]
        }
    ]
}