{
    "mainStory": 0,
    "eventStory": 0,
    "cardStory": 2,
    "areaTalk": 1,
    "talkPacks": [
        {
            "fileName": "013012_tsukasa02",
            "talks": [
                "えむちゃんや類くんも、\n寧々ちゃんのステージ見てたんだよね！"
            ]
        },
        {
            "fileName": "022006_rin01",
            "talks": [
                "あはは！　リン、寧々ちゃんはね、\n人見知りで恥ずかしがり屋さんなんだ"
            ]
        },
        {
            "fileName": "areatalk_ev_wonder_01_007",
            "talks": [
                "ねえねえ。この前、寧々ちゃんにそっくりで、\nぬいぐるみの子達みたいなしゃべりかたをする女の子を\n見かけたんだけど、あの子誰？"
            ]
        }
    ]
}