{
    "mainStory": 0,
    "eventStory": 0,
    "cardStory": 5,
    "areaTalk": 0,
    "talkPacks": [
        {
            "fileName": "020012_mizuki01",
            "talks": [
                "いらっしゃい、瑞希。\n……あら、その手に持ってるものは何？",
                "まふゆが体調を崩す前に、\nどんな歌詞になるのか楽しみっていう話を\n瑞希がしていたでしょう？",
                "そう……。瑞希が抱えている何かを、\nもしも扉で例えるとしたら……",
                "ええ。ごく自然にそこにあって……、\nでもあまりにもさりげなくありすぎて、\n瑞希自身、そこに扉があることを時に忘れてしまう",
                "——ありがとう、瑞希。\n私の話につきあってくれて"
            ]
        }
    ]
}