{
    "mainStory": 0,
    "eventStory": 3,
    "cardStory": 9,
    "areaTalk": 1,
    "talkPacks": [
        {
            "fileName": "event_38_02",
            "talks": [
                "昔？\n類くん、どれくらい前から考えてたの？"
            ]
        },
        {
            "fileName": "event_38_06",
            "talks": [
                "『……わ！　類くん、とっても高いところにいるんだね！\n怖くないのかなぁ？』",
                "『……そっか！\nえへへっ♪　類くん、すごいね！』"
            ]
        },
        {
            "fileName": "013013_tsukasa02",
            "talks": [
                "『えむちゃん、類くん、お疲れさま～！\n大丈夫？　いっぱいジャンプして疲れてない？』",
                "『あ、わかった～♪　\n司くん、類くんとにらめっこしたいんでしょー？』"
            ]
        },
        {
            "fileName": "022006_rin02",
            "talks": [
                "あれ、類くんだ☆\n類くんも、一緒にお話しよ～♪"
            ]
        },
        {
            "fileName": "022012_rin01",
            "talks": [
                "（類くんのためにも、成功してほしいな……！）",
                "類くんの演出はすごいし楽しいし、\nリン達も大好きだよっていうこと♪"
            ]
        },
        {
            "fileName": "022012_rin02",
            "talks": [
                "（類くんが考えた、このドキドキワクワクするショーを、\nレン達と一緒にしたい！）",
                "あ……。類くんも、笑ってくれてる！",
                "伝わったかな。類くんの演出はすごいし楽しいし、\nリン達も大好きだってこと"
            ]
        },
        {
            "fileName": "023008_len01",
            "talks": [
                "でも、類くんって本当にすごいね。\nこんなロボットまで作れちゃうなんて！"
            ]
        },
        {
            "fileName": "areatalk_ev_shuffle_03_030",
            "talks": [
                "類くん、類くん♪　寧々ちゃん知らない？"
            ]
        }
    ]
}