{
    "mainStory": 6,
    "eventStory": 46,
    "cardStory": 68,
    "areaTalk": 16,
    "talkPacks": [
        {
            "fileName": "wonder_01_06",
            "talks": [
                "……鳳？"
            ]
        },
        {
            "fileName": "wonder_01_07",
            "talks": [
                "ああ、踊って見せるのはいいね。機能と技を見てもらおう！\nえむくん、音楽をかけてくれるかい？"
            ]
        },
        {
            "fileName": "wonder_01_08",
            "talks": [
                "そうだねえ……。\nえむくんはどんな名前がいいと思う？"
            ]
        },
        {
            "fileName": "wonder_01_12",
            "talks": [
                "ああ。いい滑り出しだ。\nさあ次はえむくんと着ぐるみさん達の出番だ。頼むよ"
            ]
        },
        {
            "fileName": "wonder_01_17",
            "talks": [
                "……寧々。えむくん"
            ]
        },
        {
            "fileName": "wonder_01_18",
            "talks": [
                "えむくん？　寧々まで……？"
            ]
        },
        {
            "fileName": "event_03_07",
            "talks": [
                "やあ、おはよう、えむくん。\n昨日は心配かけたね"
            ]
        },
        {
            "fileName": "event_08_01",
            "talks": [
                "おや、えむくんまでどうしたんだい？\n何か考えごとかな？",
                "今の寧々ならきっとできるさ。\n司くんもえむくんも、そう思っているしね",
                "えむくんは、プレゼントを待つ子供の役だよ。\n僕はその他の役をやるつもりさ"
            ]
        },
        {
            "fileName": "event_08_04",
            "talks": [
                "ああ。フェニックスステージの彼女とはもちろん、\n司くんやえむくんとも真逆だ"
            ]
        },
        {
            "fileName": "event_09_08",
            "talks": [
                "えむくんが獅子舞ロボと仲良くなれたようでよかったよ。\n徹夜で作った甲斐があったな"
            ]
        },
        {
            "fileName": "event_09_09",
            "talks": [
                "えむくんと似たところがあるんじゃないかと思ってね"
            ]
        },
        {
            "fileName": "event_15_01",
            "talks": [
                "ふむ。鳳家の人間なら、それぐらいの役職に\n就いているのは当然のことなのかな"
            ]
        },
        {
            "fileName": "event_15_02",
            "talks": [
                "まあいいじゃないか。\nえむくんも交えて、もう一度話を整理していこう"
            ]
        },
        {
            "fileName": "event_15_03",
            "talks": [
                "議論が行き詰まっているから、枠に囚われない\nえむくんの視点がもっとほしいところだったんだけどね",
                "ではあなたがたは——えむくんのお兄さん達ということですか？",
                "えむくんとショーをする仲間として、\nぜひ知っておきたいのですが"
            ]
        },
        {
            "fileName": "event_15_04",
            "talks": [
                "ああ。\nそれにこちらこそ、えむくんのお兄さん達に\n不躾な態度をとってしまって悪かったね",
                "そうだね。えむくんのお兄さん達は、ここの経営にも携わって\nいるんだろう？　そのことで何か……"
            ]
        },
        {
            "fileName": "event_15_05",
            "talks": [
                "えむくんのことが心配かい？",
                "そうだね。\nえむくんは事情を話してくれないし——"
            ]
        },
        {
            "fileName": "event_15_06",
            "talks": [
                "『心配しなくとも、えむくんがいれば、\nみんなはいつでも笑っているよ』",
                "『ああ、上から失礼。\nえむくんを探すなら、こちらのほうが効率がいいと思ってね』"
            ]
        },
        {
            "fileName": "event_15_07",
            "talks": [
                "司くんの言うとおりだよ。\n僕達はえむくんに、いろいろなものをもらっているからね"
            ]
        },
        {
            "fileName": "event_15_08",
            "talks": [
                "ああ、えむくんがいなければ、\n今の僕達はいないんだ",
                "それに、経営のことを考えると、えむくんのお兄さん達の\nアイディアはとても現実的なものだ"
            ]
        },
        {
            "fileName": "event_16_02",
            "talks": [
                "ああ、そうだ。えむくんのために、\n押すと司くんの声が出るボタンを作っておくよ"
            ]
        },
        {
            "fileName": "event_25_01",
            "talks": [
                "うん、そうなるね。\n経営問題がどうにかなる目処がたたなければ、\nえむくんのお兄さんの考えはまず変わらないだろうから",
                "それについては、さる筋から情報をもらった。\n来月の頭——ちょうどショーコンテストの最終日に、\nえむくんのお兄さんが提携先の人間と一緒に、視察に来るらしい",
                "うん？　なんだいえむくん",
                "ふふっ。えむくんの夢が、本当に奇跡を起こすかもしれないね"
            ]
        },
        {
            "fileName": "event_25_08",
            "talks": [
                "やっぱり、えむくんが考えてくれた『笑顔の魔法』のおかげかな"
            ]
        },
        {
            "fileName": "event_32_01",
            "talks": [
                "なるほど。鳳グループ傘下のフェニックスホテルズ＆リゾーツが\n運営しているホテルなら、こちらとしても融通が利くので\n助かります",
                "フフ。前のショーを考えている時に、鳳グループの\n会社については調べていたからね"
            ]
        },
        {
            "fileName": "event_32_02",
            "talks": [
                "ああ、たしかそうだったね。\n……そういえば、その公演の会場は、\n鳳リゾート近くのホールじゃなかったかな？"
            ]
        },
        {
            "fileName": "event_32_05",
            "talks": [
                "アドリブで間をつなごうにも、司くんとえむくんは\n囚われている役だから限界があるし——"
            ]
        },
        {
            "fileName": "event_32_06",
            "talks": [
                "えむくん！　寧々に合図を！"
            ]
        },
        {
            "fileName": "event_32_08",
            "talks": [
                "さっき、近くの売店で売っていたのをえむくんが見つけてね"
            ]
        },
        {
            "fileName": "event_38_01",
            "talks": [
                "……しかし、そうですか……鳳邸を……。\nフフ、フフフ……！",
                "鳳喜一郎邸といえば、歴史的にも有名な鳥鳴館を作った\n建築家のトーマス・ホーク氏が作った歴史的な建築物だよ？",
                "鳳邸を背後に置く形にして、\n客席はこちら側に……ん？",
                "……えむくん？",
                "えむくん……"
            ]
        },
        {
            "fileName": "event_38_02",
            "talks": [
                "——ああ。\nまかせたよ、えむくん"
            ]
        },
        {
            "fileName": "event_38_06",
            "talks": [
                "（——窓への距離はもらった図と誤差なく、約1.5メートル。\nえむくんのジャンプ力なら、問題なく跳べる距離だ）",
                "ああ。司くんは屋敷の中からキャッチできるようにしてくれ。\nえむくんは、ここまで登ってきてくれるかい？",
                "……ああ。\n素晴らしいジャンプだったよ、えむくん！",
                "えむくん、２回目だけど油断せずにね",
                "どういたしまして、えむくん"
            ]
        },
        {
            "fileName": "event_38_07",
            "talks": [
                "（……いい感触だ。\nえむくんと司くんの調子もいい）"
            ]
        },
        {
            "fileName": "event_38_08",
            "talks": [
                "ん？\nどうしたんだい、えむくん"
            ]
        },
        {
            "fileName": "013002_tsukasa02",
            "talks": [
                "えむくん、これを天井の滑車に通してきてくれるかい？\nひっぱるのは着ぐるみのみなさんに頼むとしよう"
            ]
        },
        {
            "fileName": "013003_tsukasa01",
            "talks": [
                "では、次のシーンだ。\nここでセットをぶち抜いて、えむくんが登場"
            ]
        },
        {
            "fileName": "013011_tsukasa01",
            "talks": [
                "それについては、さる筋から情報をもらった。\n来月の頭——ちょうどショーコンテストの最終日に、\nえむくんのお兄さんが提携先の人間と一緒に、視察に来るらしい"
            ]
        },
        {
            "fileName": "013011_tsukasa02",
            "talks": [
                "フフ。それで、えむくん。\nあんなにも急いで駆けて来たのには、\n何か理由があるんじゃないかい？"
            ]
        },
        {
            "fileName": "013012_tsukasa01",
            "talks": [
                "ああ、えむくんはまだ会ったことがなかったね"
            ]
        },
        {
            "fileName": "014001_emu02",
            "talks": [
                "やあやあ、えむくんじゃないか。いらっしゃい"
            ]
        },
        {
            "fileName": "014002_emu02",
            "talks": [
                "サプライズで感謝を伝えるんだね。\nさすがはえむくん。いいアイディアだ"
            ]
        },
        {
            "fileName": "014007_emu02",
            "talks": [
                "えむくんが目指した通りの、\n笑顔でいっぱいのショーになったかい？",
                "えむくんにとっては\nどちらも捨てがたい『楽しいこと』だろうからね",
                "さすがのえむくんも、\n疲れがたまってきているのかもしれないね",
                "そう。だから万が一怪我をしてしまったら、\nえむくんは体育祭にも、\nショーにも出られなくなってしまうかもしれない",
                "えむくん、体育祭を最高のショーにするんだろう？"
            ]
        },
        {
            "fileName": "014008_emu02",
            "talks": [
                "えむくーん、どんどん投げてくれたまえ。\n司くんが死ぬ気でキャッチしてくれるよ！",
                "お疲れさま、司くん。\nえむくんもありがとう"
            ]
        },
        {
            "fileName": "014010_emu02",
            "talks": [
                "えむくん？",
                "えむくん、大丈夫かい？",
                "着ぐるみくん達は、立場上\nえむくんを支援できないことを気に病んでいたからね",
                "えむくんが、どうしても君に話したいことがあるそうでね。\nひと芝居うたせてもらったんだ"
            ]
        },
        {
            "fileName": "014011_emu01",
            "talks": [
                "そうだね。えむくんの言うとおり、\n全員、いつもよりよく動けていたように思う",
                "では、めいっぱい臨海学校を楽しんで来たえむくんに\n土産話を楽しませてもらう、というのはどうだい？"
            ]
        },
        {
            "fileName": "014011_emu02",
            "talks": [
                "えむくんが、僕達に今日１日の楽しいできごとを\nおすそ分けしてくれたように——"
            ]
        },
        {
            "fileName": "014013_emu01",
            "talks": [
                "えむくんにはプレッシャーを掛けてしまうことになるが、\n絶対に成功させたいシーンなんだ",
                "鳳邸の庭の木の枝から、\n窓に向かってジャンプするアクロバットシーンがあるんですよ"
            ]
        },
        {
            "fileName": "014013_emu02",
            "talks": [
                "特にえむくん、お疲れさま",
                "ああ。寧々とえむくんは小道具をお願いできるかな？",
                "今日もしかしたら、えむくんがセカイでこっそり\nショーの練習をするかもしれない、とね"
            ]
        },
        {
            "fileName": "015003_nene01",
            "talks": [
                "寧々とえむくんはステージから降りて前から見ていてね",
                "ご名答だよ、えむくん。\nガッツマンのポーズの完成だ"
            ]
        },
        {
            "fileName": "015005_nene01",
            "talks": [
                "そういえば、えむくんは何度か\nうちの学校に遊びに来ていたね",
                "えむくんというよき友人を得たからかな？",
                "寧々が返信をこまめにしているのは、\n僕の普段の観察では、えむくんくらいだと思うんだけどねぇ"
            ]
        },
        {
            "fileName": "015007_nene01",
            "talks": [
                "今回は司くんの苦手な物しか用意できていないから、\nえむくんは僕と一緒に司くんを手伝おうか"
            ]
        },
        {
            "fileName": "015008_nene02",
            "talks": [
                "えむくんのようだね。\nもう来てしまったのかな？",
                "そうだね。でも大丈夫だよ。\nえむくんの行き先はほぼ２択だからね",
                "えむくんは神高によく来るけれど、\nたぶん、司くんと寧々のクラスしか知らないからね"
            ]
        },
        {
            "fileName": "015010_nene02",
            "talks": [
                "そして、それを狙ってえむくんのお兄さん達も\nしっかりHPやSNSで告知したんだろうね"
            ]
        },
        {
            "fileName": "016003_rui01",
            "talks": [
                "（えむくんのボディガード……といったところかな？）",
                "（しかし、本当にそれで終わりだとは……。\nえむくんはよほどの扱いなようだねえ）"
            ]
        },
        {
            "fileName": "016005_rui01",
            "talks": [
                "それなら大丈夫。寧々やえむくんのおかげで\n司くんともちゃんと話ができたしね",
                "ああ。司くんやえむくんとも約束しているからね\n存分に期待していてくれたまえ"
            ]
        },
        {
            "fileName": "016006_rui02",
            "talks": [
                "それにえむくんも表情の豊かさや存在感、\nそして得意なアクロバットもあるし、\n主役として活躍できる下地をすでに持っている"
            ]
        },
        {
            "fileName": "016007_rui02",
            "talks": [
                "司くん、えむくん、ちょっといいかい？"
            ]
        },
        {
            "fileName": "016008_rui01",
            "talks": [
                "えむくんは、なぜ自分の兄達と\nあんなに激しい口論をしていたんだい？",
                "……あの時、当然君もあの場所にいたんだろう？\n君は、えむくんの護衛なのだから",
                "普段の君なら、えむくんがあんな風に言われて\n黙っているわけがないと思うんだけどね",
                "僕は、えむくんにとても感謝しているんだ",
                "えむくんがこのワンダーステージの存続を\n諦めないでいてくれたからこそ、\n僕は素晴らしい仲間とステージに出会えた",
                "ましてや、仲間を侮辱してただで済むと思わないでほしい。\nたとえそれが、えむくんの身内であったとしてもね",
                "もう一度聞くよ。\nえむくんに、何が起こっているんだい？",
                "でも、情報は多いほうが嬉しい。\nだからもし、えむくんの意思に反しない情報があれば、\nこっそり教えてもらえないかな？",
                "当然だよ。えむくんは僕達の、\n大切な仲間なんだから",
                "……なるほど。\nつまり攻略するならえむくんから、ということか"
            ]
        },
        {
            "fileName": "016008_rui02",
            "talks": [
                "（あれから数日たったが、\nえむくんのお兄さん達にまだ目立った動きはない……）",
                "たしかに……。えむくんの代名詞と言っても過言ではない\n『わんだほい』も、だいぶごぶさただしね",
                "えむくんはその感受性の高さゆえに、\n感じたことをそのまま擬音で表現して\n話すことが多いみたいだから……",
                "フフ。では、思わず笑顔になってしまうような\nスペシャルショーをえむくんにプレゼントしようじゃないか！",
                "実は、以前から企画していたゲームを、\nえむくんにテストプレイしてもらおうと思ってね",
                "簡単に説明すると……、\n勇者えむは、追い詰めた悪の大魔王ツカーサの\n逃亡を阻止しなければならないんだ",
                "そしてこれは、\nそのためのとても重要なテストプレイだ。\nだからよろしく頼むよ、えむくん",
                "では早速始めよう！　さあ、勇者えむ。\nこの10個の魔法のボタンからひとつ選んで押してみてくれ"
            ]
        },
        {
            "fileName": "016009_rui02",
            "talks": [
                "では、うまく機能するか早速テストといこうか。\nえむくん、ボタンを押してみてくれ！"
            ]
        },
        {
            "fileName": "016010_rui02",
            "talks": [
                "正解！　さすがはえむくんだ"
            ]
        },
        {
            "fileName": "016011_rui01",
            "talks": [
                "資料としてステージの写真や平面図を\nえむくんのお兄さんが用意してくれているよ"
            ]
        },
        {
            "fileName": "016011_rui02",
            "talks": [
                "（……いや、僕も司くんやえむくんと出会って、\nワンダーランズ×ショウタイムの演出家として、\nやりたいことをやらせてもらっている）"
            ]
        },
        {
            "fileName": "016012_rui01",
            "talks": [
                "（寧々や司くんの夢だったり、えむくんの\nフェニックスワンダーランドにかける想いだったり、\nいろいろ聞かせてもらっていたから）"
            ]
        },
        {
            "fileName": "021005_miku01",
            "talks": [
                "それに、あのミクくんはえむくんとタイプが似ているだろう？\n会えばいやおうなしに元気をもらえるんじゃないかな"
            ]
        },
        {
            "fileName": "023008_len01",
            "talks": [
                "フフフ。オーケー、えむくん！"
            ]
        },
        {
            "fileName": "026009_kaito02",
            "talks": [
                "ああ。提携の話は白紙に戻ったようだし、\nえむくんのお兄さん達も経営方針を見直してくれるみたいだよ"
            ]
        },
        {
            "fileName": "areatalk02_051",
            "talks": [
                "えむくん、知ってるかい？\nこの遊園地を舞台にしたミステリー小説があって\n今度、ドラマ化されるようだよ"
            ]
        },
        {
            "fileName": "areatalk02_208",
            "talks": [
                "えむくん、これまでで一番\n面白いと思った作品はなんだい？",
                "フフ、そんな面白そうな作品があったなんてね。\nありがとう、えむくん。参考にさせてもらうよ"
            ]
        },
        {
            "fileName": "areatalk02_294",
            "talks": [
                "（それにしても、オノマトペの使い方がえむくんと\nどこか類似している。ふふ、面白い共通点だ）"
            ]
        },
        {
            "fileName": "areatalk03_186",
            "talks": [
                "そうだろう、えむくん"
            ]
        },
        {
            "fileName": "areatalk03_188",
            "talks": [
                "フフ。えむくんが聞いたら、本当にそうだと信じて\nあの雲を食べに行きそうだねぇ"
            ]
        },
        {
            "fileName": "areatalk03_189",
            "talks": [
                "それより、ぜひ僕も\nえむくんが見たという絶景にお目にかかりたいな"
            ]
        },
        {
            "fileName": "areatalk03_212",
            "talks": [
                "おや、えむくん。また来たのかい？"
            ]
        },
        {
            "fileName": "areatalk03_215",
            "talks": [
                "では、えむくん。せっかく来たんだ。\n掘り出し物がないか探していこうじゃないか！"
            ]
        },
        {
            "fileName": "areatalk03_219",
            "talks": [
                "フフ。これはミクくんやえむくんに\nあちこち連れまわされた後遺症かな？"
            ]
        },
        {
            "fileName": "areatalk_ev_wonder_03_004",
            "talks": [
                "へえ。ここが、えむくんがおじいさんと\nよく来ていたというたい焼き屋かい？"
            ]
        },
        {
            "fileName": "areatalk_ev_wonder_04_003",
            "talks": [
                "ああ。というわけで、えむくんや寧々も誘って、\nみんなで見に行かないかい？",
                "ありがとう。じゃあ、えむくんと寧々にも聞いておくよ"
            ]
        },
        {
            "fileName": "areatalk_ev_wonder_04_004",
            "talks": [
                "まあまあ。えむくんも待っていることだし、\nみんなで行こうじゃないか、僕達のステージへ"
            ]
        },
        {
            "fileName": "areatalk_ev_wonder_06_001",
            "talks": [
                "フフ。残念ながら違うよ。\n次の休み、寧々やえむくんを連れて\nちょっと出かけないか、というお誘いさ"
            ]
        },
        {
            "fileName": "areatalk_monthly2107_002",
            "talks": [
                "ところで、寧々。今からお昼を食べるなら\n司くんとえむくんを誘ってセカイに行かないかい？"
            ]
        }
    ]
}