{
    "mainStory": 28,
    "eventStory": 45,
    "cardStory": 63,
    "areaTalk": 17,
    "talkPacks": [
        {
            "fileName": "vswonder_01_04",
            "talks": [
                "ああ。えむはいつも突拍子もないことをするが、それは裏を返せば\nオレが考えもしないようなことを思いつくってことだ"
            ]
        },
        {
            "fileName": "wonder_01_02",
            "talks": [
                "明らかにさっきまでとは違う場所だ……。\nそれに、あのえむとかいうヤツもいないし……"
            ]
        },
        {
            "fileName": "wonder_01_04",
            "talks": [
                "は、はい！\n僕はえむさんと一緒にショーをやります！"
            ]
        },
        {
            "fileName": "wonder_01_09",
            "talks": [
                "『Untitled』って、お前のスマホにもあの曲が……！？\nえむ、お前まさか、またあの妙な場所へ行くつもりか！？"
            ]
        },
        {
            "fileName": "wonder_01_10",
            "talks": [
                "おい、えむ！\nさっさと元の場所に戻るぞ！"
            ]
        },
        {
            "fileName": "wonder_01_11",
            "talks": [
                "類、寧々、それにえむ。\nみな、オレには及ばんがよくついてきてくれたな。\n明日のショーは必ずすばらしいショーにするぞ！",
                "そういえば、えむは最初からこのステージにこだわっていたな"
            ]
        },
        {
            "fileName": "wonder_01_12",
            "talks": [
                "（……！　ナイスアドリブだ、えむ！　\nこの流れなら、歌で眠らさなくてもドラゴンを倒せる！）"
            ]
        },
        {
            "fileName": "wonder_01_14",
            "talks": [
                "……ん？\nあの観覧車の前にいるのはもしかして……えむか！？",
                "えむ！！",
                "えむ！　その……昨日のことなんだが……！"
            ]
        },
        {
            "fileName": "wonder_01_15",
            "talks": [
                "（……どういう状況なんだこれは。\nなぜオレはえむと一緒に観覧車に……？）",
                "（なんにせよ、えむにも酷いことを言ってしまったんだ。\nしっかり謝らなければ……！）",
                "えむのじいさんが、フェニックスワンダーランドを作った……\nってことか！？",
                "……じゃ、じゃあお前、鳳って……、\nフェニックスグループの鳳家……！？",
                "…………バカえむ",
                "この、バカえむ！！",
                "それで、お前が泣きそうになって、どうすんだよ！\nえむだって、お前のじいさんが言ってたみんなだろ！？",
                "……オレが悪かった、えむ。\nだからまた……オレと一緒にショーをしてくれないか？",
                "……ああ。そうだな、えむ"
            ]
        },
        {
            "fileName": "wonder_01_16",
            "talks": [
                "このままだと逃げられる！\n追いかけるぞえむ！",
                "ナイス確保だえむ！"
            ]
        },
        {
            "fileName": "wonder_01_19",
            "talks": [
                "寧々、何かあったら、オレもえむも類もいる。\n心配しないで、思いっきりやれ！",
                "よし！　じゃあえむ、いつもの頼むぞ"
            ]
        },
        {
            "fileName": "wonder_01_20",
            "talks": [
                "えむ！　どうなった！？\nこのステージは……どうなるんだ！？",
                "よかったな。えむ",
                "なあ、えむ。\n……このあとは、どうするんだ？",
                "このステージが壊されないってことは、えむの父親も、\nここで新しいショーをやるつもりなんだろう？"
            ]
        },
        {
            "fileName": "event_03_06",
            "talks": [
                "……なあ、えむ",
                "えむは、類の演出は好きか？"
            ]
        },
        {
            "fileName": "event_08_02",
            "talks": [
                "静かにしろえむ！\nバレたらどうする！"
            ]
        },
        {
            "fileName": "event_09_08",
            "talks": [
                "ああ、あれか。年末の大掃除の時に、\nえむが家の敷地内にある蔵で見つけたらしい",
                "おわっ、急になんだ？\nお前はえむと一緒に餅つきするんじゃなかったのか？"
            ]
        },
        {
            "fileName": "event_09_09",
            "talks": [
                "なっ、えむ！？"
            ]
        },
        {
            "fileName": "event_15_01",
            "talks": [
                "ということは……えむは４人きょうだいなのか",
                "まあいずれにせよ、普段あまり話せない家族が帰って来るなら、\nえむも早く帰ったほうがいいだろう"
            ]
        },
        {
            "fileName": "event_15_02",
            "talks": [
                "ん？　そういえば、えむはどこだ？\nこういう時は耳栓が必要なほどやかましいはずだが……？"
            ]
        },
        {
            "fileName": "event_15_03",
            "talks": [
                "なあに、えむのヤツが大喜びするような\n素晴らしいものを選べば問題ない！",
                "あれは……もしやえむか？",
                "おい、えむ！"
            ]
        },
        {
            "fileName": "event_15_04",
            "talks": [
                "どうしてえむの兄達は、\nあんなことを言ったんだ……！",
                "あ、おい！　えむ！",
                "それで、お前が泣きそうになって、どうすんだよ！\nえむだって、お前のじいさんが言ってた“みんな”だろ！？"
            ]
        },
        {
            "fileName": "event_15_05",
            "talks": [
                "…………いや。\nえむは、ああ見えて——"
            ]
        },
        {
            "fileName": "event_15_06",
            "talks": [
                "一体どうすれば、えむは話してくれるのか……",
                "……えむのヤツめ。\n何か困っているのなら、大人しく話せばいいものを"
            ]
        },
        {
            "fileName": "event_15_07",
            "talks": [
                "えむ",
                "——いいか、えむ"
            ]
        },
        {
            "fileName": "event_15_08",
            "talks": [
                "何？　待てえむ！\nここは座長であるこのオレが——"
            ]
        },
        {
            "fileName": "event_16_02",
            "talks": [
                "遊びではないぞ、これから練習を——\nってコラえむ！　走って行くんじゃなーい！"
            ]
        },
        {
            "fileName": "event_16_06",
            "talks": [
                "えむ達は、まだ来ていないのか……"
            ]
        },
        {
            "fileName": "event_25_01",
            "talks": [
                "ショーの内容はストレートだが、王道は心を打つからこそ王道！\nこのショーならば老若男女、えむの兄達も含め、\nすべての人が笑顔になってくれることだろう！",
                "たしかにな……。えむの兄達の想定以上に集客するため、\nもう少し何かしらの策を講じておくべきか"
            ]
        },
        {
            "fileName": "event_25_02",
            "talks": [
                "えむ！　類！\nそっちはどうだ？"
            ]
        },
        {
            "fileName": "event_25_04",
            "talks": [
                "そういえば、えむ。\n肝心のアレは準備できているのか？",
                "しかしえむ、あんなアイディアをよく思いついたものだな",
                "そうか……いや、えむらしいな",
                "こら、えむ！\n騒いでないで、早く次のチームを手伝えー！"
            ]
        },
        {
            "fileName": "event_25_05",
            "talks": [
                "あー！　待て待てえむ！\n残念ではあるが構わんのだ！"
            ]
        },
        {
            "fileName": "event_25_08",
            "talks": [
                "何？　えむの兄達がか？",
                "……というわけで、えむ！　いつものやるぞ！"
            ]
        },
        {
            "fileName": "event_32_02",
            "talks": [
                "いや、今回ばかりはオレもえむと同じ意見だ。\n浜辺のステージにぴったりだしな！",
                "というかえむ。ずいぶんはしゃいでいるが、咲希達と一緒に\n臨海学校で海に行ったばかりじゃなかったか？"
            ]
        },
        {
            "fileName": "event_32_06",
            "talks": [
                "えむの言うとおり、ナイスアドリブだったぞ、寧々！\nあの歌も素晴らしかった！"
            ]
        },
        {
            "fileName": "event_32_08",
            "talks": [
                "うおっ、えむ！　近寄るな！\nこっちは風下だから……ごほっ、ごほっ……！"
            ]
        },
        {
            "fileName": "event_36_06",
            "talks": [
                "ああ！\nそれで、このふたりがえむと類だ！"
            ]
        },
        {
            "fileName": "event_38_01",
            "talks": [
                "鳳喜一郎邸庭園？　\nよく知らんが、庭園ということは\n前回より規模は小さくなるのか？",
                "鳳喜一郎邸庭園……。\nそんなにすごいところだったんだな",
                "やめろえむ！　文化財クラスの建物に\n『おじいちゃんち』のようなほっこりした単語を出されると\nスケール感がわからなくなる！"
            ]
        },
        {
            "fileName": "event_38_06",
            "talks": [
                "しかし……いつもえむにジャンピング突撃されていたのが、\nこんなところで役に立つとはな……",
                "とはいえ、やはり高さがあると緊張感が違うな。\nえむさえいけそうなら、本番でも無理なくできるように、\n何度か挑戦しておいたほうがよさそうだが……",
                "えむ！",
                "えむ！　こっちは準備ができたぞー！"
            ]
        },
        {
            "fileName": "013001_tsukasa02",
            "talks": [
                "お、それもそうだな。\nそのあたりの段取りは、一応えむにも確認してみるか",
                "まあ、えむが知らなくても、\nそばにいる着ぐるみ共ならわかるだろ"
            ]
        },
        {
            "fileName": "013002_tsukasa02",
            "talks": [
                "ん？　なんだ、えむ"
            ]
        },
        {
            "fileName": "013003_tsukasa02",
            "talks": [
                "このあと、えむの学校に行く。\n校門で待っているように言ってあるから、そこで合流するぞ",
                "え、えむ！？\nお前、なんでここに……校門で待ってろと言っただろうが！"
            ]
        },
        {
            "fileName": "013005_tsukasa01",
            "talks": [
                "……ハハハ、読めたぞ。どうせえむか誰かが、\n『サプライズ』とかいって隠れてるんだろう"
            ]
        },
        {
            "fileName": "013007_tsukasa01",
            "talks": [
                "ああ。えむ達が餅をつくのに合わせて、\nよいしょ、よいしょと声を掛けるんだ！",
                "決まりだな！\nおーい、えむ、ミクー！　ちょっといいか！",
                "ではこれより、餅つきを再開するぞ！\nえむ達、準備はいいか？"
            ]
        },
        {
            "fileName": "013007_tsukasa02",
            "talks": [
                "いてて……。さすがのえむも、\nあの回転数はきついということか",
                "まあいい、とにかくステージはえむ達に任せて、\nこっちは別のところをやるとするか"
            ]
        },
        {
            "fileName": "013009_tsukasa01",
            "talks": [
                "（む……えむのことだと知ったら、\n無用な心配をさせてしまうかもしれない、か……）",
                "（えむが、何を抱えこんでいるのかわからんが、\nこのままでいいはずがない！）"
            ]
        },
        {
            "fileName": "013009_tsukasa02",
            "talks": [
                "（えむのやつ、あんなステージの端に座りこんで何を……）",
                "えむ、水くさいぞ！\nなぜオレ達に相談しない！",
                "いやぁ、あはははっ。えむさん、ご冗談がすぎますよ。\nだから、それ以上は近寄らないでもらえますかね～？",
                "はあ、まったく……。\nえむの相手がどんな練習よりも大変だな",
                "（い、いつもはえむにぴったりなくせに、\nヤツのほうから近づいてきた！？）",
                "（ハッ！　もしやさっきえむに\nバカって言ってしまったから、その報復に……！）"
            ]
        },
        {
            "fileName": "013011_tsukasa01",
            "talks": [
                "いやしかし！　これもえむと\nフェニックスワンダーランドを愛する人達の笑顔のため！",
                "（えむが言うように、\nこれからもそういう場所であってもらいたい）"
            ]
        },
        {
            "fileName": "013011_tsukasa02",
            "talks": [
                "さて！　プロジェクトワンダーも無事に終わったことだし、\nえむが来たら、今後のショーや活動について考えねばな！",
                "おお、えむか。別に大して待ってなどいないが……",
                "うおっ！？　お、おいどこまで行くんだ、えむ！"
            ]
        },
        {
            "fileName": "013013_tsukasa02",
            "talks": [
                "そうだな！\nえむ、類、休憩するぞー！",
                "（類がしっかり準備をしてくれていたおかげで、\nえむはケガをしなかったが……）"
            ]
        },
        {
            "fileName": "014001_emu02",
            "talks": [
                "だいたいえむ！　お前ここの生徒じゃ……",
                "げっ……！　おい、類！　えむを隠せ！"
            ]
        },
        {
            "fileName": "014002_emu01",
            "talks": [
                "コラえむ！　いきなり大声を……。\n……って、なぜここにいる！？",
                "どの写真もえむのせいでオレが見切れていて……"
            ]
        },
        {
            "fileName": "014003_emu01",
            "talks": [
                "はぁ……。いいかえむ、そんな無駄なことをする必要はない。\nなぜなら……"
            ]
        },
        {
            "fileName": "014007_emu02",
            "talks": [
                "あっ！　おい、えむ！？",
                "んー……ん？　ところで、そのえむはどうした？",
                "おーい、えむ！　どこだ？\nそろそろ帰るぞ！",
                "お、おい、えむ！　大丈夫か！？\n……って、ん？",
                "……たしか、えむの学校の体育祭は３日後だったな"
            ]
        },
        {
            "fileName": "014008_emu01",
            "talks": [
                "ん？　えむのヤツどうした？",
                "だいぶいい感じになってきたな！\nだが、えむが持ってきた飾りが２箱もまだ残ってるな"
            ]
        },
        {
            "fileName": "014008_emu02",
            "talks": [
                "どうした、えむ？\nクリスマスの飾り、片づけるぞ",
                "ん？　あっ、おいえむ！\n片づけた飾りをまた飾るんじゃない！",
                "まっ、簡単そうでいいんじゃないか？\nじゃあ、悪いがえむ。\n上に行って飾りをひとつずつ落としてくれ",
                "おーい、えむ。何してるんだ？\n早く降りてこい、休憩するんだろ？"
            ]
        },
        {
            "fileName": "014009_emu02",
            "talks": [
                "ぬわっ、え、えむ！？　お前また勝手に……！",
                "おい、えむ！\n早く机の下に隠れろ！",
                "（バカえむがぁあああ！！）"
            ]
        },
        {
            "fileName": "014010_emu02",
            "talks": [
                "まったく……遅いぞ、えむ！\nどこをほっつき歩いていた？"
            ]
        },
        {
            "fileName": "014011_emu01",
            "talks": [
                "まあ、何はともあれ。楽しんでこい、えむ！"
            ]
        },
        {
            "fileName": "015002_nene02",
            "talks": [
                "（アイツ今、目にもとまらぬ速さでえむの口に\nドーナツを押し込まなかったか！？）"
            ]
        },
        {
            "fileName": "015003_nene01",
            "talks": [
                "……おい、えむ。今の、何なのか知っているのか？"
            ]
        },
        {
            "fileName": "015005_nene02",
            "talks": [
                "うわっ！　声がすると思ったら！\nえむ、なんでここにいるんだ！？",
                "う……。えむの気持ちはわかるが、\nしかし学校に侵入するのはな……"
            ]
        },
        {
            "fileName": "015007_nene02",
            "talks": [
                "たしかに、えむが黙って最後まで聴いていたほどだからな"
            ]
        },
        {
            "fileName": "015011_nene02",
            "talks": [
                "諸君！　先日の鳳邸でのショー、ご苦労だった！\n知ってのとおり、大成功を収めることができた！"
            ]
        },
        {
            "fileName": "016007_rui02",
            "talks": [
                "えむ！？　なんで茂みからお前が出てくるんだ？"
            ]
        },
        {
            "fileName": "016008_rui02",
            "talks": [
                "……なあ、そのことなんだが、\nえむのヤツ、行動はいつもどおりに見えるんだが、\n何かおかしくないか？"
            ]
        },
        {
            "fileName": "016010_rui02",
            "talks": [
                "えむと寧々が加わっているからな！\n増やした！"
            ]
        },
        {
            "fileName": "016012_rui02",
            "talks": [
                "コラえむ！　手を拭いてからにしろ！\nお前らもだぞ"
            ]
        },
        {
            "fileName": "021005_miku01",
            "talks": [
                "他人事みたいな顔をするな、類！\n大体えむやミクの行動に対して、どうしてオレだけが……"
            ]
        },
        {
            "fileName": "024012_luka01",
            "talks": [
                "いや、えむがボールを持ってきていると言うから、\nビーチバレーをしようと思っていた"
            ]
        },
        {
            "fileName": "024012_luka02",
            "talks": [
                "やってしまえ、えむ！",
                "そういう問題じゃない！\nおいえむ、お前も抗議を——"
            ]
        },
        {
            "fileName": "025006_meiko02",
            "talks": [
                "おい、えむ！　お前ひとりで走っていくんじゃない！"
            ]
        },
        {
            "fileName": "026001_kaito01",
            "talks": [
                "ぬわぁああっ！？　……って、またお前か、えむ！"
            ]
        },
        {
            "fileName": "areatalk02_006",
            "talks": [
                "（えむが、見え見えの困ったアピールをしている……）"
            ]
        },
        {
            "fileName": "areatalk02_288",
            "talks": [
                "ば、バキ？　むー、えむのようなわけのわからんたとえを……"
            ]
        },
        {
            "fileName": "areatalk03_189",
            "talks": [
                "えむ、お前ミクと一緒に\nあの空飛ぶ汽車に乗ったらしいな"
            ]
        },
        {
            "fileName": "areatalk03_190",
            "talks": [
                "面白いというか……。大体えむが変なことを言いだして\n類がそれに乗っかっていってな"
            ]
        },
        {
            "fileName": "areatalk03_191",
            "talks": [
                "だいたい、寧々はともかく、\n類やえむにやらせたらオレの身体がどうなることか！"
            ]
        },
        {
            "fileName": "areatalk03_193",
            "talks": [
                "ん？　この声……えむのヤツ、\nまた歌う花と歌ってるのか"
            ]
        },
        {
            "fileName": "areatalk03_196",
            "talks": [
                "ん？　えむ、お前何を見てるんだ？",
                "こいつの家……鳳財閥をもってすれば、\n実際簡単にできてしまえるのが恐ろしいな"
            ]
        },
        {
            "fileName": "areatalk03_204",
            "talks": [
                "ん？　急に木に登ったかと思ったら今度は飛び降りて……。\nおい、えむ。いったい何をしているんだ？"
            ]
        },
        {
            "fileName": "areatalk03_240",
            "talks": [
                "っておい！　お前はえむと違って聞いているだろう！\n聞いたうえで、無視してるだろう！？"
            ]
        },
        {
            "fileName": "areatalk04_007",
            "talks": [
                "と、とにかく止めに行くぞ。\nおい、えむ、類！　待てー！"
            ]
        },
        {
            "fileName": "areatalk_ev_wonder_03_004",
            "talks": [
                "こら、えむ。もぐもぐしながらしゃべるんじゃない！"
            ]
        },
        {
            "fileName": "areatalk_ev_wonder_04_002",
            "talks": [
                "そういえば今日はまだ見ていないな。\n何かえむに用事があるのか？"
            ]
        },
        {
            "fileName": "areatalk_ev_wonder_04_004",
            "talks": [
                "えむのヤツ、やたらテンションが高いな"
            ]
        },
        {
            "fileName": "areatalk_ev_wonder_06_004",
            "talks": [
                "こら、えむ！　前を見て歩け！\nあ、いや待て、勝手に行くんじゃない！",
                "よし。オレはえむを捕まえに行くから、\nお前はあいつを引きずってきてくれ"
            ]
        },
        {
            "fileName": "areatalk_monthly2107_001",
            "talks": [
                "えむ、続きを歌ってくれ！\nこうなったらとことん聴いてやる！"
            ]
        }
    ]
}