{
    "mainStory": 0,
    "eventStory": 6,
    "cardStory": 4,
    "areaTalk": 1,
    "talkPacks": [
        {
            "fileName": "event_13_02",
            "talks": [
                "リン、ごめんね。\n久しぶりに来てくれたのに、練習につきあわせちゃって"
            ]
        },
        {
            "fileName": "event_13_03",
            "talks": [
                "っちょ、リン……！\n見つかったらびっくりされるでしょ。\nもうちょっと、こっそり出てきてよね"
            ]
        },
        {
            "fileName": "event_13_06",
            "talks": [
                "ちょ、リン！　みんなに気づかれるでしょ……！\n……ていうか、いいって何が？"
            ]
        },
        {
            "fileName": "event_13_08",
            "talks": [
                "見てるじゃん。\n……ていうかひとりじゃないし、リンもいるから"
            ]
        },
        {
            "fileName": "event_32_02",
            "talks": [
                "ありがと、ミク、リン"
            ]
        },
        {
            "fileName": "event_38_06",
            "talks": [
                "じゃあリン、ネネロボ。\nわたし達は客席のほうで見てようか"
            ]
        },
        {
            "fileName": "022006_rin02",
            "talks": [
                "うん……。\nリンも、いろいろありがとう",
                "リンが会いに行こうって言ってくれてなかったら、\nいつになってたかわからないし……"
            ]
        },
        {
            "fileName": "022012_rin01",
            "talks": [
                "わたしも、リン達がやったら\nどういう感じになるのか興味あるな"
            ]
        },
        {
            "fileName": "026010_kaito01",
            "talks": [
                "あ……リン達は今日いないんだ？"
            ]
        },
        {
            "fileName": "areatalk_ev_shuffle_03_029",
            "talks": [
                "ありがとう。リンの衣装も、\nリンにすごくあってると思う"
            ]
        }
    ]
}