{
    "mainStory": 0,
    "eventStory": 7,
    "cardStory": 37,
    "areaTalk": 15,
    "talkPacks": [
        {
            "fileName": "event_03_05",
            "talks": [
                "ボクもカイト達とショーを作るようになって気づいたんだけど、\nいいショーを作りたいって思うと、\n段々曲げられないことが出てくるでしょ？"
            ]
        },
        {
            "fileName": "event_03_08",
            "talks": [
                "ねえカイト、どうやって仲直りさせたの？"
            ]
        },
        {
            "fileName": "event_09_09",
            "talks": [
                "ど、どうしようカイト！\nこのままじゃ司くんが……！",
                "ありがとう、みんな！！\n捕獲作戦なんだけど、まず、カイトとミクが合図を出すから——"
            ]
        },
        {
            "fileName": "event_21_01",
            "talks": [
                "みんな来てたんだ！\nねえねえ、せっかくだし一緒にDJやらない？\n今からカイトが教えてくれるんだ！",
                "ちぇー！　じゃあ、また今度ね！\n……ほら、カイトやるよー！　用意できた？"
            ]
        },
        {
            "fileName": "event_29_02",
            "talks": [
                "『でしょでしょ！\n前に履いてたやつが古くなったって言ったら、\nカイトがかっこいいのをくれてさ！』"
            ]
        },
        {
            "fileName": "011009_akito01",
            "talks": [
                "やったー！\n絶対だよ？　カイトみたいに約束忘れたら怒るからね？"
            ]
        },
        {
            "fileName": "022008_rin01",
            "talks": [
                "ここにいるみんなも、カイト達も、\n司くん達の力になりたいって思ってるよ！",
                "カイト！　それにミクも！"
            ]
        },
        {
            "fileName": "022010_rin01",
            "talks": [
                "あ、今日はカイトもいるんだ"
            ]
        },
        {
            "fileName": "022012_rin01",
            "talks": [
                "そう！　これ、カイトが提案してくれたんだ～♪"
            ]
        },
        {
            "fileName": "023004_len01",
            "talks": [
                "ミクー、カイトー！\nどこにいるのー？",
                "わっ、キミ話せるんだね！\nねえねえ、カイトとミクがどこにいるか知ってる？",
                "やっほー、カイト、ミク。\nこのセカイの想いの持ち主は、\n本当の想いを見つけられたんだって？",
                "（うわあ、すごい……！\nミクもカイトも、別人みたいだ……！）",
                "カイト、ミク！\nボクも一座に入れてくれない？"
            ]
        },
        {
            "fileName": "023004_len02",
            "talks": [
                "よーし、カイト達みたいな楽しいショーを\nボクも試しにひとりで作ってみようっ！",
                "カイト達のショーみたいに、\n歌って踊って、物語があって、\nそれでお客さんが楽しめるもの……",
                "そっか！\nカイトが言ってたことって、こういうことなんだ……",
                "ひとりで抱え込んでもダメだよな。\nよし！　ミクとカイトにも相談して――",
                "ミク、カイト！？\nどうしてここに！？",
                "ううん、ひとりじゃ全然できない。\nだからミクとカイトにも力を貸してほしいんだ！",
                "……。ねえ、カイト。\n前に『ショーはひとりじゃできない』って言ってたよね？"
            ]
        },
        {
            "fileName": "023007_len01",
            "talks": [
                "（こういう時……カイトやミクなら……）",
                "今カイト達と一緒に練習してるショーもあるから、\nそれ以外の練習するのはちょっと大変だけど……"
            ]
        },
        {
            "fileName": "023008_len02",
            "talks": [
                "あのね、ボクもカイトからショーのことを教えてもらって、\nみんなを笑顔にできるショーが大好きになったんだ！"
            ]
        },
        {
            "fileName": "023009_len01",
            "talks": [
                "うん、いろいろやってみようかな！\nカイトみたいに呆れられないくらいには、しておきたいけどね",
                "それなら……、あ！\nメイコやカイト達の前でパフォーマンスしたいな！"
            ]
        },
        {
            "fileName": "023009_len02",
            "talks": [
                "カイト！　様子、見に来てくれたの？",
                "なんで？\nもしかしてカイトも一緒に練習したかった？",
                "んー、カイトの言うとおり、\n考えてることはあるけど……聞きたい？",
                "えへへっ。実はリンとカイトに協力してもらって、\nちょっと振り付けも考えてきてあるんだ～",
                "まあね～。リンやカイトにも相談に乗ってもらったし、\n彰人達もいけるって言ってくれて、自信あったんだー！"
            ]
        },
        {
            "fileName": "023011_len02",
            "talks": [
                "あっ、カイト！",
                "ほら、事情を聞いたんだからカイトも手伝ってよね",
                "あ、あとさ！　今日の特訓、\nカイトがつきあってくれることになったんだ！",
                "ミク、カイト、特訓につきあってくれて本当にありがとう！"
            ]
        },
        {
            "fileName": "024008_luka01",
            "talks": [
                "でもこんな調子で、\nカイト達のところに連れていってあげられるかな？"
            ]
        },
        {
            "fileName": "026006_kaito02",
            "talks": [
                "カイト、ただいま！",
                "だからボクも、カイト達とやってる\nショーのことを教えてあげてるんだよ！",
                "ちなみにさ、リンを今度のショーに誘うついでに、\nカイトの劇団にも誘ってもいい？"
            ]
        },
        {
            "fileName": "026007_kaito02",
            "talks": [
                "カイトはね、\n早口言葉を噛んで死んじゃう手裏剣のロミオに決まったよ！"
            ]
        },
        {
            "fileName": "026008_kaito02",
            "talks": [
                "——ちょっと、カイトー！！"
            ]
        },
        {
            "fileName": "areatalk01_106",
            "talks": [
                "こんなセカイでやってるなら、カイト達のショーも\nきっとすっごくおもしろいんだろうなぁ！"
            ]
        },
        {
            "fileName": "areatalk01_107",
            "talks": [
                "ボクもカイトの劇団に入るんだから、演技の練習しないとね！\nさて、カイトが貸してくれた台本を使って、と……",
                "やっぱり、カイトにお願いして\n見ててもらいながら練習しよっと！"
            ]
        },
        {
            "fileName": "areatalk02_403",
            "talks": [
                "ねえねえ、ミク！　カイトといろんなショーを\nやってるって聞いたけど、どんなショーがあるの？"
            ]
        },
        {
            "fileName": "areatalk02_405",
            "talks": [
                "えー、カイトがショーで使ってるやつじゃダメなの？\nかっこいいし、あれを使いたいなぁ"
            ]
        },
        {
            "fileName": "areatalk02_406",
            "talks": [
                "みんなね『最初にカイトが教えてくれたことだから、\n仲間が増えた時には教えてあげるんだ』って言ってた！"
            ]
        },
        {
            "fileName": "areatalk03_301",
            "talks": [
                "ねえっ、ミク、カイト！\nボクの演技、上手くなってきた？"
            ]
        },
        {
            "fileName": "areatalk03_302",
            "talks": [
                "楽しそう、それボクも行く！\nいいよね、カイト！"
            ]
        },
        {
            "fileName": "areatalk_ev_shuffle_03_037",
            "talks": [
                "うん！　練習用の剣で、カイトと練習中なんだ！"
            ]
        },
        {
            "fileName": "areatalk_ev_street_03_006",
            "talks": [
                "ちょっと、カイト。それは大道芸のほうでしょ"
            ]
        },
        {
            "fileName": "areatalk_ev_wonder_01_002",
            "talks": [
                "実はさ、カイトがうまいらしいんだ",
                "オッケー！　じゃあ明日、カイトのステージに来てね！"
            ]
        },
        {
            "fileName": "areatalk_ev_wonder_01_005",
            "talks": [
                "あっ、もしかして台本を探してたの？\nそれならぬいぐるみくんが拾って、カイトに届けてるの見たよ"
            ]
        },
        {
            "fileName": "areatalk_ev_wonder_01_006",
            "talks": [
                "ショーって、本当に楽しいね！\nカイトの劇団に入って本当によかったよ"
            ]
        },
        {
            "fileName": "areatalk_monthly2109_003",
            "talks": [
                "カイト、ひょっとしてプリンが食べたいから、\nささっと終わらせようとしてない？"
            ]
        }
    ]
}