{
    "mainStory": 0,
    "eventStory": 7,
    "cardStory": 13,
    "areaTalk": 7,
    "talkPacks": [
        {
            "fileName": "event_07_03",
            "talks": [
                "じゃあ冬弥くんだね！\nふたりとも、よろしく〜",
                "やったー！　ありがとう弟くん、冬弥くん！\nそれじゃあさっそく、レッツゴー♪"
            ]
        },
        {
            "fileName": "event_07_04",
            "talks": [
                "あ、あの主役の人が冬弥くんの言ってた先輩？\nなんかいろんな意味で、すんごい存在感ある人だったけど……",
                "……ねえねえ、もしかして冬弥くんて、\nなんか強い催眠術でもかけられてる？",
                "じゃあ、ここで一旦解散して、\n先輩見つけたら、冬弥くんに連絡してって伝えておくね！"
            ]
        },
        {
            "fileName": "event_07_08",
            "talks": [
                "あ！　冬弥くん！"
            ]
        },
        {
            "fileName": "event_29_07",
            "talks": [
                "弟くんと冬弥くん、イベント出るんだねー！\nボク、楽しみにしてるよ！"
            ]
        },
        {
            "fileName": "020009_mizuki02",
            "talks": [
                "弟くんに冬弥くんじゃん！　やっほー！"
            ]
        },
        {
            "fileName": "020011_mizuki01",
            "talks": [
                "冬弥くんじゃん、やっほー！",
                "冬弥くんは？\nこんな朝早く、しかも弟くんナシでお出かけ？",
                "（冬弥くんって、こんなにちゃんと笑えるんだ）",
                "（昔の冬弥くんのことは全然わからないけど……）",
                "すごいね、冬弥くん",
                "（最後の誤魔化しかた、だいぶ雑だったなぁ。\n冬弥くん、気にしてないといいけど……）",
                "（……ううん、冬弥くん相手じゃムリか）",
                "（だって、冬弥くんの言葉は全部本心で、\n隠すとか誤魔化すとか、全然なくて……）"
            ]
        },
        {
            "fileName": "020011_mizuki02",
            "talks": [
                "え……この声、冬弥くん？",
                "（まあ、公園で冬弥くん練習してるし、\nそこに行くところなんだろうけどさ！）",
                "えっと、ひょっとして冬弥くんと待ちあわせ？",
                "朝、学校行く時、朝練帰りの冬弥くんにね。\nあとさっきも、公園で練習してるのちらっと見かけたよ"
            ]
        },
        {
            "fileName": "areatalk_ev_shuffle_02_002",
            "talks": [
                "あれ？　冬弥くんじゃん！\n……って、その手に持ってるでっかい袋、ゲームセンターの？",
                "へえ！　冬弥くんも行くんだね、ゲームセンター。\nちなみに、そのでっかいぬいぐるみは\n家に持って帰って飾るの？",
                "絵名がSNSにアップする写真に、たまにゲームセンターの\n景品っぽいぬいぐるみがいるけど、\nあれの出所は冬弥くんだったんだね"
            ]
        },
        {
            "fileName": "areatalk_ev_shuffle_02_004",
            "talks": [
                "ねえねえ、冬弥くんってピュアすぎない？\n『自転車が壊れて歩いて登校したから遅刻した』\nって言ったら信じちゃったんだけど",
                "ていうか、冬弥くん大丈夫！？\n変なツボ買わされたり、ぼったくりにあったり、\n悪い人に連帯保証人とかにされちゃったりしない！？"
            ]
        },
        {
            "fileName": "areatalk_ev_shuffle_09_004",
            "talks": [
                "えー！　テンション低いな～。\nもっと楽しんでいこうよ♪　ね、冬弥くん！"
            ]
        },
        {
            "fileName": "areatalk_monthly2108_001",
            "talks": [
                "実はさ、しばらく前にも\nこの辺りで冬弥くんに会ったんだよね～。\n朝練の帰りって言ってた"
            ]
        }
    ]
}