{
    "mainStory": 0,
    "eventStory": 13,
    "cardStory": 8,
    "areaTalk": 0,
    "talkPacks": [
        {
            "fileName": "event_24_01",
            "talks": [
                "司くんの代わりに、青柳くんが？",
                "それで、司くんの妹さんが、青柳くんという、\n司くんの後輩に代役を頼んでくれたみたいなんだけど……",
                "司くんは、芝居の経験のない青柳くんが\n困っていないか心配になったらしくてね",
                "まあ、司くんはできたらでいいと言っていたし、\n文化祭で話した限り、青柳くんはしっかりしている子のようだ"
            ]
        },
        {
            "fileName": "event_24_02",
            "talks": [
                "やあ。初めてのショーはどうだい？　青柳くん"
            ]
        },
        {
            "fileName": "event_24_03",
            "talks": [
                "青柳くん？"
            ]
        },
        {
            "fileName": "event_24_04",
            "talks": [
                "じゃあここで問題だ、青柳くん。\nこの筋書きに足りないものはなんだろう？",
                "ふむふむ。\nじゃあ最後……青柳くんは？",
                "最後までよろしく頼むよ、青柳くん"
            ]
        },
        {
            "fileName": "event_24_05",
            "talks": [
                "そうと決まれば、早速練習といこうじゃないか。\n青柳くん、今何時だい？",
                "ところで青柳くん、\n空から颯爽と登場したい、と思ったことはないかい？"
            ]
        },
        {
            "fileName": "event_24_06",
            "talks": [
                "青柳くん、何をぼんやりしているんだい？\n開演までもう時間がないよ"
            ]
        },
        {
            "fileName": "event_24_07",
            "talks": [
                "……大丈夫さ、青柳くん。きっとできる。\n迷った時は僕の指導を思い出してくれたら嬉しいな"
            ]
        },
        {
            "fileName": "011001_akito02",
            "talks": [
                "ほほう、君が青柳冬弥くんかい？"
            ]
        },
        {
            "fileName": "016010_rui01",
            "talks": [
                "特に青柳くんは、演技をしながら歌うのは\n初めてだと言っていたしね",
                "青柳くんの、人や物事に対する真摯な向きあいかたに、\nとても助けられたよ",
                "ここにいてくれたのが青柳くんでよかった"
            ]
        },
        {
            "fileName": "016010_rui02",
            "talks": [
                "食あたりだよ。\nそれで、青柳くんが代役をかってでてくれたんだ",
                "青柳くんは、司くんを尊敬してやまないそうだよ。\nそれもあって、代役を引き受けてくれたんだ",
                "実は、司くんに頼まれてね。\n青柳くんの様子を見に行ったんだ"
            ]
        },
        {
            "fileName": "020009_mizuki02",
            "talks": [
                "特に、青柳くんには\n興味を持ってもらえると思うんだけどね"
            ]
        }
    ]
}