{
    "mainStory": 36,
    "eventStory": 75,
    "cardStory": 144,
    "areaTalk": 38,
    "talkPacks": [
        {
            "fileName": "leo_01_00",
            "talks": [
                "久しぶりに学校行けるの楽しみだなー！\nふふっ。いっちゃん達びっくりするかな？\n……あ！"
            ]
        },
        {
            "fileName": "leo_01_01",
            "talks": [
                "星乃さん初めまして～♪\n今日からよろしくお願いしま～す♪",
                "ちょ……ちょっといっちゃん！　\nそんなマジメな顔されたら照れちゃうってば！",
                "うん！　アタシといっちゃん、\n小学校からの幼馴染みなんだ"
            ]
        },
        {
            "fileName": "leo_01_02",
            "talks": [
                "ねぇいっちゃん！　\n一緒に、ほなちゃんとしほちゃんに会いに行かない？",
                "いっちゃん、つきあってくれてありがとう！"
            ]
        },
        {
            "fileName": "leo_01_03",
            "talks": [
                "ほら、小学生の時だよ。いっちゃんがミクちゃんの歌好きだから、\nみんなで演奏してみよーってなった時あったでしょ？",
                "いっちゃんバイバイ！　また明日ね！",
                "ねえいっちゃん。\nもしかして、アタシが入院してるあいだに何か……",
                "それよりさ、いっちゃんって今もミクちゃんの歌よく聴いてるの？"
            ]
        },
        {
            "fileName": "leo_01_04",
            "talks": [
                "いっちゃんは？　やってみない？",
                "ほら！　いっちゃんはやるって！\nだからしほちゃんとほなちゃんも、やろうよ～！"
            ]
        },
        {
            "fileName": "leo_01_05",
            "talks": [
                "しほちゃん、ほなちゃん、いっちゃん！\n……みんなでバンドやってみない！？"
            ]
        },
        {
            "fileName": "leo_01_06",
            "talks": [
                "ほら見ていっちゃん！\nアタシのスマホにも『Untitled』が入ってたの！",
                "いっちゃん？　どうしたの？　真剣な顔して……",
                "ううん！　すっごく嬉しいよ！！\nいっちゃん、ありがとうっ！　がんばろうね！！"
            ]
        },
        {
            "fileName": "leo_01_07",
            "talks": [
                "よーし！　みんなでバンドやれるように、\n練習がんばろうね、いっちゃん！"
            ]
        },
        {
            "fileName": "leo_01_09",
            "talks": [
                "ふっふっふ！　実はちょっと買いたいものがあるんだ♪\nいっちゃん、つきあってくれる！？",
                "うん、あわせる！　練習する！　ね、いっちゃん！",
                "やっ……たぁー！！\nいっちゃん、絶対絶対弾けるようになろう！　がんばろうね！"
            ]
        },
        {
            "fileName": "leo_01_10",
            "talks": [
                "あ、そうだ。いっちゃん。\n練習中に思いついたメロディーがあるんだけど、聴いてくれない？",
                "ほんと？　よかった！\n昔いっちゃん、歌詞書いてた時あったでしょ？\nだからアタシもたまにメロディー考えてるんだ！"
            ]
        },
        {
            "fileName": "leo_01_11",
            "talks": [
                "オッケー！\nいっちゃん、しほちゃん、やろう！",
                "いっちゃん達のことが大切だから、我慢してたんだよね",
                "……やった！　やったぁ！\nしほちゃんとバンドできるよ、いっちゃん！"
            ]
        },
        {
            "fileName": "leo_01_13",
            "talks": [
                "大丈夫。わかってるよ、いっちゃん"
            ]
        },
        {
            "fileName": "leo_01_14",
            "talks": [
                "いっちゃんから聞いたの。\n中学の頃のこととか、全部"
            ]
        },
        {
            "fileName": "leo_01_15",
            "talks": [
                "うん！　アタシは部活あるし、\nいっちゃんもバイトでしょ？"
            ]
        },
        {
            "fileName": "leo_01_16",
            "talks": [
                "アタシ達がいつも一緒にいられたのは、いっちゃんが\nバランスをとってくれてたからだと思うんだよね",
                "いっちゃんがずっとそう思ってくれてたから、\nアタシ達、こうしてバンドできてるんだよ！"
            ]
        },
        {
            "fileName": "leo_01_20",
            "talks": [
                "なんとなく、いっちゃんこういうの得意かなーと思って♪"
            ]
        },
        {
            "fileName": "vsleo_01_03",
            "talks": [
                "……いっちゃんとルカさん、何話してるんだろ",
                "……いっちゃん",
                "いっちゃんが元気ないの、\nアタシのせいだから……"
            ]
        },
        {
            "fileName": "vsleo_01_04",
            "talks": [
                "だって、いっちゃんの書く歌詞とってもいいんだもん！\nミクちゃん達にも見てほしくって！"
            ]
        },
        {
            "fileName": "wonder_01_14",
            "talks": [
                "学校で、いっちゃん達と遊びたいな……"
            ]
        },
        {
            "fileName": "event_01_01",
            "talks": [
                "ほらほら！　いっちゃんも座って座って！",
                "（いっちゃん、アタシが遠くの病院に入院したせいで\nあんまりお見舞いに来られなかったこと、ずっと気にしてたし）",
                "授業終わりっ！\n練習行こ、いっちゃんっ！"
            ]
        },
        {
            "fileName": "event_01_02",
            "talks": [
                "いっちゃん、今日はわざわざお見舞いに来てくれて、\nホントにありがとう！",
                "バイバイ、いっちゃん！"
            ]
        },
        {
            "fileName": "event_01_03",
            "talks": [
                "言いかたっていうか、いっちゃんってそういう\n妙な例え出すことあるよね！"
            ]
        },
        {
            "fileName": "event_01_04",
            "talks": [
                "いっちゃん達とデートするの！",
                "あ、それなら大丈夫だよ！\nちょうどその日にいっちゃん達とデートに行くから",
                "ごめんいっちゃん！　今日バイト入っちゃったんだ。\n急いで行かないといけないから、先に行くね！　バイバイ！"
            ]
        },
        {
            "fileName": "event_01_06",
            "talks": [
                "あ、お祝いの手紙書こう！\n今書くから、いっちゃん、先生に渡してくれない？",
                "この手紙を渡したら、\nいっちゃんはみんなのところに帰っちゃうんだなぁって思って",
                "はい、いっちゃん。手紙よろしくお願いします！"
            ]
        },
        {
            "fileName": "event_01_07",
            "talks": [
                "いっちゃん……"
            ]
        },
        {
            "fileName": "event_01_08",
            "talks": [
                "いっちゃーん！\nそろそろ始めるよ～！"
            ]
        },
        {
            "fileName": "event_04_01",
            "talks": [
                "いっちゃんってば、\nまた焼きそばパン買ったの？　ホント好きだねー",
                "他の人にも声かけてみたんだけど、断られちゃって。\nいっちゃんは学級委員の仕事あるし……"
            ]
        },
        {
            "fileName": "event_09_10",
            "talks": [
                "やったー！　いっちゃんありがとう！",
                "わあ、久しぶりのいっちゃんの部屋だー！！"
            ]
        },
        {
            "fileName": "event_09_11",
            "talks": [
                "ねえ、いっちゃん。あっちに焼きそば売ってるよ！\n一緒に買いに行かない？",
                "いっちゃん、それ一緒！\nアタシも、みんなと一緒にいたいってお願いしたんだ！"
            ]
        },
        {
            "fileName": "event_13_07",
            "talks": [
                "うん、そうだね。\nいっちゃんも行こ？",
                "いっちゃん、どうしたの？",
                "あっ、いっちゃん！"
            ]
        },
        {
            "fileName": "event_13_08",
            "talks": [
                "あ、いっちゃん！　遅いよ～！"
            ]
        },
        {
            "fileName": "event_16_01",
            "talks": [
                "いっちゃん達とのひな祭りパーティー、楽しみだな～！",
                "ちょ、ちょっとお兄ちゃん！　もっと普通で大丈夫だってば！\nいっちゃん達びっくりしちゃうよ",
                "早くパーティーの日にならないかなぁ。\nいっちゃん達に早く見てほしいな！"
            ]
        },
        {
            "fileName": "event_16_04",
            "talks": [
                "笑われたっていいよ！\nそれに、いっちゃん達は絶対笑わないもんっ！"
            ]
        },
        {
            "fileName": "event_16_05",
            "talks": [
                "（今日のお昼は、いっちゃんが学級委員会でよかったな……。\nこんな顔してたら、すごく心配かけちゃいそう……）"
            ]
        },
        {
            "fileName": "event_16_07",
            "talks": [
                "それで、いっちゃん達にも\nこのひな人形を見てもらいたいな～って思って、\nパーティーを開いたんだよ"
            ]
        },
        {
            "fileName": "event_18_01",
            "talks": [
                "いっちゃーん！\n今日の歌、すっごくいいねー！",
                "そうだったんだ～。\nいっちゃんの努力が、歌につながったんだね！"
            ]
        },
        {
            "fileName": "event_18_02",
            "talks": [
                "うん！\nいっちゃん、ミクちゃん、お疲れさまー！"
            ]
        },
        {
            "fileName": "event_18_04",
            "talks": [
                "今日のいっちゃんの歌、すごいよ！\n前からすごかったけど、もっとすごくなってる！",
                "えーっ！　いっちゃんがアタシに隠しごとするなんて……っ！"
            ]
        },
        {
            "fileName": "event_20_01",
            "talks": [
                "えっ！　いっちゃん、ストリートライブやってたの！？",
                "あの時から、いっちゃんの歌とギター、\nすっごく上達してたもんね！"
            ]
        },
        {
            "fileName": "event_20_02",
            "talks": [
                "ねえねえいっちゃん、ほなちゃん！\nベース弾いてるのって、しほちゃんじゃない！？",
                "ふふふ、アタシ達がライブやったら、\nいっちゃんがMC担当するんだよね？\n楽しみだな～♪",
                "いっちゃんが今ハマってる焼きそばパンはどれか、とか\nほなちゃんが好きなアップルパイの話とか？"
            ]
        },
        {
            "fileName": "event_20_05",
            "talks": [
                "いっちゃん……"
            ]
        },
        {
            "fileName": "event_20_08",
            "talks": [
                "（いっちゃん、ほなちゃん……！\nすごい！　練習の時より音が……！）"
            ]
        },
        {
            "fileName": "event_27_01",
            "talks": [
                "うんうん！　前もいっちゃんの歌詞にあわせて\n簡単な曲を作ってみたけど……。\nライブで演奏するなら、もっとちゃんと作りたいな！"
            ]
        },
        {
            "fileName": "event_27_03",
            "talks": [
                "アタシは、いっちゃんのふたつ目のやつが好きだな～！\n途中で短調になるのがかっこいい！",
                "あ、そうだ。いっちゃん。\n練習中に思いついたメロディーがあるんだけど、聴いてくれない？",
                "ホント？　よかった！\n昔いっちゃん、歌詞書いてた時あったでしょ？\nだからアタシもたまにメロディー考えてるんだ！",
                "（バンドを組んだ最初の頃、\n１回だけメロディーを作ってみたことがあったけど……。\nその時は、いっちゃんが褒めてくれたんだよね）"
            ]
        },
        {
            "fileName": "event_27_05",
            "talks": [
                "よーし、今日もがんばるぞ～！\nいっちゃん、行こう！",
                "ねえ、しほちゃん！\nいっちゃん、委員会でちょっと遅れるらしいから\nアタシ達は先に——",
                "いっちゃんはストリートライブやって、\n歌もギターも、すっごく上手になったでしょ？",
                "あれ？　ほなちゃん、いっちゃん！\nいっちゃん、もう委員会の用事終わったの？"
            ]
        },
        {
            "fileName": "event_27_08",
            "talks": [
                "前にアタシのメロディーに歌詞をつけてくれたみたいに、\n今回もまた、いっちゃんにお願いしたいですっ！"
            ]
        },
        {
            "fileName": "event_33_07",
            "talks": [
                "うんうん！\nいっちゃんらしくて、すっごくいいと思うな～"
            ]
        },
        {
            "fileName": "event_34_01",
            "talks": [
                "いっちゃん、おはよーっ！",
                "わ、いっちゃんって感じがする！\nなんだかかっこいい～！",
                "いいじゃんいいじゃん♪\nいっちゃんの歌詞、アタシもっと読みたーい！",
                "うん！　アタシが作った曲に、\nいっちゃんが詞をつけてくれてるんだ～！",
                "いっちゃん、意地悪してごめんなさい！\n歌詞、楽しみにしてるね！"
            ]
        },
        {
            "fileName": "event_34_02",
            "talks": [
                "いっちゃーん！\nそろそろ練習に行こ！",
                "いっちゃん、どうしたの？"
            ]
        },
        {
            "fileName": "event_34_03",
            "talks": [
                "アタシは、歌詞のことはわかんないし、\nいいアドバイスできないかもしれないけど……。\nでも、いっちゃんの力になりたい！"
            ]
        },
        {
            "fileName": "event_34_06",
            "talks": [
                "いっちゃん……",
                "……アタシ、これまでの\nいっちゃんの歌詞の中で、これが一番好き！",
                "すごい、すごいよいっちゃん！\nアタシが伝えたかったこと、\n全部いっちゃんが言ってくれたような気がする！"
            ]
        },
        {
            "fileName": "event_34_07",
            "talks": [
                "……だっ、大丈夫だよ、いっちゃん！",
                "えへへ♪\nじゃあ、いっちゃん！\n掛け声よろしくっ♪"
            ]
        },
        {
            "fileName": "event_34_08",
            "talks": [
                "いっちゃん、どうしたの？",
                "いっちゃん？",
                "さんせーい！\nいっちゃんの歌詞につける曲を、みんなで考えよ！"
            ]
        },
        {
            "fileName": "event_36_06",
            "talks": [
                "いっちゃん、いよいよ明日だね！"
            ]
        },
        {
            "fileName": "event_36_07",
            "talks": [
                "ふんふんふーん♪\nいっちゃんのライブ、楽しみだなー！\nどんな歌を歌うんだろうね♪",
                "じゃあ、みんなでいっちゃんのところに応援に行こうよ！\nそしたら緊張もほぐれるかも！",
                "だから、しほちゃんに励まされたら、\nいっちゃんもがんばろ～！ってなると思うの！"
            ]
        },
        {
            "fileName": "event_36_09",
            "talks": [
                "わあ、いっちゃんすごーい！"
            ]
        },
        {
            "fileName": "event_36_10",
            "talks": [
                "いっちゃん、お疲れさまー！\nステージ、すっごく良かったよ！"
            ]
        },
        {
            "fileName": "001001_ichika01",
            "talks": [
                "あ、いっちゃんここにいたんだ！",
                "それにしても、さすがいっちゃん！\n花のこと、すっごく詳しいね！",
                "でも、この花だけじゃなくて、\nいっちゃんいろんな花のこと知ってるでしょ？",
                "花言葉とか、昔いっちゃんから\nたくさん教わったよね～",
                "アタシが今退院して元気でいられるのも、\nいっちゃんの花のおかげかも！",
                "ふふっ。実はね、いっちゃんがくれた花、\n押し花にしてとってあるの"
            ]
        },
        {
            "fileName": "001001_ichika02",
            "talks": [
                "いっちゃん、なに聴いてるのー？"
            ]
        },
        {
            "fileName": "001002_ichika01",
            "talks": [
                "（いっちゃん、ノート一生懸命に書いてる。\nさっきまでずっとヒマそうにしてたのに）"
            ]
        },
        {
            "fileName": "001002_ichika02",
            "talks": [
                "じゃあ、みんなで探そうよ！\nいっちゃんの練習用の、いい感じの箱！",
                "中のお菓子は美味しく食べて、\nいっちゃんのためにいい箱つくろうね！"
            ]
        },
        {
            "fileName": "001003_ichika01",
            "talks": [
                "でもさ、いっちゃんが『やろう』って\n返事してくれてなかったら、それこそしほちゃんと\nまた一緒に、なんて夢のまた夢だったよ？",
                "ありがとう、いっちゃん。\nアタシとバンド始めてくれて！",
                "あ……いっちゃん、見て！　ミクちゃんだよ！",
                "いっちゃんが笑ってるな～って思って",
                "いっちゃん、なんだか楽しそう",
                "いっちゃん、信号青になったよ。行こっ！"
            ]
        },
        {
            "fileName": "001003_ichika02",
            "talks": [
                "ふっふっふっ。あそこがいっちゃんのバイト先なんだね？",
                "いっちゃん、お疲れさま！",
                "そうそう。いっちゃんがバイトしてるところ\n前から見てみたいなって思ってたんだよね～",
                "でもアタシ、いっちゃんのスマイルほしかったなぁ～。\nねえねえ、おねがーい！",
                "いっちゃん、ミクちゃん、そろそろ練習の準備始めるよ～"
            ]
        },
        {
            "fileName": "001004_ichika02",
            "talks": [
                "あ、いっちゃん、さては火がついちゃったな？"
            ]
        },
        {
            "fileName": "001005_ichika01",
            "talks": [
                "あれ？　いっちゃん、その手に持ってる袋、何？",
                "アタシ、いっちゃんが買ってきてくれるお花、\nいつも楽しみにしてたんだ",
                "ねえ、いっちゃん。\nアタシ、そのお花屋さん行ってみたい！"
            ]
        },
        {
            "fileName": "001005_ichika02",
            "talks": [
                "アタシもです！\nいっちゃんが持ってきてくれるお花、\nどれもかわいくって、いつも楽しみで……！"
            ]
        },
        {
            "fileName": "001006_ichika02",
            "talks": [
                "というわけで、いっちゃんの\n『苦手を克服して演奏うまくなろう作戦』の\n作戦会議を始めまーす！",
                "さっそくだけど、いっちゃんの苦手なものと言えば！？",
                "もしいっちゃんが克服してくれたら、\n一緒にジェットコースターに乗れる……って、そうじゃなくて",
                "いっちゃんに自信がついて、\n演奏ももっと上手になるはず！",
                "謎の組織にアタシ達が捕まっちゃってて、\nいっちゃんがジェットコースターを克服しないと\nアタシ達を救えない……",
                "さあさあ、いっちゃん！　ファイトだよ！",
                "うー。さすがいっちゃん。\nアタシの行動が完全にバレてる……！\nじゃあ、ほなちゃんにやってもらおうよ"
            ]
        },
        {
            "fileName": "001007_ichika01",
            "talks": [
                "うんうん♪　いっちゃんの歌を聴いてると、\nアタシも負けていられないなっていう気持ちになるよ",
                "き、聞いた！？　いっちゃん、しほちゃん！\nキレイな桜を満喫するだけじゃなくって、\nほなちゃんのお弁当まで食べられるかも！？",
                "だから……はい！\nいっちゃんも一緒に作ろっ♪",
                "いっちゃん、どの生地にするか決めた？"
            ]
        },
        {
            "fileName": "001007_ichika02",
            "talks": [
                "アタシはこのまん丸おにぎりも、かわいくていいと思うよ！\nいっちゃん、ひとつちょうだい！"
            ]
        },
        {
            "fileName": "001008_ichika01",
            "talks": [
                "あ、いっちゃん！",
                "……いっちゃんも？",
                "いっちゃん……"
            ]
        },
        {
            "fileName": "001010_ichika02",
            "talks": [
                "でも、完成した歌詞は\nすっごくいっちゃんらしくていいと思ったよ！",
                "もっちろん！\n今のきょとんとしたいっちゃん、かわいかったよ♪",
                "がんばろうね、いっちゃん！"
            ]
        },
        {
            "fileName": "001011_ichika01",
            "talks": [
                "あ、そうだ！　いっちゃん、歌詞作りって進んでる？",
                "うん！　いっちゃん、\nこの前のライブあとに言ってたんだー！",
                "だからもっといっちゃんらしさを\nどどーんと出しちゃおっ♪",
                "それに、いっちゃんはがんばって\nかっこよくなろうとしなくてもいいと思うよ？",
                "だっていっちゃんは、そのままでも十分かっこいいもん！\n昔からずーっとね♪",
                "え～。まだまだかっこいいいっちゃんの話\nたくさんあるのにー",
                "だから、わざわざかっこつけなくても、\nアタシ達のいっちゃんは最強なのだー！",
                "わざわざかっこつけなくても、\nアタシ達のいっちゃんは最強なのだー！"
            ]
        },
        {
            "fileName": "002001_saki01 #59",
            "talks": [
                "ねえねえ、いっちゃん、はるかちゃん、\n今日は天気もいいし、屋上でご飯食べない？",
                "それとね、バンドに誘ってくれた人がいて、\nいっちゃんと一緒に、そっちも頑張ってるの",
                "いっちゃんがギター兼ボーカルで、\nアタシはキーボード！",
                "今度、自分用のキーボードを\nいっちゃんと買いにいく予定なの♪"
            ]
        },
        {
            "fileName": "002001_saki01",
            "talks": [
                "ねえねえ、いっちゃん、遥ちゃん、\n今日は天気もいいし、屋上でご飯食べない？",
                "それとね、バンドに誘ってくれた人がいて、\nいっちゃんと一緒に、そっちも頑張ってるの",
                "いっちゃんがギター兼ボーカルで、\nアタシはキーボード！",
                "今度、自分用のキーボードを\nいっちゃんと買いにいく予定なの♪"
            ]
        },
        {
            "fileName": "002001_saki02 #58",
            "talks": [
                "見て見ていっちゃん！\nほら、この人のメイク動画、面白いんだよ",
                "え？　いっちゃんにも似合うんじゃない？",
                "いっちゃんは、どう？",
                "やったー！　ありがとう、いっちゃん！",
                "いっちゃん……！　ありがとう～！",
                "いっちゃんは髪まっ黒でまっすぐだもんねー。\nサラサラでうらやましいな～",
                "よーし！　いっちゃんにもぴったりな\n新しいヘアスタイルも開拓しちゃうよー！"
            ]
        },
        {
            "fileName": "002001_saki02",
            "talks": [
                "見て見ていっちゃん！\nほら、この人のメイク動画、面白いんだよ",
                "え？　いっちゃんにも似合うんじゃない？",
                "いっちゃんは、どう？",
                "やったー！　ありがとう、いっちゃん！",
                "いっちゃん……！　ありがとう～！",
                "いっちゃんは髪まっ黒でまっすぐだもんねー。\nサラサラでうらやましいな～",
                "よーし！　いっちゃんにもぴったりな\n新しいヘアスタイルも開拓しちゃうよー！"
            ]
        },
        {
            "fileName": "002002_saki01",
            "talks": [
                "ううう～！　今日のいっちゃん厳しいよ～！"
            ]
        },
        {
            "fileName": "002002_saki02",
            "talks": [
                "ありがと、いっちゃん！　みんな！"
            ]
        },
        {
            "fileName": "002003_saki01",
            "talks": [
                "さっきまでいっちゃんと一緒に、\nタピオカミルクティー飲んでたの！",
                "うん……いっちゃんとはね、同じクラスになれたよ",
                "（でも、いっちゃんの様子見てると、\n何かありそうなんだよね……）",
                "（……よし。アタシも、\n今のいっちゃん達とちゃんと向き合わなくちゃ！）"
            ]
        },
        {
            "fileName": "002003_saki02",
            "talks": [
                "あっ、ごめんねいっちゃん！\nふたりにばっかり説明しちゃって",
                "えっと、決していっちゃんを\n仲間外れにしてるわけじゃなくて……！"
            ]
        },
        {
            "fileName": "002005_saki02",
            "talks": [
                "いっちゃん、ほなちゃん、しほちゃん……！",
                "いっちゃん、ほなちゃん、しほちゃん"
            ]
        },
        {
            "fileName": "002006_saki01",
            "talks": [
                "そういえば、いっちゃんってば体育祭の準備中、\nず～っとアタシの体調心配してくれてたでしょ",
                "うん。実は……前にいっちゃん……幼馴染みの子達と\n一緒に天文台のイベントに行く計画をたてたんだけど……"
            ]
        },
        {
            "fileName": "002007_saki01",
            "talks": [
                "もう、しほちゃん、いっちゃん！　めっ！"
            ]
        },
        {
            "fileName": "002007_saki02",
            "talks": [
                "いっちゃん、どうしたの？\nわからないとこあった？",
                "ええー！\nほなちゃーん、いっちゃんとしほちゃんがいじめる～！"
            ]
        },
        {
            "fileName": "002008_saki01",
            "talks": [
                "幼馴染みでも、大事な金賞は譲らないよ。\nねっ、いっちゃん"
            ]
        },
        {
            "fileName": "002008_saki02",
            "talks": [
                "あ……。えへへ、さすがほなちゃん。正解！\nでもきっと、いっちゃんやしほちゃんも気づいてたよね"
            ]
        },
        {
            "fileName": "002009_saki01",
            "talks": [
                "わぁ、それならいっちゃん達も呼んで\nひな祭りパーティーがしたいな！",
                "ありがとう、いっちゃん、ほなちゃん！",
                "でも、さっきいっちゃんが言ってたみたいに、\nアタシ、おひな様の時期は体調崩しがちで、入院も多くて",
                "ダ～メ♪　当日までいっちゃん達にはひ・み・つ！",
                "い、いっちゃんまで～！\nあははははっ！　やめっ、やめて～～～！！"
            ]
        },
        {
            "fileName": "002010_saki01",
            "talks": [
                "あ！　そういえばず～っと秘密って言って、\n特訓のこと教えてくれないよね。\nねえ、いっちゃん。そろそろ教えてよ～",
                "（ん～。いっちゃんも\n秘密の特訓っていうのをしてるみたいだし……）",
                "いっちゃんも特訓がんばってるし、\n早く、Leo/needでライブしたいなって考えてただけ♪"
            ]
        },
        {
            "fileName": "002010_saki02",
            "talks": [
                "あ、そうだ！　いっちゃん、\nほなちゃんとしほちゃんにあれ見せてあげてよ！",
                "いっちゃん、ほなちゃん、しほちゃん！"
            ]
        },
        {
            "fileName": "002011_saki02",
            "talks": [
                "実はいっちゃんがね、今日も委員会があって\n一緒にお昼食べられないんだ"
            ]
        },
        {
            "fileName": "002013_saki01",
            "talks": [
                "……いっちゃん、大丈夫かな",
                "いっちゃんのために、\nアタシができることってないのかな……？",
                "いっちゃん、そんなにがんばってくれてるんだ",
                "でも、毎日そんなにがんばってるなら、\nやっぱりいっちゃんのために、何かしてあげたいな",
                "（がんばれ、いっちゃん！）"
            ]
        },
        {
            "fileName": "002013_saki02",
            "talks": [
                "いっちゃんからメッセージだ。\nあれ？　グループじゃなくて、DMのほうできてる",
                "いっちゃん、おまたせー！\nって、あれ？",
                "あ、リンちゃん！\nいっちゃん、リンちゃんも呼んでたんだ？",
                "お～！　よくぞアタシ達の犯行だと見破ったね。\nやりますなぁ、名探偵いっちゃん！",
                "すっごく、す～～～っごく嬉しい！\nありがとう、いっちゃん！　大好き！"
            ]
        },
        {
            "fileName": "003003_honami01",
            "talks": [
                "いっちゃん、おまたせ！\n先生の用事終わったよ！"
            ]
        },
        {
            "fileName": "003005_honami01",
            "talks": [
                "あ、今日のお昼、よかったら一緒に食べよう。\nいっちゃんやしほちゃんも誘って！"
            ]
        },
        {
            "fileName": "003005_honami02",
            "talks": [
                "いっちゃん、何か見つけた！？",
                "あ、でもページたりるかなぁ？\nいっちゃん達との思い出、クラスの子達との思い出……"
            ]
        },
        {
            "fileName": "003008_honami02",
            "talks": [
                "ほなちゃん。今日、いっちゃんもしほちゃんもバイトだし、\nふたりで一緒に帰ろ～♪"
            ]
        },
        {
            "fileName": "003012_honami01",
            "talks": [
                "えへへ。みんなでいっちゃんの歌詞、\nいろいろ見せてもらってたもんね♪",
                "お、いいねー！　いっちゃんの得意分野だし、\nいい感じの歌詞生まれそう♪",
                "うーん、どうしたら\nいっちゃんの力になってあげられるんだろー"
            ]
        },
        {
            "fileName": "004007_shiho02",
            "talks": [
                "そうそう！　それに最近のいっちゃん、\nなんだか気持ちが入ってるって感じするよね！",
                "おおー！　それで今日のいっちゃんは\nいきいきキラキラしてたんだね！　ねっ、しほちゃん！"
            ]
        },
        {
            "fileName": "004010_shiho01",
            "talks": [
                "アタシも、いっちゃんがなんの絵を作ったか覚えてるよ！",
                "うん！　あの時のいっちゃん、\nちょうどミクちゃんにハマりたてだったでしょ？",
                "そうそう！　いっちゃんなんか、\n『タコ？』なんて言ったりして……"
            ]
        },
        {
            "fileName": "006001_haruka02",
            "talks": [
                "みんな好きなもの買えたんだね！\nいっちゃんは、何にしたの？",
                "あー……いっちゃん焼きそばパン好きで",
                "いっちゃんだって、焼きそばパンばっかりじゃん",
                "ええー。いっちゃんひどいよ～"
            ]
        },
        {
            "fileName": "006012_haruka01",
            "talks": [
                "うん♪　いっちゃんも、\nみんなも協力してくれてありがとう！"
            ]
        },
        {
            "fileName": "013010_tsukasa01",
            "talks": [
                "それに、いっちゃん達と寝落ちするまで\nメッセージのやり取りができるしね♪"
            ]
        },
        {
            "fileName": "021001_miku01",
            "talks": [
                "いっちゃん、それ、ミクちゃんのライブ？"
            ]
        },
        {
            "fileName": "021002_miku01",
            "talks": [
                "ほら、いっちゃんも！"
            ]
        },
        {
            "fileName": "021013_miku01",
            "talks": [
                "これ使って、アタシといっちゃんで\nオリジナルのてるてる坊主をいろいろ作ってみたの！"
            ]
        },
        {
            "fileName": "022009_rin02",
            "talks": [
                "そう！　本当はいっちゃん達とやりたかったんだけど、\nたぶんみんな恥ずかしがっちゃうだろうなーって思って",
                "あ、いっちゃん！\nそれにほなちゃん、しほちゃんもいる！　やっほー♪"
            ]
        },
        {
            "fileName": "024001_luka01",
            "talks": [
                "ねえねえ、いっちゃん！",
                "だって、いっちゃんと一緒に見たかったから\n最初の方しか見てなかったんだもん",
                "なんだか歌いたくなってきちゃった！\nいっちゃん、今日の放課後カラオケ行こうよ！"
            ]
        },
        {
            "fileName": "024001_luka02",
            "talks": [
                "いっちゃんはバイト。\nアタシもこれから行くところなの"
            ]
        },
        {
            "fileName": "024002_luka01",
            "talks": [
                "ね、いっちゃんも会ったことあるでしょ？",
                "そっか、いっちゃんはひとりっこだもんね"
            ]
        },
        {
            "fileName": "024006_luka01",
            "talks": [
                "ということは……しほちゃんが一番で、\nその次がアタシとほなちゃんで、次がいっちゃんだね"
            ]
        },
        {
            "fileName": "025009_meiko01",
            "talks": [
                "メイコさん、おやすみなさい。\nほなちゃんといっちゃんも"
            ]
        },
        {
            "fileName": "areatalk01_004",
            "talks": [
                "そうだ、焼きそばパン探してみよっと！\nふふ。いっちゃん、きっと喜んでくれるよね！"
            ]
        },
        {
            "fileName": "areatalk02_095",
            "talks": [
                "いっちゃん！　次の音楽の授業、\n視聴覚室でミュージカルを見るみたいだよ！"
            ]
        },
        {
            "fileName": "areatalk02_096",
            "talks": [
                "えへへ、ごめんごめん。\n怖がるいっちゃんがかわいいからついつい……",
                "ああ！　やだやだ、うそですごめんなさーい！\n一歌さま！　一歌大明神様！　機嫌なおしてー！"
            ]
        },
        {
            "fileName": "areatalk02_098",
            "talks": [
                "いっちゃん！　なんの曲聴いてるの？"
            ]
        },
        {
            "fileName": "areatalk02_100",
            "talks": [
                "そうと決まればお店にレッツゴー！\nあっ、あのトップス！　きっといっちゃんに似合うよ！"
            ]
        },
        {
            "fileName": "areatalk02_109",
            "talks": [
                "じゃあ、食べながら考えてみようよ。\nそれで、こっそり練習して、\nいっちゃんとしほちゃんに披露しちゃおっ！"
            ]
        },
        {
            "fileName": "areatalk02_110",
            "talks": [
                "……ふふ。あそこのチュロス屋さんにする？\nそうしたら、いっちゃんとほなちゃんの分も買えるし！"
            ]
        },
        {
            "fileName": "areatalk02_111",
            "talks": [
                "へー！　あ、それって、いっちゃんが薦めてくれたアルバム？"
            ]
        },
        {
            "fileName": "areatalk02_136",
            "talks": [
                "いっちゃんのギターって、お父さんからもらったんだよね？",
                "あっ、そういえばいっちゃん、小学生の頃の歌詞ノートを\nアタシ達に見られた時、すっごく恥ずかしがってたもんね！"
            ]
        },
        {
            "fileName": "areatalk02_236",
            "talks": [
                "いっちゃん、見て！　このポスター！"
            ]
        },
        {
            "fileName": "areatalk02_242",
            "talks": [
                "いっちゃんとショッピングモールに来るのも久しぶり！",
                "あれ？　もしかしていっちゃんもここ久しぶり？"
            ]
        },
        {
            "fileName": "areatalk02_244",
            "talks": [
                "あ、このCD、前にいっちゃんが聴かせてくれたのと\n同じじゃない？",
                "そうそう！　あの時のいっちゃん、\nすっごいニコニコしてて。懐かしいなぁ"
            ]
        },
        {
            "fileName": "areatalk02_311",
            "talks": [
                "はい。いっちゃんやルカさんみたいな\nストレートヘアが憧れで……"
            ]
        },
        {
            "fileName": "areatalk02_343",
            "talks": [
                "はい！　いっちゃん達と一緒に、\n絶対キラッキラな青春を送ってみせます！"
            ]
        },
        {
            "fileName": "areatalk03_004",
            "talks": [
                "出た！　焼きそばパン！\nいっちゃん本当に好きだよねー",
                "おお、いっちゃんのお弁当どんな感じか見てみたい！\n絶対だよ？　楽しみにしてるからね！"
            ]
        },
        {
            "fileName": "areatalk03_006",
            "talks": [
                "いっちゃん、しほちゃん！　\n今日の放課後、ちょっと寄り道していかない？"
            ]
        },
        {
            "fileName": "areatalk03_009",
            "talks": [
                "えー！　そういうしほちゃんだって、\nミクちゃんやルカさんとセッションしてる時、\n表情キラキラしてたよ。ね、いっちゃん！"
            ]
        },
        {
            "fileName": "areatalk03_011",
            "talks": [
                "それで、ミクちゃんすごいんだよって\nすっかりはまったいっちゃんから\nアタシは教えてもらったんです"
            ]
        },
        {
            "fileName": "areatalk03_015",
            "talks": [
                "ねぇ、いっちゃん。ルカさんから聞いたんだけど、\n毎日ギターに触るようにしてるって本当？"
            ]
        },
        {
            "fileName": "areatalk03_016",
            "talks": [
                "え！？　いっちゃん、ほなちゃんと靴買いに行ったの？\nいつの間に……"
            ]
        },
        {
            "fileName": "areatalk03_050",
            "talks": [
                "じゃあ決まりだね！\nいっちゃんにも教えてあげよーっと！"
            ]
        },
        {
            "fileName": "areatalk03_319",
            "talks": [
                "そういえばみのりちゃん、いっちゃんと仲がいいんだっけ？\nちょっと意外かも？"
            ]
        },
        {
            "fileName": "areatalk04_001",
            "talks": [
                "あはは。大丈夫だよ、いっちゃん！\nまずはみんなで乗れるアトラクションに、レッツゴー！"
            ]
        },
        {
            "fileName": "areatalk04_002",
            "talks": [
                "おおー、さすがはいっちゃん！\nわかってらっしゃる～"
            ]
        },
        {
            "fileName": "areatalk_ev_band_04_001",
            "talks": [
                "だからまず、いっちゃんの髪で練習させてもらいたいなーって♪\nね、いいかな？",
                "えっ、あ、待っていっちゃん！　おもしろい名前だけど、\nホントにちゃんとしたヘアアレンジだから！\nいっちゃんで遊ぼうとしてるわけじゃないから～っ！"
            ]
        },
        {
            "fileName": "areatalk_ev_band_04_004",
            "talks": [
                "い、いっちゃん……！\nありがとう！　いっちゃんは神様だよ！"
            ]
        },
        {
            "fileName": "areatalk_ev_shuffle_03_011",
            "talks": [
                "やったー！　えへへ、じゃあ今度ショーを見に行った時は、\nいっちゃん達とみんなでわんだほいポーズするね！"
            ]
        },
        {
            "fileName": "areatalk_ev_shuffle_05_001",
            "talks": [
                "えへへ。昔いっちゃんに教えてもらったからね♪"
            ]
        },
        {
            "fileName": "areatalk_ev_shuffle_10_001",
            "talks": [
                "アタシもいっちゃん達がいてくれてるから、\n難しいこともやってみるぞっていう気になれるし！"
            ]
        },
        {
            "fileName": "areatalk_ev_shuffle_10_006",
            "talks": [
                "おおー！　いっちゃん聞いた？\n特別だって♪",
                "え～。いっちゃんだって嬉しいくせに～"
            ]
        },
        {
            "fileName": "areatalk_ev_shuffle_12_005",
            "talks": [
                "あるよー！\nまずいっちゃんが、びっくりしてくれるでしょ？\nそしたらだませたアタシ達もやったねっ！てなるじゃん！"
            ]
        }
    ]
}