{
    "mainStory": 0,
    "eventStory": 3,
    "cardStory": 7,
    "areaTalk": 2,
    "talkPacks": [
        {
            "fileName": "event_03_01",
            "talks": [
                "はあ～、楽しかったね～！\nレンくんもいっぱい笑ってくれてよかったな～♪"
            ]
        },
        {
            "fileName": "event_15_02",
            "talks": [
                "わっ！！\nあっ、レンくん、リンちゃん……！"
            ]
        },
        {
            "fileName": "event_15_06",
            "talks": [
                "……レンくん？"
            ]
        },
        {
            "fileName": "021014_miku02",
            "talks": [
                "レンくんとリンちゃんだ！\n……あっ！",
                "ミクちゃん、リンちゃん、レンくん、ありがとう！\nすっごく……すっごくすてきなお話だったよ！"
            ]
        },
        {
            "fileName": "022012_rin01",
            "talks": [
                "あっ、リンちゃん、レンくん♪\nこんにちわんだほーいっ！",
                "がんばってリンちゃん、レンくん！\nあたし絶対に見に行くね！"
            ]
        },
        {
            "fileName": "023007_len02",
            "talks": [
                "レンくん、リンちゃん、\nぬいぐるみのみんな、やっほっほーい！"
            ]
        },
        {
            "fileName": "023008_len01",
            "talks": [
                "あ、レンくんとリンちゃんだ！\nわんだほーい♪",
                "そうだ、類くん！\n前に見せてくれた、シャシャシャー！ってやつ、\nレンくんとリンちゃんにも見せてあげようよ！"
            ]
        },
        {
            "fileName": "areatalk_ev_wonder_01_003",
            "talks": [
                "あ、レンくんだ！　こんにちわんだほーい♪"
            ]
        },
        {
            "fileName": "areatalk_ev_wonder_01_004",
            "talks": [
                "レンくん、どうかしたの？"
            ]
        }
    ]
}