{
    "mainStory": 7,
    "eventStory": 10,
    "cardStory": 12,
    "areaTalk": 9,
    "talkPacks": [
        {
            "fileName": "leo_01_00",
            "talks": [
                "それは、このセカイが一歌達の想いで\n生まれた場所だからよ"
            ]
        },
        {
            "fileName": "leo_01_10",
            "talks": [
                "ええ。一歌達を待ってソワソワしている時から、ずっとね"
            ]
        },
        {
            "fileName": "leo_01_14",
            "talks": [
                "……一歌、どうかしたの？",
                "……一歌は？",
                "一歌は、どうしたい？",
                "一歌達にとって一番素敵な音は――どんな音なのかしら"
            ]
        },
        {
            "fileName": "vsleo_01_03",
            "talks": [
                "……一歌、元気ないけど、大丈夫？"
            ]
        },
        {
            "fileName": "event_01_07",
            "talks": [
                "みんなもそう思ってるんじゃないかしら。\nね？　一歌、穂波、志歩"
            ]
        },
        {
            "fileName": "event_18_06",
            "talks": [
                "あら、一歌の歌いかたが変わったと思ったら、\nそういうことだったのね",
                "一歌の歌、前よりも力強くて、凛とした歌声になったわ",
                "そうなのね。\n……ふふ。ミク、本当に一歌達の先輩らしくなってきたわね",
                "……でも、本当に先輩らしくなったわ。\n一歌と出会った時とは比べ物にならないくらい",
                "誰かにとってはメイコが、また別の誰かにとっては私が、\nそしてきっと、一歌にとってはミクが理想の先輩なんだと思うわ"
            ]
        },
        {
            "fileName": "event_20_01",
            "talks": [
                "ふふっ。なんだか一歌、頼もしくなったわね"
            ]
        },
        {
            "fileName": "event_20_05",
            "talks": [
                "一歌達、大丈夫かしら"
            ]
        },
        {
            "fileName": "event_27_02",
            "talks": [
                "一歌達は今度ライブをやるらしいから、\nお手伝いには、ちょうどいいタイミングかもしれないわね"
            ]
        },
        {
            "fileName": "event_36_06",
            "talks": [
                "ええ、成長した一歌の歌、楽しみだわ"
            ]
        },
        {
            "fileName": "021013_miku02",
            "talks": [
                "『一歌達も、なんとなく気づき始めてるわね』"
            ]
        },
        {
            "fileName": "021015_miku01",
            "talks": [
                "ふふ、いいのよ。\n一歌達がいなくて、ミクも寂しそうだったし"
            ]
        },
        {
            "fileName": "022009_rin01",
            "talks": [
                "そうね。特に最近の一歌達の演奏は、\nすごく気持ちがこもっているから"
            ]
        },
        {
            "fileName": "024003_luka01",
            "talks": [
                "ええ、少しね。\nあの子……一歌のこと、考えてたの",
                "ええ、一歌達は、\n穂波の本当の想いを知らないわ"
            ]
        },
        {
            "fileName": "024005_luka01",
            "talks": [
                "ふふ。一歌たちには内緒で？"
            ]
        },
        {
            "fileName": "024005_luka02",
            "talks": [
                "ええ。それに一歌達も……",
                "だからこそ、一歌達と過ごすはずだった時間を\n取り戻したくて焦って……"
            ]
        },
        {
            "fileName": "025007_meiko02",
            "talks": [
                "ふふ。それ、一歌達のこと？",
                "ええ。今まさに一歌達は、相手が何をしたいのかを\n知ろうとして、その音に耳を傾けているわ"
            ]
        },
        {
            "fileName": "025009_meiko02",
            "talks": [
                "そうね。\n本当に、一歌達は自慢の後輩だわ"
            ]
        },
        {
            "fileName": "026011_kaito01",
            "talks": [
                "そうだけど……。きっと一歌ね"
            ]
        },
        {
            "fileName": "areatalk02_309",
            "talks": [
                "いい調子ね、一歌。\nリズムに乗って、演奏を楽しめる余裕も出てきてるわ"
            ]
        },
        {
            "fileName": "areatalk02_342",
            "talks": [
                "ねえ、一歌。たしか、お花に詳しいのよね"
            ]
        },
        {
            "fileName": "areatalk03_010",
            "talks": [
                "一歌の演奏、見るたびに良くなってるわ"
            ]
        },
        {
            "fileName": "areatalk03_011",
            "talks": [
                "一歌と咲希は、何がきっかけでミクや私を知ったの？"
            ]
        },
        {
            "fileName": "areatalk03_028",
            "talks": [
                "そういえば今日は、\n志歩と一歌がバイトでいないんだったわね。\nすぐ準備するわ"
            ]
        },
        {
            "fileName": "areatalk03_042",
            "talks": [
                "ふふ。それで今は一歌が穂波にギターを教えてるのね"
            ]
        },
        {
            "fileName": "areatalk03_057",
            "talks": [
                "あら、志歩と一歌？　改まってどうしたの？"
            ]
        },
        {
            "fileName": "areatalk_ev_band_02_014",
            "talks": [
                "ふふ。一歌達の思い出の星空よ。\n流星がとってもきれいなの"
            ]
        },
        {
            "fileName": "areatalk_ev_shuffle_06_009",
            "talks": [
                "咲希が入院していた頃は、\n一歌がよくお見舞いの花を届けてたみたいだから"
            ]
        }
    ]
}