{
    "mainStory": 0,
    "eventStory": 0,
    "cardStory": 3,
    "areaTalk": 1,
    "talkPacks": [
        {
            "fileName": "006011_haruka02",
            "talks": [
                "あの……じゃあ、教えてほしいんだけど、\nあいり先輩って、今日学校来てる？",
                "あの、じゃあ……お願いしてもいいかな！\nどうしても、あいり先輩に伝えたいことがあって！",
                "あと、その時は全然伝えられなかったんですけど！\nアタシ、あいり先輩がテレビでがんばってる姿を見て、\n本当に、すっごくすっごく励まされて……！！"
            ]
        },
        {
            "fileName": "areatalk02_029",
            "talks": [
                "あっ、ありがとうございます。\n……って、あいり先輩！？"
            ]
        }
    ]
}