{
    "mainStory": 4,
    "eventStory": 25,
    "cardStory": 31,
    "areaTalk": 22,
    "talkPacks": [
        {
            "fileName": "street_01_04",
            "talks": [
                "あ、お客さんだ。ごめん、ちょっと待っててね。\nいらっしゃ……あ、彰人と冬弥か！　"
            ]
        },
        {
            "fileName": "street_01_13",
            "talks": [
                "はーいはい。……あ、そうだ。\nあんた達も悪くなかったんじゃない？　彰人、冬弥♪"
            ]
        },
        {
            "fileName": "street_01_14",
            "talks": [
                "彰人……冬弥！？"
            ]
        },
        {
            "fileName": "street_01_15",
            "talks": [
                "冬弥、ちょっといい？"
            ]
        },
        {
            "fileName": "event_06_01",
            "talks": [
                "うん！　お願いね、冬弥"
            ]
        },
        {
            "fileName": "event_07_08",
            "talks": [
                "っていうか、冬弥と彰人って、瑞希と知りあいだったんだね！\n全然知らなかった"
            ]
        },
        {
            "fileName": "event_12_03",
            "talks": [
                "ん？　冬弥、大丈夫？\nなんだか元気なさそうだけど……"
            ]
        },
        {
            "fileName": "event_12_04",
            "talks": [
                "冬弥、もしかして疲れてる？\nちょっと休憩しよっか？",
                "——ねえ冬弥！　\n今日いつもと違うけど、何かあった？",
                "たしか冬弥のお父さんって、すごい音楽家なんだよね"
            ]
        },
        {
            "fileName": "event_12_07",
            "talks": [
                "そ。きっと冬弥の歌が、私達のこと\n支えてくれてるからだと思うんだよね"
            ]
        },
        {
            "fileName": "event_12_08",
            "talks": [
                "ふふ、今日の冬弥すごかったよ。\n一緒に歌っててすっごく興奮したもん！",
                "とか言って、一番テンション上がってたくせに～。\n歌い終わったあと、冬弥の頭ワシャワシャーってしてたでしょ？"
            ]
        },
        {
            "fileName": "event_21_06",
            "talks": [
                "あ、冬弥……！\n私達も行こう、こはね！"
            ]
        },
        {
            "fileName": "event_24_07",
            "talks": [
                "え？　冬弥と、神代先輩！？\nどういう組みあわせ？",
                "あ、もしかしてあれって……、\n新婦が好きなことができる人達を集めたってこと？\nじゃあ、冬弥は……",
                "さっすが冬弥！"
            ]
        },
        {
            "fileName": "event_24_08",
            "talks": [
                "ねえ冬弥、神代先輩に、RAD WEEKENDの話したの？",
                "お、なんか冬弥が燃えてる！"
            ]
        },
        {
            "fileName": "event_28_03",
            "talks": [
                "うん、お疲れ！\nそういえば冬弥も、このあと何かやることあるんだっけ？"
            ]
        },
        {
            "fileName": "event_28_04",
            "talks": [
                "でもそれだけじゃなくって——、\n彰人も冬弥も、ビビッドストリートのみんなも、\nこはねのことすごいってわかってる"
            ]
        },
        {
            "fileName": "event_28_05",
            "talks": [
                "あー冬弥！　そういうのいいから！\n特訓っていうのはこれからすごい練習するぞ！って\n気分を上げてくのが大事なんだし！"
            ]
        },
        {
            "fileName": "event_28_06",
            "talks": [
                "本番前に、外で綺麗な空気吸いたいなーって思ってさ\n彰人、冬弥、私達ちょっと抜けていい？　すぐ戻るから"
            ]
        },
        {
            "fileName": "event_36_05",
            "talks": [
                "冬弥はベースがすごく安定してるけど、\n４人で合わせた時はもうちょっと声張ったほうがいいかもね"
            ]
        },
        {
            "fileName": "event_36_08",
            "talks": [
                "私もだけど、彰人と冬弥も見てるからさ。\nいつもどおりに歌えば大丈夫！"
            ]
        },
        {
            "fileName": "event_37_01",
            "talks": [
                "彰人と冬弥も今日は遅れてくるって言ってたし、\nこはねがヒマしてないといいけど……",
                "ん？\n冬弥と彰人もちょうど来たみたいだよ。ほらあっち"
            ]
        },
        {
            "fileName": "event_37_03",
            "talks": [
                "彰人はRAD WEEKEND見てたから\nおじさんのこと知ってると思うけど、\nこはねと冬弥は初めてだしね"
            ]
        },
        {
            "fileName": "event_37_07",
            "talks": [
                "（最初はこはねに度胸つけてもらうために路上でやってたけど、\n彰人や冬弥と組んでからは公園でやるようになったしね）"
            ]
        },
        {
            "fileName": "009002_kohane02",
            "talks": [
                "いらっしゃーい……って、なんだ彰人と冬弥か"
            ]
        },
        {
            "fileName": "009006_kohane02",
            "talks": [
                "それにしても、よかったよねー。\n冬弥も吹っ切れたし、\nこはねも今までどおり一緒に歌えることになって"
            ]
        },
        {
            "fileName": "009008_kohane02",
            "talks": [
                "ちょ、ちょっと、冬弥！\nあんたが変なこと言うからこはねが……！"
            ]
        },
        {
            "fileName": "009009_kohane02",
            "talks": [
                "そ、そうそう！　それ！\n冬弥、ナイス！"
            ]
        },
        {
            "fileName": "009010_kohane02",
            "talks": [
                "あ、そうそう！　カレーといえばさ、\n送ってくれた写真、彰人と冬弥にも見せたんだ",
                "こはねは元気に臨海学校を楽しんでるよって！\nそしたら冬弥は、楽しそうでよかったって言ってた",
                "あ、でも彰人と冬弥は古い知りあいに頼まれたとかで、\n夏祭りのイベントにふたりで出てたよ"
            ]
        },
        {
            "fileName": "010003_an02",
            "talks": [
                "（こはね、楽しそう。\n彰人も冬弥もまんざらでもなさそうだし……）"
            ]
        },
        {
            "fileName": "010006_an01",
            "talks": [
                "（こはねと冬弥、大丈夫かな。\nちゃんとお父さんと話できてるといいけど）",
                "（こはねのほうはそこまで深刻そうじゃないけど、\n冬弥のほうはなぁ……）"
            ]
        },
        {
            "fileName": "010008_an01",
            "talks": [
                "本番楽しみだよねー。\n冬弥は新婦さんにプロポーズする役なんでしょ？"
            ]
        },
        {
            "fileName": "010008_an02",
            "talks": [
                "ねえどう、冬弥？\nこの笑顔のために、冬弥も神代先輩も頑張ったんでしょ"
            ]
        },
        {
            "fileName": "010009_an01",
            "talks": [
                "じゃあさ、私の代わりに\n彰人と冬弥がいいところ言ってあげてよ"
            ]
        },
        {
            "fileName": "010010_an01",
            "talks": [
                "（父さんと……彰人や冬弥だよね）"
            ]
        },
        {
            "fileName": "011010_akito02",
            "talks": [
                "その……彰人や冬弥もさ、\nこういうことってやっぱりあったんだよね",
                "あとさ、彰人と冬弥のほうが相棒歴長いし、\nまた相談することがあるかも"
            ]
        },
        {
            "fileName": "012005_touya01",
            "talks": [
                "はーい。\nていうか冬弥、ずいぶん早かったんだね",
                "でも、父さんのカフェで意気ごみとか話してる時、\n冬弥、笑ってるように見えたよ",
                "もう……そういうことなら、早く言ってよね、冬弥"
            ]
        },
        {
            "fileName": "012005_touya02",
            "talks": [
                "そっか。イベントが成功したら楽しいし、冬弥のその気持ちも、\nある意味ワクワクするって気持ちに繋がってるのかもね"
            ]
        },
        {
            "fileName": "012006_touya01",
            "talks": [
                "そ、それで冬弥のクラスは何するの？",
                "ふーん。冬弥もちゃんとクラスの模擬店に協力してるんだ"
            ]
        },
        {
            "fileName": "012009_touya01",
            "talks": [
                "コーヒーのトッピングについてだよ。\nこはね、冬弥に教えてやってよ",
                "もう、冬弥が謝ることじゃないじゃん。\n私達、仲間なんだしさ！"
            ]
        },
        {
            "fileName": "012009_touya02",
            "talks": [
                "さーてと、私はちょっと休憩しよっかな。\nこはねと冬弥も、ちょっと休んでかない？",
                "あれ？　冬弥はともかく、\n洸太郎もそんな前から彰人達と知りあいだったの？"
            ]
        },
        {
            "fileName": "012012_touya02",
            "talks": [
                "冬弥、どうかしたの？",
                "けど、冬弥は気づいたんでしょ？\nさすが相棒！　私も見習わないと",
                "冬弥、ありがとね"
            ]
        },
        {
            "fileName": "021017_miku02",
            "talks": [
                "……やっぱ、彰人や冬弥も\nこういうこと乗り越えてきてるのかな？"
            ]
        },
        {
            "fileName": "026008_kaito02",
            "talks": [
                "冬弥がいいなら、私達は別に大丈夫ですよ"
            ]
        },
        {
            "fileName": "areatalk02_075",
            "talks": [
                "そう？　彰人だって冬弥との話ばっかするじゃん"
            ]
        },
        {
            "fileName": "areatalk02_076",
            "talks": [
                "あっ、冬弥じゃん！　この間、教えてもらった穴場のカフェ、\nあそこ、こはねと行ってきたよ"
            ]
        },
        {
            "fileName": "areatalk02_077",
            "talks": [
                "ねえ、冬弥もこれちょっと聴いてみない？\nクラシックやってた人的にどう思うのか聞きたい"
            ]
        },
        {
            "fileName": "areatalk02_222",
            "talks": [
                "冬弥って、いつ勉強とかしてるの？　\n放課後はうちのカフェ来てるし、休みの日は彰人といるでしょ？"
            ]
        },
        {
            "fileName": "areatalk02_233",
            "talks": [
                "冬弥って、どういう時に声を出して笑うの？",
                "ふーん……冬弥の爆笑してる顔とか、\nちょっと見てみたいんだけどなぁ？"
            ]
        },
        {
            "fileName": "areatalk03_121",
            "talks": [
                "そうだね。彰人と冬弥は絶対セット。\n単品でいることはまずないかな"
            ]
        },
        {
            "fileName": "areatalk03_126",
            "talks": [
                "そうそう！　\nそういえば冬弥もこの間、話してなかった？"
            ]
        },
        {
            "fileName": "areatalk03_136",
            "talks": [
                "あとは、冬弥だけだけど。\nどこで待ってるって？"
            ]
        },
        {
            "fileName": "areatalk03_138",
            "talks": [
                "ねえ、冬弥。なんかオススメある？\nできれば、私でも気軽に読めるやつ"
            ]
        },
        {
            "fileName": "areatalk03_140",
            "talks": [
                "ふーん。じゃあ冬弥、こはねのことよろしく。\n一応、遅れることはメッセージで伝えておくけど……"
            ]
        },
        {
            "fileName": "areatalk03_141",
            "talks": [
                "あ、冬弥それ買うの？　じゃあ、\n私はこのアーティストさんの他のCD買ってみようかな"
            ]
        },
        {
            "fileName": "areatalk03_143",
            "talks": [
                "それが謙遜か本気かは描いてみせてもらうとして……。\n冬弥も、もちろんやるでしょ！"
            ]
        },
        {
            "fileName": "areatalk_ev_shuffle_12_007",
            "talks": [
                "そう！　たとえば、私と彰人か冬弥が組んで、\nこはねともどっちかが組んで練習する、みたいな感じ！"
            ]
        },
        {
            "fileName": "areatalk_ev_street_05_003",
            "talks": [
                "メイコさんがいれてくれるコーヒーのほうが\nフルーティーな感じするんだけど……。\n冬弥からすると、どういうところが違うように感じるの？",
                "ありがとう、冬弥！\nコーヒーのこと、まだ全然わかってなくてさ。\nすっごく助かる！"
            ]
        },
        {
            "fileName": "areatalk_ev_street_05_004",
            "talks": [
                "あ、彰人と冬弥じゃん！　ちょうどよかった！\nもし時間あったら、ショッピングモール一緒に行かない？"
            ]
        },
        {
            "fileName": "areatalk_monthly2108_001",
            "talks": [
                "ああ、私達が練習で使ってる公園が近くにあるからね。\nそれに、うちの父さんの店がある通りも近いから、\nこの辺で彰人や冬弥とばったりなんてこと、結構あるよ",
                "多分ね！　それに冬弥はそこのゲーセンが好きで、\n暇つぶしにふらっと行くみたいだし、\n一番会う確率高いんじゃない？"
            ]
        },
        {
            "fileName": "areatalk_monthly2108_002",
            "talks": [
                "そう！　最近、こはねや冬弥を心配させちゃってたからさ。\n大丈夫だよってところを見せたいんだけど……"
            ]
        },
        {
            "fileName": "areatalk_monthly2108_003",
            "talks": [
                "ねえ、冬弥って今身長いくつなんだっけ？",
                "はぁ、やっぱ身長高いっていいなぁ。\n冬弥を見てる感じ、損することなんてなさそうだし"
            ]
        }
    ]
}