{
    "mainStory": 0,
    "eventStory": 1,
    "cardStory": 10,
    "areaTalk": 5,
    "talkPacks": [
        {
            "fileName": "event_34_02",
            "talks": [
                "ふふ、カイトはシャイなのよね"
            ]
        },
        {
            "fileName": "024008_luka01",
            "talks": [
                "……んん……あらー。\nカイトくんもめーちゃんもリンもいるの？"
            ]
        },
        {
            "fileName": "024012_luka01",
            "talks": [
                "『ええ、実はカイトくんや\nめーちゃんと一緒に、こっそりね』"
            ]
        },
        {
            "fileName": "026010_kaito02",
            "talks": [
                "ふふっ、わたしは昨日も見てきたけど、\nと～ってもすてきなショーだったわよ。\nだから、カイトくんも一緒に見に行きましょう？",
                "ふふっ、さあ、行きましょう？\nカイトくん？",
                "『そうね～。\nカイトくん、ちょっと場所あけておいてね～』",
                "『う～ん。横に３人並ぶと、\n真ん中のカイトくんがちょっと大変そうね』",
                "『あら……めーちゃん、カイトくん、ごめんね～』",
                "『ええ。カイトくんにあの子達のショーを\n見せてあげたいって、\nあちこちみんなに相談して回っていたのよ』"
            ]
        },
        {
            "fileName": "026011_kaito01",
            "talks": [
                "ギターの練習中にごめんね、カイト",
                "どう、カイト？"
            ]
        },
        {
            "fileName": "areatalk_ev_band_05_008",
            "talks": [
                "あら、カイト。何か探し物？"
            ]
        },
        {
            "fileName": "areatalk_ev_shuffle_05_012",
            "talks": [
                "もちろんよぉ。\nカイトくんにはいつも起こしてもらってるんだもの。\n困ってる時はお互いさまよ〜"
            ]
        },
        {
            "fileName": "areatalk_ev_wonder_03_006",
            "talks": [
                "あらぁ。めーちゃん、カイトくんに\nそーんなに大変なお願いをしたことがあるの？"
            ]
        },
        {
            "fileName": "areatalk_ev_wonder_05_006",
            "talks": [
                "ふふ。それじゃあカイトくん、\nな～んにもしないでいられるように、一緒にお昼寝しましょ？"
            ]
        },
        {
            "fileName": "areatalk_ev_wonder_06_007",
            "talks": [
                "ふぁ……ねえ、カイトくん？\nあの雲の上には、行けるのかしら？"
            ]
        }
    ]
}