{
    "mainStory": 23,
    "eventStory": 7,
    "cardStory": 36,
    "areaTalk": 4,
    "talkPacks": [
        {
            "fileName": "street_01_06",
            "talks": [
                "あら。レン、またリンとケンカしたの？",
                "もう、レンってば。無茶言わないの"
            ]
        },
        {
            "fileName": "street_01_20",
            "talks": [
                "どうしたのレン。いいことでもあったの？"
            ]
        },
        {
            "fileName": "vsstreet_01_01",
            "talks": [
                "あら、いらっしゃい、レン。\n今日も元気そうね",
                "はい、レンはとりあえずオレンジジュースね。\nこっちの方が新作メニューには合うだろうし……",
                "ふふ、レンったら強がっちゃって",
                "じゃあ今度、私からレンも連れて行ってって\nミクにお願いしてみるわ",
                "レンはがっかりしてるかもしれないけど、コーヒーゼリーの\n味見をしてもらえるから、私は嬉しいわ"
            ]
        },
        {
            "fileName": "vsstreet_01_02",
            "talks": [
                "ふふ、よっぽど楽しみにしてるのね、レン",
                "会えないってレンが？\nどうしてそう思うの？",
                "あら、そうだったの。気づかなくてごめんね、レン",
                "もう……。\n無理して飲むことないのよ、レン",
                "ええ、レンらしくて素敵な考えね"
            ]
        },
        {
            "fileName": "vsstreet_01_03",
            "talks": [
                "リン、ずっと元気がないようだけど……。\nもしかして、レンとまだケンカしてるの？",
                "そうだったのね。\nレンとのケンカの原因はなんだったの？",
                "なるほど……。リンはレンに謝りたいけど\n謝るタイミングを見失っちゃったのね",
                "それはきっと、レンも同じ気持ちだと思うわ",
                "ずっとレンと一緒にいるリンが仲直りしたいって思うんだから、\nレンだって、きっとそう思うはずだわ",
                "ええ。今みたいに、リンが思ってることを素直に話したら、\nきっとレンと仲直りできるわ",
                "そう。ふたりでここに来た時\nレンといつも一緒に頼んでたでしょ？",
                "ふふ、すぐ戻ってくるわ。レンと一緒にね"
            ]
        },
        {
            "fileName": "vsstreet_01_04",
            "talks": [
                "リンとレンが入ってきて、彰人くんも杏ちゃんも\n拍子抜けしちゃったのね",
                "もしかして、リンとレンがこの時間に来るってわかってたの？"
            ]
        },
        {
            "fileName": "event_06_08",
            "talks": [
                "ねえ、みんな。もしよかったら\nリンとレンも練習に混ぜてあげてくれないかしら？"
            ]
        },
        {
            "fileName": "event_08_07",
            "talks": [
                "もう、レンったら気をつけなきゃ。\n私が支えなかったらケガしてたわよ？"
            ]
        },
        {
            "fileName": "event_09_07",
            "talks": [
                "ふふ、それがレンとリンのいいところよね"
            ]
        },
        {
            "fileName": "event_09_09",
            "talks": [
                "うまくいったわ！\nレン、逃げられないようにネットの端押さえて！"
            ]
        },
        {
            "fileName": "event_12_08",
            "talks": [
                "はいはい、リンはココアね。\nレンは？"
            ]
        },
        {
            "fileName": "event_21_01",
            "talks": [
                "ええ。盛り上げるのが上手だし、\nあれで結構うまいのよ。\n最近はレンのお師匠さんみたいになってるの"
            ]
        },
        {
            "fileName": "event_28_04",
            "talks": [
                "ええ。ミクはフラっと外に行って、\nレンとリンはカイトと遊びに行ってるのよ。\nそういうわけでいつもより静かだから、のんびりしていってね"
            ]
        },
        {
            "fileName": "009003_kohane01",
            "talks": [
                "ミクとレンの分も、すぐに用意するわね"
            ]
        },
        {
            "fileName": "011009_akito02",
            "talks": [
                "こんにちは。レン達につきあってくれてありがとうね。\nはいこれ、差し入れのドリンク",
                "ちょっとレン、大丈夫？"
            ]
        },
        {
            "fileName": "012005_touya01",
            "talks": [
                "レンとリンなんて、\n遅れたり約束をうっかり忘れたりして、そのあとが大変なのよ"
            ]
        },
        {
            "fileName": "012007_touya01",
            "talks": [
                "はい。リンとレンにはフルーツゼリー！\nちょうど３人分しかなかったから、早い者勝ちだったのよね"
            ]
        },
        {
            "fileName": "021012_miku02",
            "talks": [
                "そうね。逆にレンのほうは、\n『せっかく男同士で話せると思ったのに\n全然セカイに来てくれない！』とか言って、すねてたわね",
                "あら。レンだって頑張ってたわよ"
            ]
        },
        {
            "fileName": "022004_rin01",
            "talks": [
                "今日はまだ来てないわね。\nレンと待ち合わせ？",
                "リンの顔を見てたらすぐにわかるわよ。\nケンカして会えなかったあいだ、\nレンがどうしてたのか知りたいんでしょ？",
                "そうね。レンってば、お店に来てはくだ巻いて――",
                "あら。噂をすれば、ね。\nいらっしゃい、レン",
                "だそうよ。残念だったわね、レン",
                "ほら、ずっと立ってないで、\nレンもリンの隣に座って。何飲む？",
                "ふふっ。\nこれでもうすっかり、いつものリンとレンね"
            ]
        },
        {
            "fileName": "023003_len01",
            "talks": [
                "あら、レン。\nちょうどさっきまで来てたんだけど——",
                "実はさっき、リンがお店に来た時、\nレンと仲直りしたいって話してたのよ",
                "……大丈夫そうね。\nファイト、レン",
                "レンとリンが仲直りした記念日だもの"
            ]
        },
        {
            "fileName": "023003_len02",
            "talks": [
                "みんな、レンが来るのを待ってたのよ"
            ]
        },
        {
            "fileName": "023006_len01",
            "talks": [
                "レン、リン。片づけ終わった？"
            ]
        },
        {
            "fileName": "023006_len02",
            "talks": [
                "ええ。レン、リン、あのカップにヒビが入ったのは\nふたりのせいじゃないわよ"
            ]
        },
        {
            "fileName": "023010_len02",
            "talks": [
                "さすがレンね。\n盛り上げかた、わかってる～",
                "レンが上手にその気にさせてくれたからね！"
            ]
        },
        {
            "fileName": "023011_len01",
            "talks": [
                "……レン、クリームソーダこぼれるわよ",
                "あら。それがわかってるなら、\nあとはレンがどうするかを決めればいいだけじゃない"
            ]
        },
        {
            "fileName": "025002_meiko01",
            "talks": [
                "いらっしゃい、彰人くん、冬弥くん。\nレンはまだ来てないわね",
                "なんだかリンとレンを見てるみたいって思ってね",
                "だってリンもレンも、\nびっくりするくらい酷いケンカをしたって、\nいつもお互いのことを大事に思ってるもの",
                "まあ、ケンカのたびに『リンが無茶苦茶言うんだ』とか、\n『レンが酷いんだよ』とか、話を聞いて落ち着かせるのは\n大変だけど……"
            ]
        },
        {
            "fileName": "025006_meiko01",
            "talks": [
                "ミク、レン、こんにちは！\nあ、はじめましてのほうがいいのかしら？",
                "でも、結構やるのが大変そうなのよね。\nだから、レンやぬいぐるみ達の意見も聞きたいわ"
            ]
        },
        {
            "fileName": "025011_meiko02",
            "talks": [
                "そうね。レンと大ゲンカしてたっていうのもあるけど……",
                "ええ。でも、レンと仲直りして、\nみんなともたくさん話したり、歌ったりしていくうちに\n自然とここにいつくようになったわ",
                "それを見て、ミクもリンもレンも刺激を受けて、\n負けないようにって毎日練習を頑張っているのよ"
            ]
        },
        {
            "fileName": "026008_kaito01",
            "talks": [
                "そうね。リンやレンともよく遊んでくれてるみたい"
            ]
        },
        {
            "fileName": "026010_kaito02",
            "talks": [
                "『ミクとリンとレンが、えむちゃんのスマホで一緒に\n遊んだって言ってたから、大丈夫よ♪』"
            ]
        },
        {
            "fileName": "areatalk02_334",
            "talks": [
                "あ、レン！　いいところに。\nこれ、カフェのデザートの試作品なんだけど……"
            ]
        },
        {
            "fileName": "areatalk02_372",
            "talks": [
                "あのふたり、結構来てくれてるわよ。\nたまたまレンがその時にいないだけで"
            ]
        },
        {
            "fileName": "areatalk03_161",
            "talks": [
                "レン、仲良しだけが\n姉弟の在り方っていうわけじゃないのよ"
            ]
        },
        {
            "fileName": "areatalk_ev_wonder_02_002",
            "talks": [
                "ミクやカイト達だけじゃなくて、レンやリンもいるのね！"
            ]
        }
    ]
}