{
    "mainStory": 0,
    "eventStory": 1,
    "cardStory": 4,
    "areaTalk": 1,
    "talkPacks": [
        {
            "fileName": "event_34_06",
            "talks": [
                "恥ずかしいとも、つまらないとも思う必要ない。\n……これは、大事な一歌の想いだ"
            ]
        },
        {
            "fileName": "001011_ichika01",
            "talks": [
                "恥ずかしいとも、つまらないとも思う必要ない。\n……これは、大事な一歌の想いだ"
            ]
        },
        {
            "fileName": "026011_kaito02",
            "talks": [
                "……あ、一歌。\nいつもより早いね",
                "恥ずかしいとも、つまらないとも思う必要ない。\n……これは、大事な一歌の想いだ",
                "一歌もちゃんと、\n一歌の言葉で想いをこめることができてた"
            ]
        },
        {
            "fileName": "areatalk_ev_band_05_005",
            "talks": [
                "……ここの視聴覚室、\n一歌達が持ってきた映画が置いてあるらしいけど……"
            ]
        }
    ]
}