{
    "mainStory": 0,
    "eventStory": 0,
    "cardStory": 2,
    "areaTalk": 1,
    "talkPacks": [
        {
            "fileName": "024012_luka01",
            "talks": [
                "『ええ、おはよ～、寧々ちゃん、類くん。\n海で遊ぶんですって？　誘ってくれてありがと～』"
            ]
        },
        {
            "fileName": "024012_luka02",
            "talks": [
                "『寧々ちゃんも類くんも、がんばって～』"
            ]
        },
        {
            "fileName": "areatalk_ev_shuffle_05_009",
            "talks": [
                "うふふっ。類くんは司くんとは違う反応をするのねぇ"
            ]
        }
    ]
}