{
    "mainStory": 1,
    "eventStory": 5,
    "cardStory": 9,
    "areaTalk": 0,
    "talkPacks": [
        {
            "fileName": "vsstreet_01_04",
            "talks": [
                "彰人と冬弥も来たんだね。\n今日はもう少し開けてるつもりだったから、安心して"
            ]
        },
        {
            "fileName": "event_09_07",
            "talks": [
                "決まりだね。\nレン、リン！　彰人と冬弥が対戦したいって！"
            ]
        },
        {
            "fileName": "event_12_05",
            "talks": [
                "冬弥のこと……？",
                "だけど——そっか。\n冬弥のお父さんはそういう考えかたなんだね。\n…………",
                "今の冬弥、かっこよかったよ。\n本気だって伝わってきた"
            ]
        },
        {
            "fileName": "event_21_06",
            "talks": [
                "……気にしてるのは、冬弥だけじゃないかもしれないけどね"
            ]
        },
        {
            "fileName": "011007_akito01",
            "talks": [
                "ひとり？　冬弥達は一緒じゃないの？"
            ]
        },
        {
            "fileName": "011008_akito02",
            "talks": [
                "そういえば、彰人ってパンケーキが好きだったね。\n冬弥はどうするの？",
                "じゃあ、冬弥は？\nコーヒーが好きなのって、なんで？"
            ]
        },
        {
            "fileName": "021012_miku01",
            "talks": [
                "それで、彰人と冬弥は？\n今年の抱負、聞かせてよ"
            ]
        },
        {
            "fileName": "021017_miku02",
            "talks": [
                "それこそ、彰人と冬弥が想いをぶつけあったみたいに、\n言うべきことは言わないといけない",
                "彰人と冬弥、杏とこはね。\n４人は、みんな別々の人間なんだから"
            ]
        },
        {
            "fileName": "023006_len02",
            "talks": [
                "そ、対戦形式のイベント。\nこはねのお父さんと……冬弥のお父さんも\nもしかしたら見に来るかもっていう話をしてたよ"
            ]
        },
        {
            "fileName": "026008_kaito01",
            "talks": [
                "あの子達、４人揃ってよくこっちにも顔を出してくれるから、\n冬弥にもすぐに会えると思うよ"
            ]
        },
        {
            "fileName": "026008_kaito02",
            "talks": [
                "うん。すっごくこだわりがあるみたいで、\n冬弥とコーヒーについて話がしたいって前から言ってたんだ"
            ]
        }
    ]
}