{
    "mainStory": 0,
    "eventStory": 0,
    "cardStory": 2,
    "areaTalk": 0,
    "talkPacks": [
        {
            "fileName": "013012_tsukasa01",
            "talks": [
                "高原にトレーニングに行った時でしょ。\n桃井愛莉と日野森雫っていうアイドルがいるグループで……"
            ]
        },
        {
            "fileName": "016009_rui01",
            "talks": [
                "たしか、桃井愛莉と、\n日野森雫っていうアイドルじゃない？"
            ]
        }
    ]
}