{
    "mainStory": 5,
    "eventStory": 14,
    "cardStory": 94,
    "areaTalk": 10,
    "talkPacks": [
        {
            "fileName": "street_01_06",
            "talks": [
                "ミク、メイコ、聞いてくれよ！\nまたリンのヤツがさー",
                "だってリンが……って、人が来てる！\nたしか、こはねと杏だよね。やっと来てくれたんだ！"
            ]
        },
        {
            "fileName": "street_01_10",
            "talks": [
                "だ、だって悪いのはリンだし……。\nリンが謝ってこないのに、オレから謝るなんて……"
            ]
        },
        {
            "fileName": "vsstreet_01_02",
            "talks": [
                "もちろん！　この間までのは、えっと……\nリンに付き合ってカフェオレを飲んでただけだからさ"
            ]
        },
        {
            "fileName": "vsstreet_01_04",
            "talks": [
                "ちょうどリンと、彰人達と歌いたいって話してたんだよ！"
            ]
        },
        {
            "fileName": "event_09_06",
            "talks": [
                "リン、絶対勝とうな！",
                "繋がった！\nナイス、リン！",
                "（リンが繋げてくれたんだ。\nオレも絶対に打ち返してみせる！）",
                "よーし、どんどんこーい！\n今のオレとリンは無敵だよ！"
            ]
        },
        {
            "fileName": "event_09_07",
            "talks": [
                "おう！　やっぱりリンは最高の相棒だな！"
            ]
        },
        {
            "fileName": "event_12_08",
            "talks": [
                "座ってって、リンの店じゃないだろー？"
            ]
        },
        {
            "fileName": "event_13_03",
            "talks": [
                "あっ、リン！　今日はステージにいるんだ！",
                "へえ、おもしろそうだね！\nボクもリンみたいに、いろんな場所に行って\nみんなを笑顔にしたいな～"
            ]
        },
        {
            "fileName": "event_31_02",
            "talks": [
                "僕とリンで、客席に手を振りながら走って、センターで合流。\nそこでポーズするんだ",
                "みのりちゃん……？\nじゃあ、キミ達がこのセカイの想いの持ち主なんだね。\n話はリン達から聞いてるよ",
                "ああ、ライブの内容を考えてたんだよ。\nリンと一緒にライブをやろうと思って"
            ]
        },
        {
            "fileName": "event_31_05",
            "talks": [
                "リンがコミカルなMCばっかりするから、\nもっと落ち着いた話をしたいって思ったんだ"
            ]
        },
        {
            "fileName": "event_31_06",
            "talks": [
                "……ふふっ。どういたしまして、リン"
            ]
        },
        {
            "fileName": "event_37_05",
            "talks": [
                "そうだよ！\nだって悔しいじゃん！　リンの相棒はオレなのに！"
            ]
        },
        {
            "fileName": "005011_minori02",
            "talks": [
                "リン、そっちもしっかりね！"
            ]
        },
        {
            "fileName": "012006_touya02",
            "talks": [
                "リン、ちゃんと冬弥の話聞いてた？\nまだ食べられるって決まったわけじゃないよ？"
            ]
        },
        {
            "fileName": "012007_touya01",
            "talks": [
                "寝ないよ！\nリンこそ、寝たら顔に落書きするからな！"
            ]
        },
        {
            "fileName": "022001_rin01",
            "talks": [
                "ようやくオレの出番だね！\nリン、ミクとちゃんと歌えた？"
            ]
        },
        {
            "fileName": "022001_rin02",
            "talks": [
                "ようやくオレの出番だね！\nリン、ミクとちゃんと歌えた？",
                "疲れてなんかないよ。\nリンこそ、オレにちゃーんとついて来てよね！"
            ]
        },
        {
            "fileName": "022004_rin01",
            "talks": [
                "で、リンとメイコはなんの話してたんだ？\nずいぶん楽しそうだったけど",
                "……オレの相棒はリンだけだよ",
                "リンこそ、相棒がオレでいいのかよ",
                "そうだ、リンがいない間にいろいろあったんだ。\nこはね達のこと、教えるよ！"
            ]
        },
        {
            "fileName": "022004_rin02",
            "talks": [
                "お！　さすがリン！\nちょうどオレもそう考えてたんだ",
                "リンは砂糖とミルクたっぷりだったよな？",
                "オレはリンに遠慮なく言いたいこと全部言っちゃうし、\nリンもそれを受け止めてくれるって思ってるからなぁ",
                "えっ、いいのか？\nありがとう、リン！",
                "じゃあ、オレはこっちのフルーツケーキ！\nリン、半分こしようぜ"
            ]
        },
        {
            "fileName": "022006_rin01",
            "talks": [
                "でしょー！　リンにも見せてあげたかったなぁ、\nクリスマスのショー！",
                "リンってば、セカイのあっちこっちに遊びに行っちゃってて、\n全然捕まらないしさー",
                "あはは！　リン、寧々ちゃんはね、\n人見知りで恥ずかしがり屋さんなんだ",
                "だから、まだあんまり話したことがないリンと話すの、\n緊張しちゃうんだよ",
                "もう、何言ってるんだよ。\nリンのことに決まってるじゃん！",
                "よかったね、リン"
            ]
        },
        {
            "fileName": "022008_rin01",
            "talks": [
                "あれ？　リン、聞いてる？",
                "よかった……。\nリンは大丈夫？　ケガしてない？",
                "うん！　でも、無理はしちゃダメだからね？\nリンも、いける？",
                "リン？　入り間違えちゃった？",
                "リン……？",
                "大丈夫！　みんなリンと同じ気持ちだよ！",
                "だから、リンばっかりがんばらなくていいんだよ？",
                "いいからいいから！　リンもほら！",
                "リン、一緒にやろ！\nせーのっ！",
                "そういえば……リン、いつもは楽しそうに\n笑って踊ってるけど、今日はすっごく真剣な顔してた"
            ]
        },
        {
            "fileName": "022012_rin01",
            "talks": [
                "『わぁ！　ここがリンが言ってた庭園？』"
            ]
        },
        {
            "fileName": "022012_rin02",
            "talks": [
                "……リン、大丈夫？",
                "ねえ、リン！　リンも見てみたら？",
                "うん！　がんばれ、リン！",
                "うん！　あ、リン、見て！"
            ]
        },
        {
            "fileName": "023001_len01",
            "talks": [
                "リン！　まだオレの出番だぞ？"
            ]
        },
        {
            "fileName": "023001_len02",
            "talks": [
                "リン！　まだオレの出番だぞ？",
                "リン、サビは一緒に歌うよ！",
                "……ふうっ！\n楽しかったな、リン"
            ]
        },
        {
            "fileName": "023002_len02",
            "talks": [
                "リンのこと？\nそれなら、とっくの昔に仲直りしたよ！",
                "ふたりで同時にプレイすることもあるし、リンが回してる間に\nオレが歌ったりもするよ",
                "ユニットとしてのオレ達の音を楽しんでもらうこともできるし、\nオレとリン、それぞれのソロの音だって楽しんでもらえる"
            ]
        },
        {
            "fileName": "023003_len01",
            "talks": [
                "うーん、リンと仲直りしようって思ったけど、\n今さらどうやって謝ったら……",
                "……メイコ！　リンいる？",
                "オレ……リンをもう一度探してくる！",
                "え？　リンが？",
                "うわっ！　あ、ごめ……えっ、リン！？",
                "……あ、あのさ……リン。\nちょっと話があるんだけど……",
                "リンのやつ、ちゃんとオレの話を聞いてわかってくれたし……。\nこんなことなら、もっと早く話せばよかったよ",
                "仲直りした勢いで、そのままそこの通りで歌ってきたんだ。\n久しぶりにリンと歌えて、楽しかったなぁ",
                "テイクアウトでお願いできる？\nミクとリンに持って行ってやりたいんだ",
                "うん！\nリンとミクも、きっと喜ぶよ！"
            ]
        },
        {
            "fileName": "023003_len02",
            "talks": [
                "えっと……\n実は、リンには内緒にしたいんだ",
                "だから、やるなら最高のイベントにしたいんだ。\nリンが知ったら驚いて、喜んでくれるようなやつ！"
            ]
        },
        {
            "fileName": "023005_len01",
            "talks": [
                "羽子板と羽根があれば十分！\nじゃあリン、パフェをかけて羽根つきで勝負だっ！",
                "（よーし……今度は右に……。\nと思わせておいて、左に打つってリンなら考えそうだな。\nそれなら、さらにフェイントで……！）",
                "やるじゃん、リン！\nでも今度こそ、これで最後だっ！　いっくぞー！！"
            ]
        },
        {
            "fileName": "023005_len02",
            "talks": [
                "ねえリン、オレ達のお正月には\n課題っていうやつ、なくてよかったね"
            ]
        },
        {
            "fileName": "023006_len01",
            "talks": [
                "あっ、さっそくお客さんだー！\n行くよ、リン！",
                "リン、アレ。アレを聞かないと",
                "ふぅー、テーブルの掃除終わり！\nリン、そっちはどう？",
                "じゃあ、オレもそっち手伝うよ。\nオレがしまうから、リンはカップとソーサーをオレに頂戴",
                "あ……。ねえ、リン。今メイコが見てる棚、\n昨日の……",
                "ねえ、リン。手伝い楽しかったよね"
            ]
        },
        {
            "fileName": "023006_len02",
            "talks": [
                "ねえ、リン。\nあの食器棚、前にあったカップがなくなってる",
                "……やっぱオレ、メイコに謝ってくる。\nリンはここで待ってて",
                "だから、リンは悪くないって！\nオレひとりで——",
                "あはは！\nもう、リンは本当にわからず屋だなぁ",
                "ほら、オレとリンで手伝った日があったでしょ？"
            ]
        },
        {
            "fileName": "023008_len01",
            "talks": [
                "あっ！　この感じ！\nねえ、リン！",
                "あ、そっか！\nリンは獅子舞ロボに会ってなかったっけ？",
                "そうだ、リンを紹介しなくっちゃ！",
                "あはは。よかったね、リン"
            ]
        },
        {
            "fileName": "023009_len02",
            "talks": [
                "えへへっ。実はリンとカイトに協力してもらって、\nちょっと振り付けも考えてきてあるんだ～",
                "まあね～。リンやカイトにも相談に乗ってもらったし、\n彰人達もいけるって言ってくれて、自信あったんだー！"
            ]
        },
        {
            "fileName": "023010_len01",
            "talks": [
                "ふふ。突然ライブへの招待状が届いたら、\nリン達、きっと驚くだろうなぁ",
                "そのためにも、活動再開の記念ライブは\nリン達に絶対見に来てほしいな",
                "（招待状のことはいったん置いておいて、\nリンを止めたほうがいいかも……）",
                "リン……",
                "リン、無事に踊れてよかった"
            ]
        },
        {
            "fileName": "023010_len02",
            "talks": [
                "リン、頑張っていいライブにしようね！"
            ]
        },
        {
            "fileName": "023011_len01",
            "talks": [
                "——いたいた！　リン、待ってよ！",
                "（……リンが、あんなこと言うから）",
                "オレが一番の相棒だってリンが思えるように、\n特訓する！"
            ]
        },
        {
            "fileName": "023011_len02",
            "talks": [
                "そういえば前、リンと一緒にパフェ食べたっけ……",
                "オレ、絶対今よりうまくなって、リンにしっかり伝えるんだ。\nオレが一番の相棒でしょって",
                "やったー！\nねえ、リンびっくりしてくれるかな！？",
                "えへへ。じゃあオレ、\nリンを探して歌を聴いてもらってくる！"
            ]
        },
        {
            "fileName": "024008_luka01",
            "talks": [
                "リンだっているよ！\nルカ、一緒に会いに行こうよ～！"
            ]
        },
        {
            "fileName": "024008_luka02",
            "talks": [
                "あははっ！　リン、こっちだよ～♪"
            ]
        },
        {
            "fileName": "026006_kaito02",
            "talks": [
                "それでさ、そのショーにリンも呼びたいんだけど、\n司くん達はこのセカイに、\nリンがいることって知ってるんだよね？",
                "ちなみにさ、リンを今度のショーに誘うついでに、\nカイトの劇団にも誘ってもいい？"
            ]
        },
        {
            "fileName": "026008_kaito02",
            "talks": [
                "気がするじゃないよ！\nリンと一緒にずーーーっと待ってたんだよ！？"
            ]
        },
        {
            "fileName": "areatalk02_300",
            "talks": [
                "んー、リンとケンカしてたオレが言うの恥ずかしいけど、\n相手をよく見る、かな"
            ]
        },
        {
            "fileName": "areatalk02_306",
            "talks": [
                "でも、２年も組んでるのに\nケンカがほとんどなかったなんてすごいや。\nオレなんてリンとケンカしてばっかりだよ？"
            ]
        },
        {
            "fileName": "areatalk02_332",
            "talks": [
                "大丈夫！　リンはDJやって盛り上げてくれるって！"
            ]
        },
        {
            "fileName": "areatalk03_131",
            "talks": [
                "さっきまで一緒だったよ。あとミクも。\nリンはミクにまだ付き合ってる。で、オレは休憩中"
            ]
        },
        {
            "fileName": "areatalk03_146",
            "talks": [
                "えー、それじゃあまるでオレだけが子供みたいじゃん？\nリンが悪い時だってあるもん"
            ]
        },
        {
            "fileName": "areatalk03_147",
            "talks": [
                "えー、ミクとリンだけ？　オレは？"
            ]
        },
        {
            "fileName": "areatalk03_161",
            "talks": [
                "ふーん。まっ、オレとリンも結構ケンカするしね"
            ]
        },
        {
            "fileName": "areatalk_add_01_004",
            "talks": [
                "ねえ、彰人。リンから聞いたよ～？\n彰人って、ブラックコーヒー飲めないんだって？"
            ]
        },
        {
            "fileName": "areatalk_ev_shuffle_03_036",
            "talks": [
                "もっちろん♪　そういうリンは？",
                "だったら、一緒に練習しようよ！\nボクとリン、ふたりで出てるシーン多いしさ！"
            ]
        }
    ]
}