{
    "mainStory": 0,
    "eventStory": 0,
    "cardStory": 3,
    "areaTalk": 0,
    "talkPacks": [
        {
            "fileName": "013006_tsukasa02",
            "talks": [
                "名前は……暁山だったか？",
                "（……ふ、ふふふっ。感じる。感じるぞ！\n彰人と暁山の、尊敬のまなざしを！）"
            ]
        },
        {
            "fileName": "013012_tsukasa01",
            "talks": [
                "ほう、暁山か！\nあいつ、なかなか顔が広いんだな"
            ]
        }
    ]
}