{
    "mainStory": 11,
    "eventStory": 9,
    "cardStory": 30,
    "areaTalk": 8,
    "talkPacks": [
        {
            "fileName": "leo_01_07",
            "talks": [
                "ミクちゃんだけじゃなくて、\nバーチャル・シンガーのルカさんもいたの？",
                "……あー、ダメだー！　難しい〜……。\nルカさん、全然できなくてごめんなさい……",
                "……ありがとう！　ルカさん！"
            ]
        },
        {
            "fileName": "leo_01_08",
            "talks": [
                "練習楽しかったね！\nまさかルカさんまでいるなんて思わなかったなぁ"
            ]
        },
        {
            "fileName": "leo_01_10",
            "talks": [
                "ミクちゃん！　ルカさん！　お邪魔します！\nアタシ達しほちゃんとバンドを組むために、\nこの曲マスターしたいんです！",
                "ルカさん、ここのメロディーなんだけど、\nどんな風に弾いたらいいと思う？"
            ]
        },
        {
            "fileName": "leo_01_13",
            "talks": [
                "うん！　ミクちゃんとルカさんが色々教えてくれたんだよ！"
            ]
        },
        {
            "fileName": "leo_01_16",
            "talks": [
                "アタシもしほちゃんにほめられたいっ！\nルカさん、今のところもう一度やってみるから\n見てもらっていい？"
            ]
        },
        {
            "fileName": "vsleo_01_03",
            "talks": [
                "……いっちゃんとルカさん、何話してるんだろ"
            ]
        },
        {
            "fileName": "vsleo_01_04",
            "talks": [
                "ミクちゃん！　ルカさん！\n練習しに来たよー！",
                "あ、そうだ！　聞いてミクちゃん、ルカさん！\n今ね、演奏するだけじゃなくて、\n自分でも曲を作ろうって思ってるんだ！"
            ]
        },
        {
            "fileName": "event_01_01",
            "talks": [
                "ミクちゃん、ルカさん！\n今日もよろしくお願いしま～すっ♪"
            ]
        },
        {
            "fileName": "event_01_06",
            "talks": [
                "わっ！\nル、ルカさん！",
                "ルカさんは、なんでもお見通しですね"
            ]
        },
        {
            "fileName": "event_10_01",
            "talks": [
                "どこかに行ってるんじゃない？\n前もいなかったことあったけど、\nその時は屋上でルカさんに会ったし",
                "おーい！　ミクちゃーん！　ルカさーん！"
            ]
        },
        {
            "fileName": "event_10_02",
            "talks": [
                "ミクちゃん、ルカさん！\nどこ行ってたの？"
            ]
        },
        {
            "fileName": "event_18_07",
            "talks": [
                "ミクちゃん！　ルカさん！　お邪魔します！\nアタシ達しほちゃんとバンドを組むために、\nこの曲マスターしたいんです！"
            ]
        },
        {
            "fileName": "event_27_02",
            "talks": [
                "ミクちゃん、ルカさんこんにちはーっ♪"
            ]
        },
        {
            "fileName": "event_33_04",
            "talks": [
                "や、やったー！\nルカさん、しほちゃんに褒めてもらえたよー！"
            ]
        },
        {
            "fileName": "001003_ichika01",
            "talks": [
                "そうそう！　おまけに、ミクちゃんとルカさんがいて、\nしかもバンドやってるし！"
            ]
        },
        {
            "fileName": "001005_ichika01",
            "talks": [
                "ミクちゃんとルカさんも、喜んでくれるかも！"
            ]
        },
        {
            "fileName": "001007_ichika02",
            "talks": [
                "えへへ。アタシ達もルカさん達と一緒に\nお花見できて嬉しいです！"
            ]
        },
        {
            "fileName": "003005_honami02",
            "talks": [
                "わ……ミクちゃんもルカさんも笑ってる。\nプラネタリウムごっこ、楽しんでくれたんだね"
            ]
        },
        {
            "fileName": "004005_shiho01",
            "talks": [
                "ミクちゃん、ルカさん、こんにちはー！\nあっ、しほちゃん？",
                "え～、絶対ナイショの話をルカさん達としてたでしょー！",
                "じゃあ、いいよ。ルカさんとミクちゃんに聞いちゃうから"
            ]
        },
        {
            "fileName": "021002_miku01",
            "talks": [
                "ミクちゃんとルカさんと一緒に！？　\nアタシ達そんなに上達してないのに……いいんですか？",
                "……あ、そういえば、普段はルカさんが\nミクちゃんに教えることが多いんだっけ？",
                "ミク先輩、ルカ先輩！\n今日のセッション、よろしくお願いします！",
                "ルカさんは……んー……あっ、ルカお姉さま！",
                "うーん。やっぱり、\nミクちゃん、ルカさん、かなぁ"
            ]
        },
        {
            "fileName": "021013_miku02",
            "talks": [
                "えへへ。アタシ達もルカさん達と一緒に\nお花見できて嬉しいです！"
            ]
        },
        {
            "fileName": "024001_luka01",
            "talks": [
                "それで日替わりで６人それぞれのステージが見られて……\n今日はルカさんのライブが見られるみたいなの！",
                "はぁ……ルカさんってステキだよね",
                "こういう明るくて楽しい歌もあるんだね！\nなんか、ルカさんの新しい一面を見たって感じ！",
                "やったー！\nルカさんの歌う曲にチャレンジしちゃおっと"
            ]
        },
        {
            "fileName": "024001_luka02",
            "talks": [
                "あ、ルカさんって、英語の発音もすごいもんね！"
            ]
        },
        {
            "fileName": "024002_luka01",
            "talks": [
                "ほら、前にミクちゃんがルカさんのこと\n『先輩みたいな人』って言ってたでしょ？",
                "そうなんです！\n話し方もルカさんみたいに大人っぽくて、すっごくステキなの！",
                "だからかな、ルカさんがミクちゃんと話してると、\n部活してるみたいな気分になるし",
                "やっぱりルカさんや部長みたいな人って\nステキな先輩だな～って思うの！",
                "はいっ！\nそのときはルカさんみたいな、ステキな先輩になります！"
            ]
        },
        {
            "fileName": "024005_luka01",
            "talks": [
                "あ、ルカさん！　こんばんは",
                "あ……。\nあはは、ルカさんはなんでもお見通しなんですね",
                "あの時……ルカさん、言ってくれましたよね。\n焦らなくていいって",
                "だから、こうやって元気になれたのは\nルカさんのおかげです。\n本当にありがとうございました！",
                "ルカさん……",
                "アタシ、ルカさんやミクちゃんみたいな先輩がいてくれて、\nすーっごく心強いです！",
                "うん！　ありがとう、ルカさん！"
            ]
        },
        {
            "fileName": "areatalk02_311",
            "talks": [
                "ルカさん。ルカさんって\nストレートパーマとかかけてない……ですよね？",
                "はい。いっちゃんやルカさんみたいな\nストレートヘアが憧れで……"
            ]
        },
        {
            "fileName": "areatalk03_009",
            "talks": [
                "えー！　そういうしほちゃんだって、\nミクちゃんやルカさんとセッションしてる時、\n表情キラキラしてたよ。ね、いっちゃん！"
            ]
        },
        {
            "fileName": "areatalk03_015",
            "talks": [
                "ねぇ、いっちゃん。ルカさんから聞いたんだけど、\n毎日ギターに触るようにしてるって本当？",
                "あ、そっか！\nありがとうございます、ルカさん"
            ]
        },
        {
            "fileName": "areatalk03_027",
            "talks": [
                "いいよ！　じゃあその２小節前からやろっか。\nルカさんも、お願いできますか？"
            ]
        },
        {
            "fileName": "areatalk03_028",
            "talks": [
                "ルカさん、しほちゃんの代わりに、\nベースお願いしてもいいですか？"
            ]
        },
        {
            "fileName": "areatalk03_029",
            "talks": [
                "うーん……しほちゃん、ルカさん。\nさっきの８分裏、どうだった？"
            ]
        }
    ]
}