{
    "mainStory": 0,
    "eventStory": 17,
    "cardStory": 13,
    "areaTalk": 2,
    "talkPacks": [
        {
            "fileName": "event_13_03",
            "talks": [
                "わあー！！　咲希ちゃんだ！\nわんだほーいっ☆",
                "だって、こうしてフェニックスワンダーランドで\n咲希ちゃん達と会えるなんて思わなかったし！"
            ]
        },
        {
            "fileName": "event_13_04",
            "talks": [
                "司くんと咲希ちゃんみたいに、小さな頃遊んだ思い出を\nこうやって高校生になって思い出しながら遊んだり……。\n大人になって、また違う思い出を作ったり"
            ]
        },
        {
            "fileName": "event_16_02",
            "talks": [
                "ううう……寂しいよう……！\nでも、咲希ちゃんの大事なパーティーだもんね……"
            ]
        },
        {
            "fileName": "event_16_08",
            "talks": [
                "うーーーん。\n司くん、ちゃんと咲希ちゃんと仲直りできたかな～？"
            ]
        },
        {
            "fileName": "event_30_01",
            "talks": [
                "だいじょーぶ☆\n咲希ちゃんも泳げるようになるよ！",
                "はいっ、咲希ちゃん！\nこの浮き輪さん使ってねー！"
            ]
        },
        {
            "fileName": "event_30_02",
            "talks": [
                "とうちゃーく！！\n……あれ、咲希ちゃんとこはねちゃん、もういたんだ！",
                "咲希ちゃん！　それ！　それだよ～！"
            ]
        },
        {
            "fileName": "event_30_03",
            "talks": [
                "穂波ちゃん、咲希ちゃん、あたし達の準備終わったよー！"
            ]
        },
        {
            "fileName": "event_30_05",
            "talks": [
                "あっ、穂波ちゃん、咲希ちゃん、\nふたりともはやいねー！"
            ]
        },
        {
            "fileName": "event_30_06",
            "talks": [
                "さっそく咲希ちゃん達に伝えないと！",
                "咲希ちゃん、志歩ちゃん！\nいい方法を思いついたよ！"
            ]
        },
        {
            "fileName": "event_30_07",
            "talks": [
                "それじゃあ咲希ちゃん、この帽子を持って\n『トランプさん、出てこーい！』って言ってみて♪",
                "（……穂波ちゃんとこはねちゃんが急いでくれてるんだし、\nあたしも咲希ちゃんとミクちゃんと、もう少しがんばろう！）",
                "（よかったあ、穂波ちゃん達、帰ってきたんだ！\nやったね、咲希ちゃん！　これで演奏できるよー！）",
                "こっちは咲希ちゃんがいてくれたから、\nだいじょーぶだったよっ！"
            ]
        },
        {
            "fileName": "002006_saki01",
            "talks": [
                "あたし、咲希ちゃんにも\nキラキラ笑顔になってほしいの！"
            ]
        },
        {
            "fileName": "002006_saki02",
            "talks": [
                "おーい！　咲希ちゃん、遥ちゃん、おまたせっ！",
                "うん！　遥ちゃんや咲希ちゃんと一緒にやれて、\nすっごくすっごく楽しかったよ！"
            ]
        },
        {
            "fileName": "002012_saki02",
            "talks": [
                "うんうん♪　あ、ナマコさん、\n『助けてくれてありがとう♪』って\n咲希ちゃんにお礼を言いに来たりしてー！"
            ]
        },
        {
            "fileName": "003013_honami01",
            "talks": [
                "あ、せっかくだし、みんなで写真撮ろうよ！\nこはねちゃん、咲希ちゃん達も入って入ってー！"
            ]
        },
        {
            "fileName": "014007_emu01",
            "talks": [
                "今頃、咲希ちゃんも、\n幼馴染みのお友達とご飯中かな～"
            ]
        },
        {
            "fileName": "014009_emu01",
            "talks": [
                "（司くんや咲希ちゃんも、ああやってここで遊んでたのかな）",
                "（ここを大事に思ってくれてるのは、\n咲希ちゃんだけじゃない）"
            ]
        },
        {
            "fileName": "014011_emu02",
            "talks": [
                "まず、みんなに話したいことその１！\n咲希ちゃんと穂波ちゃんと一緒の班になりました～！",
                "はーい！　咲希ちゃん達と一緒に、\nいーっぱい、楽しい思い出作ってくる！"
            ]
        },
        {
            "fileName": "014012_emu02",
            "talks": [
                "あ、咲希ちゃん、その頃まだ体が弱かったんだ……",
                "えへへっ。貝殻やスイカを持って\nニコニコしてる咲希ちゃん、想像できるなぁ"
            ]
        },
        {
            "fileName": "024008_luka02",
            "talks": [
                "うん！　……司くんも、おうちで咲希ちゃん達と\n一緒にわいわいドカーンできてるかなぁ？"
            ]
        },
        {
            "fileName": "areatalk_ev_shuffle_03_011",
            "talks": [
                "おおー！　咲希ちゃん、カンペキ☆"
            ]
        },
        {
            "fileName": "areatalk_ev_shuffle_10_002",
            "talks": [
                "ねえねえ、咲希ちゃんがお菓子をよく買いに行くお店も、\nこの近くにあるんだよね！\nあたし、そこ行ってみたいなっ☆"
            ]
        }
    ]
}