{
    "mainStory": 2,
    "eventStory": 3,
    "cardStory": 19,
    "areaTalk": 12,
    "talkPacks": [
        {
            "fileName": "leo_01_17",
            "talks": [
                "ここはあなた達の想いでできたセカイよ。\nきっと、穂波の想いもここにある"
            ]
        },
        {
            "fileName": "leo_01_19",
            "talks": [
                "さあ、穂波。あなたも一緒に"
            ]
        },
        {
            "fileName": "event_01_07",
            "talks": [
                "みんなもそう思ってるんじゃないかしら。\nね？　一歌、穂波、志歩"
            ]
        },
        {
            "fileName": "event_10_04",
            "talks": [
                "穂波、大丈夫？"
            ]
        },
        {
            "fileName": "event_10_06",
            "talks": [
                "ミクも昨日、穂波になんて言おうって、\nうんうん考えてたから"
            ]
        },
        {
            "fileName": "003003_honami02",
            "talks": [
                "……衣装作りにはあまり詳しくないのだけれど、\n穂波ちゃんはデザイン画にはせずに、\n直接、図面に書き起こすのね"
            ]
        },
        {
            "fileName": "021015_miku02",
            "talks": [
                "ええ。穂波が持ってきてくれたのよ"
            ]
        },
        {
            "fileName": "024002_luka02",
            "talks": [
                "あら、穂波。\n今日はひとりで来たのね",
                "そうなの？\n穂波は練習も頑張ってるし、すごく上手いと思うけど……",
                "……穂波。ドラムは嫌い？",
                "そう。良かった。\nあとは……メンバーの誰かが、\n穂波の演奏を不安だって言ったりした？",
                "でも、忘れないで穂波",
                "穂波の周りには、穂波のことを信じてる子達がいるわ",
                "ふふっ、どういたしまして。\nがんばってね、穂波"
            ]
        },
        {
            "fileName": "024003_luka01",
            "talks": [
                "そうね。\nでも今は、穂波に想いを届けようって頑張ってる",
                "ええ、一歌達は、\n穂波の本当の想いを知らないわ"
            ]
        },
        {
            "fileName": "024003_luka02",
            "talks": [
                "自分の気持ちと向き合えたのは、\n穂波の意思があったからじゃないかしら",
                "穂波が想いを持ち続けたから、見られたの"
            ]
        },
        {
            "fileName": "024006_luka01",
            "talks": [
                "『穂波、さっきは私の代わりに\nおみくじを引いてくれて、ありがとう』",
                "『穂波。せっかくだし、もう１回引いてみたら？\nきっと、次は大丈夫だと思うわ』",
                "『よかったわね、穂波』"
            ]
        },
        {
            "fileName": "024006_luka02",
            "talks": [
                "はい。初詣の時に引いてもらったおみくじ。\nさっき、穂波が持って来てくれたのよ",
                "だから『結びたくなったらいつでも言ってください』って\n穂波が言っていたわ",
                "ふふ。でも穂波の気持ち、すごく嬉しかったわ"
            ]
        },
        {
            "fileName": "areatalk02_313",
            "talks": [
                "穂波、ドラムの準備は大丈夫そう？"
            ]
        },
        {
            "fileName": "areatalk02_344",
            "talks": [
                "穂波は、ドラムのセッティングがスムーズね",
                "あら、穂波らしい堅実なセッティング方法で\nいいんじゃないかしら？",
                "だから穂波、もっと自分に自信を持って？"
            ]
        },
        {
            "fileName": "areatalk03_013",
            "talks": [
                "穂波のドラムは本当に安定しているわね"
            ]
        },
        {
            "fileName": "areatalk03_040",
            "talks": [
                "穂波のドラム、リズムキープがすごく上手で、\n演奏がとてもやりやすいわ"
            ]
        },
        {
            "fileName": "areatalk03_041",
            "talks": [
                "ドラムって家で練習するの大変そうだけど、\n穂波はどうしてるの？"
            ]
        },
        {
            "fileName": "areatalk03_042",
            "talks": [
                "あら？　穂波がギターを持ってるなんて珍しいわね",
                "ふふ。それで今は一歌が穂波にギターを教えてるのね"
            ]
        },
        {
            "fileName": "areatalk03_043",
            "talks": [
                "ふふ、実際に叩いてみたほうがわかるんじゃないかしら。\nね、穂波"
            ]
        },
        {
            "fileName": "areatalk03_044",
            "talks": [
                "ええ。穂波の柔らかい歌声とドラムの音が\nどんな風に合わさるのか、興味あるわ"
            ]
        },
        {
            "fileName": "areatalk_ev_special_01_001",
            "talks": [
                "あら、急にじゃないのよ？\nしばらく前にも、穂波と一緒にしたから"
            ]
        }
    ]
}