{
    "mainStory": 5,
    "eventStory": 45,
    "cardStory": 23,
    "areaTalk": 6,
    "talkPacks": [
        {
            "fileName": "wonder_01_03",
            "talks": [
                "なんで？　こ〜んなに楽しいところに来たんだよ！\nミクちゃんやカイトお兄さんとも会えちゃったし！",
                "ミクちゃん達と！？　楽しそう～！"
            ]
        },
        {
            "fileName": "wonder_01_09",
            "talks": [
                "うん！　あたしのスマホに『Untitled』って曲があって、\nミクちゃん達のいるセカイに行けちゃうんだよ！",
                "うん！　いつの間にか入ってたんだ～♪\n司くん！　類くんとネネロボちゃんのこと、\nミクちゃん達に紹介しに行こー！"
            ]
        },
        {
            "fileName": "wonder_01_10",
            "talks": [
                "あっ！　ミクちゃんだ！\nミクちゃ～ん！　来たよ～♪"
            ]
        },
        {
            "fileName": "event_04_04",
            "talks": [
                "ミクちゃーん！！",
                "ちょうどあたしも、\nミクちゃんに会えてなかったなーって思ってたんだ",
                "ホント！？　じゃあミクちゃんも一緒にやろうっ！",
                "うーん、でも、あたしもミクちゃんに体育祭来てほしいし、\n何かいいアイディアがあったらいいんだけど……",
                "いいねいいね～♪\nミクちゃんに応援に来てもらえるなんて、すっごく嬉しいな！",
                "うん。ありがとう、ミクちゃん！",
                "ミクちゃんが応援に来てくれるなら、\n明日はいつもより、もっとがんばれそう！"
            ]
        },
        {
            "fileName": "event_04_05",
            "talks": [
                "……え？　ミクちゃんの声？\nこれって、あたしのスマホから？",
                "わっ、ミクちゃん！？",
                "そうだ、もうすぐあたし、二人三脚に出るんだ。\nミクちゃんにはそれを応援してもらって——",
                "でも、ミクちゃん、あたしの席からだと\n見にくいよね……",
                "じゃあミクちゃん、あたし、行ってくるね。\n終わったら、また戻ってくるよー！",
                "（ミクちゃんが応援してくれてるんだから、\nがんばらなくっちゃ！）",
                "やったー！　やったよー！\nミクちゃん、見ててくれたかな！？"
            ]
        },
        {
            "fileName": "event_04_07",
            "talks": [
                "ミクちゃん！　リレーの時、応援してくれてたよね？\nフレーフレーって",
                "そうだ、ミクちゃん！\nよかったら、これからも学校に遊びに来てほしいな",
                "うんっ！　\n今日は忙しくて、あんまりミクちゃんと話せなかったから……"
            ]
        },
        {
            "fileName": "event_08_04",
            "talks": [
                "ミクちゃんっ！\nこっちに来てくれるの、久しぶりだね～！"
            ]
        },
        {
            "fileName": "event_08_07",
            "talks": [
                "ミクちゃんっ♪　また来てくれたんだね！",
                "あっ！　ミクちゃんが言ってた『新しいメンバー』って……"
            ]
        },
        {
            "fileName": "event_09_08",
            "talks": [
                "やったー！　ミクちゃんに褒められた～！\nこの調子で、すっごくすっごーくおいしいお餅をつこうね☆"
            ]
        },
        {
            "fileName": "event_25_05",
            "talks": [
                "えへへ～♪\nありがとうミクちゃんっ☆"
            ]
        },
        {
            "fileName": "event_30_01",
            "talks": [
                "あ、ミクちゃん！\nいらっしゃーい♪　今、みんなで泳ごうとしてたところだよ〜！",
                "うんっ！　あたしもミクちゃんと遊べるの楽しみっ♪\n一緒にわんだほーいな臨海学校にしよーね！"
            ]
        },
        {
            "fileName": "event_30_02",
            "talks": [
                "ミクちゃーん、おまたせっ！",
                "ミク隊長、貝殻は見つかりましたか！？",
                "ミクちゃん、ごめんね……！\n貝殻は、ぜったいぜーったい明日見つけるから！",
                "うん！　自由時間にミクちゃ……\nえーっと、一生懸命探したんだけど、なかなか見つからなくて。\n穂波ちゃんに話したら、一緒に探してくれたんだよーっ"
            ]
        },
        {
            "fileName": "event_30_03",
            "talks": [
                "もちろんだよっ。\nミクちゃんに聴いてもらえるなんて嬉しいなー！",
                "うん！　ありがとう、ミクちゃん☆",
                "ミクちゃん……",
                "ミクちゃん、いろいろありがとね。\n明日はきっと、もっとうまくいくはずだから——",
                "だから……ミクちゃんも、また練習を見に来てくれないかな？",
                "ありがとう、ミクちゃん！"
            ]
        },
        {
            "fileName": "event_30_05",
            "talks": [
                "ミクちゃん！\n聞いて聞いて！　今日の練習はうまくいきそうだよ！",
                "えへへ、ミクちゃんをわんだほーいな気持ちにできるように\nがんばるね！！"
            ]
        },
        {
            "fileName": "event_30_06",
            "talks": [
                "ミ、ミクちゃん……！？",
                "……よしっ、ここなら大丈夫！\nミクちゃん、お話ってなあに？",
                "うんうん……わあ、それ、すっごく楽しそう！\nミクちゃんが一緒なら、あたしにもできそうだよーっ"
            ]
        },
        {
            "fileName": "event_30_07",
            "talks": [
                "うん、ばっちり☆　ミクちゃんがポケットの中にいるなんて\nなんだか不思議な感じ♪",
                "……それじゃあミクちゃん、よろしくね！",
                "（……穂波ちゃんとこはねちゃんが急いでくれてるんだし、\nあたしも咲希ちゃんとミクちゃんと、もう少しがんばろう！）",
                "ミクちゃんも、本当にありがとーっ。\nさっきのマジック、みんな楽しそうだったよ！",
                "うん！！\nがんばってくるね、ミクちゃん！"
            ]
        },
        {
            "fileName": "event_30_08",
            "talks": [
                "ちょっと寂しくても、また楽しい日が始まるし、\nミクちゃん達もいてくれるからっ"
            ]
        },
        {
            "fileName": "013007_tsukasa01",
            "talks": [
                "それじゃあ、もう１回餅つき始めよ～う！\nミクちゃん、いっくよー！",
                "さあ、いくよミクちゃん！"
            ]
        },
        {
            "fileName": "014003_emu02",
            "talks": [
                "ミクちゃん達に会いに行くの、久しぶりだねー！",
                "あっ、ミクちゃんの着ぐるみだ！\nかわいい〜！",
                "わわっ、ミクちゃんがいる！\nあれ？　それじゃあこっちの着ぐるみは……",
                "ミクちゃんも久しぶり！\nあのねっ、あれから４人でステージが出来ることになってね！",
                "な、なんだって！？\nミクと一緒にステージに立てるなんて、\nなんてすごいんだろう！"
            ]
        },
        {
            "fileName": "014011_emu02",
            "talks": [
                "ミクちゃん、おまたせー！",
                "ありがとう、ミクちゃん！\nそれじゃあ——",
                "うん！　ほら、見て見てっ☆\nミクちゃんとふたりで拾った貝殻を持ってきたの！"
            ]
        },
        {
            "fileName": "014013_emu01",
            "talks": [
                "司くんや寧々ちゃんや類くん、\nミクちゃん達だって応援してくれてるし——"
            ]
        },
        {
            "fileName": "015005_nene02",
            "talks": [
                "じゃー、お昼食べる場所も決まったし、\nミクちゃん呼ぼっと♪",
                "あれ？　寧々ちゃん、知らなかったっけ？\nホログラム機能があるスマホなら、\nミクちゃん達とお話しできるんだよ"
            ]
        },
        {
            "fileName": "021005_miku02",
            "talks": [
                "ミクちゃん、久しぶり～！\n今日は、女児会やろー♪",
                "えっとねー……。\nはいはい！　ミクちゃんは、普段ここでどんなことしてるの？"
            ]
        },
        {
            "fileName": "021010_miku01",
            "talks": [
                "ねえ、ミクちゃん。\nあたし達もその体育祭、参加していい？"
            ]
        },
        {
            "fileName": "021010_miku02",
            "talks": [
                "えへへっ、ミクちゃん達も応援してくれてるし、\nとりあえず乗りに行こーう！"
            ]
        },
        {
            "fileName": "021014_miku02",
            "talks": [
                "あ、ミクちゃん！\n遊びに来てくれたの？",
                "ミクちゃん、リンちゃん、レンくん、ありがとう！\nすっごく……すっごくすてきなお話だったよ！"
            ]
        },
        {
            "fileName": "026009_kaito02",
            "talks": [
                "ミクちゃんだー！　わんだほーいっ☆",
                "ミクちゃんミクちゃん、今日はぬいぐるみのみんなも\nリンちゃん達もいないね？\nどこに行っちゃったの？"
            ]
        },
        {
            "fileName": "026010_kaito01",
            "talks": [
                "わーい、カイトお兄さんとミクちゃんだ～～～♪",
                "それじゃあ、ミクちゃん、\nカイトお兄さん、まったねー♪"
            ]
        },
        {
            "fileName": "areatalk02_290",
            "talks": [
                "ミクちゃん、ミクちゃん、ミクちゃ〜ん！！",
                "えへへっ、ここのミクちゃんは不思議だね～。\nぎゅーってできちゃうんだもん！"
            ]
        },
        {
            "fileName": "areatalk03_189",
            "talks": [
                "あたし、ミクちゃんから\n乗り方教えてもらってるからいつでも乗れるよ♪"
            ]
        },
        {
            "fileName": "areatalk03_205",
            "talks": [
                "ミクちゃんの衣装、ハデハデキラキラでかっこいいねー！"
            ]
        },
        {
            "fileName": "areatalk03_206",
            "talks": [
                "えへへ。ミクちゃん、カイトお兄さん、これ見て！",
                "うん！　ミクちゃんとカイトお兄さんに\n見せてあげようと思って描いてきたんだ"
            ]
        }
    ]
}