{
    "mainStory": 1,
    "eventStory": 1,
    "cardStory": 5,
    "areaTalk": 4,
    "talkPacks": [
        {
            "fileName": "vswonder_01_04",
            "talks": [
                "……それで、ミクとカイトさんにお礼を言いたくて。\nありがとう、ふたりとも"
            ]
        },
        {
            "fileName": "event_25_05",
            "talks": [
                "カイトさん……"
            ]
        },
        {
            "fileName": "016005_rui01",
            "talks": [
                "ま、肝心のアドバイスをくれたのは\nカイトさんだけどね"
            ]
        },
        {
            "fileName": "021011_miku02",
            "talks": [
                "それで、ミクやカイトさん達は、\n司に本当の想いを思いだしてもらうために\nショーに誘ったりしてたんだよね？",
                "なのに、どうしてミクもカイトさんも\nわたしの心配をしてくれるの？"
            ]
        },
        {
            "fileName": "026003_kaito02",
            "talks": [
                "……カイトさん、やっぱりアイツのこと、\n買いかぶりすぎなんじゃない？"
            ]
        },
        {
            "fileName": "026009_kaito02",
            "talks": [
                "はいはい。\nもうカイトさん、このバカ達に何か言ってよ"
            ]
        },
        {
            "fileName": "areatalk02_293",
            "talks": [
                "カイトさん達のミュージカルって、誰が考えてるの？"
            ]
        },
        {
            "fileName": "areatalk03_208",
            "talks": [
                "（……そういえばカイトさん、ネネロボのこと\nロボットとして見てないみたい）"
            ]
        },
        {
            "fileName": "areatalk03_220",
            "talks": [
                "あ、ありがとう……ミク、カイトさん"
            ]
        },
        {
            "fileName": "areatalk03_221",
            "talks": [
                "あ、ミク、カイトさん。\nふたりとも段ボールの箱なんて持って何してるの？"
            ]
        }
    ]
}