{
    "mainStory": 10,
    "eventStory": 11,
    "cardStory": 27,
    "areaTalk": 8,
    "talkPacks": [
        {
            "fileName": "street_01_10",
            "talks": [
                "レン、ヒマそうだけど、\nあとのふたりに会いに行くって言ってたのはどうなったの？"
            ]
        },
        {
            "fileName": "street_01_17",
            "talks": [
                "レンはミルクと砂糖いるよね。はい"
            ]
        },
        {
            "fileName": "vsstreet_01_01",
            "talks": [
                "レンはオレンジジュースでしょ",
                "……そうだ。レンが来てくれたことだし、\n私はちょっと出かけてくるね",
                "メイコ、コーヒーゼリーはあとでもらうね。\nレンは先に食べていいから"
            ]
        },
        {
            "fileName": "vsstreet_01_02",
            "talks": [
                "レン、ここ最近ずいぶん機嫌がいいね",
                "ま、レンの好きにしたらいいけど",
                "あれ？　レン、今苦そうって言った？",
                "ふふ、レンったら。\nすごく渋い顔してるけど",
                "……無理に背伸びしなくても、レンはいつも通り\nレンらしくいたらいいのにね"
            ]
        },
        {
            "fileName": "event_03_01",
            "talks": [
                "あ、レンだ！\nレーン！！"
            ]
        },
        {
            "fileName": "event_09_07",
            "talks": [
                "……勝負あり、だね。\nレンとリンのチームの勝ち！",
                "決まりだね。\nレン、リン！　彰人と冬弥が対戦したいって！",
                "……うん、いいところに打ってくれたね、レン",
                "ふふ、見学してた時に、レン達の動きはだいたいわかったから",
                "ありがとう、杏。\nリン、レン。いい試合ができて楽しかったよ"
            ]
        },
        {
            "fileName": "event_12_05",
            "talks": [
                "リンとレンは出かけているから、\nどの席座っても大丈夫だよ"
            ]
        },
        {
            "fileName": "event_37_05",
            "talks": [
                "前にリンが、『こはねと組んで歌いたくなっちゃった』って\n言ってたでしょ？　それでレンに火がついちゃったんだ",
                "——ごめん、レン。\n練習見るのはまた明日でもいい？",
                "うん。約束するよ。\nじゃあ明日ね、レン"
            ]
        },
        {
            "fileName": "event_37_08",
            "talks": [
                "……レン、ちょっと先に行っててくれる？"
            ]
        },
        {
            "fileName": "011007_akito01",
            "talks": [
                "カイトってさ、フラフラしてるし、\nレンのアイスも食べちゃうしで、おちゃらけた感じだけど",
                "でもやっぱり、DJとしてはレンの師匠で、\n自分が音楽とどう向きあいたいのか、わかってるんだよね"
            ]
        },
        {
            "fileName": "021004_miku02",
            "talks": [
                "レンに用でもあったの？",
                "それは、レンも直接話したいんじゃないかな"
            ]
        },
        {
            "fileName": "021012_miku01",
            "talks": [
                "ううん。レンやリンと一緒で、やるのは今日が初めて"
            ]
        },
        {
            "fileName": "021012_miku02",
            "talks": [
                "たしかにそれは\nレンが言ってこそ重みがある言葉だったかもね"
            ]
        },
        {
            "fileName": "021014_miku02",
            "talks": [
                "それでは！　ミクとリンとレンによる、\nスペシャルショー、開演だよっ☆"
            ]
        },
        {
            "fileName": "023004_len01",
            "talks": [
                "あっ！　レンだ！\nやっほー！",
                "レン、このセカイ見てきた？\nとってもとーっても楽しいでしょ？",
                "レンってばキョーミシンシンだね～♪",
                "そうだ、カイト。\nみんなを待っている間に\nレンにもショーを見てもらおうよ！",
                "レン、どうだった～？　ミク達のステージ！",
                "えへへっ、ありがとう！\nレンを笑顔にできてよかった～！",
                "やった～！　レンも団員だ～！\nこれからよろしくね☆"
            ]
        },
        {
            "fileName": "023004_len02",
            "talks": [
                "やっほー、レン☆\nがんばってる？"
            ]
        },
        {
            "fileName": "023005_len01",
            "talks": [
                "なら、私とメイコで半分こして、\nレンとリンも半分こすれば全員で……",
                "レン、１点",
                "見事なフェイントだったね。\nこの勝負、レンの勝ち",
                "それじゃ、勝ったのはレンだから、\nパフェはレンのひとり占めだね"
            ]
        },
        {
            "fileName": "023011_len01",
            "talks": [
                "ん、レン？",
                "レンはあの時、『張りあってない』って言ってたけど、\nさっきみたいに怒るくらい、\nレンにとって、リンは大事な相棒なんでしょ"
            ]
        },
        {
            "fileName": "023011_len02",
            "talks": [
                "レン、さっきは……。\nって、カイト？",
                "レン、さっきはごめん。\n特訓あと回しにしちゃって"
            ]
        },
        {
            "fileName": "024008_luka01",
            "talks": [
                "すごーい！　ルカが起きてくれたよ！\nレン、やるぅ～♪"
            ]
        },
        {
            "fileName": "026006_kaito02",
            "talks": [
                "レンってば、すっごく楽しそうだったね"
            ]
        },
        {
            "fileName": "026007_kaito02",
            "talks": [
                "はーい！　ミク、レン達を探してくるー！"
            ]
        },
        {
            "fileName": "026009_kaito01",
            "talks": [
                "えへへっ、レンやぬいぐるみのみんなも一緒だもんね♪"
            ]
        },
        {
            "fileName": "areatalk02_371",
            "talks": [
                "レン、最近スピーカーの調子悪いって言ってたけど\nあれ、直ったの？"
            ]
        },
        {
            "fileName": "areatalk02_404",
            "talks": [
                "そっか！　レンはまだ会えてなかったよね。\n今度みんなに紹介しなくっちゃ！"
            ]
        },
        {
            "fileName": "areatalk03_160",
            "talks": [
                "レンが歌いやすいように、\nいろいろ気を遣ってくれてたからね"
            ]
        },
        {
            "fileName": "areatalk03_175",
            "talks": [
                "ふふ。彰人なんて、レンを幻覚だーなんて言ってたしね"
            ]
        },
        {
            "fileName": "areatalk03_302",
            "talks": [
                "レンもそう思う！？　ミクもそう思って、\n今度ぬいぐるみくん達と捕まえに行こうと思ってるんだよ！"
            ]
        },
        {
            "fileName": "areatalk_ev_street_04_008",
            "talks": [
                "そうじゃないよ。ただ、レンにDJのこと教えるの\nサボってるんじゃないかと思っただけ"
            ]
        },
        {
            "fileName": "areatalk_ev_wonder_02_013",
            "talks": [
                "うん！　ねえねえ、メイコもくるくるしようよ！\n最近、レンもたくさんくるくるできるようになったんだ♪"
            ]
        },
        {
            "fileName": "areatalk_ev_wonder_03_005",
            "talks": [
                "そっか！　想像するの楽しそうだねっ☆\nよーし！　リンやレンと一緒に考えてみよーっと！"
            ]
        }
    ]
}