{
    "mainStory": 19,
    "eventStory": 69,
    "cardStory": 110,
    "areaTalk": 37,
    "talkPacks": [
        {
            "fileName": "wonder_01_05",
            "talks": [
                "やあ！　やっと来たんだね天馬くん。\n待っていたよ。僕に用があるんだろう？",
                "ショーを愛する者同士、それぞれ頑張ろうじゃないか。\nそれじゃあ天馬くん。また会おう！"
            ]
        },
        {
            "fileName": "wonder_01_06",
            "talks": [
                "天馬くん、君が誘いたいのは演出家だけかい？",
                "一緒にみんなが笑顔になるショーを作ろう、天馬くん",
                "君が、司くんの言っていた子だね。\n神代類だよ。よろしく"
            ]
        },
        {
            "fileName": "wonder_01_07",
            "talks": [
                "どうだい司くん。\n寧々は、メンバーの条件を満たしてるだろう？"
            ]
        },
        {
            "fileName": "wonder_01_08",
            "talks": [
                "司くんが書いてきたのかい？"
            ]
        },
        {
            "fileName": "wonder_01_09",
            "talks": [
                "うん。司くん、いい演出を思いついたよ。\n少し聞いてくれるかい？",
                "こんなこともあろうかと思って用意しておいたんだよ、司くん"
            ]
        },
        {
            "fileName": "wonder_01_10",
            "talks": [
                "司くん、とても不思議な生物を捕まえることに成功したんだ！\n体は綿でできてるんだけど、なんと言語を理解するんだよ！"
            ]
        },
        {
            "fileName": "wonder_01_11",
            "talks": [
                "さあ司くん、このシーンで重要なのは躍動感だよ。\n肉体を解放するんだ！　限界まで足を上げて！",
                "司くんなりの激励……かな？"
            ]
        },
        {
            "fileName": "wonder_01_12",
            "talks": [
                "司くん……"
            ]
        },
        {
            "fileName": "wonder_01_13",
            "talks": [
                "……司くん。寧々も悪気があったわけじゃない。\n昨日解散したあとも残って遅くまで練習していたんだ",
                "司くんやめてくれ"
            ]
        },
        {
            "fileName": "wonder_01_14",
            "talks": [
                "一緒にみんなが笑顔になるショーを作ろう、天馬くん"
            ]
        },
        {
            "fileName": "wonder_01_18",
            "talks": [
                "さて――それじゃあ、どんな演出をつけようか？　司くん"
            ]
        },
        {
            "fileName": "wonder_01_19",
            "talks": [
                "司くんの想いの歌か。それはとても興味深いねえ",
                "さぁて、それならもう僕達のステージに戻らないとね、司くん？"
            ]
        },
        {
            "fileName": "event_03_01",
            "talks": [
                "いやぁ、やっぱり司くんは頼もしいねえ",
                "……ダメかい？　司くん",
                "……ああ、そうか。前のショーで使ったあれを再利用するのも\nいいかもしれないな。それなら司くんも慣れているし……"
            ]
        },
        {
            "fileName": "event_03_02",
            "talks": [
                "そうだね。そうと決まれば司くん。\n――ちょっと手伝ってくれないかい？"
            ]
        },
        {
            "fileName": "event_03_03",
            "talks": [
                "それじゃあ司くん、持ち上げるよ。\nせーの……",
                "そして、主人公の園長である司くんは、死者から逃げ回る。\nしかし客席からもゾンビロボットが現れて絶体絶命になり……",
                "ありがとう司くん。\nバッチリだよ",
                "まずい……司くん！",
                "すまない、司くん。\nゾンビロボットが誤作動を起こしたんだ"
            ]
        },
        {
            "fileName": "event_03_04",
            "talks": [
                "……ここで司くんが舞台から客席の中央へ。\n観客に向かって呼び掛ける",
                "……いや、ここではそのまま司くんは舞台へ\n戻ってもらおう。そこで次のセリフに——",
                "じりじりとステージの端まで追い込まれる司くん、\nそして背中側から近づく死者に、観客は息を呑む……",
                "死者が一斉に迫ってきたところで、\n司くんが驚異的な跳躍をする",
                "……それなんだけどね、司くん",
                "前は司くんがゾンビロボットに\n引きずりこまれる流れにしたけれど、\n観客からは奈落の中が見えづらいだろう？",
                "司くんにはマイムで引きずりこまれる演技をしてもらう。\nそっちのほうが、全体的に見ると派手だろう？"
            ]
        },
        {
            "fileName": "event_03_05",
            "talks": [
                "……何を見当違いなことを言っているんだい、司くん。\n僕は、僕が一番いいと思った演出を——",
                "でも、司くんと寧々が言うなら、\nそうなってしまっているんだろうな"
            ]
        },
        {
            "fileName": "event_03_06",
            "talks": [
                "いずれにせよ……僕にとっては、何よりショーが一番なんだ。\n僕の演出を楽しく演じてくれる司くん達と\n一緒にやるショーが、何より好きだ",
                "司くんが昔の仲間のように離れていくかもしれないと、\nそう、無意識に思ってしまっていたのかもしれない"
            ]
        },
        {
            "fileName": "event_03_07",
            "talks": [
                "司くん、実は今日、試したいことがあるんだ",
                "司くんがゾンビロボットに捕まり奈落に落ちたあと、\nステージ上は暗転！",
                "その間に、司くんにはこの壁の一番上にまで\n登ってもらう。あまり時間はないから急いでね",
                "でも司くんなら――できるだろう？",
                "臨場感を出すための仕掛けだよ。\nさあ、体勢を整えて、司くん！",
                "お疲れさま、司くん。\n新しい演出はどうだったかな？",
                "いやぁ、やはり司くんは頼りになるね。\nそれじゃあ次は、人ひとり入るサイズの水槽を持ってくるよ"
            ]
        },
        {
            "fileName": "event_03_08",
            "talks": [
                "じゃあ司くん、ちょっとあっちのほうに……"
            ]
        },
        {
            "fileName": "event_07_02",
            "talks": [
                "ふふ、寧々は心配してくれてるんだよ。司くん"
            ]
        },
        {
            "fileName": "event_07_06",
            "talks": [
                "司くん？\n瑞希も知りあいなのかい？",
                "あいにくだけど、僕にはわからないな。\n司くんは、突然やってきては辺りを掻きまわして消える、\n嵐のような人だからね",
                "フフ、だろうねえ。\n司くんは、四六時中突拍子もないからね",
                "……ああ。\n司くんと寧々と、練習をしていた時かな"
            ]
        },
        {
            "fileName": "event_08_01",
            "talks": [
                "だから主役は司くんと――寧々がいいと思う",
                "今の寧々ならきっとできるさ。\n司くんもえむくんも、そう思っているしね"
            ]
        },
        {
            "fileName": "event_08_03",
            "talks": [
                "おやおや。目的が変わってしまっているよ、司くん",
                "うん、それがいいと思うよ。\n司くんだけじゃなく……寧々もね"
            ]
        },
        {
            "fileName": "event_08_04",
            "talks": [
                "ああ。フェニックスステージの彼女とはもちろん、\n司くんやえむくんとも真逆だ"
            ]
        },
        {
            "fileName": "event_08_05",
            "talks": [
                "幼い頃の司くんか……。\nきっと演出しがいがあるだろうねえ"
            ]
        },
        {
            "fileName": "event_08_08",
            "talks": [
                "……フフ。\nそれなら、僕らももうもらってるよ。ねえ司くん？"
            ]
        },
        {
            "fileName": "event_09_08",
            "talks": [
                "どうやら、司くんのことが気に入ったみたいだねえ。\n一緒に遊びたいんじゃないかな"
            ]
        },
        {
            "fileName": "event_09_09",
            "talks": [
                "ネネロボから流用したシステムの一部に衝撃が加わったことで、\n司くんを敵と認識するようになったのか……"
            ]
        },
        {
            "fileName": "event_13_03",
            "talks": [
                "今日、司くんの妹さんとそのお友達が\nフェニックスワンダーランドへ遊びに来るらしくてね"
            ]
        },
        {
            "fileName": "event_13_04",
            "talks": [
                "そういう意味で言えば、僕にとってこの場所での一番の思い出は、\n司くん達と一緒にショーをやるようになったことだろうね"
            ]
        },
        {
            "fileName": "event_13_05",
            "talks": [
                "司くんが張り切っているみたいだね"
            ]
        },
        {
            "fileName": "event_13_07",
            "talks": [
                "……フフ。\nそれなら、僕らももうもらってるよ。ねえ司くん？"
            ]
        },
        {
            "fileName": "event_15_02",
            "talks": [
                "おやおや、司くんほどの人物が、\nこのシーンの意味を読み解けないとはねえ"
            ]
        },
        {
            "fileName": "event_15_03",
            "talks": [
                "……司くん、そこまでにしておいたほうがいい"
            ]
        },
        {
            "fileName": "event_15_06",
            "talks": [
                "さあ、主役のお出ましだよ。\nこのあとの段取りは聞いていないけれど、\nどうするんだい？　司くん"
            ]
        },
        {
            "fileName": "event_15_07",
            "talks": [
                "司くんの言うとおりだよ。\n僕達はえむくんに、いろいろなものをもらっているからね"
            ]
        },
        {
            "fileName": "event_16_02",
            "talks": [
                "ああ、そうだ。えむくんのために、\n押すと司くんの声が出るボタンを作っておくよ"
            ]
        },
        {
            "fileName": "event_16_08",
            "talks": [
                "たしかに、そんな気がするね。\nきっと司くんもパーティーを楽しんでいるんじゃないかな？"
            ]
        },
        {
            "fileName": "event_22_04",
            "talks": [
                "調整することができたら、司くんに、このロープで\nアーアアーと舞台の端から端まで飛び移ってもらおうと\n思っていたんだけど……残念だなあ……"
            ]
        },
        {
            "fileName": "event_24_01",
            "talks": [
                "電話は……司くんの妹さんと、司くんから……？\nおっと、司くんからだ",
                "もしもし。……死霊のような重いうめき声が聞こえるけど、\n司くんの声ではあるようだね。どうしたんだい？",
                "司くんの代わりに、青柳くんが？",
                "それで、司くんの妹さんが、青柳くんという、\n司くんの後輩に代役を頼んでくれたみたいなんだけど……",
                "司くんは、芝居の経験のない青柳くんが\n困っていないか心配になったらしくてね",
                "まあ、司くんはできたらでいいと言っていたし、\n文化祭で話した限り、青柳くんはしっかりしている子のようだ"
            ]
        },
        {
            "fileName": "event_24_08",
            "talks": [
                "司くんも来たがっていたけど、委員会があるらしくてね。\nそちらが終わり次第来ると言っていたよ"
            ]
        },
        {
            "fileName": "event_25_03",
            "talks": [
                "さて、それじゃあここからは司くんの出番だね？"
            ]
        },
        {
            "fileName": "event_32_05",
            "talks": [
                "アドリブで間をつなごうにも、司くんとえむくんは\n囚われている役だから限界があるし——"
            ]
        },
        {
            "fileName": "event_32_08",
            "talks": [
                "なるほど、司くんに花火を背負わせて……。\nいや、司くんを花火として打ち出すのもいいね"
            ]
        },
        {
            "fileName": "event_36_06",
            "talks": [
                "そうだ、人数が多い時にやってみたい演出があったんだ！\n司くん、ちょっとステージの向こう側まで\n飛んでもらってもいいかい？",
                "司くんに観客の視線が向いた瞬間に、花里くん達が\nステージ上に登場する仕掛けだよ！\n面白いと思わないかい？"
            ]
        },
        {
            "fileName": "event_36_09",
            "talks": [
                "フフ、司くん。そう言いながら涙目になっているよ"
            ]
        },
        {
            "fileName": "event_38_02",
            "talks": [
                "フフ。大丈夫だよ寧々。司くん"
            ]
        },
        {
            "fileName": "event_38_06",
            "talks": [
                "ああ。司くんは屋敷の中からキャッチできるようにしてくれ。\nえむくんは、ここまで登ってきてくれるかい？"
            ]
        },
        {
            "fileName": "event_38_07",
            "talks": [
                "（……いい感触だ。\nえむくんと司くんの調子もいい）"
            ]
        },
        {
            "fileName": "011001_akito02",
            "talks": [
                "おやおや。本当に前髪が焦げているねえ。司くん"
            ]
        },
        {
            "fileName": "013001_tsukasa02",
            "talks": [
                "そうだね。\n司くんが『自分で考えました』みたいな顔をしているのも、\nちょっと面白いしね",
                "わかってくれて嬉しいよ、司くん♪",
                "ああ。また、放課後にね。司くん"
            ]
        },
        {
            "fileName": "013002_tsukasa02",
            "talks": [
                "司くん、ちょっとこれでつるされてくれるかい？",
                "さあ司くん、空中でバランスを取ってみてくれ。\nあたかも無重力状態にいるようにね"
            ]
        },
        {
            "fileName": "013003_tsukasa01",
            "talks": [
                "それにしても、\n誰も見たことのない演出に挑戦すると言い出すなんて、\nさすが司くんだね。素晴らしい！"
            ]
        },
        {
            "fileName": "013003_tsukasa02",
            "talks": [
                "司くん？　どうしたんだい？",
                "そこが司くんの楽しいところだから、いいんじゃないかな？"
            ]
        },
        {
            "fileName": "013005_tsukasa01",
            "talks": [
                "そうか……。ありがとう、司くん",
                "司くんに感謝してるのかな？"
            ]
        },
        {
            "fileName": "013005_tsukasa02",
            "talks": [
                "司くん、あとになって痛むこともあるから、\n今日はもう無理はしないようにしてくれ",
                "司くん、これは……"
            ]
        },
        {
            "fileName": "013009_tsukasa02",
            "talks": [
                "フフ。では、残りの片づけは僕達でしておくから、\n司くんは休んでいてくれ"
            ]
        },
        {
            "fileName": "013011_tsukasa02",
            "talks": [
                "フフフ。そのとおりだね。\nさすがは司くんだ",
                "そんなっ！　一見無茶でも『オレに任せろ！』と\nどんなことでも挑戦してくれるのが司くんじゃないか……！"
            ]
        },
        {
            "fileName": "013013_tsukasa01",
            "talks": [
                "司くん、必要な物はすべて準備完了だ。\nいつでもリハーサルを始められるよ",
                "じゃあ、念のための備えとして、\n司くんが持ってきてくれたスプレーを\n当日、セットの近くにも置いておこうか",
                "フフ、では司くんの言うとおり、\nひとまず全員、虫よけスプレーをしておこうか"
            ]
        },
        {
            "fileName": "013013_tsukasa02",
            "talks": [
                "……ここで司くんが舞台から客席の中央へ。\n観客に向かって呼び掛ける",
                "……いや、ここではそのまま司くんは舞台へ\n戻ってもらおう。そこで次のセリフに——",
                "……司くん？\nさっきから僕を見ているようだけど、どうしたんだい？",
                "気にかけてくれてありがとう、司くん。\n今回は大丈夫だよ"
            ]
        },
        {
            "fileName": "014001_emu02",
            "talks": [
                "やあ司くん、演出プランについて話し合うってこと\nだったけど、場所はここでよかったかな？"
            ]
        },
        {
            "fileName": "014007_emu02",
            "talks": [
                "……司くん、週末のショーに向けての練習だけど、\n予定を変更したほうがいいかもしれないね"
            ]
        },
        {
            "fileName": "014008_emu01",
            "talks": [
                "電飾そのものの長さも、くせ者だね。\n司くんも絡まっていたし"
            ]
        },
        {
            "fileName": "014008_emu02",
            "talks": [
                "えむくーん、どんどん投げてくれたまえ。\n司くんが死ぬ気でキャッチしてくれるよ！",
                "お疲れさま、司くん。\nえむくんもありがとう"
            ]
        },
        {
            "fileName": "014012_emu02",
            "talks": [
                "司くん、僕達もひと休みしようか"
            ]
        },
        {
            "fileName": "015001_nene02",
            "talks": [
                "それはすまないね。\n途中で司くんにつかまりそうになってまいてきたんだよ。\nところで、どうかしたのかい？",
                "ああ。ところで、司くんが考えてくれた脚本をもとに\n演出を考えてるんだけど……",
                "主役は司くんだから、司くんだろうね",
                "さあ、ロボットも無事直ったことだし、\n僕は司くんを探しにいかなければ",
                "先ほどのアイディア、司くんは\nどんな反応をしてくれるかな",
                "ふふ、ちょうどいいところに。\n司くん！　ちょっといいかな？"
            ]
        },
        {
            "fileName": "015003_nene01",
            "talks": [
                "だったら司くんは僕が言うとおりに動いてみてくれるかい？"
            ]
        },
        {
            "fileName": "015003_nene02",
            "talks": [
                "『今終わったよ。\nこれから司くんと一緒に、急いでそっちに向かうね』"
            ]
        },
        {
            "fileName": "015005_nene01",
            "talks": [
                "宇宙進出のシーンでは、\n司くんには儚く星になってもらおうと考えているよ",
                "司くん、大丈夫だよ。安全対策はきちんと取る。\nだから君は安心してスターになってくれ",
                "……いやぁ、今日の練習は本当に有意義だった。\n司くんは、無事スターになったしねえ"
            ]
        },
        {
            "fileName": "015006_nene01",
            "talks": [
                "どういたしまして。じゃあ、司くんにも呼ばれているから\n僕はこれで失礼するよ"
            ]
        },
        {
            "fileName": "015007_nene01",
            "talks": [
                "おや？　どこに行くんだい司くん？\nカラをやぶって成長したいんだろう？",
                "では、苦手の克服といこうか。\nさあ司くん、全身で浴びてごらん！　そーおれ！",
                "今回は司くんの苦手な物しか用意できていないから、\nえむくんは僕と一緒に司くんを手伝おうか"
            ]
        },
        {
            "fileName": "015008_nene02",
            "talks": [
                "えむくんは神高によく来るけれど、\nたぶん、司くんと寧々のクラスしか知らないからね",
                "そうだね。けど、司くんのクラスの隣だから、\nわざわざ選択肢にする必要はないと思ってね",
                "じゃあ、すれ違わないように気をつけながら、\n司くんのクラスに行ってみようか",
                "さて、先生が戻ってくる前に\n司くん達とセカイに行かないとね"
            ]
        },
        {
            "fileName": "015011_nene02",
            "talks": [
                "司くん、スランプ中のライオンくんになって、\n燃えてみないかい？",
                "おや。寧々も司くんと一緒に燃えてくれるのかい？"
            ]
        },
        {
            "fileName": "016001_rui01",
            "talks": [
                "（そもそも屋外のステージだ。\nライティングによる演出はかなり幅が限られる。\nそれに司くんのイメージともすり合わせをしないと……）",
                "（ああそうか。当日の天候にあわせて最適な光量が\nわかるようにしておけばいい。このあと計算してみよう。\n司くんにも協力してもらって……）",
                "さて、司くんは教室にいるかな……ん？",
                "僕もちょうど話があったところだよ。\nでも、まずは司くんの話からにしようか。どうぞ",
                "たしかに、なかなかいい出来だ。\n司くん、案外上手いんだねえ",
                "言葉通りだよ。\nまあ、次の休み時間にまた会おう。司くん"
            ]
        },
        {
            "fileName": "016001_rui02",
            "talks": [
                "はぁ……あ、そういえば司くん、\n虫が苦手だったねぇ？",
                "……司くんは、まだ君達の素晴らしさに\n気づいていないようだ"
            ]
        },
        {
            "fileName": "016002_rui02",
            "talks": [
                "フフ、これを見たら、司くんのイライラも吹き飛んでしまうよ",
                "ああ。\n司くん、ちょっとそのあたりに立ってくれるかい？",
                "ありがとう、司くん。\nキミの協力があったからこそ、できたことだよ"
            ]
        },
        {
            "fileName": "016003_rui01",
            "talks": [
                "いいショーにしようじゃないか、司くん"
            ]
        },
        {
            "fileName": "016005_rui01",
            "talks": [
                "それなら大丈夫。寧々やえむくんのおかげで\n司くんともちゃんと話ができたしね",
                "（特に司くんは\nどんな演出でも受け入れてくれるから、余計にね）",
                "司くんともめた時、\nセカイに行こうと提案してくれて助かった",
                "ああ。司くんやえむくんとも約束しているからね\n存分に期待していてくれたまえ"
            ]
        },
        {
            "fileName": "016005_rui02",
            "talks": [
                "おーい、司くん。そっちは大丈夫かい？",
                "というわけで……出番だよ、司くん",
                "司くん、飛びすぎ防止の安全ベルトはつけたかい？",
                "それに、司くんの提案で練習用のマットも増えて、\nより安全に検証が行えるようになったし、\n最大出力で飛んでもらおうと思う",
                "では、司くん。\n重力の壁を突き破って、星になってきてくれたまえ！"
            ]
        },
        {
            "fileName": "016006_rui02",
            "talks": [
                "例えば司くんは\n二枚目から三枚目までこなすだろう？",
                "それに、クリスマスショーでは、\n司くんと寧々というＷ主演といったスタイルも\nできることがわかった"
            ]
        },
        {
            "fileName": "016007_rui01",
            "talks": [
                "司くんの妹くん達と\nもともと知りあいだったみたいだからねぇ"
            ]
        },
        {
            "fileName": "016007_rui02",
            "talks": [
                "司くん、えむくん、ちょっといいかい？"
            ]
        },
        {
            "fileName": "016008_rui01",
            "talks": [
                "……司くんと寧々とも、\n改めて相談しないといけないな"
            ]
        },
        {
            "fileName": "016009_rui02",
            "talks": [
                "ところで……司くん、\nこのあと少し残ってもらえないかな？",
                "今回司くんに協力してほしいのは、\nそれとはまったく別の仕掛けについてなんだ",
                "司くんの声を録音させてほしい。\n簡単なセリフサンプルを用意したから、まずはそれを頼むよ",
                "ありがとう、司くん",
                "ああ。ありがとう、司くん！\nかなり面白……豊富なボイスサンプルが録れたよ",
                "ああ、もちろんだよ。\n……ありがとう、司くん"
            ]
        },
        {
            "fileName": "016010_rui01",
            "talks": [
                "でも今は、司くん達がいる",
                "司くん達は観客の笑顔のためならばと、\n僕を信じて、演出を受け入れてくれた",
                "だから司くん達となら、\n自分のやりたい演出を遠慮なくつけることができる",
                "司くんの代役という責任感も\nきっとあるんだろうけれど……"
            ]
        },
        {
            "fileName": "016010_rui02",
            "talks": [
                "青柳くんは、司くんを尊敬してやまないそうだよ。\nそれもあって、代役を引き受けてくれたんだ",
                "実は、司くんに頼まれてね。\n青柳くんの様子を見に行ったんだ"
            ]
        },
        {
            "fileName": "016011_rui01",
            "talks": [
                "ふむ……当日雨が降った場合、\n最悪、司くんを飛ばして雨雲を晴らしてもらうしかないね"
            ]
        },
        {
            "fileName": "016011_rui02",
            "talks": [
                "（……いや、僕も司くんやえむくんと出会って、\nワンダーランズ×ショウタイムの演出家として、\nやりたいことをやらせてもらっている）"
            ]
        },
        {
            "fileName": "016012_rui01",
            "talks": [
                "（寧々や司くんの夢だったり、えむくんの\nフェニックスワンダーランドにかける想いだったり、\nいろいろ聞かせてもらっていたから）"
            ]
        },
        {
            "fileName": "016012_rui02",
            "talks": [
                "司くん、そうハードルを上げないでくれるかな？",
                "フフ、押してごらん。\n司くん、２歩ほど左に移動してもらえるかい？",
                "おや？　どうしたんだい司くん",
                "司くん"
            ]
        },
        {
            "fileName": "021005_miku01",
            "talks": [
                "司くん、どうしたんだい？\nそんなに難しい顔をして",
                "ああ、元気だよ。\n司くんもこの通り"
            ]
        },
        {
            "fileName": "022006_rin02",
            "talks": [
                "明日の練習だけど、僕と司くんは急用ができてしまってね。\n急遽、休みにすることになったよ"
            ]
        },
        {
            "fileName": "023008_len01",
            "talks": [
                "フフ、司くんらしいね"
            ]
        },
        {
            "fileName": "024008_luka02",
            "talks": [
                "ルカさんもこのセカイ……いや、\nこのセカイが生まれるきっかけになった、\n司くんの想いに何か関係が……"
            ]
        },
        {
            "fileName": "024012_luka02",
            "talks": [
                "どうやら司くん達は、コートの右と左で\n守備範囲をわけているみたいだ",
                "フフフ。司くん、先程までの余裕はどうしたんだい？"
            ]
        },
        {
            "fileName": "026002_kaito02",
            "talks": [
                "……司くんの想いが、かい？",
                "ふむ……。司くんとは、あまり真剣に\nこういう話をする間柄ではないんだけどねえ"
            ]
        },
        {
            "fileName": "026003_kaito02",
            "talks": [
                "いや、いい方法があるはずだよ。\n一緒に考えようじゃないか、司くん"
            ]
        },
        {
            "fileName": "026006_kaito02",
            "talks": [
                "ちなみに司くん、世界一周をする気はないかい？\nフフ……"
            ]
        },
        {
            "fileName": "026007_kaito01",
            "talks": [
                "いやいや、カイトさんにはお世話になっているし、\n僕も司くん達の劇に興味があってねぇ",
                "ほら、ここが司くんのクラスだよ"
            ]
        },
        {
            "fileName": "026007_kaito02",
            "talks": [
                "では、準備をしなくてはいけないね。\nそれと、司くん以外の役者も必要だ"
            ]
        },
        {
            "fileName": "026009_kaito02",
            "talks": [
                "司くんが昔の仲間のように離れていくかもしれないと、\nそう、無意識に思ってしまっていたのかもしれない"
            ]
        },
        {
            "fileName": "areatalk02_041",
            "talks": [
                "じゃあ、頼んだよ。司くん、フフフ……"
            ]
        },
        {
            "fileName": "areatalk02_042",
            "talks": [
                "やあ、司くん。この体に優しい野菜サンドと、\nそちらの高カロリーな生姜焼き弁当を取り換えないかい？",
                "そんな……つまり、司くんは野菜サンドを食べて\n僕が悶え苦しむ様を見たいんだね。\nああ……！　なんて無慈悲で冷酷なんだ……！"
            ]
        },
        {
            "fileName": "areatalk02_047",
            "talks": [
                "というわけで、司くんにはボディビルダーも真っ青な、\nバキバキマッスルになってもらおうじゃないか！"
            ]
        },
        {
            "fileName": "areatalk02_051",
            "talks": [
                "フフ、では司くんと寧々にも提案してみようか"
            ]
        },
        {
            "fileName": "areatalk02_061",
            "talks": [
                "フフフ……司くん、試作品だけど\n『ポップアップ』を作ってみたんだ。試してみるかい？"
            ]
        },
        {
            "fileName": "areatalk02_192",
            "talks": [
                "おや。虫が苦手な司くんが、特に嫌いな多足類じゃないか。\nネズミは見かけることもあるが、珍しいねぇ",
                "司くんは毛嫌いするが、多足類の足の動きは\n実はとても複雑な作りでね。科学的にも興味深い……"
            ]
        },
        {
            "fileName": "areatalk02_193",
            "talks": [
                "ああ、なんということだ！　司くんには、\n僕がそんな非道な行いをする人間に見えていたなんて",
                "フフ。だって、司くんだからね"
            ]
        },
        {
            "fileName": "areatalk02_199",
            "talks": [
                "それに……実は少し、考えている演出があってね。\nまあ、それには司くんの献身的な協力が不可欠なんだけれど……"
            ]
        },
        {
            "fileName": "areatalk02_206",
            "talks": [
                "司くん、君、裁縫が出来るんだって？\n穴が開いてしまって困っている衣装があるんだけど……"
            ]
        },
        {
            "fileName": "areatalk02_207",
            "talks": [
                "司くん、次のステージの演出だけど、\nこのセカイでのインスピレーションをもとに考えてみたんだ"
            ]
        },
        {
            "fileName": "areatalk02_294",
            "talks": [
                "ぎゅぎゅっばばばーん……ああ、\n司くんをポップアップで打ち上げたアレかな"
            ]
        },
        {
            "fileName": "areatalk02_393",
            "talks": [
                "ではせっかくだ。\n司くんと寧々を迎えに行こうじゃないか"
            ]
        },
        {
            "fileName": "areatalk03_182",
            "talks": [
                "おや？　そこにいるのは司くんと寧々じゃないか。\n特別ゲストの登場だねえ。さあさあ！"
            ]
        },
        {
            "fileName": "areatalk03_183",
            "talks": [
                "もしや、司くんは裁縫ができるのかい？"
            ]
        },
        {
            "fileName": "areatalk03_194",
            "talks": [
                "高評価ありがとう、司くん。\nこれは次のショーの演出も腕によりをかけて考えなくてはね"
            ]
        },
        {
            "fileName": "areatalk03_216",
            "talks": [
                "突然だけど司くん。実験がしたいから、\nステージでよくやる名乗り口上、やってもらえるかい？",
                "ありがとう、司くん！\nそれで寧々、どうだった？　そのヘッドホンの遮音性は"
            ]
        },
        {
            "fileName": "areatalk03_228",
            "talks": [
                "司くんはその彼から、\n先輩としてとても慕われているみたいだよ"
            ]
        },
        {
            "fileName": "areatalk03_229",
            "talks": [
                "大丈夫さ。その時は司くんが\n囮になってくれるからね"
            ]
        },
        {
            "fileName": "areatalk03_234",
            "talks": [
                "司くんが虫嫌いだからじゃないかな？"
            ]
        },
        {
            "fileName": "areatalk03_313",
            "talks": [
                "そう。あとはプロジェクターを使って、\n司くんの体に映像を投影するからね",
                "じゃあ、映すよ。司くんのために、\nとっておきの映像を用意してきたからねえ"
            ]
        },
        {
            "fileName": "areatalk_ev_shuffle_05_009",
            "talks": [
                "……フフ。それはとても、司くんらしいね"
            ]
        },
        {
            "fileName": "areatalk_ev_shuffle_08_001",
            "talks": [
                "君は、司くんとずいぶん昔からの知りあいのようだね",
                "へぇ。ちなみに、司くんは昔から\nああいう自信に満ちあふれた感じだったのかい？",
                "フフ。司くんは、本当にいいお兄さんなんだね"
            ]
        },
        {
            "fileName": "areatalk_ev_wonder_02_010",
            "talks": [
                "間もなくだよ。今度試しに司くんに飛んでもらって、\n最終調整をすれば完成だ"
            ]
        },
        {
            "fileName": "areatalk_ev_wonder_03_004",
            "talks": [
                "熱々のあんこで火傷したくないからね。\nちなみに、寧々と司くんはどこから食べるんだい？",
                "（フフ。司くんも寧々も食べかたは逆でも、\nこういうところはちょっと似てきたかな？）"
            ]
        },
        {
            "fileName": "areatalk_ev_wonder_04_003",
            "talks": [
                "やあ、司くん！　最近、刺激は足りているかな？"
            ]
        },
        {
            "fileName": "areatalk_ev_wonder_06_001",
            "talks": [
                "やあ、司くん！"
            ]
        },
        {
            "fileName": "areatalk_ev_wonder_06_002",
            "talks": [
                "ああ。これだけの種があれば、\n司くんが、それはもうみんなが笑顔になるような\n素晴らしい花畑にしてくれるよ"
            ]
        },
        {
            "fileName": "areatalk_monthly2107_002",
            "talks": [
                "ところで、寧々。今からお昼を食べるなら\n司くんとえむくんを誘ってセカイに行かないかい？"
            ]
        },
        {
            "fileName": "areatalk_monthly2109_005",
            "talks": [
                "やあ、司くん。これからお昼かい？"
            ]
        }
    ]
}