{
    "mainStory": 29,
    "eventStory": 33,
    "cardStory": 61,
    "areaTalk": 14,
    "talkPacks": [
        {
            "fileName": "nightcode_01_03",
            "talks": [
                "『……そう。ありがと、雪』"
            ]
        },
        {
            "fileName": "nightcode_01_05",
            "talks": [
                "『寝ちゃったんじゃない？　\n雪は私達と違って普通に学校行ってるんだし、\n疲れてたらそういうこともあるでしょ』",
                "『雪、旅行に行くとか言ってたっけ？』",
                "『んー、なさそう。\n雪って自分のことあんまり話さないし……』",
                "『じゃあ、雪が作ったのかな？\nファイルに名前、付け忘れたとか』"
            ]
        },
        {
            "fileName": "nightcode_01_07",
            "talks": [
                "……でも、本当に雪なの？\nなんかナイトコードで喋ってる時と雰囲気違くない？",
                "本当に、雪なんだ……",
                "……雪が、OWN？　ほんとに？"
            ]
        },
        {
            "fileName": "nightcode_01_08",
            "talks": [
                "『……ほんと、なんなの？　雪のヤツ』",
                "『雪は……ひとりでもあんな作品、作れるんだから……』",
                "『……そう。ありがと、雪』"
            ]
        },
        {
            "fileName": "nightcode_01_14",
            "talks": [
                "『…………。\n雪はいなくていいでしょ』",
                "『別に、怒ってない。\nただ、もう雪はニーゴにいる必要がないって思っただけ』",
                "『たしかに、そう言ってたけど……。\nでも、肝心の雪があんな感じじゃ、会いに行ったところで——』"
            ]
        },
        {
            "fileName": "nightcode_01_15",
            "talks": [
                "『KもAmiaも、雪のこと構い過ぎじゃない？』",
                "『しんどいのなんて、みんな一緒でしょ。\n雪だけ特別なわけじゃない』",
                "『でも、だからって雪のためにあんなところに\n行きたいなんて、私は思わない』"
            ]
        },
        {
            "fileName": "nightcode_01_16",
            "talks": [
                "雪なんて……OWNなんて……\n……OWNの曲なんて…………",
                "雪……あんたは嫌いだけど、あんたの曲はやっぱり好きだよ"
            ]
        },
        {
            "fileName": "nightcode_01_18",
            "talks": [
                "そいつに……雪に、一言言いに来たの",
                "嫌いなのに、嫌いなのに……！\n心のどこかで、雪に消えてほしくないって……\nもっと雪の曲が聴きたいって、思ってる……！！",
                "……っ！　雪、あんたね……！！"
            ]
        },
        {
            "fileName": "nightcode_01_19",
            "talks": [
                "べ……別に私は、雪に文句言いに来ただけで……",
                "『……はぁ、雪のせいでほんと大変だった』",
                "『だからそれは雪にムカついてだから！』",
                "『でもま……またよろしくね、雪』"
            ]
        },
        {
            "fileName": "nightcode_01_20",
            "talks": [
                "大丈夫、まだ雪は来てないし",
                "雪……"
            ]
        },
        {
            "fileName": "vsnightcode_01_04",
            "talks": [
                "まふゆが時間になってもナイトコードに来なかったから、\n瑞希が探しに行こうって言い出して……"
            ]
        },
        {
            "fileName": "event_02_01",
            "talks": [
                "『……あのさ雪、そういう言い方、\nKに失礼だって思わないわけ？』",
                "『……っていうか、私だって、雪がああなのは\nしょうがないってわかってるってば』",
                "『セカイで話した時は、雪のこと、ムカつくけど\nなんとなくわかるような気がしたんだけど……』",
                "『今の雪は、なんかロボットみたいじゃない？\n話しても全然響かないっていうか』",
                "『ふたりは、雪が何考えてて、\nこっちの言うことをどう感じてるのかとか、わかる？』"
            ]
        },
        {
            "fileName": "event_02_07",
            "talks": [
                "『ミクが言ってたっていう、\nまふゆがマリオネットと自分を似てるって思ってるって話が\nよくわかんないんだけど。一体どういうことなの？』"
            ]
        },
        {
            "fileName": "event_02_08",
            "talks": [
                "『なんなの！？\n雪のヤツ、いちいちケチつけてくるんだけど！！』"
            ]
        },
        {
            "fileName": "event_09_03",
            "talks": [
                "瑞希、このお菓子、まふゆが持ってきてくれた\n紙皿に盛っていい？"
            ]
        },
        {
            "fileName": "event_14_02",
            "talks": [
                "『……そういえば、雪はいつもどおり早く落ちたけど、\n今日はKも落ちるの早かったよね。\n何か予定あったのかな』"
            ]
        },
        {
            "fileName": "event_14_04",
            "talks": [
                "（ここによく来る雪の気持ち、\n前はあんまりわかんなかったけど）"
            ]
        },
        {
            "fileName": "event_19_02",
            "talks": [
                "んー、でも、私も瑞希も曲は作れないからなぁ……。\nあ、でもまふゆなら……"
            ]
        },
        {
            "fileName": "event_19_06",
            "talks": [
                "まふゆがフラフラ歩いてくの見つけたから、伝えようと思って。\n今、奏があとを追いかけてるところ"
            ]
        },
        {
            "fileName": "event_22_02",
            "talks": [
                "『このあいだ私も会ってみたけど、のんびりしたいい子だったよ。\nさすがにまふゆの話はしなかったけど……』"
            ]
        },
        {
            "fileName": "event_22_04",
            "talks": [
                "そいつに……雪に、一言言いに来たの"
            ]
        },
        {
            "fileName": "event_26_01",
            "talks": [
                "『ったく雪ってば、Kは雪のために頑張ってるってのに。\nもう少しなんとかしようと思わないわけ？』",
                "『雪を救う曲が作れなきゃ意味ないってわかってるけど、\nそんなに急いでも、いいものは作れないと思うし』",
                "もしかしたら、まふゆもちょっとは\n変わってきてるのかなーって思ってね"
            ]
        },
        {
            "fileName": "event_26_02",
            "talks": [
                "『さあね。\n雪のことなんてわかるわけないじゃない』",
                "『……うーん。でも、一番雪が反応してたのって\nマリオネットの曲？』",
                "『だから、Kの曲からインスピレーションを得られれば、\n雪だって何か感じられるんじゃない？』",
                "『雪も、Kの曲を聴いてそういう気持ちになれれば\nまた何か感じられると思うんだけど……』"
            ]
        },
        {
            "fileName": "event_26_08",
            "talks": [
                "私もそんな感じ。\n……まふゆはもうちょっと遅れるんだっけ？"
            ]
        },
        {
            "fileName": "event_29_03",
            "talks": [
                "まふゆは行ける？"
            ]
        },
        {
            "fileName": "event_29_06",
            "talks": [
                "え、もしかして、あの倒れてる景品って、\n全部まふゆが撃ったの？",
                "まふゆと奏は、ここで待ってて。\nプロ部門が始まる頃には帰ってくるから"
            ]
        },
        {
            "fileName": "event_35_07",
            "talks": [
                "『ちょっと雪！　Kが心配してるんだから\nメッセージのひとつくらい送りなさいってば！』"
            ]
        },
        {
            "fileName": "event_35_08",
            "talks": [
                "……『書きたい気持ちが書けた』なんてセリフ、\nまふゆが言ってるの初めて聞いた",
                "まふゆ、一体何があったの？",
                "……まふゆ……"
            ]
        },
        {
            "fileName": "event_36_07",
            "talks": [
                "よかった～。\n……って、あれ？　まふゆは？",
                "な、なんだかまふゆがこの感じだと、\n調子狂うっていうか……",
                "ま、自覚はないかもしれないけど。\nこっちのほうがいつものまふゆっぽいかもね"
            ]
        },
        {
            "fileName": "event_36_10",
            "talks": [
                "あ、みのりちゃん。\n紹介が遅れたけどこっちのふたりが奏とまふゆ。\n一緒に音楽サークルやってるんだ"
            ]
        },
        {
            "fileName": "017002_kanade02",
            "talks": [
                "まふゆは好きな食べ物って何？"
            ]
        },
        {
            "fileName": "017005_kanade02",
            "talks": [
                "私も、絵がほめられてるとすごく嬉しいけど……\nまふゆには、そういうのないわけ？",
                "まふゆのこと気にするのはいいけど、\n奏は自分のことも気をつけたほうがいいよ？"
            ]
        },
        {
            "fileName": "017011_kanade01",
            "talks": [
                "『それにしても、雪が風邪をひくなんてね。\n朝ちゃんと起きて、ご飯も食べてって\n規則正しい感じの生活してるのに』",
                "『まあ、Kくらい長いとね……。\n雪はどうなの？』",
                "『改めて聞くと、雪ってほんと毎日忙しそう……』"
            ]
        },
        {
            "fileName": "017012_kanade02",
            "talks": [
                "『あ、雪が風邪でダウンしながら書いてた歌詞だね』"
            ]
        },
        {
            "fileName": "018005_mafuyu01",
            "talks": [
                "『ちょっと、勝手に変な解釈しないでよね。\n雪につきあったせいで新曲作りが遅れたんだし、\nこれくらいはやってくれないと……』"
            ]
        },
        {
            "fileName": "018007_mafuyu01",
            "talks": [
                "『あれ？　雪しかいないの？』",
                "『雪、今いい？』",
                "『……雪？』"
            ]
        },
        {
            "fileName": "018007_mafuyu02",
            "talks": [
                "『……で、雪は？　なんか意見ないの？』",
                "『雪が自分の気持ちをちゃんとわかるようになれば\nニーゴの曲ももっと良くなって、\nKの力にだってなってあげられるし』"
            ]
        },
        {
            "fileName": "018009_mafuyu02",
            "talks": [
                "『ちょ、ちょっと……雪？』"
            ]
        },
        {
            "fileName": "018010_mafuyu01",
            "talks": [
                "『待って、雪。\nちょっと話したいことがあるんだけど……』"
            ]
        },
        {
            "fileName": "019001_ena02",
            "talks": [
                "あ、雪からだ……",
                "（雪って細かいとこに気遣ってくれるなぁ。\n面倒なとこばっかつっつくAmiaと違って）"
            ]
        },
        {
            "fileName": "019002_ena02",
            "talks": [
                "……アカウント名『Amia』と『雪』って……\nこれ、もしかして瑞希とまふゆ……？"
            ]
        },
        {
            "fileName": "019003_ena02",
            "talks": [
                "（Kも雪も、すごくて。\nAmiaはああ見えて、結構大人で）"
            ]
        },
        {
            "fileName": "019005_ena01",
            "talks": [
                "まあ、KとAmiaは別に何も言ってなかったし。\n雪がわかんないだけなら、気にしなくても――",
                "『ほら、雪。ナイトコードにデータ送ったから見て』",
                "『雪にもわかってもらえないと、\nブラッシュアップした意味がないでしょ！』"
            ]
        },
        {
            "fileName": "019005_ena02",
            "talks": [
                "『ただ……雪のあんな姿見て、びっくりしたのかも』",
                "『もし、そのショックが大きすぎたらどうするの？\n雪がまた消えたいって強く思ったら……』",
                "『雪を助けたいって思ってるKだって、\n傷つけちゃうんじゃないの？』"
            ]
        },
        {
            "fileName": "019006_ena01",
            "talks": [
                "まふゆのこととか、セカイとか、\nなんかびっくりすることばっかりだったけど……"
            ]
        },
        {
            "fileName": "019006_ena02",
            "talks": [
                "まったくまふゆってば、服あんなに似合ってたのに\n結局受け取らないし……"
            ]
        },
        {
            "fileName": "019007_ena02",
            "talks": [
                "『え……あ、雪？』",
                "『雪。歌詞、ちょっと見せてよ』",
                "（私がぐずぐずしてるあいだに、\n雪は、ここまでの物を作ってたんだ……）",
                "（よかった……。\nまあ、まふゆだし、私のことなんて……）",
                "まふゆ！　ちょっと、どうしたの！？",
                "（……わかってる。まふゆはまふゆで、\nまふゆにしかわからない苦しさを抱えてる）",
                "『……雪』",
                "『ついでだから、雪も見てよ』",
                "よし、見てなさいよまふゆ。\nあんたが驚くような、すごいのを描いてみせるんだから！",
                "そうだ……まふゆに好きなモノがないなら——"
            ]
        },
        {
            "fileName": "019009_ena02",
            "talks": [
                "（奏がまふゆに見せたような、強い覚悟が……）"
            ]
        },
        {
            "fileName": "019010_ena01",
            "talks": [
                "（あ……奏、まふゆを見てる）",
                "『待って、雪。\nちょっと話したいことがあるんだけど……』",
                "ふぅ……まったく、まふゆってば\nなんでいつもああなわけ？",
                "聞き出そうとしても、いいようにかわされちゃうし。\nまふゆとは違う意味で厄介っていうか"
            ]
        },
        {
            "fileName": "019010_ena02",
            "talks": [
                "（それにまふゆも……）",
                "（もう……。本当に、まふゆとは全然違う意味で手強い……）"
            ]
        },
        {
            "fileName": "019011_ena01",
            "talks": [
                "一万歩譲ってまふゆでもよかったんだけど、\n週末は予備校でいないし……。\nだから、消去法であんたしか残らなかったの",
                "うわ……。まふゆのあの感じ、\nなんかすっごくむずむずするんだけど",
                "（セカイとかミクのこととかがあって、\n私達の前じゃずっと\nあの言いたい放題言うまふゆのほうだったし）",
                "（……まあ、そのほうがまふゆにとって\nストレスないんだろうから、いいことではあるんだよね）",
                "あんたは知らないだろうけど\n私のほうがまふゆのこと、\nいろいろ気をつけてあげてるんだからね"
            ]
        },
        {
            "fileName": "019011_ena02",
            "talks": [
                "『まあね。あ、そうそう！\n途中で偶然、雪に会ったの』",
                "『……そういえば雪って、動物に嫌われてるの？\nすれ違った犬になんか怯えられてたでしょ』",
                "『機会があったら言ってやって！\nあいつ、私のほうが雪のこと面倒見てるって言っても、\n全然信じないんだから！』",
                "『——雪とAmia。このあとセカイに来てくれる？\nこの件についてゆっくり話をしないといけないみたいだから』"
            ]
        },
        {
            "fileName": "019012_ena01",
            "talks": [
                "（……まふゆも、もう寝たかな）"
            ]
        },
        {
            "fileName": "019012_ena02",
            "talks": [
                "『それで……雪、よくなりそうなの？』",
                "『ふふ、どういたしまして。\nじゃあ……雪のこと、よろしく』"
            ]
        },
        {
            "fileName": "020002_mizuki02",
            "talks": [
                "『あ、雪も来たんだ』"
            ]
        },
        {
            "fileName": "020005_mizuki01",
            "talks": [
                "ちょっと、何言ってんの？\nそんなことしたら、まふゆ以外食べられなくなるでしょ",
                "まふゆがよくても私は無理！"
            ]
        },
        {
            "fileName": "021009_miku01",
            "talks": [
                "それより、セカイに物が増えたってまふゆから聞いたんだけど。\n見せてもらってもいい？",
                "えっと……まふゆが人形展に行ったから\nなんかそれが影響して増えた、とかじゃないの？"
            ]
        },
        {
            "fileName": "areatalk02_130",
            "talks": [
                "あれ、まふゆ？　まふゆも買い物中？"
            ]
        },
        {
            "fileName": "areatalk02_140",
            "talks": [
                "えっ、まふゆ！？\nこんなところで会うなんてちょっとびっくり",
                "は？　そっちから話しかけたくせに\n最後まで聞かないってどういうこと！？\nちょっと待ちなさいよ、まふゆ！"
            ]
        },
        {
            "fileName": "areatalk02_147",
            "talks": [
                "まふゆって、ファッションに気を使ったりしないの？"
            ]
        },
        {
            "fileName": "areatalk02_153",
            "talks": [
                "あ……まふゆ。今、作業中？"
            ]
        },
        {
            "fileName": "areatalk02_154",
            "talks": [
                "あ、まふゆ。今、帰るところ？　結構遅いんだね"
            ]
        },
        {
            "fileName": "areatalk02_274",
            "talks": [
                "もしそうなったら、\nまふゆ以上に奏がここに引きこもっちゃいそうだね"
            ]
        },
        {
            "fileName": "areatalk02_275",
            "talks": [
                "しない。面倒だし。\n逆に聞くけど、まふゆはなんで部活やってるわけ？"
            ]
        },
        {
            "fileName": "areatalk03_260",
            "talks": [
                "そういえば、まふゆの親って\n私達と会ってること知ってるの？"
            ]
        },
        {
            "fileName": "areatalk03_263",
            "talks": [
                "まふゆ、今度の曲の歌詞どう？"
            ]
        },
        {
            "fileName": "areatalk03_266",
            "talks": [
                "ねえ、ここにいる時、\nまふゆとミクってどんな話するの？"
            ]
        },
        {
            "fileName": "areatalk04_010",
            "talks": [
                "あれ？　奏もまふゆも、もしかして猫苦手？"
            ]
        },
        {
            "fileName": "areatalk_ev_shuffle_09_003",
            "talks": [
                "でしょ！　ね、まふゆはどう？"
            ]
        },
        {
            "fileName": "areatalk_monthly2108_006",
            "talks": [
                "あっ、まふゆ！　そっちは今、帰り？"
            ]
        }
    ]
}