{
    "mainStory": 2,
    "eventStory": 5,
    "cardStory": 2,
    "areaTalk": 0,
    "talkPacks": [
        {
            "fileName": "street_01_03",
            "talks": [
                "あはは、私、白石杏。よろしくね",
                "同い年なんだし、杏って呼んでよ。\nねえねえ、それより私、こはねが来てくれてすごく嬉しいんだ！"
            ]
        },
        {
            "fileName": "event_21_08",
            "talks": [
                "私はVivid BAD SQUADの杏！\nこっちは相棒のこはね！"
            ]
        },
        {
            "fileName": "event_28_07",
            "talks": [
                "——『小豆沢こはねの歌が本当に好きって言ってる、\n白石杏を信じよう！』ってね",
                "こはねが信じてくれてる白石杏は、\n何があっても、こはねの歌を信じてるから"
            ]
        },
        {
            "fileName": "event_37_04",
            "talks": [
                "昔、私が教えてって言った時も、\n杏にはまだ早い、とか言って教えてくれなかったしね～"
            ]
        },
        {
            "fileName": "event_37_06",
            "talks": [
                "私は白石杏！　よろしくね！\nあ、全然タメ口でいいからね？"
            ]
        },
        {
            "fileName": "010010_an01",
            "talks": [
                "——『小豆沢こはねの歌が本当に好きって言ってる、\n白石杏を信じよう！』ってね",
                "こはねが信じてくれてる白石杏は、\n何があっても、こはねの歌を信じてるから"
            ]
        }
    ]
}