{
    "mainStory": 0,
    "eventStory": 3,
    "cardStory": 10,
    "areaTalk": 5,
    "talkPacks": [
        {
            "fileName": "event_22_02",
            "talks": [
                "いらっしゃい、愛莉ちゃん。雫ちゃんから\n部活があるって聞いてたから、今日は来ないのかと思ってたわ"
            ]
        },
        {
            "fileName": "event_22_07",
            "talks": [
                "『大丈夫よ、雫ちゃん。\n一緒に愛莉ちゃん達を助ける方法を考えましょう』",
                "『そのほうがいいわね。でも、愛莉ちゃん達が助かるまで、\n私も雫ちゃんと一緒にいるから、安心してね』"
            ]
        },
        {
            "fileName": "006011_haruka01",
            "talks": [
                "あら、今ちょうどレンくんが\nライブについての相談をしてくるって、\n愛莉ちゃんのところに出かけたところなんだけど……",
                "アイドルなのに、\nアイドルとして必要とされてないだなんて\n愛莉ちゃん、すごくつらかったでしょうね……",
                "それに愛莉ちゃんなら、\n曲が増えたってわかったら喜んでくれるかも！"
            ]
        },
        {
            "fileName": "007009_airi01",
            "talks": [
                "愛莉ちゃん、ちょっといいかしら？",
                "ちなみに愛莉ちゃんは、\n遥ちゃんが無理をしてるって感じることはあった？",
                "愛莉ちゃんは、その言葉を信じたのね",
                "愛莉ちゃん、雫ちゃん達をお願いね"
            ]
        },
        {
            "fileName": "024007_luka02",
            "talks": [
                "少し前、愛莉ちゃんに\n『事務所』がなくてもアイドルはできるって、\n自分が言ったからじゃないかって思ったみたいね"
            ]
        },
        {
            "fileName": "024010_luka01",
            "talks": [
                "『でも、これで心置きなく、\n愛莉ちゃん達のところに行けるわ』"
            ]
        },
        {
            "fileName": "024010_luka02",
            "talks": [
                "ミクちゃん、愛莉ちゃん、\n衣装のリボン、私達に結ばせてくれないかしら？"
            ]
        },
        {
            "fileName": "areatalk_ev_idol_02_008",
            "talks": [
                "愛莉ちゃんって、MCの時誰よりも堂々としてるわね"
            ]
        },
        {
            "fileName": "areatalk_ev_idol_02_009",
            "talks": [
                "ええ。だってソロのほうが、\n愛莉ちゃん達のライブに遊びに行きやすいでしょう？"
            ]
        },
        {
            "fileName": "areatalk_ev_idol_02_011",
            "talks": [
                "その気持ちがあれば大丈夫♪　それにトークなら、\n愛莉ちゃんにコツを教えてもらえばいいんじゃないかしら？"
            ]
        },
        {
            "fileName": "areatalk_ev_shuffle_07_007",
            "talks": [
                "ふふ、愛莉ちゃんはそういうお友達たくさんいそうね♪"
            ]
        },
        {
            "fileName": "areatalk_monthly2106_006",
            "talks": [
                "（ふふ。みのりちゃんや愛莉ちゃんもだけど、\nみんな勉強熱心ね。だからこそ、応援したくなっちゃうわ♪）"
            ]
        }
    ]
}