{
    "mainStory": 0,
    "eventStory": 5,
    "cardStory": 13,
    "areaTalk": 2,
    "talkPacks": [
        {
            "fileName": "event_07_04",
            "talks": [
                "あ、おい！　暁山！\n一緒に探すなら連絡先くらい——",
                "しかし……暁山って名前、\n前にどっかで噂になってなかったか？"
            ]
        },
        {
            "fileName": "event_07_08",
            "talks": [
                "だからもう探さなくていいって伝えようと思ったんだが、\nオレ達は暁山の連絡先知らねえから、\nどうしたもんかと思って……"
            ]
        },
        {
            "fileName": "event_29_07",
            "talks": [
                "暁山もこんなことにつきあわせて悪かったな"
            ]
        },
        {
            "fileName": "event_29_08",
            "talks": [
                "暁山！　お前もなに勝手に決めて——"
            ]
        },
        {
            "fileName": "019008_ena01",
            "talks": [
                "そういえば……お前、暁山と旅行に行くのか？",
                "今日、学校で暁山から聞いた",
                "そういえば、暁山に頼まれたぞ。\n当日寝坊しそうだったら、起こしてくれってな"
            ]
        },
        {
            "fileName": "019008_ena02",
            "talks": [
                "……暁山？　んなこと言われても、\nしばらく見かけてねえからわかんねえよ"
            ]
        },
        {
            "fileName": "019009_ena01",
            "talks": [
                "暁山？　さあ、見てねえな",
                "そんなに気になるなら、\nチームに暁山と仲良さそうなヤツいるし、聞いてみるか？"
            ]
        },
        {
            "fileName": "020008_mizuki01",
            "talks": [
                "……暁山。いい加減、その呼びかたやめろよ"
            ]
        },
        {
            "fileName": "020009_mizuki02",
            "talks": [
                "ああ、暁山か",
                "……このあいだのピクニック、大変だったらしいな。\n暁山に助けてもらったって、絵名から聞いた"
            ]
        },
        {
            "fileName": "020011_mizuki02",
            "talks": [
                "あ……。暁山？",
                "暁山？　聞いてんのか？"
            ]
        },
        {
            "fileName": "023005_len02",
            "talks": [
                "それもこれも、暁山のおかげだな",
                "ああ。おかげで今年の初売りは\n暁山と行くことになったらしくて、\nオレは晴れて自由の身になれたってわけだ"
            ]
        },
        {
            "fileName": "areatalk_add_01_005",
            "talks": [
                "聞こえねえっつってんだろ。\nつーか、そういうのは暁山を誘えよ"
            ]
        },
        {
            "fileName": "areatalk_ev_shuffle_09_001",
            "talks": [
                "オレは行かねえぞ。行きたきゃ、暁山と行けよ"
            ]
        }
    ]
}