{
    "mainStory": 0,
    "eventStory": 14,
    "cardStory": 14,
    "areaTalk": 6,
    "talkPacks": [
        {
            "fileName": "event_10_02",
            "talks": [
                "一歌に、咲希に、志歩に……それから穂波だよね。\n仲良くしようね",
                "そうだよ、他にもいろいろ弾くけどね。\nそういえば、穂波はドラムなんだっけ？"
            ]
        },
        {
            "fileName": "event_10_04",
            "talks": [
                "私でよかったら話聞くよ？　ここに来るのは遅れたけど、\n私だって穂波達の先輩みたいなものだし"
            ]
        },
        {
            "fileName": "event_10_05",
            "talks": [
                "穂波は、クラスのみんなのために、\n今の自分に何ができるか、一生懸命探してる",
                "そうだね。\n私は、そのままの優しい穂波も素敵だと思ってるけど",
                "穂波は、優しいってどういうことだと思う？",
                "穂波は、クラスのみんなにどんな形の優しさをあげたい？",
                "うん、頑張って。\n穂波なら、きっとできるよ"
            ]
        },
        {
            "fileName": "event_10_06",
            "talks": [
                "穂波は、優しいってどういうことだと思う？"
            ]
        },
        {
            "fileName": "event_10_08",
            "talks": [
                "どうしたの、穂波？",
                "穂波は、自分で答えを見つけて、\n自分で前に進んだんだよ",
                "それじゃ、行こうか、穂波！"
            ]
        },
        {
            "fileName": "event_20_01",
            "talks": [
                "そうそう。穂波も咲希も、うまくなってるのは当然だよ"
            ]
        },
        {
            "fileName": "event_33_07",
            "talks": [
                "穂波も料理うまかったよね。\n今日は何か作るの？"
            ]
        },
        {
            "fileName": "003010_honami01",
            "talks": [
                "あれ、一歌に穂波？\n今日はずいぶん早いのね",
                "さすが穂波だね。ナイスフォロー！",
                "気持ちはわかるけど、\n穂波も志歩に『信じて見守ろう』って言ったんでしょ？"
            ]
        },
        {
            "fileName": "004006_shiho01",
            "talks": [
                "もしかして、穂波のこと？",
                "実は、穂波に聞いたの。\n合唱祭のことでクラスが揉めてるって話",
                "それで、志歩はそんな穂波を心配してるって感じかな？",
                "穂波は、志歩が言いたかったこと、\nちゃんとわかってたから",
                "あ、そうそう。穂波に合唱祭について相談されたこと、\nアレ一応秘密の話だから、\n私から聞いたって言わないでおいてくれる？",
                "バレたら穂波に怒られちゃうかも"
            ]
        },
        {
            "fileName": "025007_meiko01",
            "talks": [
                "穂波、どうしたの？",
                "叩きかたで迷ってるって言ってたけど、\nたぶん、穂波だけの問題じゃなさそうだよ",
                "それも、ひとつの手段だと思うよ。\n逆に思いきって、\n穂波が柱としてまず自立するのもいいかもね！",
                "ふふ、そうだね。穂波の『迷い』は、\nきっと悪いことじゃないよ",
                "うん、それがいいと思う。\n頑張ってね、穂波"
            ]
        },
        {
            "fileName": "areatalk_ev_band_02_007",
            "talks": [
                "そういえば、一歌と穂波のことはあだ名で呼ぶけど、\n志歩のことはあだ名で呼ばないんだね"
            ]
        },
        {
            "fileName": "areatalk_ev_band_02_008",
            "talks": [
                "穂波、なんだか元気がないね。\nどうかしたの？"
            ]
        },
        {
            "fileName": "areatalk_ev_band_02_009",
            "talks": [
                "穂波？　なんだか眠そうだね"
            ]
        },
        {
            "fileName": "areatalk_ev_band_02_011",
            "talks": [
                "この黄色い子が、咲希フェニー。それから、\n赤っぽい子が穂波フェニーで、青が一歌フェニーだよね",
                "穂波から聞いたんだ。志歩が大事にしてくれてるって、\nすっごく嬉しそうに教えてくれてね！"
            ]
        },
        {
            "fileName": "areatalk_monthly2106_003",
            "talks": [
                "穂波、ありがとう！\nおかげで、いろいろ学べちゃった！"
            ]
        }
    ]
}