{
    "mainStory": 2,
    "eventStory": 6,
    "cardStory": 9,
    "areaTalk": 8,
    "talkPacks": [
        {
            "fileName": "vsstreet_01_04",
            "talks": [
                "あれ？　こはねちゃん達が来てるー！\nどうしたの？　みんなで歌うのー？",
                "ねえ、こはねちゃんと冬弥くんは何か歌いたい曲ある？"
            ]
        },
        {
            "fileName": "event_09_07",
            "talks": [
                "わたしもー！　何歌おっか？\nレンがDJやって、わたしがこはね達と歌って、それから——！"
            ]
        },
        {
            "fileName": "event_37_01",
            "talks": [
                "うんうん！\nこはねちゃんが、スーパーこはねちゃんになったって感じ！",
                "すっごくいい歌だったよ、こはねちゃん！\n歌ってるあいだ、ずーっとキラキラしてた！",
                "杏ちゃん、いいなー！\nわたしもこはねちゃんと組んで歌いたくなっちゃった！",
                "え～！　ズルいよ～！\nわたしもこはねちゃんと歌う～！",
                "えー？　どうしたのレン。\n急にこはねちゃんに張りあっちゃって"
            ]
        },
        {
            "fileName": "009011_kohane02",
            "talks": [
                "ねえねえ、こはねちゃんが言ってた\nファンフェスタ、無事に終わったんでしょ？"
            ]
        },
        {
            "fileName": "021012_miku01",
            "talks": [
                "こはねちゃん、わたしからもおねがーい！",
                "ねえねえ、こはねちゃん、筆ってどうやって持つの？"
            ]
        },
        {
            "fileName": "022004_rin01",
            "talks": [
                "こはねって、セカイの想いの持ち主たちのことだよね"
            ]
        },
        {
            "fileName": "022010_rin02",
            "talks": [
                "『あっ、杏ちゃんとこはねちゃんだー！』"
            ]
        },
        {
            "fileName": "023006_len01",
            "talks": [
                "杏ちゃんとこはねちゃんは注文決まった？",
                "あ、そうだった！\nこはねちゃん、トッピングはどうする？"
            ]
        },
        {
            "fileName": "023011_len01",
            "talks": [
                "すっごくいい歌だったよ、こはねちゃん！\n歌ってるあいだ、ずーっとキラキラしてた！",
                "杏ちゃん、いいなー！\nわたしもこはねちゃんと組んで歌いたくなっちゃった！"
            ]
        },
        {
            "fileName": "areatalk01_111",
            "talks": [
                "それなら、こはねちゃんや杏ちゃんに教えてあげようかな！\nそれで、一緒に歌ったら絶対楽しいよね！"
            ]
        },
        {
            "fileName": "areatalk02_407",
            "talks": [
                "あはは。なーんだ、じゃあお店を手伝ってるのは\nこはねちゃん達のためなんだね！"
            ]
        },
        {
            "fileName": "areatalk02_412",
            "talks": [
                "あ……メイコやミクやレンに、\nこはねちゃん達にも会えるからかな？"
            ]
        },
        {
            "fileName": "areatalk_ev_street_02_001",
            "talks": [
                "こはねちゃん、何聴いてるの？",
                "わぁ、こはねちゃんがんばってるね！",
                "そっか！　こはねちゃん、カッコイイー！"
            ]
        },
        {
            "fileName": "areatalk_ev_street_02_002",
            "talks": [
                "わぁ！　すごくかっこよく写ってる！\nこはねちゃん、プロみたいだね"
            ]
        },
        {
            "fileName": "areatalk_ev_street_02_003",
            "talks": [
                "ねえねえ。杏ちゃんは、\nこはねちゃんとケンカしたりしないの？"
            ]
        }
    ]
}