{
    "mainStory": 5,
    "eventStory": 4,
    "cardStory": 11,
    "areaTalk": 6,
    "talkPacks": [
        {
            "fileName": "street_01_06",
            "talks": [
                "だってリンが……って、人が来てる！\nたしか、こはねと杏だよね。やっと来てくれたんだ！",
                "ミクも、前こはねに会いに行ってたでしょ？"
            ]
        },
        {
            "fileName": "street_01_11",
            "talks": [
                "そんなことないよ。\nこはねは、今、一生懸命悩んでるじゃん！"
            ]
        },
        {
            "fileName": "street_01_14",
            "talks": [
                "こはね、その髪どうしたの！？"
            ]
        },
        {
            "fileName": "vsstreet_01_02",
            "talks": [
                "あ、やっぱりわかる？　この間会ったこはねと杏が\nとってもいい子達だったから、嬉しくてさ"
            ]
        },
        {
            "fileName": "event_29_02",
            "talks": [
                "『杏は家の用事でしばらくいないし、\nこはねだって臨海学校に行ってるんだし、\nふたりだって少しは遊んでも……』"
            ]
        },
        {
            "fileName": "event_37_01",
            "talks": [
                "すごいよこはね！\n前もいい歌だったけど、もーっと良くなってるよ！"
            ]
        },
        {
            "fileName": "event_37_05",
            "talks": [
                "そりゃ気にするってば！\n杏だって、こはねに同じこと言われたら気にしちゃうでしょ？",
                "だからー！　こはねに、『杏とじゃなくて他の人と歌いたい』って\n言われたら嫌でしょ？"
            ]
        },
        {
            "fileName": "011005_akito02",
            "talks": [
                "もう、こはねと杏のことだよ！"
            ]
        },
        {
            "fileName": "022004_rin01",
            "talks": [
                "そうだ、リンがいない間にいろいろあったんだ。\nこはね達のこと、教えるよ！"
            ]
        },
        {
            "fileName": "022010_rin01",
            "talks": [
                "『もちろん！　でも、こはねは違う学校なんでしょ？』"
            ]
        },
        {
            "fileName": "023005_len01",
            "talks": [
                "それなら、このあいだこはね達とやった羽根つきとかどう？\nメイコ、あれってもうこはね達に返しちゃった？"
            ]
        },
        {
            "fileName": "023005_len02",
            "talks": [
                "あ、こはね達だ！　久しぶりー！"
            ]
        },
        {
            "fileName": "023009_len01",
            "talks": [
                "あ、そうだ！\nせっかくなら杏やこはねにも見てほしいな！"
            ]
        },
        {
            "fileName": "023011_len01",
            "talks": [
                "こはねの歌、本当にすっごくなってたけど……",
                "こはねもいっぱい特訓して\nすごい歌が歌えるようになったんだし、オレもやる！\nミク、協力してよ！"
            ]
        },
        {
            "fileName": "023011_len02",
            "talks": [
                "だからー！　こはねに、『杏とじゃなくて他の人と歌いたい』って\n言われたら嫌でしょ？"
            ]
        },
        {
            "fileName": "025011_meiko01",
            "talks": [
                "ん？　ってことは、来てたのこはねと杏だけなんだ？",
                "じゃあオレ達、もっとこはね達を手伝っていいの？"
            ]
        },
        {
            "fileName": "areatalk02_297",
            "talks": [
                "やっほー、こはね！\n今日も元気に歌ってる？"
            ]
        },
        {
            "fileName": "areatalk02_362",
            "talks": [
                "え、こはねとオレで？"
            ]
        },
        {
            "fileName": "areatalk03_131",
            "talks": [
                "あれ、今日はこはねひとり？"
            ]
        },
        {
            "fileName": "areatalk03_132",
            "talks": [
                "そうなの？　こはね、あんなに歌上手いのに"
            ]
        },
        {
            "fileName": "areatalk03_163",
            "talks": [
                "あれ、珍しい組み合わせだね。\nさては……彰人またこはねをイジメてたなぁ？"
            ]
        },
        {
            "fileName": "areatalk03_164",
            "talks": [
                "はあ。今度のテストも、こはねと冬弥は大変かもねー"
            ]
        }
    ]
}