{
    "mainStory": 0,
    "eventStory": 29,
    "cardStory": 8,
    "areaTalk": 2,
    "talkPacks": [
        {
            "fileName": "event_04_02",
            "talks": [
                "あはは、かわいいかけ声！\nえむちゃんっておもしろい子だね！"
            ]
        },
        {
            "fileName": "event_04_03",
            "talks": [
                "わ、えむちゃん！？",
                "そういえばはるかちゃん、最近遅くまで\n残ってるみたいだったけど……\nえむちゃんと競技を考えてたんだね",
                "みんな、はるかちゃんとえむちゃんが\nがんばってるから、自分もって思ってくれたみたいだよ"
            ]
        },
        {
            "fileName": "event_13_03",
            "talks": [
                "えむちゃん！　お兄ちゃんと一緒に\nショーをやってたんだね～！"
            ]
        },
        {
            "fileName": "event_13_05",
            "talks": [
                "こういう時は、えむちゃんに聞いてみよう！",
                "ねえ、えむちゃん！\nあそこのジェットコースターって——"
            ]
        },
        {
            "fileName": "event_13_08",
            "talks": [
                "ほら、えむちゃんも言ってたでしょ？\nフェニランは、いろいろ思い出を作って\n笑顔になれる場所だって！"
            ]
        },
        {
            "fileName": "event_30_01",
            "talks": [
                "アタシのお兄ちゃん、天馬司っていうの。\nえむちゃんと一緒にワンダーステージで\nショーキャストをやってるんだよ！",
                "わあ、ありがとうえむちゃん！",
                "わあ、ありがとう、えむちゃん♪",
                "よーし、えむちゃんに浮き輪も貸してもらったし、\nがんばって泳がなくちゃ！",
                "やったー！！　教えてくれてありがとね、ほなちゃん。\nえむちゃんも、浮き輪貸してくれてありがとう♪"
            ]
        },
        {
            "fileName": "event_30_02",
            "talks": [
                "やったー！！　約束ね、えむちゃん！",
                "アタシとほなちゃんが演奏担当、\nえむちゃんとこはねちゃんが歌を担当するの",
                "浜辺で『ごめんね』って謝って仲直りするシーンで、\nさっきえむちゃんが歌ってた曲を歌うんだよ！"
            ]
        },
        {
            "fileName": "event_30_03",
            "talks": [
                "うん！　えむちゃんの歌はショーを見に行った時に聴いたけど、\nこはねちゃんの歌は聴いたことないなーって思って",
                "よろしくね、ほなちゃん！\nえむちゃん先生も、よろしくお願いしまーす！"
            ]
        },
        {
            "fileName": "event_30_05",
            "talks": [
                "せっかくえむちゃんもアドバイスくれたのに、\n全然できなくて……アタシ、悔しかったんだよね",
                "でも、今回はえむちゃんとこはねちゃんが一緒なんだもんね。\nアタシ達は自由に演奏するってところをがんばらないと！",
                "うん！　やっぱり、えむちゃんが言ってたとおり、\n演奏にも感情こめるのって大事なんだね",
                "（えむちゃんとこはねちゃんの歌、すごい！\nがんばって練習してきたんだねー！）",
                "（よーし、アタシもがんばらないと♪\nせっかくえむちゃんとこはねちゃんが\n歌に気持ちをこめてくれてるんだから！）"
            ]
        },
        {
            "fileName": "event_30_06",
            "talks": [
                "あっ！　ほなちゃん、えむちゃん、危ない！",
                "アタシも！　えむちゃん、一緒に考えよう！",
                "ん？　どうしたの、えむちゃん",
                "えむちゃん、先生達の許可取れたよ！"
            ]
        },
        {
            "fileName": "event_30_07",
            "talks": [
                "ハローエブリワン♪\n咲希とえむのマジックショーにようこそ！",
                "さあ、それではいよいよ、\nマジシャンえむの登場でーす！"
            ]
        },
        {
            "fileName": "002006_saki01",
            "talks": [
                "けどそれができたのは、はるかちゃんや\nえむちゃんが、一緒にがんばってくれたおかげなの！",
                "でもそのためには……はるかちゃんやえむちゃんに\n頼っちゃうこととかもあるかもしれなくて……",
                "えむちゃん……"
            ]
        },
        {
            "fileName": "002012_saki02",
            "talks": [
                "あれ、えむちゃん。どうかしたの？"
            ]
        },
        {
            "fileName": "006005_haruka01",
            "talks": [
                "はるかちゃんやえむちゃんと一緒に実行委員できて、\n最っ高な、青春の１ページができたんだもん！",
                "わあ！　このあいだのえむちゃんみたいな\nすごい勝負だったんだね！"
            ]
        },
        {
            "fileName": "006012_haruka01",
            "talks": [
                "まだ絶賛お祝い中だから、\nえむちゃんも一緒にお祝いしよーよっ♪"
            ]
        },
        {
            "fileName": "009010_kohane01",
            "talks": [
                "ありがとう、えむちゃん！\nよーし！　シーグラスはっと……"
            ]
        },
        {
            "fileName": "areatalk_ev_shuffle_03_011",
            "talks": [
                "ねえねえ、えむちゃん。\nわんだほいポーズってどうやってやるの？"
            ]
        },
        {
            "fileName": "areatalk_ev_shuffle_10_002",
            "talks": [
                "おお～、ここがえむちゃんが大好きなたい焼き屋さんなんだね！"
            ]
        }
    ]
}