{
    "mainStory": 3,
    "eventStory": 4,
    "cardStory": 1,
    "areaTalk": 0,
    "talkPacks": [
        {
            "fileName": "nightcode_01_06",
            "talks": [
                "あ、じゃあボク、これからリアルで会うときは\nKのこと奏って呼ぼうっと♪\nボクのことも瑞希って呼んでねっ！",
                "別に、みんなで名前で呼べばいいだけじゃん。\nちなみに、ボクの名前は暁山瑞希！\nよろしくね、奏ー♪　で、えななんは？"
            ]
        },
        {
            "fileName": "nightcode_01_20",
            "talks": [
                "それじゃあまずは、自己紹介タイムからいってみよ〜！\nボクは暁山瑞希だよ♪　瑞希って呼んでね！\nはい、次えななん！"
            ]
        },
        {
            "fileName": "event_07_01",
            "talks": [
                "初めまして〜。ボクは暁山瑞希だよ。\nよろしくね、こはねちゃん！"
            ]
        },
        {
            "fileName": "event_07_03",
            "talks": [
                "あ、ボクは１年Ａ組の暁山瑞希！\n絵名とは……まぁ、それなりに深い仲って感じ？"
            ]
        },
        {
            "fileName": "event_19_02",
            "talks": [
                "ボクは暁山瑞希！\nで、左から奏とまふゆと絵名！　よろしくね、メイコ！"
            ]
        },
        {
            "fileName": "event_36_10",
            "talks": [
                "あっ！　ハイハイ、ハーイ！\nボクは暁山瑞希！\nみのりちゃん、よろしくね！"
            ]
        },
        {
            "fileName": "020011_mizuki01",
            "talks": [
                "はーい、瑞希です♪\n先生、どうしたんですか？"
            ]
        }
    ]
}