{
    "mainStory": 4,
    "eventStory": 0,
    "cardStory": 8,
    "areaTalk": 8,
    "talkPacks": [
        {
            "fileName": "mmj_01_16",
            "talks": [
                "大丈夫！　みのりちゃんは遥ちゃんがだーい好きでしょ？\nだからきっとできるよ！"
            ]
        },
        {
            "fileName": "mmj_01_18",
            "talks": [
                "ほら、みのりちゃんの手をとってあげて！\nきっと大丈夫！\nわたしたちも、遥ちゃんがステージに上がるのを手伝うから！　"
            ]
        },
        {
            "fileName": "vsmmj_01_03",
            "talks": [
                "そうだね。次にここに来てくれる時は\n遥ちゃんも元気になれるといいんだけど……",
                "もしかして、愛莉ちゃんや雫ちゃんも、遥ちゃんのために\nライブをしてくれるかもしれない……ってこと？"
            ]
        },
        {
            "fileName": "005011_minori02",
            "talks": [
                "それって、遥ちゃん達に？"
            ]
        },
        {
            "fileName": "006010_haruka02",
            "talks": [
                "おかえり、遥ちゃん！"
            ]
        },
        {
            "fileName": "006012_haruka02",
            "talks": [
                "遥ちゃーん！"
            ]
        },
        {
            "fileName": "021003_miku02",
            "talks": [
                "今日はね、わたし達のお友達も来てくれてるんだよ！\nみのりちゃんと遥ちゃん！"
            ]
        },
        {
            "fileName": "022002_rin02",
            "talks": [
                "そんなことないよ！　ふたりとも、遥ちゃんと愛莉ちゃんの\nアドバイス通りにしたらできるようになってたよ！",
                "それは、遥ちゃん達の邪魔になりたくないって\n思ってたからだと思うよ",
                "きっとふたりとも、遥ちゃんと愛莉ちゃんの背中に追いつきたくて\nがんばってるんだよ！"
            ]
        },
        {
            "fileName": "022005_rin02",
            "talks": [
                "……と、遥ちゃん、みのりちゃん、雫ちゃんまで！？"
            ]
        },
        {
            "fileName": "areatalk02_283",
            "talks": [
                "うーん、遥ちゃんのダンスいいなぁって思って。\nミクちゃんと同じくらいキレがあって、かわいさもあって。\n……盗みたい！"
            ]
        },
        {
            "fileName": "areatalk02_353",
            "talks": [
                "遥ちゃん、アイドルになろうって決めてから、\n一度も練習休んだことないって本当？"
            ]
        },
        {
            "fileName": "areatalk03_073",
            "talks": [
                "やっぱり遥ちゃん、すごいなぁ。\n元トップアイドルは、伊達じゃないって感じだね！"
            ]
        },
        {
            "fileName": "areatalk03_085",
            "talks": [
                "みのりちゃんの憧れのアイドルが遥ちゃんなんだよね？\nじゃあ、遥ちゃんの憧れのアイドルは？　どんな人？",
                "そうだったんだ！\n今の遥ちゃんからは想像つかないかも！"
            ]
        },
        {
            "fileName": "areatalk03_086",
            "talks": [
                "遥ちゃん、ダンスあんなに踊ったあとなのに\n全然疲れてないね",
                "あ！　遥ちゃん、キレすごいもんね。\nでも、それでいて丁寧っていうか……"
            ]
        },
        {
            "fileName": "areatalk03_090",
            "talks": [
                "なるほど～。\n遥ちゃんは？　そういう撮影の経験ある？"
            ]
        }
    ]
}