{
    "mainStory": 47,
    "eventStory": 115,
    "cardStory": 94,
    "areaTalk": 40,
    "talkPacks": [
        {
            "fileName": "leo_01_02",
            "talks": [
                "ねぇいっちゃん！　\n一緒に、ほなちゃんとしほちゃんに会いに行かない？",
                "あ、いたいた！　しほちゃーん！",
                "……？　しほちゃん？"
            ]
        },
        {
            "fileName": "leo_01_03",
            "talks": [
                "あの時はしほちゃんがムキになって大変だったよね～。\n完璧にできるまでやる！って言って聞かないしさぁ",
                "しほちゃん、おはよーっ！"
            ]
        },
        {
            "fileName": "leo_01_04",
            "talks": [
                "って、ほなちゃんとしほちゃん！？",
                "ほら！　いっちゃんはやるって！\nだからしほちゃんとほなちゃんも、やろうよ～！"
            ]
        },
        {
            "fileName": "leo_01_05",
            "talks": [
                "しほちゃん、ほなちゃん、いっちゃん！\n……みんなでバンドやってみない！？",
                "だって、さっきのすごく楽しかったもん！\nしほちゃんは楽しくなかった？"
            ]
        },
        {
            "fileName": "leo_01_06",
            "talks": [
                "これって、しほちゃんとほなちゃんのスマホにも入ってるのかな？",
                "しほちゃんとほなちゃんにも、\nアタシ達と同じ想いがあるのかな？　それならまた……！",
                "アタシ達が始めれば、いつかほなちゃんとしほちゃんも、\n一緒にやってくれるかもしれないもんね！"
            ]
        },
        {
            "fileName": "leo_01_07",
            "talks": [
                "でも、アタシが病気で入院して戻って来たら、\nしほちゃんとほなちゃんがあんまり話してくれなくなって……",
                "しほちゃんは楽器うまいから、\nちゃんと合わせられるように、もっとうまくならないと！"
            ]
        },
        {
            "fileName": "leo_01_08",
            "talks": [
                "うん！　早く上達して、\nしほちゃんとほなちゃんにも聴いてもらいたいな〜♪",
                "でしょ？　しほちゃんはいつも全然似てないって言うけど、\n絶対似てるよね！"
            ]
        },
        {
            "fileName": "leo_01_09",
            "talks": [
                "あれ、しほちゃん！？",
                "しほちゃん久しぶり！\nあの不思議なセカイで会ったあと、全然会えてなかったよね",
                "ねえ、しほちゃんは今もベース弾いてるんだよね。\nバンドとか、入ってる？",
                "でも……アタシはもっともっと、しほちゃんと一緒にいたいよ！\n一緒にバンドもやりたい！",
                "う、ごめん……。\nでも、しほちゃんと遊びたかったんだもん……",
                "しほちゃん……"
            ]
        },
        {
            "fileName": "leo_01_10",
            "talks": [
                "ミクちゃん！　ルカさん！　お邪魔します！\nアタシ達しほちゃんとバンドを組むために、\nこの曲マスターしたいんです！",
                "はあ〜……それにしても、難しい曲だなぁ……。\nしほちゃんの選んだ曲って感じがするよ……",
                "でも、しほちゃんは全然星の名前覚えられなかったよね。\n……アタシもだけど",
                "そうだったね！\nそれでアタシとしほちゃんがあわてて星図見て、\n覚えて……懐かしいな〜……",
                "うん。しほちゃんと一緒にバンドできるように、\n最高の演奏しようね",
                "しほちゃん、今日はよろしく！"
            ]
        },
        {
            "fileName": "leo_01_11",
            "talks": [
                "オッケー！\nいっちゃん、しほちゃん、やろう！",
                "（音もピッタリ！\nこれなら、しほちゃんとまた一緒に……！）",
                "……ねえ、しほちゃん。\nアタシが入院してたあいだに、何があったの？",
                "……よかった。\nやっぱり、しほちゃんも変わってなかったんだ",
                "しほちゃん、それって……",
                "……やった！　やったぁ！\nしほちゃんとバンドできるよ、いっちゃん！"
            ]
        },
        {
            "fileName": "leo_01_13",
            "talks": [
                "中学？　しほちゃん、ほなちゃんに何があったか知ってるの？",
                "しほちゃんの大事な帽子が川に飛んじゃった時とか、\n服びしょびしょになるのに、すぐ取りに行ってたし！"
            ]
        },
        {
            "fileName": "leo_01_15",
            "talks": [
                "アタシも部活行かなきゃ！\nしほちゃん、今日はフリー？"
            ]
        },
        {
            "fileName": "leo_01_16",
            "talks": [
                "えっ！　しほちゃんがほめるなんて……！",
                "アタシもしほちゃんにほめられたいっ！\nルカさん、今のところもう一度やってみるから\n見てもらっていい？",
                "しほちゃん、ちょっとずつ\n前のしほちゃんに戻ってきてる気がするね",
                "あと、よくアタシとしほちゃんのケンカを止めてくれたよねー"
            ]
        },
        {
            "fileName": "leo_01_19",
            "talks": [
                "あー、しほちゃんが圧力かけてるー！"
            ]
        },
        {
            "fileName": "leo_01_20",
            "talks": [
                "うっ。しほちゃん、現実に戻りすぎだよ〜！",
                "あ、いいね！　しほちゃんってばロマンチスト♪"
            ]
        },
        {
            "fileName": "vsleo_01_03",
            "talks": [
                "ちょっ、しほちゃん言い方ヒドくない～！？"
            ]
        },
        {
            "fileName": "vsleo_01_04",
            "talks": [
                "しほちゃん、早速すぎるってば～",
                "よーし、じゃあすぐ作曲しなくっちゃ！\nほなちゃんとしほちゃんも手伝ってくれる？"
            ]
        },
        {
            "fileName": "event_01_01",
            "talks": [
                "あ、しほちゃん！\nそれじゃあしほちゃんにも、お疲れさまのハグを……もがっ！"
            ]
        },
        {
            "fileName": "event_01_02",
            "talks": [
                "ほなちゃんとしほちゃんの都合があわなかったのは\n残念だけど……"
            ]
        },
        {
            "fileName": "event_01_03",
            "talks": [
                "ほ、ほなちゃ～ん。\nしほちゃんが……しほちゃんが～",
                "しほちゃん……ダメ？",
                "しほちゃん……！\nありがとう～！！",
                "しほちゃん、そろそろ練習しよ～！",
                "しほちゃんがおごり！？\nそれなら絶対成功させなくっちゃ！"
            ]
        },
        {
            "fileName": "event_01_05",
            "talks": [
                "え？　痛……！　腕痛いよしほちゃん！",
                "……しほちゃん",
                "しほちゃん……"
            ]
        },
        {
            "fileName": "event_01_06",
            "talks": [
                "あ、そーだ。ほなちゃんとしほちゃんにも書こうっと！\nスマホの連絡ばっかじゃ味気ないしね～",
                "ほなちゃんもしほちゃんも、忙しいみたいだね。\n最近メッセージ送っても、あんまり返事こないんだぁ",
                "ほなちゃんは書いてくれそうだけど\nしほちゃん返事書いてくれるかなー？　ふふっ"
            ]
        },
        {
            "fileName": "event_01_07",
            "talks": [
                "しほちゃんは全然悪くないよ！\nアタシが全部……"
            ]
        },
        {
            "fileName": "event_01_08",
            "talks": [
                "え～。しほちゃんスパルタ～"
            ]
        },
        {
            "fileName": "event_09_10",
            "talks": [
                "やったー！\nしほちゃんのOKが出ました！",
                "ねえ、ほなちゃんとしほちゃんも来れるよね？",
                "じゃあ、アタシはしほちゃんと\nトランプ大会の準備してるね！",
                "だってお泊り会っていったらトランプ大会でしょ？\nほらほらしほちゃん、一緒に準備しよ～！"
            ]
        },
        {
            "fileName": "event_09_11",
            "talks": [
                "あ、いたいた！\nしほちゃん、ほなちゃーん！"
            ]
        },
        {
            "fileName": "event_10_01",
            "talks": [
                "あ、しほちゃんに言われたところだよね！\nアタシもあそこやりたいな！　"
            ]
        },
        {
            "fileName": "event_10_04",
            "talks": [
                "ちょ、ちょっとしほちゃん！"
            ]
        },
        {
            "fileName": "event_10_08",
            "talks": [
                "でも、しほちゃんも、がんばって歌ってたよね！\nえら〜い！"
            ]
        },
        {
            "fileName": "event_13_02",
            "talks": [
                "あのね、しほちゃん！",
                "次の日から、アタシもいっぱい練習がんばるから！\nいつもよりもいっぱいがんばって、\nしほちゃんをびっくりさせるから！"
            ]
        },
        {
            "fileName": "event_13_03",
            "talks": [
                "しほちゃん……！"
            ]
        },
        {
            "fileName": "event_13_05",
            "talks": [
                "わ、ほんと！？　ありがとうしほちゃん！\n楽しみだな～♪"
            ]
        },
        {
            "fileName": "event_13_08",
            "talks": [
                "はい、しほちゃんも！",
                "あ、しほちゃん！　何か落ちたよ？",
                "しほちゃん、また明日！"
            ]
        },
        {
            "fileName": "event_16_07",
            "talks": [
                "あっ、ねぇねぇしほちゃん！\nそっちの準備は大丈夫？",
                "わ～、すっごく美味しそう！\nありがとう、しほちゃん！"
            ]
        },
        {
            "fileName": "event_18_01",
            "talks": [
                "ね、しほちゃん！"
            ]
        },
        {
            "fileName": "event_18_07",
            "talks": [
                "ミクちゃん！　ルカさん！　お邪魔します！\nアタシ達しほちゃんとバンドを組むために、\nこの曲マスターしたいんです！"
            ]
        },
        {
            "fileName": "event_20_01",
            "talks": [
                "えへへ、しほちゃんにたっぷり\nしごかれてましたから♪",
                "あ、しほちゃん！",
                "しほちゃん、考えたいことってなんだろ……？",
                "アタシ達がぐんぐんうまくなってたら、\nしほちゃんもライブしたい！って思うかもしれないし♪",
                "あ！　それなら、しほちゃんのバイト先の\nライブハウスに行かないっ？"
            ]
        },
        {
            "fileName": "event_20_02",
            "talks": [
                "アタシ達も、しほちゃんとのライブに活かせるように\nバッチリ聴いとかなきゃね！",
                "ねえねえいっちゃん、ほなちゃん！\nベース弾いてるのって、しほちゃんじゃない！？",
                "……って、しほちゃんなら\n『今からMCの話なんて気が早い。もっと練習でしょ』\nとか言いそう！",
                "……ていうか、しほちゃん遅いね？\nもうそろそろバイトが終わる時間だと思うんだけど——",
                "あれって、しほちゃんの声？\nでも、なんだか雰囲気が……",
                "しほちゃん……？"
            ]
        },
        {
            "fileName": "event_20_03",
            "talks": [
                "で、でも！　アタシ達だってライブするようになれば、\nもっとしほちゃんのかっこいいところを見せられるし！",
                "しほちゃんも、アタシ達とバンドして\n楽しいって思ってくれてるし……！",
                "そうだよね、しほちゃん！",
                "しほちゃんと一緒に、バンドしたい。\nこれから先も、ずっと一緒に……！",
                "しほちゃんと一緒にいたいのに、\n覚悟できるよって、言えなかった……"
            ]
        },
        {
            "fileName": "event_20_05",
            "talks": [
                "しほちゃん……",
                "しほちゃんと一緒に、バンドがしたい。\n他のバンドにいってほしくない……！",
                "……もし、志歩ちゃんの夢の邪魔になっちゃうなら——",
                "……しほちゃん、このバンドに入って\nデビューしちゃうかもしれないんだよね"
            ]
        },
        {
            "fileName": "event_20_06",
            "talks": [
                "……しほちゃん……",
                "（しほちゃん、アタシがやりたいことがたくさんあるから、\nあんな風に言ったのかな……）"
            ]
        },
        {
            "fileName": "event_20_07",
            "talks": [
                "あ、あのね、志歩ちゃん……！",
                "アタシ、すっごくたくさん考えたんだけど……。\nやっぱり、志歩ちゃんとバンドがしたいの！",
                "志歩ちゃんの練習、すっごく厳しいし、\n遊ぶ時間も減っちゃうかもしれないし",
                "でも、志歩ちゃんと一緒にバンドがしたいの！",
                "しほちゃん……！",
                "でも、バンド組んでからはしほちゃんが教えてくれたから、\nもう今はバッチリ！　楽譜見ないでも弾けちゃうもん！"
            ]
        },
        {
            "fileName": "event_20_08",
            "talks": [
                "（志歩ちゃんと——、みんなと一緒にこの１曲をやりきって、\nアタシの想いを伝えたい！）",
                "えへへ。ちょっと間違っちゃったけど……。\nでも、しほちゃんと一緒に演奏できて楽しかった！",
                "わーっ！\nしほちゃんのスパルタ練習だ～！",
                "オリジナル曲かぁ……！\nしほちゃんとなら、いくらでも考えられそう！"
            ]
        },
        {
            "fileName": "event_27_01",
            "talks": [
                "えっと……それって、アタシがうまくなってるってこと？\nやったー！　しほちゃん大好きーっ！",
                "え～！　だってだって、\nしほちゃんが褒めてくれて嬉しいんだもーん♪",
                "ふむふむ……。\nさすがしほちゃん、詳しいね！",
                "アタシも！\n絶対しほちゃんと一緒にやるんだ！って思ったら、\n緊張する気持ちも吹き飛んじゃった",
                "わ～っ！　さすがしほちゃん♪\nありがとう！",
                "あ、しほちゃんも言ってたよね。\nオリジナル曲が必要だって！",
                "え？　でも、しほちゃんがいるなら大丈夫じゃない？\nバンド歴だって長いし……"
            ]
        },
        {
            "fileName": "event_27_02",
            "talks": [
                "しほちゃん……！"
            ]
        },
        {
            "fileName": "event_27_03",
            "talks": [
                "あっ！　しほちゃん！\nしほちゃんも買い物？",
                "あっ、ねえねえ！\nしほちゃんの好きなバンドで、おすすめのアルバムってある？",
                "じゃあ、これも買っちゃおっと！\nしほちゃんがそこまで推す曲、聴いてみたいもん♪",
                "ごめんね、しほちゃん！\nまた明日学校でねー！"
            ]
        },
        {
            "fileName": "event_27_04",
            "talks": [
                "はっ、忘れてた！\nありがとう、しほちゃん！"
            ]
        },
        {
            "fileName": "event_27_05",
            "talks": [
                "ねえ、しほちゃん！\nいっちゃん、委員会でちょっと遅れるらしいから\nアタシ達は先に——",
                "しほちゃん……",
                "……そうだね。\nアタシ、志歩ちゃんの言うとおり、また焦っちゃってたのかも",
                "えへへ、ありがとうしほちゃん"
            ]
        },
        {
            "fileName": "event_27_06",
            "talks": [
                "（しほちゃんに、あんなこと言っちゃったけど……。\nやっぱり今のアタシには難しいのかな……）"
            ]
        },
        {
            "fileName": "event_27_07",
            "talks": [
                "（でも……みんなでしほちゃんに想いを伝えなきゃって、\n必死だった）",
                "あ、しほちゃん！　珍しいね～。\nうちのクラスまで来るなんて！",
                "……うん！\nアタシもしほちゃんと食べたい！　いこいこ！",
                "……ねえ、志歩ちゃん",
                "志歩ちゃんは、誰かの心に響く演奏をしたいって\n言ってたよね？",
                "……しほちゃん……",
                "（しほちゃんがそう言ってくれるのは嬉しい、けど）",
                "ありがとう！　ありがとう、しほちゃん！\nアタシ、自分の伝えたい想い、わかったよー！",
                "でもね、しほちゃんが言ってくれたの！"
            ]
        },
        {
            "fileName": "event_27_08",
            "talks": [
                "しほちゃん……！"
            ]
        },
        {
            "fileName": "event_30_02",
            "talks": [
                "そうだよー♪\n今はみんなでプロを目指してがんばってるの！\n練習の時、しほちゃんに怒られてばっかりだけどね"
            ]
        },
        {
            "fileName": "event_30_05",
            "talks": [
                "え、そうだったの？\nしほちゃん、なんて言ってた？",
                "そっか、しほちゃん、そんなこと言ってたんだ"
            ]
        },
        {
            "fileName": "event_30_06",
            "talks": [
                "あ、しほちゃん！",
                "わあ、ありがとう、しほちゃん！"
            ]
        },
        {
            "fileName": "event_30_07",
            "talks": [
                "あと、しほちゃんも協力してくれたんだ～！"
            ]
        },
        {
            "fileName": "event_30_08",
            "talks": [
                "えー、そんなことないよー！！\nしほちゃんのいじわる！"
            ]
        },
        {
            "fileName": "event_33_04",
            "talks": [
                "や、やったー！\nルカさん、しほちゃんに褒めてもらえたよー！",
                "ね、しほちゃん！\nしずく先輩とお月見したほうがいいよ！",
                "うんうん！\nしずく先輩、しほちゃんのこと大好きなのに、\nいつもアタシ達がひとりじめしちゃってるもんね",
                "それじゃあ、しほちゃん！\nまた明日ね！"
            ]
        },
        {
            "fileName": "event_34_01",
            "talks": [
                "しほちゃん、ありがと～！",
                "ホントはしほちゃんが言うように、\nお客さんの心に響くような曲を作ったほうが\nいいんだろうなって思ったんだけど……"
            ]
        },
        {
            "fileName": "event_34_03",
            "talks": [
                "しほちゃん……！"
            ]
        },
        {
            "fileName": "event_34_07",
            "talks": [
                "（Leo/needが歌うならこの曲だって、\n志歩ちゃんも言ってくれてたもん！）"
            ]
        },
        {
            "fileName": "event_34_08",
            "talks": [
                "そんな～！　しほちゃんのオニ！　アクマ！\n極悪スパルタ教師～！",
                "……はっ！　う、ウソウソ！\nじょーだんです！\nお願いしますっ、しほちゃん先生～！"
            ]
        },
        {
            "fileName": "event_36_07",
            "talks": [
                "じゃあ……しほちゃんがいいと思う！",
                "ううん、アタシよりもしほちゃんのほうがいいよ！",
                "だってしほちゃん、\nライブの経験もいっぱいあるし、\nいつも頼りになるもん！",
                "だから、しほちゃんに励まされたら、\nいっちゃんもがんばろ～！ってなると思うの！"
            ]
        },
        {
            "fileName": "001001_ichika01",
            "talks": [
                "でも、そのアサガオの種で、\nほなちゃんやしほちゃんと一緒に\nうちにアサガオの庭を作ったよね",
                "……うん！　とにかくやってみないとだよね！\nというわけで、放課後、\nほなちゃんとしほちゃんに声かけてみない？"
            ]
        },
        {
            "fileName": "001003_ichika01",
            "talks": [
                "……本当に、良かったよね。\nしほちゃんがどうしてアタシ達と\n距離置いてたのか、ちゃんとわかって",
                "でもさ、いっちゃんが『やろう』って\n返事してくれてなかったら、それこそしほちゃんと\nまた一緒に、なんて夢のまた夢だったよ？",
                "そんな場所で、ついさっきまで\nしほちゃんとも一緒にバンド練習だよ？"
            ]
        },
        {
            "fileName": "001004_ichika01",
            "talks": [
                "もー、しほちゃんそこまでー！\nアタシはおやつ楽しみにしてるね、ほなちゃん！\nそれじゃ、また明日ね～"
            ]
        },
        {
            "fileName": "001005_ichika02",
            "talks": [
                "だって、ずっと楽しみにしてたんだもん♪\nほなちゃんやしほちゃんは行ったことあるんだよね？"
            ]
        },
        {
            "fileName": "001007_ichika01",
            "talks": [
                "き、聞いた！？　いっちゃん、しほちゃん！\nキレイな桜を満喫するだけじゃなくって、\nほなちゃんのお弁当まで食べられるかも！？",
                "行こうよ、しほちゃん！\nちょうど今度の休みは、バンド練習午前中だけだし！",
                "ねえ、しほちゃん！　その日、練習が終わって、\n雨じゃなかったらそのままお花見するっていうのはどう？"
            ]
        },
        {
            "fileName": "001007_ichika02",
            "talks": [
                "あっ！　梅干しだったら、\nしほちゃんのすっぱい顔が見られちゃうね！",
                "食後の運動だよ！\nさっ、しほちゃんも立って立って！",
                "えへへ♪　だって、妨害ありってしほちゃんが言ったんだよ？"
            ]
        },
        {
            "fileName": "001008_ichika01",
            "talks": [
                "しほちゃんにちゃんと伝えなくちゃって思ったら、\nいても立ってもいられなくって、来ちゃった"
            ]
        },
        {
            "fileName": "002003_saki01",
            "talks": [
                "でも……なんていうか、しほちゃんもほなちゃんも、\nどこかよそよそしいっていうか"
            ]
        },
        {
            "fileName": "002003_saki02",
            "talks": [
                "ちょっ、しほちゃんなんてことをっ！",
                "ほなちゃーん、しほちゃんが意地悪するよ～"
            ]
        },
        {
            "fileName": "002005_saki01",
            "talks": [
                "えへへ。ありがとう、しほちゃん！　だーいすきっ♪"
            ]
        },
        {
            "fileName": "002005_saki02",
            "talks": [
                "ふふ。しほちゃん好きだよね～、フェニラン♪",
                "いっちゃん、ほなちゃん、しほちゃん……！",
                "いっちゃん、ほなちゃん、しほちゃん"
            ]
        },
        {
            "fileName": "002006_saki02",
            "talks": [
                "しほちゃん、みのりちゃん、\n時間作ってくれてありがとう！",
                "しほちゃんならいい反応をしてくれると思って、\nバッチリ構えていたのだよ"
            ]
        },
        {
            "fileName": "002007_saki01",
            "talks": [
                "もう、しほちゃん、いっちゃん！　めっ！"
            ]
        },
        {
            "fileName": "002007_saki02",
            "talks": [
                "ちょっとしほちゃん、\nアタシのことバカにしてるー？",
                "ええー！\nほなちゃーん、いっちゃんとしほちゃんがいじめる～！",
                "えー、しほちゃんこそー！"
            ]
        },
        {
            "fileName": "002008_saki01",
            "talks": [
                "あ、しほちゃん！　こっちこっち！",
                "しほちゃんだって、\n心配だからクラス抜けてきてくれたんでしょ？",
                "おやおや～？　『バシッと言っちゃえ！』って、\nこぶしを握って応援してたのはどこのしほちゃんかなー？"
            ]
        },
        {
            "fileName": "002008_saki02",
            "talks": [
                "ホントだ！　しほちゃんみっけ！\nちゃんと歌ってるっぽいね",
                "あ……。えへへ、さすがほなちゃん。正解！\nでもきっと、いっちゃんやしほちゃんも気づいてたよね"
            ]
        },
        {
            "fileName": "002009_saki01",
            "talks": [
                "ねえねえ、しほちゃんも一緒にお祝いしてくれるよね？",
                "もちろん！　だってしほちゃんとも\n一緒にひな祭りパーティーしたいし！"
            ]
        },
        {
            "fileName": "002010_saki01",
            "talks": [
                "（ライブにヘルプで出たりするしほちゃんは\nもういっぱいお客さんの前で演奏してるよね）"
            ]
        },
        {
            "fileName": "002010_saki02",
            "talks": [
                "あははっ。あ、そうだ！\nアタシ、最初はしほちゃんが育ててる\nうさぎさんにしようかなあ",
                "あ、そうだ！　いっちゃん、\nほなちゃんとしほちゃんにあれ見せてあげてよ！",
                "あとね！　この、スン……って顔したうさぎさんが、\nしほちゃんそっくりでね！",
                "え～。ほなちゃーん、しほちゃんが冷たいよ～",
                "いっちゃん、ほなちゃん、しほちゃん！"
            ]
        },
        {
            "fileName": "002011_saki01",
            "talks": [
                "（今できることに挑戦したいって\nしほちゃんには言ったけど……やっぱり作曲って難しい）",
                "（きっと志歩ちゃんは、わかってたんだ。\nみんなが、こういう想いをするっていうこと……）",
                "アタシ、すっごくたくさん考えたんだけど……。\nやっぱり、志歩ちゃんとバンドがしたいの！",
                "（それでも、志歩ちゃんと一緒にプロを目指すって\n決めたんだから！）"
            ]
        },
        {
            "fileName": "002011_saki02",
            "talks": [
                "えーっと……あ、しほちゃん見～つけた！",
                "だから、今度はアタシから\nしほちゃんを誘いに来ました♪",
                "しほちゃんも、今日お弁当だったんだね！",
                "そうなんだ！\n……ところで、しほちゃん",
                "ねえ、志歩ちゃん",
                "志歩ちゃんがアタシを心配してくれてたの\nわかってたけど……。\nあの時は、どうしてもがんばりたくって……",
                "えっ！？　なんでしほちゃんが謝るの！？",
                "しほちゃん……",
                "ううん。しほちゃんが心配しちゃうのも無理ないよ。\nだってアタシ、体調崩して倒れるっていうのだけでも\n２回も前科あるし……",
                "あ、しほちゃん今笑ったでしょ",
                "とにかく、しほちゃんを心配させちゃったことは\nすっごく反省してます",
                "だから……あの、一緒にお昼を食べた時、\nしほちゃん言ってくれたよね——",
                "それと、しほちゃんが言ってた『覚悟』のことも\n改めていろいろ考えたんだ",
                "しほちゃんほどじゃないと思うけど……アタシなりに、\nもっともっと音楽と向きあおうって思ってるよ",
                "それにしても、やっぱりしほちゃんはすごいね！\n覚悟があるかって聞いたのだって、\nちゃんと先のことが見えてるって感じだったし",
                "ねえねえしほちゃん、\nこのカボチャコロッケと交換ならどう！？",
                "しほちゃん……",
                "やったぁ！　しほちゃん、ありがとう！"
            ]
        },
        {
            "fileName": "002012_saki01",
            "talks": [
                "もちろん、明日！\nねっ、しほちゃん♪",
                "歯ブラシと歯磨き粉のことすっかり忘れてた！\nありがとう、しほちゃん！"
            ]
        },
        {
            "fileName": "002013_saki01",
            "talks": [
                "しほちゃん達も、アタシが作曲している時\nこんな気持ちだったのかな"
            ]
        },
        {
            "fileName": "003003_honami02",
            "talks": [
                "しほちゃん、しーっ！"
            ]
        },
        {
            "fileName": "003005_honami01",
            "talks": [
                "あ、今日のお昼、よかったら一緒に食べよう。\nいっちゃんやしほちゃんも誘って！"
            ]
        },
        {
            "fileName": "003005_honami02",
            "talks": [
                "それはもちろん、しほちゃんとほなちゃんのクラスの子！"
            ]
        },
        {
            "fileName": "003008_honami02",
            "talks": [
                "ほなちゃん。今日、いっちゃんもしほちゃんもバイトだし、\nふたりで一緒に帰ろ～♪"
            ]
        },
        {
            "fileName": "003009_honami02",
            "talks": [
                "しほちゃん、ほなちゃん！　おまたせー！"
            ]
        },
        {
            "fileName": "003012_honami01",
            "talks": [
                "アタシも、リンちゃんやしほちゃんにヒントをもらうまで\nいろいろ迷ったりしたしなぁ"
            ]
        },
        {
            "fileName": "004002_shiho02",
            "talks": [
                "ありがとう、しほちゃーん！",
                "でも、しほちゃんもノリノリじゃん！\n今日バイトじゃないのに、帰りに話しに行ってくれるんでしょ？",
                "ねえねえ、しほちゃんはステージで弾いたことあるんだよね？\nどんな感じなの？",
                "ははー！　感謝します、しほちゃんさまー！\nタピオカそなえさせていただきますー！"
            ]
        },
        {
            "fileName": "004005_shiho01",
            "talks": [
                "ミクちゃん、ルカさん、こんにちはー！\nあっ、しほちゃん？",
                "志歩ちゃん、何か隠してるでしょ？",
                "ええ～！　待ってよしほちゃ～ん！"
            ]
        },
        {
            "fileName": "004007_shiho02",
            "talks": [
                "おおー！　それで今日のいっちゃんは\nいきいきキラキラしてたんだね！　ねっ、しほちゃん！",
                "しほちゃん、大丈夫？\nなんだか元気ないみたいだけど……",
                "しほちゃん、お願いっ！\n教科書貸して！",
                "ありがとう、しほちゃ～ん！\n神様だよー！",
                "しほちゃーん！　教科書、ありがとう！",
                "はーい！　アタシ、次体育だから行くね！\nまた放課後ね、しほちゃ～ん！",
                "『しほちゃんへ♪\nこのあいだ、みんなでフェニラン行ったの、\nす～～～っごく楽しかったね♪』"
            ]
        },
        {
            "fileName": "004009_shiho02",
            "talks": [
                "ありがとう！　ありがとう、しほちゃん！\nアタシ、自分の伝えたい想い、わかったよー！",
                "そんなー！　待ってよ、しほちゃーん！"
            ]
        },
        {
            "fileName": "004010_shiho01",
            "talks": [
                "そういえば、しほちゃんもひとりで黙々と作ってたよね。\nたしか……ライブ中のバンドの絵！",
                "でも、すっごく細かいところまで描いて、\nそういうところ、しほちゃんらしいな～って思った！"
            ]
        },
        {
            "fileName": "013008_tsukasa02",
            "talks": [
                "それに、遊んだ分しっかり練習するって、\nしほちゃんとも約束したしね！"
            ]
        },
        {
            "fileName": "022009_rin02",
            "talks": [
                "あ、いっちゃん！\nそれにほなちゃん、しほちゃんもいる！　やっほー♪"
            ]
        },
        {
            "fileName": "024001_luka02",
            "talks": [
                "……あ、しほちゃんだ！"
            ]
        },
        {
            "fileName": "024006_luka01",
            "talks": [
                "ということは……しほちゃんが一番で、\nその次がアタシとほなちゃんで、次がいっちゃんだね",
                "しほちゃん！　おみくじ結びに行こっ！\nそれから、絵馬も書きに行こうよ！"
            ]
        },
        {
            "fileName": "areatalk02_109",
            "talks": [
                "じゃあ、食べながら考えてみようよ。\nそれで、こっそり練習して、\nいっちゃんとしほちゃんに披露しちゃおっ！"
            ]
        },
        {
            "fileName": "areatalk02_111",
            "talks": [
                "しほちゃんって、ロックバンド以外の曲も聴いたりするの？"
            ]
        },
        {
            "fileName": "areatalk02_122",
            "talks": [
                "しほちゃんの字、きれいだよね。\nどうしたらそんなにきれいに書けるのかなぁ"
            ]
        },
        {
            "fileName": "areatalk02_123",
            "talks": [
                "しほちゃんってフリフリの服とか着たりしないの？\nほら、あのふわっとしたスカートとか、似合いそうなのに"
            ]
        },
        {
            "fileName": "areatalk02_246",
            "talks": [
                "そう？　でも、アタシがしほちゃんだって思ったんだから、\nしほちゃんでいーの♪"
            ]
        },
        {
            "fileName": "areatalk02_256",
            "talks": [
                "しほちゃん見て！\n『これであなたもキーボードマスター！』だって！"
            ]
        },
        {
            "fileName": "areatalk02_257",
            "talks": [
                "ふふ。しほちゃんは憧れてるベーシストさんいるもんね"
            ]
        },
        {
            "fileName": "areatalk03_006",
            "talks": [
                "いっちゃん、しほちゃん！　\n今日の放課後、ちょっと寄り道していかない？",
                "ありがとう、しほちゃん！\nお店のぞいた後は、めちゃくちゃがんばるから！"
            ]
        },
        {
            "fileName": "areatalk03_009",
            "talks": [
                "えー！　そういうしほちゃんだって、\nミクちゃんやルカさんとセッションしてる時、\n表情キラキラしてたよ。ね、いっちゃん！"
            ]
        },
        {
            "fileName": "areatalk03_021",
            "talks": [
                "ううん。これはしほちゃんに借りた雑誌なの",
                "じゃあ、３人で読もうよ！\nこれ、しほちゃんのだからしほちゃんを真ん中にして……！"
            ]
        },
        {
            "fileName": "areatalk03_023",
            "talks": [
                "ほなちゃんのクラスもあったんだ！？\nじゃあ、しほちゃんのクラスも？"
            ]
        },
        {
            "fileName": "areatalk03_024",
            "talks": [
                "あっ、しほちゃん、いいなぁ。\nアタシも久しぶりにしばおをなでたい！"
            ]
        },
        {
            "fileName": "areatalk03_028",
            "talks": [
                "ルカさん、しほちゃんの代わりに、\nベースお願いしてもいいですか？"
            ]
        },
        {
            "fileName": "areatalk03_029",
            "talks": [
                "うーん……しほちゃん、ルカさん。\nさっきの８分裏、どうだった？"
            ]
        },
        {
            "fileName": "areatalk03_031",
            "talks": [
                "んー、でもしほちゃんの場合、\n『自分の目標なんだから、自分で見つけたら？』\nって言いそう"
            ]
        },
        {
            "fileName": "areatalk03_038",
            "talks": [
                "ねえねえ、しほちゃん。ギターのアンプについてる\nこのつまみは何に使うか知ってる？",
                "しほちゃんだけじゃなくて、\nほなちゃんも知ってるんだ！？"
            ]
        },
        {
            "fileName": "areatalk03_046",
            "talks": [
                "うん、これこれ！　しほちゃん、すごいね。\nアーティストさんの名前見ただけなのに、\nまっすぐCDがある場所に案内できちゃうなんて！",
                "そうなんだ！　ちなみに、\nしほちゃんのオススメのコーナーとかあったりする？"
            ]
        },
        {
            "fileName": "areatalk03_047",
            "talks": [
                "しほちゃんのお母さんってお琴の先生なんだよね。\n琴は弾ける？　ベースを好きになる前に触ってたとか"
            ]
        },
        {
            "fileName": "areatalk03_049",
            "talks": [
                "しほちゃん、しずく先輩が探してたよ",
                "さっきも、しほちゃんと話したくて\nうずうずしてるって感じだったよ"
            ]
        },
        {
            "fileName": "areatalk03_050",
            "talks": [
                "みのりちゃんから聞いたの！\nしほちゃんともうひとりの友達と一緒に、\nロックバンドのライブに行ったことがあるって！"
            ]
        },
        {
            "fileName": "areatalk03_058",
            "talks": [
                "気分転換か。んー、何しよう？\nしほちゃん、何かいい案ある？　"
            ]
        },
        {
            "fileName": "areatalk04_001",
            "talks": [
                "ほなちゃんありがとう！\nそれに、しほちゃんも！"
            ]
        },
        {
            "fileName": "areatalk_ev_band_02_007",
            "talks": [
                "あ。実はしほちゃんのことも、\n昔は別の呼びかたしてたんですよ",
                "しぃちゃんです！　しほちゃんのお姉さんも\nそう呼んでるのでマネしたんですけど……",
                "ですよね！　うーん。しほちゃんのお姉さんみたいに、\nあきらめずに呼び続けてたらよかったのかなぁ"
            ]
        },
        {
            "fileName": "areatalk_ev_band_03_002",
            "talks": [
                "ねえねえ、しほちゃん！\nスーパームーンとかブルームーンの話をしたこと覚えてる？",
                "しほちゃん、『月は星じゃない』って言ったよね",
                "ふっふっふっ。しほちゃん、月は地球の“衛星”だから、\n広い意味ではちゃ～んとお星さまなんだよ！"
            ]
        },
        {
            "fileName": "areatalk_ev_band_03_005",
            "talks": [
                "見て見て！　しほちゃんがやってる育成アプリ、\nアタシも始めてみたの！",
                "うん！　ねえ、しほちゃん、\nなつき度上げるコツとかあったら教えて！"
            ]
        },
        {
            "fileName": "areatalk_ev_band_05_004",
            "talks": [
                "しほちゃん、どうかな？\nあ、ピンク色もあるし、全員おそろいの色もかわいいかも♪"
            ]
        },
        {
            "fileName": "areatalk_ev_shuffle_01_001",
            "talks": [
                "そんなことないよ。好きになるきっかけは\n人それぞれって、しほちゃんも言ってたし"
            ]
        },
        {
            "fileName": "areatalk_ev_shuffle_11_004",
            "talks": [
                "しほちゃんってときどき\nアタシ達が誰も知らないアイドルのこと\n知ってたりするよね！",
                "そうなんですね！　それでしほちゃん、\nアイドルにもちょっと詳しかったんだ！"
            ]
        },
        {
            "fileName": "areatalk_ev_shuffle_12_005",
            "talks": [
                "もー、しほちゃんが協力してくれたら、\nいたずら成功したのにー"
            ]
        }
    ]
}