{
    "mainStory": 67,
    "eventStory": 135,
    "cardStory": 81,
    "areaTalk": 20,
    "talkPacks": [
        {
            "fileName": "nightcode_01_00",
            "talks": [
                "……DM？　雪から？",
                "『うん。でも、雪も珍しく遅いね』",
                "ダメだ。全然思い出せない。\nでも、たしか曲を作ってて、そしたら雪から……",
                "そうだ。\nわたし、雪とDMしてたんだ"
            ]
        },
        {
            "fileName": "nightcode_01_01",
            "talks": [
                "……雪、帰ってきたんだ",
                "『わたしはさっき言った通り、新曲のラフが終わったところ。\n雪も聴いてくれる？　意見が欲しいの』"
            ]
        },
        {
            "fileName": "nightcode_01_03",
            "talks": [
                "『ねえ、雪』",
                "『この曲——雪が作ったんじゃない？』",
                "『昔、雪が作った曲に似てる』",
                "『……たしかに、歌詞の書き方は全然雪と違う……。でも……』",
                "『雪……じゃないの？』",
                "『あれは……。雪の曲を聴いて、\nすぐ連絡しなきゃって、急いでアカウントを作って……』",
                "『……ねえ、雪は、なんで一緒にやろうって思ってくれたの？』"
            ]
        },
        {
            "fileName": "nightcode_01_05",
            "talks": [
                "『この曲——雪が作ったんじゃない？』",
                "『うん。……あれ？　雪は？』",
                "『雪……』"
            ]
        },
        {
            "fileName": "nightcode_01_06",
            "talks": [
                "その声……雪？"
            ]
        },
        {
            "fileName": "nightcode_01_07",
            "talks": [
                "……雪",
                "……雪",
                "じゃあ、雪は、ひとりで……、\nOWNとして曲を作っていきたいの？",
                "……雪が、OWNだよ",
                "……そうだよね、雪"
            ]
        },
        {
            "fileName": "nightcode_01_08",
            "talks": [
                "待って、雪……！"
            ]
        },
        {
            "fileName": "nightcode_01_10",
            "talks": [
                "『歌詞だけじゃない。\n雪がやってたアレンジもミックスも、わたしがやる』",
                "勝手に、自分の曲で雪を救えたって思って、\n自分も救われたような気になって……"
            ]
        },
        {
            "fileName": "nightcode_01_12",
            "talks": [
                "（お父さんを苦しめて……雪も救えなくて、\nそれでもまだ、わたしは作り続けなきゃいけないの……？）",
                "……雪",
                "だから雪も、あそこにいたんだね",
                "でも、雪を救えなかった！",
                "わたしの曲は……雪を、救えるの？",
                "今度こそちゃんと——雪を、救わなくちゃ"
            ]
        },
        {
            "fileName": "nightcode_01_15",
            "talks": [
                "『わたしは雪のために曲を作る。\n雪を……救いたいの』",
                "（急いで作らないと……。雪が、消えてしまう前に）",
                "早く、雪に届く曲を……",
                "（雪のために作っているこの曲も……\nもしかしたら、雪を余計に追い詰めるかもしれない）",
                "（雪を、わたしの曲で——今度こそ救いたい）",
                "『うん。\n——会いに行こう、雪に』"
            ]
        },
        {
            "fileName": "nightcode_01_16",
            "talks": [
                "『わたしは雪のために曲を作る。\n雪を……救いたいの』"
            ]
        },
        {
            "fileName": "nightcode_01_17",
            "talks": [
                "雪……",
                "わたしの曲じゃ足りなかったって、\n雪は言ってた",
                "だから、もう一度作ったの。\n今度こそ、ちゃんと雪を救える曲を",
                "雪",
                "お願い、雪",
                "雪、わたし達に言ったよね。\n本当は消えたいんでしょって",
                "だから……わかるよ。\n雪の気持ち",
                "雪と、少しは違うかもしれないけど",
                "雪に、わたしの曲が届いていたって知ったから",
                "だからわたしは……わたしの曲で雪を救いたい。\nまだ可能性が残されてるなら、絶対に救いたい"
            ]
        },
        {
            "fileName": "nightcode_01_18",
            "talks": [
                "……雪",
                "それでも、わたしは、雪を救いたい",
                "この曲で雪を本当に救えなかったとしても、\n救えるまで作り続ける",
                "雪が自分を見つけられるまで——ずっと作る",
                "その時は雪が、『まだ見つかってない』って言ってくれればいい",
                "だから、雪の分が増えたってなんでもないよ",
                "……雪",
                "大丈夫だよ、雪。\n絶対に、いつか救ってみせるから"
            ]
        },
        {
            "fileName": "nightcode_01_19",
            "talks": [
                "やっぱり全部、雪がいた。\n雪の音がしたよ",
                "……さあ、歌おう。雪",
                "『雪は……』"
            ]
        },
        {
            "fileName": "nightcode_01_20",
            "talks": [
                "……雪は？",
                "まふゆ……",
                "だから……雪って名前だったんだね",
                "これからもよろしく、まふゆ",
                "DM……雪……まふゆから？",
                "（……今はまだ、私の曲はまふゆにとって足りない。\nでもいつか……）",
                "『まふゆ』"
            ]
        },
        {
            "fileName": "vsnightcode_01_04",
            "talks": [
                "……とにかく、すぐにまふゆが見つかってよかった"
            ]
        },
        {
            "fileName": "event_02_01",
            "talks": [
                "この曲で雪を本当に救えなかったとしても、\n救えるまで作り続ける",
                "雪が自分を見つけられるまで――ずっと作る",
                "本当にこの曲で……雪を救えるの？",
                "『……雪は？』",
                "『……雪。いたら返事して』",
                "『……雪は、どうだった？』",
                "『雪もありがとう。\n率直に言ってくれて』",
                "（……えななんの言う通りだ。\n雪のこと、まだよくわからない）",
                "（だから雪の感じてることを、\nもっと知らなきゃいけない気がする）",
                "（そうじゃないと作れない。\n――雪を救う曲は）"
            ]
        },
        {
            "fileName": "event_02_02",
            "talks": [
                "雪を救う曲、か……"
            ]
        },
        {
            "fileName": "event_02_03",
            "talks": [
                "『わかった。\n……雪は進捗どう？』",
                "（雪の歌詞は……）",
                "（会話するよりはずっと近く感じる。\nけど、雪の心が……見えそうで見えない）",
                "（もっと雪の心に近づきたいのに……）",
                "『雪も一緒に行ってみない？』",
                "（これが、もっと雪のことを知るきっかけになったら――）"
            ]
        },
        {
            "fileName": "event_02_04",
            "talks": [
                "あ。雪……じゃなかった。\nまふゆ。こっちだよ",
                "今ちょっとだけ、まふゆの表情が変わったような気がして",
                "（……まふゆが何を感じて、何を考えてるのか、\nもっとわかったらいいのに）",
                "……まふゆは、気になったものある？",
                "まふゆ、遅いな。どうしたんだろう",
                "まふゆ……！？"
            ]
        },
        {
            "fileName": "event_02_05",
            "talks": [
                "まふゆ、顔が真っ白……！\nどうしたの？　気分が悪いの？",
                "もしかしてまふゆ……あの人形に、何か感じたの？",
                "（でも、もう少しでわかりそうなのに。\nまふゆが心を強く動かされるものがなんなのか）",
                "（結局、何もわからなかった。\nまふゆは、何か強く感じてるみたいだったのに）",
                "うん。それがわかれば、\nまふゆを救う曲を作る手がかりになるかもしれない",
                "あの時、まふゆのそばにいたミクなら、\n何かわかるかもしれないって思ったの",
                "そう。それで、まふゆがある人形を見た時に、\nすごく嫌そうな顔をしてたんだ"
            ]
        },
        {
            "fileName": "event_02_06",
            "talks": [
                "まふゆ",
                "まふゆは、今何か感じてるはずだよ。\nそれを教えて",
                "教えてよ、まふゆ",
                "『雪？　大丈夫？』",
                "『……わたしも、雪の夢に出て来たの？』",
                "『雪が何を見て、どう感じるのかわかれば、\n雪を救う曲にもっと近づけるって思ったから』",
                "（雪が、自分の感じてることを言葉にしたくても、\nできないっていうなら――）"
            ]
        },
        {
            "fileName": "event_02_07",
            "talks": [
                "『そうしたら、OWNの時みたいに、\n雪にもっと近づけるかもしれない』",
                "『雪……』",
                "（雪本人もわからないなら、\nどうしたらいいんだろう）",
                "（ミクの言う通り、雪が、あのマリオネットと自分を\n似てるって思ってるんだったら……！）",
                "『雪は人形展で、あのマリオネットを\n気持ち悪いって感じてたよね』",
                "『雪は――あのマリオネットと自分を\n重ねてたんじゃない？』",
                "『ねえ、雪。あのマリオネットを見た時のことを\n思い出して歌詞にしてみて』",
                "『雪の感じてることがわかれば、\n雪を救う曲の、手掛かりがつかめるかもしれない』",
                "『……ごめん、言い忘れてた。\n雪には、人形を見て感じたことを書いてもらってる』"
            ]
        },
        {
            "fileName": "event_02_08",
            "talks": [
                "『ねえ、雪。\nこれに曲をつけていい？』",
                "『この歌詞にぴったりの曲を作るよ、雪』",
                "『ありがとう。\n雪は――どうだった？』",
                "『ねえ、雪は前、嬉しいことも楽しいことも\n感じられない、わからないって言ったけど、\nわたしは、そんなことないと思う』",
                "『多分雪は、感じられないって思い込んでるだけ。\nそんな気がする』",
                "『……そうやって雪のことがわかれば、\n雪を救う曲にも近づける』",
                "『それに、雪の探してる本当の自分も見つけられるかもしれない』",
                "『……ふふ。\nねえ、雪』",
                "『わたし、今楽しいよ。雪は？』"
            ]
        },
        {
            "fileName": "event_09_02",
            "talks": [
                "『雪。予備校で遅れるんじゃなかったの？』"
            ]
        },
        {
            "fileName": "event_09_03",
            "talks": [
                "『雪は、どう？』"
            ]
        },
        {
            "fileName": "event_14_05",
            "talks": [
                "『前に雪がいなくなった時は、セカイに行ってた』",
                "『……雪の好きにしていいよ』",
                "……まふゆも来てくれたんだね"
            ]
        },
        {
            "fileName": "event_14_08",
            "talks": [
                "『雪はどう感じた？』"
            ]
        },
        {
            "fileName": "event_19_05",
            "talks": [
                "あれ、まふゆ……いない"
            ]
        },
        {
            "fileName": "event_19_07",
            "talks": [
                "まふゆは、今日どうだった？"
            ]
        },
        {
            "fileName": "event_19_08",
            "talks": [
                "またね、まふゆ"
            ]
        },
        {
            "fileName": "event_26_01",
            "talks": [
                "『どうかな、雪』",
                "『いくら作っても、雪に響かないと意味がない。\n雪に届くまで——何曲でも作るよ』",
                "『雪、明日の夜にはまたデモを出せるようにするから、\nもう少し待ってて』",
                "（どうしたら、まふゆを救える曲を作れるんだろう）",
                "『どうかな、雪』",
                "『雪？』",
                "（まふゆは、何かを感じていると、\n強く反応してくれる時がある）",
                "（その反応は、まふゆを救う曲を作るためのヒントになるから、\nできるだけ見逃したくない）",
                "（まふゆは、どうだろう。\n何か感じてくれてるかな）",
                "（この曲じゃまだ、まふゆに響かないから——）",
                "（今は、まふゆの考えてることや感じてることを探って、\nそれを曲に落としこんでいってる）",
                "（……でも、最近はそういう風に曲を作っても\nまふゆに響かないことが多い）",
                "（もっと、まふゆの心に響くような曲を作らなきゃ\nならないのに……）"
            ]
        },
        {
            "fileName": "event_26_02",
            "talks": [
                "『だけど、まだ雪に響くような曲は作れてないから\n……今度こそ、完成させないと』",
                "『そうだね。あの時は、雪が感じた\n言葉にできない想いを歌詞にしてもらったんだけど……』",
                "（前にセカイにいた雪のために作った曲も、\nえななんに届けようとした曲も、とにかく必死で作った）",
                "（この曲が本当にまふゆに響くのかな）"
            ]
        },
        {
            "fileName": "event_26_03",
            "talks": [
                "（まふゆを——たくさんの人を救える曲を）",
                "このままじゃまふゆに響かない。\nもっと……作らないと"
            ]
        },
        {
            "fileName": "event_26_04",
            "talks": [
                "この前みんなに聴いてもらったデモは、\nまふゆに全然響いてなかった",
                "ルカにも言われたんだ。\n『まふゆを迷路から救い出せない』って",
                "（それで、まふゆを救う曲が作れるのなら——）",
                "うん。平日だし、そんなに人もいないから。\nでも、まふゆについてのヒントはまだ掴めてないな……",
                "ああ、うん。まふゆも桜を見て笑ってたしね"
            ]
        },
        {
            "fileName": "event_26_05",
            "talks": [
                "その時、思ったの。\nわたしは早くまふゆを救える曲を作らなくちゃって"
            ]
        },
        {
            "fileName": "event_26_07",
            "talks": [
                "（まだ、まふゆを救う曲がどんなものか、\nイメージできてはいないけど）",
                "（わたしは？\nまふゆにどうなってほしい？）",
                "（わたしは……まふゆに消えてほしくないと思う）",
                "（でも、それはわたしのエゴだ。\nまふゆが消えると自分が傷つくから、そう思ってるだけ）",
                "（そうじゃなくて、\nまふゆに“どうなってほしい”のか、もっと考えなくちゃ）",
                "（まふゆが望むように、\nまふゆに“自分”を見つけてほしい……とも思う）",
                "（でも、“自分”を見つけたまふゆがどんな状態なのか\nわたしにはよくわからないから、うまくイメージできない）",
                "わたし、まふゆのこと、全然ちゃんと考えられてない……",
                "まふゆに、どこに辿り着いてほしいか……",
                "（いつか、たくさんのことを感じられるようになったまふゆに、\nあの場所にいたお母さんみたいに——）",
                "（これを聴いたら、\nまふゆはどんな顔をするんだろう）"
            ]
        },
        {
            "fileName": "event_26_08",
            "talks": [
                "まふゆに響くかどうかは、\nまだわからないけど……あ……",
                "まふゆ",
                "（まふゆの反応は……）",
                "まふゆ…………"
            ]
        },
        {
            "fileName": "event_29_02",
            "talks": [
                "わたしも、駅のほうのCDショップに行きたいんだった。\nまふゆ、途中まで一緒に——"
            ]
        },
        {
            "fileName": "event_35_01",
            "talks": [
                "うん、これであとはまふゆだけだね",
                "まふゆ……？",
                "うん。あの曲を聴いてまふゆがどう感じたのか、\nわたしも、もっと知りたいから",
                "まふゆ、どうしたの！？",
                "……話しあいは、まふゆの体調が戻ってからにしよう"
            ]
        },
        {
            "fileName": "event_35_04",
            "talks": [
                "……っ！　ま、まふゆ！",
                "まふゆ、どうしたの！？\n大丈夫……！？",
                "あ、そうか。\nまふゆ風邪ひいて……！",
                "まふゆ、家はどこ？\nお母さんとかお父さんとか、\n迎えに来てくれそうな人に連絡できる？",
                "（わたしがまふゆの家まで送るにしても、\nこの様子じゃ、道案内もできないだろうし……。\nでも、放っておくわけにも……）",
                "まふゆ。立てる？"
            ]
        },
        {
            "fileName": "event_35_05",
            "talks": [
                "……まふゆ……",
                "ええと、これくらいで大丈夫かな。\nまふゆのおでこに乗せて、と……",
                "あ、でも、今のまふゆには食べづらいかな。\nどうやって食べさせればいいんだろう",
                "あ。まふゆ、大丈夫？",
                "まふゆは、そのまま寝てて。\nわたしは氷水を替えに——",
                "……まふゆ……"
            ]
        },
        {
            "fileName": "event_35_06",
            "talks": [
                "……あ。おはよう、まふゆ。\n具合は大丈夫？",
                "あ……まふゆ、薬持ってきてたりする？\n飲むなら、お水取ってくるけど",
                "あの時のわたし達みたいに、\nまふゆにも笑ってほしいって思ったの",
                "まふゆ？　どうしたの？"
            ]
        },
        {
            "fileName": "event_35_07",
            "talks": [
                "あの時のわたし達みたいに、\nまふゆにも笑ってほしいって思ったの",
                "『雪、ちゃんと帰れた？』"
            ]
        },
        {
            "fileName": "event_35_08",
            "talks": [
                "まふゆ。体調はもう大丈夫なの？",
                "わたしも……。\nまふゆがあの曲を聴いて感じた、ありのままを知りたい",
                "わたしが曲を作れなくて悩んでいた時に、\nルカが道を示してくれなかったら、\nまふゆはこの詞を書いてなかったかもしれない",
                "雪が自分を見つけられるまで——ずっと作る"
            ]
        },
        {
            "fileName": "event_36_03",
            "talks": [
                "（あの時、ほんの少しだったけど……まふゆの表情が変わった）",
                "（まふゆのことは、まだ救えてないけど——）"
            ]
        },
        {
            "fileName": "event_36_07",
            "talks": [
                "まふゆ……？"
            ]
        },
        {
            "fileName": "017001_kanade01",
            "talks": [
                "『雪？　うん、よろしく』"
            ]
        },
        {
            "fileName": "017001_kanade02",
            "talks": [
                "『雪？　今日はだいぶ早いね』",
                "『……そんなことより雪、\n歌詞ってどれくらいできてる？』",
                "『雪が作ってるから』",
                "『雪、歌詞見せて。できている分だけでいいから』"
            ]
        },
        {
            "fileName": "017002_kanade01",
            "talks": [
                "『雪の名前、呼んでみてもいい？』",
                "『……まふゆ』",
                "『ミクと出会ったあの不思議なセカイでまふゆと話してから、\nわたしはもっと、みんなのことを知った方がいいと思った』",
                "『じゃあ、まふゆ。\nまふゆのことを、いろいろ教えて』",
                "『それでも、まふゆのことが知りたい。\nなんでもいいから話してみて。部屋にあるものとか』",
                "『でも……まふゆと音楽以外のことで\nこんなに話したの、はじめてかもしれない』"
            ]
        },
        {
            "fileName": "017002_kanade02",
            "talks": [
                "絵名と瑞希には兄弟姉妹がいて、\nまふゆの好きな食べ物は空欄、と……"
            ]
        },
        {
            "fileName": "017003_kanade02",
            "talks": [
                "『雪。\nサビまでデモ作ったから聴いてくれる？』",
                "（今はまだ、雪を救える曲は作れないから。\nだから、いろんなことを吸収していこう）"
            ]
        },
        {
            "fileName": "017005_kanade02",
            "talks": [
                "……まふゆ、コメントは見た？",
                "わたしも、まふゆが見つけるまで諦めない。\nだから一緒に——"
            ]
        },
        {
            "fileName": "017006_kanade01",
            "talks": [
                "『雪、Amia、戻ってきてる？』"
            ]
        },
        {
            "fileName": "017006_kanade02",
            "talks": [
                "『雪やAmiaとは前にも話したけど……』",
                "『うん。雪、Amia待たせてごめん。\n今日の作業、始めよう』"
            ]
        },
        {
            "fileName": "017007_kanade01",
            "talks": [
                "（このセカイはまふゆの想いから作られてるし、\nこれも、まふゆの想いから生まれたのかな）"
            ]
        },
        {
            "fileName": "017008_kanade02",
            "talks": [
                "『……雪は、どう思う？』"
            ]
        },
        {
            "fileName": "017009_kanade02",
            "talks": [
                "『えななん！　雪！』",
                "『あ、ゆ、雪それは言わないで……！』"
            ]
        },
        {
            "fileName": "017010_kanade01",
            "talks": [
                "『どうかな、雪』",
                "（まふゆに……まふゆの心に、少しでも響くように）",
                "（まふゆ自身が感じたことをベースに、なるべく細部まで、\n丁寧に表現できるようなメロディーを……）"
            ]
        },
        {
            "fileName": "017010_kanade02",
            "talks": [
                "まふゆが、あんな風に笑ってくれるなんて"
            ]
        },
        {
            "fileName": "017011_kanade01",
            "talks": [
                "『うん。あ……雪、あれから体調は大丈夫？』",
                "『雪、毎日作業するのが大変だったら、\n休んで大丈夫だよ。\nまた倒れたりする前に、しっかり眠ってほしいし』"
            ]
        },
        {
            "fileName": "017011_kanade02",
            "talks": [
                "……ん。チャットに通知だ。\n……まふゆから？",
                "ま、まふゆ……！？",
                "まふゆ。生徒手帳って、これ？",
                "おまたせ、まふゆ。\n熱いから、気をつけて……",
                "えっ！　まふゆ、まだ熱いよ……！",
                "（……いつかまふゆとも、\n同じ味を一緒に楽しめるようになれたらいいな）"
            ]
        },
        {
            "fileName": "017012_kanade01",
            "talks": [
                "それは……、まふゆ次第かな",
                "まふゆ、今日聴いた曲や歌の中で、\n何か感じるものはあった？"
            ]
        },
        {
            "fileName": "017012_kanade02",
            "talks": [
                "『うん。雪に歌ってもらった仮歌も入れてみた』",
                "そうだよ。まふゆが歌ってくれた仮歌も入ってる",
                "（でもきっと、\nわたしにとってもまふゆにとっても大切な一歩だ）"
            ]
        },
        {
            "fileName": "018001_mafuyu02",
            "talks": [
                "『雪、そういうの詳しいんだね』",
                "『……雪、どうしたの？』",
                "『雪、これちょっと歌ってみてほしいんだけど、いい？』"
            ]
        },
        {
            "fileName": "018002_mafuyu01",
            "talks": [
                "『雪の答えは、\n招待状がないと入れないほど大きな船、だったよね』",
                "『……ねえ、雪』"
            ]
        },
        {
            "fileName": "018002_mafuyu02",
            "talks": [
                "え？　望月さんが、まふゆと同じ学校……？\nどうしてそう思うの？",
                "話を聞いてたから、まふゆはうちに来てる家事代行の人と\n同じ学校かもって思ったんだね"
            ]
        },
        {
            "fileName": "018003_mafuyu02",
            "talks": [
                "『……雪、今日は早かったね』",
                "『……雪、今日は、たくさんしゃべるね』",
                "『えななんやAmiaと違って、\n雪はいつもミュートにしてなくても静かだから』",
                "『……雪の変化を、\n他の人達がどう思うかはわからないけど……』",
                "『でも、雪自身が違和感を覚えなくなっているなら、\n変化は確実に起きているっていうことなんだと思う』"
            ]
        },
        {
            "fileName": "018005_mafuyu01",
            "talks": [
                "『……うん。\n雪がアレンジしてくれたところ、すごく良くなった』",
                "『おやすみなさい、雪』",
                "『ねえ、雪は前、嬉しいことも楽しいことも\n感じられない、わからないって言ったけど、\nわたしは、そんなことないと思う』",
                "『多分雪は、感じられないって思い込んでるだけ。\nそんな気がする』",
                "まふゆ、顔が真っ白……！\nどうしたの？　気分が悪いの？"
            ]
        },
        {
            "fileName": "018005_mafuyu02",
            "talks": [
                "『……どうしたの？　雪』"
            ]
        },
        {
            "fileName": "018006_mafuyu02",
            "talks": [
                "『ありがとう、雪。確認するね』",
                "『……でも、珍しいね雪』",
                "『……雪？』"
            ]
        },
        {
            "fileName": "018009_mafuyu01",
            "talks": [
                "あれ、まふゆ……いない"
            ]
        },
        {
            "fileName": "018009_mafuyu02",
            "talks": [
                "『み、見て大丈夫？\n雪が会った幽霊が写ってるんじゃ……』"
            ]
        },
        {
            "fileName": "018011_mafuyu02",
            "talks": [
                "『雪、見てみて。\n……本当に、すごく綺麗だよ』"
            ]
        },
        {
            "fileName": "018012_mafuyu01",
            "talks": [
                "『ありがとう、雪。\nこっちの作業が終わったら、確認する』"
            ]
        },
        {
            "fileName": "019009_ena02",
            "talks": [
                "この曲で雪を本当に救えなかったとしても、\n救えるまで作り続ける",
                "雪が自分を見つけられるまで——ずっと作る"
            ]
        },
        {
            "fileName": "020001_mizuki01",
            "talks": [
                "『うん。お湯があれば食べられるから。\n雪、歌詞ありがとう。いいと思う』"
            ]
        },
        {
            "fileName": "020007_mizuki02",
            "talks": [
                "『雪、Amiaの絵コンテを見て思ったんだけど、\n動画とリンクするキーワードみたいなもの、\n今からでも歌詞に入れられる？』"
            ]
        },
        {
            "fileName": "020012_mizuki01",
            "talks": [
                "まふゆ、どうしたの！？",
                "……話しあいは、まふゆの体調が戻ってからにしよう"
            ]
        },
        {
            "fileName": "021001_miku02",
            "talks": [
                "（動画？　雪からだ……）",
                "『雪、これは？』",
                "『……ねえ、雪』",
                "『雪はどうしてミクに興味を持ったの？』"
            ]
        },
        {
            "fileName": "021006_miku01",
            "talks": [
                "あ……いた。まふゆ"
            ]
        },
        {
            "fileName": "021007_miku02",
            "talks": [
                "まふゆは、この場所が消えるんじゃないかって、\n心配だったんでしょう？"
            ]
        },
        {
            "fileName": "021009_miku01",
            "talks": [
                "あ……だとしたら、ここで見つかるかもしれない。\nまふゆを救う曲を作る手がかりが",
                "……約束する。きっと、まふゆを救ってみせる"
            ]
        },
        {
            "fileName": "022011_rin02",
            "talks": [
                "リンも、まふゆが心配なんだね",
                "リン、ミク。よかったら\nまふゆのこと見ててくれない？"
            ]
        },
        {
            "fileName": "areatalk02_126",
            "talks": [
                "まふゆ、ここの英語の歌詞なんだけど……"
            ]
        },
        {
            "fileName": "areatalk02_146",
            "talks": [
                "見たら感想教えて。\nまふゆの解釈も聞いてみたいな"
            ]
        },
        {
            "fileName": "areatalk02_261",
            "talks": [
                "まふゆって家事得意？"
            ]
        },
        {
            "fileName": "areatalk03_244",
            "talks": [
                "（いつか、まふゆを救える曲をつくるためにも\nできることはいろいろしていかなくちゃ）"
            ]
        },
        {
            "fileName": "areatalk03_268",
            "talks": [
                "まふゆ、ミクといたんだ"
            ]
        },
        {
            "fileName": "areatalk03_274",
            "talks": [
                "……あれならもしかすると、まふゆも楽しめるかも"
            ]
        },
        {
            "fileName": "areatalk03_282",
            "talks": [
                "それに、今度はまふゆと瑞希も連れてくる。\nだから、前やったみたいに一緒に歌おう"
            ]
        },
        {
            "fileName": "areatalk03_285",
            "talks": [
                "（これも、まふゆの想い……。\nじゃあこれが、今のまふゆの心の温度だったり……）"
            ]
        },
        {
            "fileName": "areatalk03_294",
            "talks": [
                "うん。今日はまふゆ、部活でこれなかったけど、\n今度は４人で行こう"
            ]
        },
        {
            "fileName": "areatalk03_295",
            "talks": [
                "そんなことないよ。\nまふゆのこともみんなのことも、知れてよかったと思ってる"
            ]
        },
        {
            "fileName": "areatalk04_009",
            "talks": [
                "あ、ちょ、ちょっと……！\nま、まふゆ……"
            ]
        },
        {
            "fileName": "areatalk_ev_night_02_004",
            "talks": [
                "じゃあ、まふゆのことは？"
            ]
        },
        {
            "fileName": "areatalk_ev_night_03_004",
            "talks": [
                "そ、そうだね！　すぐ試してみる！\nありがとう、まふゆ"
            ]
        },
        {
            "fileName": "areatalk_ev_night_03_006",
            "talks": [
                "……まふゆのおすすめのアーティスト、\nわたしも興味あるな"
            ]
        },
        {
            "fileName": "areatalk_ev_night_04_002",
            "talks": [
                "今日はつきあってくれてありがとう、まふゆ。\nおかげでおもしろそうな小説見つけられたよ"
            ]
        },
        {
            "fileName": "areatalk_ev_night_05_001",
            "talks": [
                "……え？　そ、そうなんだ……。\nまふゆ、使ったことあるの？"
            ]
        },
        {
            "fileName": "areatalk_ev_shuffle_12_009",
            "talks": [
                "うん。まふゆにとっては、すごく大事なことだと思う"
            ]
        },
        {
            "fileName": "areatalk_monthly2108_005",
            "talks": [
                "うん、今日はお父さんの病院に出かける日だったから。\nまふゆはこれから予備校？",
                "そうなんだ。……ねえ、まふゆ。\nそれ、わたしもついていっていいかな？",
                "まふゆが好きな物について知りたいし、\nそれに、音楽以外のこともいろいろインプットしたくて"
            ]
        }
    ]
}