{
    "mainStory": 5,
    "eventStory": 3,
    "cardStory": 18,
    "areaTalk": 4,
    "talkPacks": [
        {
            "fileName": "mmj_01_17",
            "talks": [
                "あ！　今日は愛莉ちゃんと雫ちゃんもいるっ！\n久しぶりー！　元気だった？",
                "あ！　愛莉ちゃんと雫ちゃんの想いも重なって、\nステージがどんどんキラキラしていってるよ！"
            ]
        },
        {
            "fileName": "vsmmj_01_03",
            "talks": [
                "もしかして、愛莉ちゃんや雫ちゃんも、遥ちゃんのために\nライブをしてくれるかもしれない……ってこと？",
                "たしかにそうだね。愛莉ちゃんと雫ちゃんがいてくれたら、\nもっと素敵なライブになりそう"
            ]
        },
        {
            "fileName": "vsmmj_01_04",
            "talks": [
                "愛莉ちゃん！　雫ちゃんも……！\n来てくれてたんだね"
            ]
        },
        {
            "fileName": "event_09_04",
            "talks": [
                "あっ！　愛莉ちゃんと、雫ちゃんも来てくれたんだね！"
            ]
        },
        {
            "fileName": "event_09_05",
            "talks": [
                "がんばれ、雫ちゃーん！"
            ]
        },
        {
            "fileName": "event_23_02",
            "talks": [
                "あ、雫ちゃん！\n呼ぶ時は“めーちゃん”だよ！"
            ]
        },
        {
            "fileName": "022002_rin01",
            "talks": [
                "わわっ！？\nみのりちゃんに、雫ちゃん？",
                "わたし、みのりちゃんの元気いっぱいな表情も、\n雫ちゃんの雰囲気ある表情も、もっと見たいもん！"
            ]
        },
        {
            "fileName": "022002_rin02",
            "talks": [
                "えへへ、みのりちゃんも雫ちゃんも\nいっぱい喜んでくれて良かったー"
            ]
        },
        {
            "fileName": "022003_rin02",
            "talks": [
                "みのりちゃん、雫ちゃん！\n調子はどう？",
                "雫ちゃんのパートはどんな感じなの？"
            ]
        },
        {
            "fileName": "022005_rin02",
            "talks": [
                "……と、遥ちゃん、みのりちゃん、雫ちゃんまで！？"
            ]
        },
        {
            "fileName": "024007_luka01",
            "talks": [
                "あ、えっと……。\nさっきの雫ちゃんとルカちゃんの話、聞こえちゃって",
                "それで……雫ちゃん、大丈夫かなって……",
                "雫ちゃんが悩んでるの、\nわたしのせいだったらどうしよう……！",
                "でも、さっきの雫ちゃんの姿を見たら、\nそれで本当によかったのかなって……",
                "わたし、余計なことしちゃったのかな。\nそのせいで、雫ちゃんは……",
                "でも……どっちを選んでも雫ちゃん大変そう",
                "雫ちゃん、その何かを見つけられるといいね！"
            ]
        },
        {
            "fileName": "024007_luka02",
            "talks": [
                "あ、映った！　雫ちゃんがいる！\n……わっ！　右側にたくさん文字が流れてる！",
                "すごい……！\n雫ちゃん、本当にカッコよくて、なんだかキラキラしてた！"
            ]
        },
        {
            "fileName": "024010_luka02",
            "talks": [
                "あれ？　愛莉ちゃんと雫ちゃんがいるー！",
                "そっか！　でも練習終わったのに、\n雫ちゃんとルカちゃんは何をしてるの？",
                "ええっ！？　ルカちゃん、雫ちゃん、\nちゃんと順番覚えてる！？"
            ]
        },
        {
            "fileName": "areatalk03_089",
            "talks": [
                "し、知らないよ！　わたしは何も知らない！\nみのりちゃんと雫ちゃんと約束したんだもん！"
            ]
        },
        {
            "fileName": "areatalk03_090",
            "talks": [
                "雫ちゃんはモデルの経験もしてるんだよね？\nポーズとか、自分で考えるの？"
            ]
        },
        {
            "fileName": "areatalk03_116",
            "talks": [
                "うん！　ちょっとやってみたいから、\n雫ちゃんまた見ててくれる？"
            ]
        },
        {
            "fileName": "areatalk03_119",
            "talks": [
                "うん！　みのりちゃん、雫ちゃんよろしく……ふふっ"
            ]
        }
    ]
}