{
    "mainStory": 0,
    "eventStory": 11,
    "cardStory": 18,
    "areaTalk": 5,
    "talkPacks": [
        {
            "fileName": "event_07_04",
            "talks": [
                "おお、冬弥！\nよく来てくれたな！"
            ]
        },
        {
            "fileName": "event_07_08",
            "talks": [
                "聞けば冬弥や彰人も歌えるらしいからな、\nオレのバックコーラスに任命してやったぞ！"
            ]
        },
        {
            "fileName": "event_16_03",
            "talks": [
                "ん？　おお、冬弥じゃないか！\nこんな場所で会うとは、奇遇だな！",
                "ああ、ありがとう冬弥。\nぜひ、忌憚なき意見を聞かせてほしい！"
            ]
        },
        {
            "fileName": "event_16_04",
            "talks": [
                "今日はつきあってくれて助かったぞ、冬弥。\nお前も早く新刊を読みたかっただろうに……",
                "ああ、冬弥だ。\nオレの後輩で、今日は買い物につきあってくれていたんだ",
                "冬弥、咲希の幼馴染みの一歌、穂波、志歩だ！",
                "そうだ！　新しいひな人形だ！\n冬弥に協力を仰ぎ、選びに選び抜いたお前のためのひな人形だ！"
            ]
        },
        {
            "fileName": "event_16_05",
            "talks": [
                "ん？　お、おお、冬弥！",
                "昨日ぶりだな！　冬弥のおかげで助かったぞ！",
                "それでは、オレは熟考がてらランチタイムに入る！\n冬弥もしっかり食べて、午後に備えるんだぞ！"
            ]
        },
        {
            "fileName": "011001_akito02",
            "talks": [
                "おお、来たな冬弥！　待っていたぞ！"
            ]
        },
        {
            "fileName": "011003_akito02",
            "talks": [
                "おっ、冬弥か！\nどうした？　オレに何か用か？",
                "よし！　オレのファンクラブ名誉会員である冬弥の\n友人の願いならば仕方がない！"
            ]
        },
        {
            "fileName": "012003_touya01",
            "talks": [
                "おぉ、冬弥！　\nこんなところでぼーっとして、どうしたんだ？",
                "冬弥、咲希！\n近況報告もいいが、早く行くぞ。まずはゲームセンターだ！",
                "ぐぬぬ……咲希、冬弥！\n次は格ゲーで勝負だ！",
                "冬弥。\n少しはマシな顔になったな"
            ]
        },
        {
            "fileName": "012008_touya01",
            "talks": [
                "だが、冬弥が手伝ってくれたおかげで\nスムーズに買い物ができた！　感謝するぞ！",
                "ん……ああ、親の仕事の都合とかで、\n冬弥がうちに預けられた時のことか",
                "冬弥……",
                "——冬弥、お前ばかり恩義を感じる必要はないぞ。\nオレだって、お前に助けられているんだからな",
                "言うのが遅くなってしまったが。\nあの時はありがとう、冬弥！"
            ]
        },
        {
            "fileName": "013006_tsukasa02",
            "talks": [
                "お、いたいた！\nおーい、冬弥！",
                "なーに、遠慮は不要だ！\nお前も冬弥と一緒に最前列で見ていただろう？",
                "ああ。オレの夢は世界一のスターだからな！\nオレの妹や冬弥は、良き観客として\nオレの練習を手伝ってくれていた",
                "だから、冬弥相手に\nいろいろ即興劇などを見せてやっていたというわけだ",
                "そうか……感謝するぞ、彰人！\n冬弥は、オレの弟のような存在であり、\n咲希に続いて、オレのファン第２号だからな！",
                "おお、お前はたしか類の知りあい！\nそれに、冬弥達と一緒に劇を最前列で見ていてくれたな！"
            ]
        },
        {
            "fileName": "areatalk03_228",
            "talks": [
                "寧々、お前B組だったんだな。\nじゃあ、冬弥と同じクラスか"
            ]
        },
        {
            "fileName": "areatalk_ev_shuffle_05_002",
            "talks": [
                "おお冬弥！　偶然だな！\nまた本を買っていたのか？",
                "冬弥は昔から読書家だな。\nそれで、今日はどんな本を買ったんだ？"
            ]
        },
        {
            "fileName": "areatalk_ev_shuffle_05_003",
            "talks": [
                "はぁ。すまんな冬弥。\nこうなると咲希はなかなか動かなくてな……"
            ]
        },
        {
            "fileName": "areatalk_monthly2107_001",
            "talks": [
                "くっ、冬弥ならばおそらく一発でわかるんだろうが……。\nいやいや！　冬弥に聞くのは最終手段だ"
            ]
        }
    ]
}