{
    "mainStory": 0,
    "eventStory": 12,
    "cardStory": 28,
    "areaTalk": 6,
    "talkPacks": [
        {
            "fileName": "event_13_02",
            "talks": [
                "『リンは寧々ちゃんと一緒に歌えて、\nすっごくすっごくすっごーく嬉しいよ☆』"
            ]
        },
        {
            "fileName": "event_13_03",
            "talks": [
                "寧々ちゃん、すっごーい☆",
                "でもね、リンね、\n寧々ちゃんがもーっとキラキラになれる方法を\n知ってるんだ☆",
                "『ねえねえ、寧々ちゃん！\nどうしてそんな顔してるの？』",
                "『だってだって～。\nリン、寧々ちゃんが心配なんだもん～』",
                "『そうだ☆　寧々ちゃんがニコニコ笑顔で楽しめるよーに、\nリンがここで応援してるねっ♪』"
            ]
        },
        {
            "fileName": "event_13_04",
            "talks": [
                "（寧々ちゃん、寧々ちゃん！\n今こそ☆　みんなに話しかけるチャンスだよっ）",
                "（がんばれ、寧々ちゃーん！）"
            ]
        },
        {
            "fileName": "event_13_06",
            "talks": [
                "『ねえねえ、寧々ちゃん！\nこのままでいいの？』"
            ]
        },
        {
            "fileName": "event_13_08",
            "talks": [
                "『えへへ☆　でも質問に答えてる時の寧々ちゃん、\nすっごーく嬉しそうだったよ～♪\nえむちゃん達のことを思い出してたの？』",
                "（寧々ちゃん、がんばって～！）"
            ]
        },
        {
            "fileName": "event_36_06",
            "talks": [
                "『あのね、今日はね、寧々ちゃんのお友達が\n練習しに来てるんだって！』"
            ]
        },
        {
            "fileName": "013012_tsukasa02",
            "talks": [
                "寧々ちゃん、寧々ちゃん！\nファンフェスタどうだった？　楽しかった？",
                "うん、そうするー！\n寧々ちゃん、行こっ♪"
            ]
        },
        {
            "fileName": "022006_rin01",
            "talks": [
                "わぁっ……！　レンが言ってたとおりだねっ！\n寧々ちゃんの歌、すごーい……！",
                "そーなんだ！\n寧々ちゃん、優しいー！",
                "あっ☆　そうそう！\n寧々ちゃん、さっきの歌とってもステキだったよ♪",
                "あれ～？　寧々ちゃん、どこ見てるの？\nリンはこっちだよ？",
                "（あれれ？　寧々ちゃんまた違うほう向いちゃった。\nそっちはショーの道具が置いてあるだけなのに）",
                "わ、そうだったんだ！　でもでもっ、\nリンも～っと寧々ちゃんとお友達になりたいな☆",
                "それで、寧々ちゃんと一緒に歌いたいんだ♪",
                "はぁ、練習終わっちゃったぁー。\nまだ寧々ちゃんと歌ってないのに～",
                "あ！　寧々ちゃん☆",
                "全然イヤじゃないよ！\nリン、寧々ちゃんの歌だ～い好きだもん！",
                "やったー！　寧々ちゃんとの練習、楽しみ☆"
            ]
        },
        {
            "fileName": "022006_rin02",
            "talks": [
                "（寧々ちゃん、最初の頃と違って、\n目があっても大丈夫になってきたかも！）",
                "あ、そうだ♪　寧々ちゃん、\nあのお友達になった子とも歌の練習してる？",
                "（でも、寧々ちゃん、\nやっぱりもっと仲良しになりたいんだ！\nそれならリンも、何かお手伝いしなくちゃ♪）",
                "寧々ちゃん、これってチャンスだよ☆",
                "じゃあじゃあ、寧々ちゃんが勇気を出せるように\nリンも一緒にお友達の学校に行ってあげるね☆",
                "『ダイジョーブ♪　だって、寧々ちゃんは\nただお友達に会いに来ただけなんだもん！\n気にしな～い。気にしな～い』",
                "『やったー☆\nやったね、寧々ちゃん！』",
                "『おめでとー、寧々ちゃん♪\nこれでいつでもあの子とお話できるね！』",
                "『えへへ！\nどういたしまして、寧々ちゃん♪』",
                "『寧々ちゃんのこと、近くで応援できて\nリンもすっごくうれしかったよ☆』",
                "『あ、寧々ちゃんがおうちに帰るまで、\nまだしばらくお話してもいい？』",
                "『リンもも～っと寧々ちゃんとお友達になりたいんだ♪』"
            ]
        },
        {
            "fileName": "022008_rin02",
            "talks": [
                "そういえば、寧々ちゃんとえむちゃんはどうしたの？\n今日は遊びに来てくれたの？"
            ]
        },
        {
            "fileName": "023007_len02",
            "talks": [
                "あ、えむちゃんにー、寧々ちゃんにー、ネネロボちゃんだ！"
            ]
        },
        {
            "fileName": "023008_len01",
            "talks": [
                "あ、そうだ！\nえむちゃんと寧々ちゃんはお休み何するの？"
            ]
        },
        {
            "fileName": "areatalk_ev_shuffle_03_023",
            "talks": [
                "寧々ちゃん☆　えむちゃん☆\nまっだかなぁ～♪"
            ]
        },
        {
            "fileName": "areatalk_ev_shuffle_03_028",
            "talks": [
                "うん☆　なあに、寧々ちゃん！",
                "大丈夫だよっ☆\nえへへ、練習楽しみ～！　ねっ、寧々ちゃん♪"
            ]
        },
        {
            "fileName": "areatalk_ev_shuffle_03_029",
            "talks": [
                "寧々ちゃん達のステージ衣装って、\nすっごくかわいいよね！",
                "うれしいな～、この衣装すっごくお気に入りなんだ♪\nねえねえ、寧々ちゃんもおそろいにしてみない？"
            ]
        },
        {
            "fileName": "areatalk_ev_shuffle_03_030",
            "talks": [
                "類くん、類くん♪　寧々ちゃん知らない？"
            ]
        }
    ]
}