{
    "mainStory": 0,
    "eventStory": 4,
    "cardStory": 22,
    "areaTalk": 6,
    "talkPacks": [
        {
            "fileName": "event_16_02",
            "talks": [
                "あ！　ちょっとルカ！　起きなさいっ！\nみんなが来てるのよーっ！"
            ]
        },
        {
            "fileName": "event_32_02",
            "talks": [
                "あ、ちょっとルカー！\nおーきーなーさーい！！",
                "よかったわね、ルカ！"
            ]
        },
        {
            "fileName": "event_36_06",
            "talks": [
                "『もー、ルカったらこんなところでも寝てー』"
            ]
        },
        {
            "fileName": "001007_ichika01",
            "talks": [
                "ねえ、そのお花見なんだけど、\nミクやルカにも話していい？"
            ]
        },
        {
            "fileName": "006011_haruka01",
            "talks": [
                "わたし達も、協力するわ♪\nね、ルカ！"
            ]
        },
        {
            "fileName": "013012_tsukasa02",
            "talks": [
                "ほら、ルカも聞きたいって！"
            ]
        },
        {
            "fileName": "021013_miku01",
            "talks": [
                "もしかして、ルカをモデルにしたてるてる坊主を作るの？"
            ]
        },
        {
            "fileName": "021013_miku02",
            "talks": [
                "ミクが作った“てるてるルカ”のおかげかな？"
            ]
        },
        {
            "fileName": "021015_miku02",
            "talks": [
                "ルカ、これもあの子達が？"
            ]
        },
        {
            "fileName": "023010_len01",
            "talks": [
                "あっ、ちょっとルカ？"
            ]
        },
        {
            "fileName": "023010_len02",
            "talks": [
                "わたしのは赤ね。ルカは？"
            ]
        },
        {
            "fileName": "024008_luka02",
            "talks": [
                "このひな祭りパーティーはルカの歓迎会でもあるんだから！\nめいっぱい楽しんでもらわなくちゃね♪",
                "あら？　ルカ、また眠くなっちゃったの？",
                "……あ。今の話とはちょっと変わっちゃうけど、\nルカがどんな時に寝ちゃうのかなら、\nなんとなくわかるわよ！",
                "ええ。ルカが眠そうにする時はね、\nだいたい周りのみんなが笑顔の時よ"
            ]
        },
        {
            "fileName": "024012_luka01",
            "talks": [
                "——カ！　——ルカ！\nほらー、起きなさーい！",
                "今日はルカお待ちかねの海よ！\n帰る前に、少し遊んでいくんだって！"
            ]
        },
        {
            "fileName": "025007_meiko01",
            "talks": [
                "それに、演奏中にミスしたとしても、\nミクやルカならフォローしてくれるって信じてるし",
                "（……ルカから聞いてたけど、本当に安定してる。\n私からしたら羨ましいくらいなんだけど……）"
            ]
        },
        {
            "fileName": "025010_meiko01",
            "talks": [
                "あら、ミク、リン、ルカ！\nみんなから会いに来てくれるなんて嬉しいわ！"
            ]
        },
        {
            "fileName": "025012_meiko02",
            "talks": [
                "ミクとルカじゃない！　お疲れさま♪"
            ]
        },
        {
            "fileName": "026009_kaito01",
            "talks": [
                "バッチリよ♪　花達は完璧っ！\nルカも、本番で頑張ってもらうために、\n今のうちに寝溜めしてもらってるの！",
                "だいじょ～ぶ♪　こう見えて、\n今日はルカもやる気はバッチリよー！"
            ]
        },
        {
            "fileName": "026010_kaito02",
            "talks": [
                "『仕方ないわ。ルカ、カイトがいる\n寧々ちゃんのスマホに行きましょ？』",
                "『ちょ、ちょっと待ってルカ！\n膝枕するのとワケが違うのよ！\nこんな狭いところで、いきなり乗ろうとしたら——』"
            ]
        },
        {
            "fileName": "areatalk_ev_band_02_003",
            "talks": [
                "そういえば、ルカはどの楽器も演奏できるって\n言ってたっけ"
            ]
        },
        {
            "fileName": "areatalk_ev_band_02_012",
            "talks": [
                "なるほど。このセカイでは一歌達はミクやルカの後輩なんだ"
            ]
        },
        {
            "fileName": "areatalk_ev_shuffle_05_011",
            "talks": [
                "ルカ！　起きてちょうだい！"
            ]
        },
        {
            "fileName": "areatalk_ev_shuffle_06_009",
            "talks": [
                "前に、ルカが花を飾ってるのを見かけたんだよね。\n花はともかく、ちゃんとした花瓶があるなんてびっくりした"
            ]
        },
        {
            "fileName": "areatalk_ev_wonder_03_006",
            "talks": [
                "あははっ！　そんなに身構えないでよー！\n今度のショーの練習につきあってほしいだけ♪　ね、ルカ！"
            ]
        },
        {
            "fileName": "areatalk_ev_wonder_05_006",
            "talks": [
                "こら、ルカ。あなたはショーの手伝いがあるでしょ？\n寝るのはカイトにバトンタッチ"
            ]
        }
    ]
}