{
    "mainStory": 0,
    "eventStory": 0,
    "cardStory": 1,
    "areaTalk": 3,
    "talkPacks": [
        {
            "fileName": "005011_minori01",
            "talks": [
                "そういう意味じゃ、青柳くんってかなり耳いいんだね。\nもともと音楽やってたとか？"
            ]
        },
        {
            "fileName": "areatalk03_228",
            "talks": [
                "冬弥？　……ああ、あの図書委員の人かな"
            ]
        },
        {
            "fileName": "areatalk_ev_shuffle_03_003",
            "talks": [
                "トーヤクン？　誰、それ",
                "（司の知り合いで、同じ神高の１年で、トーヤクン？\nそれ、ひょっとして……）"
            ]
        }
    ]
}