{
    "mainStory": 6,
    "eventStory": 3,
    "cardStory": 17,
    "areaTalk": 5,
    "talkPacks": [
        {
            "fileName": "vswonder_01_04",
            "talks": [
                "オホン！\nそしてここからが本題なんだが――\nオレ達に、カイト達のショーを見せてくれないか？"
            ]
        },
        {
            "fileName": "wonder_01_00",
            "talks": [
                "おわっ！？　お前、カイトか……！？\nミクにカイトまで出てくるということは……"
            ]
        },
        {
            "fileName": "wonder_01_03",
            "talks": [
                "カ、カイト！？　それにお前まで……！",
                "そもそもなぜ、バーチャル・シンガーのミクやカイトがいるんだ？"
            ]
        },
        {
            "fileName": "wonder_01_14",
            "talks": [
                "ミク、カイト！　\nもしかして、ずっと見ていたのか？"
            ]
        },
        {
            "fileName": "wonder_01_19",
            "talks": [
                "ああ！\n……ミク、カイト"
            ]
        },
        {
            "fileName": "event_07_02",
            "talks": [
                "ああ、助かったぞ、カイト、類！　必ず学校中を……\nいや、世界中を感動の渦に叩きこんでみせる！"
            ]
        },
        {
            "fileName": "event_09_08",
            "talks": [
                "ほう、カイト達の新しいショーか"
            ]
        },
        {
            "fileName": "event_16_02",
            "talks": [
                "よーし、では早速練習を始めるか！\nカイト、ステージを借りても——"
            ]
        },
        {
            "fileName": "013008_tsukasa02",
            "talks": [
                "（まあ、ミクやカイト、それにあのウサギのぬいぐるみに\n思い出させてもらったんだがな）"
            ]
        },
        {
            "fileName": "013010_tsukasa02",
            "talks": [
                "ああ、カイト！\nよかった……話の通じる人が来てくれた"
            ]
        },
        {
            "fileName": "013012_tsukasa02",
            "talks": [
                "いや、オレ達もなんだかんだと世話になっているしな。\nオレ達のほうこそ、カイト達に感謝するべきだ",
                "いやメイコが、カイトがだんだんぬいぐるみ達の\nお父さんに見えてくると前に話していてな。\nたしかにそのとおりだと納得していたところだ"
            ]
        },
        {
            "fileName": "014003_emu02",
            "talks": [
                "久しぶりだな、ミク。カイト"
            ]
        },
        {
            "fileName": "021005_miku01",
            "talks": [
                "カ、カイトは無事か！？　無事なんだよな！？"
            ]
        },
        {
            "fileName": "026001_kaito01",
            "talks": [
                "カイトがマフラーしてるなんて、今さらだろうが",
                "だいたい、マフラーはカイトのトレードマークだ。\nしているのが普通だろ"
            ]
        },
        {
            "fileName": "026002_kaito01",
            "talks": [
                "ああ。\n今日は、カイトに聞きたいことがあって来たんだ",
                "カイトが、このショーステージのリーダーだと思ってな。\nどうショーをとりまとめているのか知りたいんだ！"
            ]
        },
        {
            "fileName": "026007_kaito01",
            "talks": [
                "ん？　カイト、興味あるのか？"
            ]
        },
        {
            "fileName": "026007_kaito02",
            "talks": [
                "そうだろう、そうだろう。\nこれも、類やカイトが練習につきあってくれたおかげ！\n……そしてこのスターの力！",
                "カイトにそこまで言われて\nやらないわけがないだろう",
                "さて……ロミオはだいたい決まってきたな。\nあ、そうだカイト"
            ]
        },
        {
            "fileName": "026010_kaito01",
            "talks": [
                "いや、十分だ。\nカイト、ミク、よろしく頼む！",
                "あっているだと！？\nカイトも類も、よく今のでわかったな！？",
                "ミク、カイト、協力してくれてありがとう。\n必ず最高のショーを作ってみせるからな！"
            ]
        },
        {
            "fileName": "areatalk02_378",
            "talks": [
                "カイト、ショーの練習風景を見学してもいいか？"
            ]
        },
        {
            "fileName": "areatalk_ev_shuffle_05_006",
            "talks": [
                "おーい、ルカ。どこだー？\nカイトが次のショーのことで話がしたいと……",
                "やはり、寝てしまっていたか。\nとりあえずカイトには場所を知らせるとして……",
                "……どうせカイトに知らせに行くしな。\n何か掛ける物を持って来るとするか"
            ]
        },
        {
            "fileName": "areatalk_ev_wonder_01_002",
            "talks": [
                "ほう、それはいい勉強になりそうだ！\nオレ達もぜひ見たい、とカイトに伝えておいてくれるか？"
            ]
        }
    ]
}