{
    "mainStory": 0,
    "eventStory": 6,
    "cardStory": 6,
    "areaTalk": 2,
    "talkPacks": [
        {
            "fileName": "event_16_06",
            "talks": [
                "むにゃ……あらぁ？　司くんじゃない",
                "あらぁ、そうなのね。\nありがとう、司くん",
                "司くん、詳しいのね～",
                "司くん？",
                "……ねぇ、司くん。\nひとつ聞きたいことがあるんだけど……",
                "だからきっと、咲希ちゃんのパーティーにも、\n司くんが必要だと思うわ♪"
            ]
        },
        {
            "fileName": "013010_tsukasa02",
            "talks": [
                "う、うーん……あらぁ？\n司くん、どうしたのー？"
            ]
        },
        {
            "fileName": "024008_luka02",
            "talks": [
                "ふふっ。きっと司くんも、\nここにいるみんなみたいにドカーンと笑ってると思うわぁ",
                "今度、司くんがセカイに来てくれたら、\nパーティーのお話も聞きたい……"
            ]
        },
        {
            "fileName": "024012_luka01",
            "talks": [
                "『あら？　えむちゃんと司くんは？』",
                "『えむちゃん、司くん、おかえりなさ～い』"
            ]
        },
        {
            "fileName": "024012_luka02",
            "talks": [
                "『これで、司くん・えむちゃんチームが９点ね。\nということは……』"
            ]
        },
        {
            "fileName": "areatalk_ev_shuffle_05_009",
            "talks": [
                "うふふっ。類くんは司くんとは違う反応をするのねぇ",
                "司くんはね。わたしが倒れてるのかと思ったって、\n心配してくれたり、掛ける物を持って来てくれたりするのよ"
            ]
        }
    ]
}