{
    "mainStory": 5,
    "eventStory": 2,
    "cardStory": 15,
    "areaTalk": 14,
    "talkPacks": [
        {
            "fileName": "street_01_08",
            "talks": [
                "彰人と、冬弥って、たしかあとのふたりの名前だ！\nすぐ近くにいるみたいだけど……"
            ]
        },
        {
            "fileName": "street_01_14",
            "talks": [
                "まだ話せてはないんだけど……でも、\n彰人も冬弥も、きっと来てくれると思うよ！"
            ]
        },
        {
            "fileName": "street_01_16",
            "talks": [
                "それで冬弥っていう相棒がいて……"
            ]
        },
        {
            "fileName": "street_01_17",
            "talks": [
                "ねえ彰人、冬弥とケンカしちゃったの？"
            ]
        },
        {
            "fileName": "street_01_20",
            "talks": [
                "あー！　冬弥がいる！\nよかった！　仲直りできたんだね！"
            ]
        },
        {
            "fileName": "event_09_06",
            "talks": [
                "あ、彰人と冬弥も来てくれたんだね！\nふたりとも、あけましておめでとう！",
                "ねえ、彰人と冬弥も一緒にやらない？"
            ]
        },
        {
            "fileName": "011005_akito02",
            "talks": [
                "あ、彰人と冬弥だ！　やっほー！\nメイコのカフェに行くの？",
                "そっか、冬弥もそうなんだね"
            ]
        },
        {
            "fileName": "012005_touya01",
            "talks": [
                "あれ、冬弥もういるじゃん！",
                "冬弥だって感じるでしょ。\n歌う前のワクワク！"
            ]
        },
        {
            "fileName": "012006_touya02",
            "talks": [
                "リン、ちゃんと冬弥の話聞いてた？\nまだ食べられるって決まったわけじゃないよ？"
            ]
        },
        {
            "fileName": "012007_touya01",
            "talks": [
                "あ！　冬弥だ！",
                "オレも興味あるなー！\n冬弥のお父さんの演奏！",
                "うんうん！　あんな演奏ができるなんて、\n冬弥のお父さんってすごいね！"
            ]
        },
        {
            "fileName": "012011_touya02",
            "talks": [
                "冬弥だって感じるでしょ。\n歌う前のワクワク！"
            ]
        },
        {
            "fileName": "023006_len01",
            "talks": [
                "了解！　彰人がブレンド、冬弥が深煎りブレンドだよね"
            ]
        },
        {
            "fileName": "023009_len01",
            "talks": [
                "ねえ、彰人、冬弥！\n夏祭りのイベントにオレは出られないけど、\n３人バージョンもやらない？"
            ]
        },
        {
            "fileName": "023009_len02",
            "talks": [
                "へへっ！　彰人や冬弥に負けてらんないからね！",
                "今オレが練習してるのは、\n彰人と冬弥がお祭りの本番で踊るのと\nおんなじダンスなんだけど……",
                "けど、ちょっと心配なこともあるんだよね。\n彰人と冬弥はお祭りのほうが本番で、\nオレとやるのはオマケみたいなもんだし……",
                "ねえ、彰人、冬弥！"
            ]
        },
        {
            "fileName": "areatalk02_300",
            "talks": [
                "あ、冬弥は別かも"
            ]
        },
        {
            "fileName": "areatalk02_306",
            "talks": [
                "冬弥と彰人だと、ケンカしたらどっちが勝つの？"
            ]
        },
        {
            "fileName": "areatalk02_364",
            "talks": [
                "ねえ、彰人は冬弥のピアノとか\nバイオリンとか聴いたことあるの？",
                "うーん……例えばジャズとかさ。\n冬弥がピアノでオレと彰人が歌ったら面白そうなのに"
            ]
        },
        {
            "fileName": "areatalk02_365",
            "talks": [
                "んー、冬弥くらい身長があったら、\nカウンター席座るのも楽なんだろうけどなぁ"
            ]
        },
        {
            "fileName": "areatalk02_372",
            "talks": [
                "だって、彰人も冬弥も全然来ないもん"
            ]
        },
        {
            "fileName": "areatalk03_160",
            "talks": [
                "えへへ。さっき、冬弥とちょっと歌ったんだ♪\nすっごい気持ちよかった"
            ]
        },
        {
            "fileName": "areatalk03_161",
            "talks": [
                "ケンカしちゃったら、オレが相談に乗ってあげるよ。\n冬弥の時みたいに！"
            ]
        },
        {
            "fileName": "areatalk03_164",
            "talks": [
                "はあ。今度のテストも、こはねと冬弥は大変かもねー"
            ]
        },
        {
            "fileName": "areatalk03_175",
            "talks": [
                "冬弥は来始めた頃から\nそんなに抵抗感ないって感じだったよね",
                "んー、けど冬弥みたいに\nすんなり受け入れられちゃうのもなんかなぁ"
            ]
        },
        {
            "fileName": "areatalk03_177",
            "talks": [
                "ねえ、冬弥はさ！\nレコードがどうやって音を出してるか知ってる？"
            ]
        },
        {
            "fileName": "areatalk03_178",
            "talks": [
                "冬弥は？"
            ]
        },
        {
            "fileName": "areatalk03_180",
            "talks": [
                "彰人、冬弥、今度はいつこっちに来られそう？"
            ]
        }
    ]
}