{
    "mainStory": 0,
    "eventStory": 5,
    "cardStory": 8,
    "areaTalk": 3,
    "talkPacks": [
        {
            "fileName": "event_02_05",
            "talks": [
                "瑞希が教えてくれたの。\nひとりでここにいたら、退屈だろうって"
            ]
        },
        {
            "fileName": "event_02_07",
            "talks": [
                "うん。瑞希に教えてもらったの。\n楽しいよ"
            ]
        },
        {
            "fileName": "event_09_03",
            "talks": [
                "瑞希、何持ってるの？\n紙袋がたくさん……"
            ]
        },
        {
            "fileName": "event_19_05",
            "talks": [
                "……前、瑞希はまふゆに、\n『自分と似てる』って言ってた"
            ]
        },
        {
            "fileName": "event_35_01",
            "talks": [
                "……あ。瑞希、来た"
            ]
        },
        {
            "fileName": "018008_mafuyu01",
            "talks": [
                "最近、瑞希がいっぱい本を持って来てくれる。\n絵本とか、漫画とか、どれも楽しい"
            ]
        },
        {
            "fileName": "018010_mafuyu02",
            "talks": [
                "今は、奏の曲だけじゃなくて、\n奏も絵名も瑞希も一緒"
            ]
        },
        {
            "fileName": "019006_ena02",
            "talks": [
                "……絵名、瑞希。今日も来てくれたの？"
            ]
        },
        {
            "fileName": "020012_mizuki02",
            "talks": [
                "……瑞希",
                "……瑞希が、苦しいこと？",
                "瑞希が、そうしてほしいなら"
            ]
        },
        {
            "fileName": "021006_miku02",
            "talks": [
                "……絵名、瑞希……"
            ]
        },
        {
            "fileName": "022011_rin01",
            "talks": [
                "でも……。瑞希が、少しだけ心配"
            ]
        },
        {
            "fileName": "areatalk03_255",
            "talks": [
                "……瑞希も、歌を歌うの？"
            ]
        },
        {
            "fileName": "areatalk03_267",
            "talks": [
                "絵名も、瑞希も。真面目に、やってない？"
            ]
        },
        {
            "fileName": "areatalk_ev_special_01_005",
            "talks": [
                "…………。\n瑞希がくれたブランケットと……"
            ]
        }
    ]
}