{
    "mainStory": 33,
    "eventStory": 11,
    "cardStory": 40,
    "areaTalk": 8,
    "talkPacks": [
        {
            "fileName": "mmj_01_00",
            "talks": [
                "こんにちは、みのりちゃん！",
                "ふふ。ここはセカイだからね、みのりちゃん",
                "――きっと、他のみんなは\nみのりちゃんみたいな想いを\n忘れかけちゃっているから",
                "みのりちゃん、またね！\nみのりちゃん達が同じ想いを持っている限り\nきっとまたセカイで会えるから！"
            ]
        },
        {
            "fileName": "mmj_01_03",
            "talks": [
                "『はじめまして、みのりちゃん！』"
            ]
        },
        {
            "fileName": "mmj_01_05",
            "talks": [
                "『みのりちゃん！』"
            ]
        },
        {
            "fileName": "mmj_01_06",
            "talks": [
                "うん！　そうだよ、みのりちゃん！"
            ]
        },
        {
            "fileName": "mmj_01_07",
            "talks": [
                "ねえ、みのりちゃん",
                "このセカイは、みのりちゃん達に本当の想いを\n見つけてもらうためにあるんだ",
                "ふふ。大丈夫だよみのりちゃん。\nまた元気になりたい時は、いつでも遊びに来てね！"
            ]
        },
        {
            "fileName": "mmj_01_16",
            "talks": [
                "……。よければ話を聞かせてくれない？\nわたし達、みのりちゃんの力になりたいな",
                "遥ちゃんが、みのりちゃんの毎日を、\n希望でキラキラ輝かせてくれたんだね",
                "…………。\nみのりちゃんは、遥ちゃんが大好きなんだね",
                "だから、遥ちゃんのことを考えて悩んじゃうんだね。\nみのりちゃんは、優しいね",
                "……ねえ、みのりちゃん。\n今からもう一度、わたし達のライブを見てみない？　\n特等席を用意するから！",
                "みのりちゃんには、\n特等席でライブを楽しんでもらおうとおもいます！",
                "そこで見ててねみのりちゃん！\nそれじゃあ……ライブ、スタート！",
                "でも、ライブをやるのは、わたし達じゃなくて\nみのりちゃんがいいんじゃないかな？",
                "うん！　遥ちゃんを励ましたいっていうみのりちゃんの想いは、\nやっぱりみのりちゃんが直接届けた方がいいと思うの！"
            ]
        },
        {
            "fileName": "vsmmj_01_02",
            "talks": [
                "みのりちゃん達にいつでも元気を届けられるように、\nたくさん練習しようね、リンちゃん！",
                "あ、でも、みのりちゃん達が元気になれるパフォーマンスって\nどんなのだろう……"
            ]
        },
        {
            "fileName": "vsmmj_01_03",
            "talks": [
                "みのりちゃん、元気が出たみたいだね",
                "いつも一生懸命なみのりちゃんなら、\n遥ちゃんを笑顔にできるはず！",
                "みのりちゃん達が想いを見つけられたら\n想いの歌を一緒に歌えるね",
                "わたし達は、みのりちゃん達を応援しないとね！",
                "みのりちゃんがライブをやりたいって話をしたら、きっと\n愛莉ちゃんと雫ちゃんもステージに立ってくれる気がするんだ",
                "みのりちゃん達が歌ってる時、\nミラーボールに青いスポットライトを当てるのも綺麗かも",
                "もちろん、一番いいのは、\nみのりちゃん達がやりたいライブをやってもらうことだけど……",
                "みのりちゃん達が迷ってたら、\n今のアイディアを提案するのもいいかもね",
                "みのりちゃん達の想いがこもったライブ、\n絶対成功させようね、リンちゃん"
            ]
        },
        {
            "fileName": "vsmmj_01_04",
            "talks": [
                "あれ？　みのりちゃん？",
                "みのりちゃん達のライブ、とっても素敵だったから\nまた見られるなんて嬉しいな！",
                "本当の想いを見つけたみのりちゃん達の笑顔、\nすっごくキラキラしてて、まぶしいな！"
            ]
        },
        {
            "fileName": "event_09_04",
            "talks": [
                "あ、みのりちゃん！　遥ちゃん！",
                "大丈夫だよ、みのりちゃん！\n一緒に楽しんじゃおうっ♪"
            ]
        },
        {
            "fileName": "event_09_05",
            "talks": [
                "大丈夫だよ、みのりちゃん！\nまだまだここから！"
            ]
        },
        {
            "fileName": "event_17_05",
            "talks": [
                "みのりちゃん、いらっしゃい！",
                "じゃあ、みのりちゃんも聴いてってね♪",
                "みのりちゃん、おまたせ！",
                "……でも、みのりちゃんを\n心から笑顔にはできなかったみたいだね",
                "わたしは、一生懸命がんばってるみのりちゃんやリンちゃんは、\nとっても素敵だと思うの！\nファンのみんなも、きっとそう思ってるはずだよ"
            ]
        },
        {
            "fileName": "event_17_07",
            "talks": [
                "もっちろん♪\nみのりちゃん、一緒にがんばろうね！",
                "うんっ！　リンちゃんと一緒に客席で見てたけど、 \nみのりちゃんのダンス、とっても素敵だった♪"
            ]
        },
        {
            "fileName": "event_33_03",
            "talks": [
                "あっ、みのりちゃん！\nそれにみんなも来てくれたんだね♪"
            ]
        },
        {
            "fileName": "005003_minori01",
            "talks": [
                "『みのりちゃん、こんばんは！』",
                "『ふふ、実は、今日のリハーサルの時、\nみのりちゃん緊張してたなって思って』",
                "『みのりちゃん……』",
                "『でも、みのりちゃんは、ひとりじゃないでしょ？』",
                "『うん。みのりちゃんの隣には、\n一緒にがんばろうって思ってる仲間がいるの』",
                "『だから、きっと大丈夫。失敗しそうになった時も、\nわたし達がみのりちゃんを助けるから！』",
                "『自信を持ってステージに立ってね、みのりちゃん！\n一緒に、遥ちゃんに希望を届けよう！』",
                "『ふふ、よかった。いつものみのりちゃんの笑顔に戻ったね』",
                "『みのりちゃんがリラックスできたなら、わたしも嬉しいよ』"
            ]
        },
        {
            "fileName": "005003_minori02",
            "talks": [
                "あ、みのりちゃん、愛莉ちゃん！",
                "そうだね。\nいいかな？　みのりちゃん、愛莉ちゃん",
                "お疲れさま、みのりちゃん"
            ]
        },
        {
            "fileName": "005011_minori02",
            "talks": [
                "みのりちゃん、ファイト♪",
                "みのりちゃん、今日はいつも以上に元気いっぱいだけど、\n気合いも、いつも以上だね",
                "リンちゃんは、みのりちゃんが\n焦っちゃってないか心配なんだよね"
            ]
        },
        {
            "fileName": "021003_miku02",
            "talks": [
                "みのりちゃん、大きな声で応援してくれて\nありがとう……チュッ♪",
                "え？　みのりちゃん、どうしちゃったの？",
                "でも、本当にすごいのは\nみのりちゃん達みんなの想いだよ",
                "わたし達がこんなにお客さんを笑顔にできるのも、\nみのりちゃん達の想いがそれだけあったからだよ！"
            ]
        },
        {
            "fileName": "021008_miku01",
            "talks": [
                "あっ、みのりちゃん！\nこんにちは！",
                "みのりちゃん、ひとつひとつのステップを\nすごく丁寧に確認してるんだね",
                "ねえ、みのりちゃん。\n明日、また同じ時間に来られないかな？",
                "みのりちゃん、待ってたよ！",
                "みのりちゃんも、一緒に出ようよ",
                "そんなことない！\nみのりちゃん、本当に上手になったよ",
                "ほら、みのりちゃんは、遥ちゃん達と違って\nまだあんまり人前に出る機会がないでしょ？",
                "その気持ちは、みのりちゃんも同じでしょ？",
                "行こう、みのりちゃん、リンちゃん！"
            ]
        },
        {
            "fileName": "021008_miku02",
            "talks": [
                "この前、みのりちゃんに参加してもらったステージ、\n大成功だったね！",
                "みのりちゃんも楽しそうだったし、\nわたしもすっごく楽しかった！",
                "お礼なんていいのに。\n私達だって、みのりちゃんが一緒にステージに立ってくれて\nすっごく楽しかったもん",
                "こんなこと、今まで考えたことなかったね。\nみのりちゃんのおかげで、\nまたひとつ、アイドルとして成長できたみたい"
            ]
        },
        {
            "fileName": "021016_miku02",
            "talks": [
                "みのりちゃん"
            ]
        },
        {
            "fileName": "024009_luka01",
            "talks": [
                "ちょっとだけね。\nだって、みのりちゃん全部が全力だから",
                "ルカちゃん、もしかしてメリハリのつけかたを\nみのりちゃんに教えてあげようとしてるのかもね！"
            ]
        },
        {
            "fileName": "024009_luka02",
            "talks": [
                "ルカちゃんが緩急とか、力の抜きかたを教えてあげてから\nみのりちゃん、あんまり力まなくなったから",
                "みのりちゃんの想い、か。\nうん、そうだね！"
            ]
        },
        {
            "fileName": "024010_luka01",
            "talks": [
                "『あ、山に行く約束もしてたのに、\nこっちにも来たがったのって、\nみのりちゃんが気になってたから？』"
            ]
        },
        {
            "fileName": "025010_meiko01",
            "talks": [
                "実はそろそろ、めーちゃんのことを\nみのりちゃん達に紹介したいなって思ってるの",
                "……みのりちゃん達は\n“フリーのアイドル”としてがんばってるんだけど——"
            ]
        },
        {
            "fileName": "areatalk02_280",
            "talks": [
                "ふふ、そういうみのりちゃんだってアイドルでしょう？\nどんな服装よりも、気持ちが大事だよ"
            ]
        },
        {
            "fileName": "areatalk03_070",
            "talks": [
                "みのりちゃん、練習の調子はどう？",
                "うん！　みのりちゃん、\nわたし達も一緒にやってみていいかな？"
            ]
        },
        {
            "fileName": "areatalk03_071",
            "talks": [
                "練習もそうだけど、みのりちゃんは\nコツコツ何かを続けるのが得意なんだね！"
            ]
        },
        {
            "fileName": "areatalk03_072",
            "talks": [
                "そういえば、みのりちゃんは遥ちゃんが\nアイドルだった時のライブには行ったことあるの？",
                "そうだね。\nはい！　みのりちゃん、感想は？"
            ]
        },
        {
            "fileName": "areatalk03_087",
            "talks": [
                "ふふ。歌だけじゃなくて、あの衣装も、\nみのりちゃん達の想いから生まれたものなんだよ"
            ]
        },
        {
            "fileName": "areatalk_ev_idol_02_013",
            "talks": [
                "あ。でも最近は、みのりちゃん達がよく来てくれるから、\n合同練習をすることも多いよ！"
            ]
        }
    ]
}