{
    "mainStory": 0,
    "eventStory": 4,
    "cardStory": 7,
    "areaTalk": 14,
    "talkPacks": [
        {
            "fileName": "event_14_04",
            "talks": [
                "……絵名？",
                "うん。絵名が来てる気がしたから"
            ]
        },
        {
            "fileName": "event_14_06",
            "talks": [
                "……絵名……",
                "絵名に、気づいてほしくて"
            ]
        },
        {
            "fileName": "018010_mafuyu02",
            "talks": [
                "今は、奏の曲だけじゃなくて、\n奏も絵名も瑞希も一緒"
            ]
        },
        {
            "fileName": "019006_ena02",
            "talks": [
                "……絵名、瑞希。今日も来てくれたの？"
            ]
        },
        {
            "fileName": "021006_miku02",
            "talks": [
                "……絵名、瑞希……"
            ]
        },
        {
            "fileName": "022007_rin01",
            "talks": [
                "うん。絵名が来てる",
                "うん。奏達が来た。\n絵名に、会いに来たのかもしれない"
            ]
        },
        {
            "fileName": "025008_meiko02",
            "talks": [
                "絵名、奏、いらっしゃい",
                "奏、絵名。旅行の話、ありがとう"
            ]
        },
        {
            "fileName": "areatalk02_385",
            "talks": [
                "絵名……大丈夫？　好きなだけいていいよ。\nわたしも、そばにいるよ"
            ]
        },
        {
            "fileName": "areatalk03_254",
            "talks": [
                "……絵名……",
                "うん。絵名……それと、奏"
            ]
        },
        {
            "fileName": "areatalk03_267",
            "talks": [
                "絵名も、瑞希も。真面目に、やってない？"
            ]
        },
        {
            "fileName": "areatalk03_280",
            "talks": [
                "……絵名。\nその大きなカバン、なに？",
                "これ全部、絵名の絵？　すごい……"
            ]
        },
        {
            "fileName": "areatalk03_282",
            "talks": [
                "奏、絵名……来てくれた"
            ]
        },
        {
            "fileName": "areatalk03_283",
            "talks": [
                "……あ。まふゆ。絵名……",
                "……ありがとう、まふゆ、絵名。\nじゃあ、続きから、歌う"
            ]
        },
        {
            "fileName": "areatalk03_285",
            "talks": [
                "奏や絵名の想いは、ちゃんとまふゆに届くから"
            ]
        },
        {
            "fileName": "areatalk03_300",
            "talks": [
                "うん……。わたしひとりじゃ、できないけど。\n絵名と一緒なら、できるかも"
            ]
        },
        {
            "fileName": "areatalk_ev_night_03_008",
            "talks": [
                "……リン。絵名達が来なくて、寂しい？"
            ]
        },
        {
            "fileName": "areatalk_ev_shuffle_09_007",
            "talks": [
                "うん。ありがとう、絵名"
            ]
        },
        {
            "fileName": "areatalk_ev_special_01_005",
            "talks": [
                "絵名がくれたマフラーと、\n奏がくれた靴下と、それから——"
            ]
        }
    ]
}