{
    "mainStory": 13,
    "eventStory": 5,
    "cardStory": 23,
    "areaTalk": 10,
    "talkPacks": [
        {
            "fileName": "street_01_06",
            "talks": [
                "ミク、メイコ、聞いてくれよ！\nまたリンのヤツがさー"
            ]
        },
        {
            "fileName": "street_01_16",
            "talks": [
                "まあ、まずは３人目だね！\nミクとメイコにも教えてあげなくちゃ！",
                "ミク！　メイコ！\nやっと彰人が来てくれたよ！"
            ]
        },
        {
            "fileName": "street_01_17",
            "talks": [
                "えーと……メイコ、それって\nウィスキー用のグラスじゃない？"
            ]
        },
        {
            "fileName": "vsstreet_01_01",
            "talks": [
                "やっほー、メイコ！　遊びに来たよ",
                "あ、ミクも来てたんだ。メイコの手伝い？",
                "……別にどうしてもミクと一緒に行きたいわけじゃないけど……。\nでもまあ、ありがと、メイコ",
                "わぁ、美味しそう！　ありがと、メイコ"
            ]
        },
        {
            "fileName": "vsstreet_01_02",
            "talks": [
                "そ、それよりメイコ。\nオレ、今日こそコーヒーが飲みたいな。ブラックで！",
                "あ、ありがとう、メイコ。\nへえ、このコーヒーの香り、とっても——",
                "ありがとう、ミク、メイコ",
                "やっぱりオレ、砂糖とミルクを入れようと思う。\nミクの言う通り、せっかくメイコがいれてくれたんだし……",
                "メイコ、今日のカフェオレもおいしかったよ！\nいつもありがとね"
            ]
        },
        {
            "fileName": "event_08_07",
            "talks": [
                "ありがとうメイコ！　助かったよ！"
            ]
        },
        {
            "fileName": "event_09_07",
            "talks": [
                "今のところ、オレ達が最強なんだ！\nメイコとミクにも勝って、いっちばん強いって証明するよ",
                "ま、まだまだ……！\nミクとメイコに勝って、オレ達が最強だって証明しないとな！"
            ]
        },
        {
            "fileName": "event_16_02",
            "talks": [
                "ちょうど今メイコが呼びに行って……\nあ、来た来た！"
            ]
        },
        {
            "fileName": "event_37_08",
            "talks": [
                "それじゃ、メイコのカフェに戻ろっか。\nあ～、喉かわいた～"
            ]
        },
        {
            "fileName": "011005_akito02",
            "talks": [
                "あ、彰人と冬弥だ！　やっほー！\nメイコのカフェに行くの？"
            ]
        },
        {
            "fileName": "012007_touya01",
            "talks": [
                "メイコ、サンキュー！"
            ]
        },
        {
            "fileName": "022004_rin01",
            "talks": [
                "で、リンとメイコはなんの話してたんだ？\nずいぶん楽しそうだったけど"
            ]
        },
        {
            "fileName": "022010_rin01",
            "talks": [
                "オッケー！\nメイコ、メロンソーダごちそうさまー！"
            ]
        },
        {
            "fileName": "023002_len01",
            "talks": [
                "DJ！　ってわけで、メイコのカフェについたら、１曲やろうよ！"
            ]
        },
        {
            "fileName": "023003_len01",
            "talks": [
                "……メイコ！　リンいる？",
                "たまにはメイコも一緒に歌おうよ"
            ]
        },
        {
            "fileName": "023005_len01",
            "talks": [
                "それなら、このあいだこはね達とやった羽根つきとかどう？\nメイコ、あれってもうこはね達に返しちゃった？",
                "メイコにジュース出してもらおっかな～。\nあ、でもジュースを飲んだらその分、\nパフェが食べられなくなるかもしれないや"
            ]
        },
        {
            "fileName": "023006_len01",
            "talks": [
                "やっほー、メイコ！",
                "あ、メイコ！　この棚のカップなんだけど……",
                "メイコに渡したほうのカップは大丈夫だったけど……",
                "メイコ、こんにちはー",
                "あ……。ねえ、リン。今メイコが見てる棚、\n昨日の……",
                "……目の前にあるカップが割れてたら、\nメイコなら絶対気づくよね"
            ]
        },
        {
            "fileName": "023006_len02",
            "talks": [
                "ねえねえメイコ、彰人達は？",
                "……やっぱオレ、メイコに謝ってくる。\nリンはここで待ってて",
                "メイコ……！",
                "けど、メイコのお気に入りが\nひとつ減っちゃったことには変わりないんだよね"
            ]
        },
        {
            "fileName": "023009_len01",
            "talks": [
                "それなら……、あ！\nメイコやカイト達の前でパフォーマンスしたいな！"
            ]
        },
        {
            "fileName": "023011_len02",
            "talks": [
                "……とりあえず、メイコのカフェにでも戻ろうっと。\n好きなの頼んでいいって言われたし"
            ]
        },
        {
            "fileName": "025006_meiko01",
            "talks": [
                "メイコだー！"
            ]
        },
        {
            "fileName": "025011_meiko01",
            "talks": [
                "メイコやミクみたいに大人みたいな考えかたとか、\n見守りかたとか、オレ達には難しいよ"
            ]
        },
        {
            "fileName": "areatalk01_087",
            "talks": [
                "ミクもメイコも、なんでミルクも砂糖もなしで\nコーヒーが飲めるんだろ？"
            ]
        },
        {
            "fileName": "areatalk02_303",
            "talks": [
                "ねえねえ、向こうでメイコがテラスの掃除してるんだけど、\nちょっと驚かせに行かない？"
            ]
        },
        {
            "fileName": "areatalk02_363",
            "talks": [
                "聞いてよ、杏！\nオレ、この前ミクの代わりにメイコの店手伝ってみたんだ！",
                "もちろん、ちゃんとやれたよ。\nメイコも、ミクがいない時はお願いしたいくらい、だって！"
            ]
        },
        {
            "fileName": "areatalk02_371",
            "talks": [
                "うん。メイコに見てもらったら直ったよ！\nえーっと、せ……せっしょく？がどうとかって言ってた"
            ]
        },
        {
            "fileName": "areatalk02_410",
            "talks": [
                "それで、代わりの待ち合わせ場所は……\nやっぱ、メイコの店？"
            ]
        },
        {
            "fileName": "areatalk03_176",
            "talks": [
                "そっか！　メイコ、すげー！"
            ]
        },
        {
            "fileName": "areatalk_ev_wonder_02_017",
            "talks": [
                "どう、メイコ。\nボクの殺陣、いい感じになってきたでしょ？",
                "あはは！　メイコならできちゃいそうだね！"
            ]
        },
        {
            "fileName": "areatalk_ev_wonder_02_018",
            "talks": [
                "メイコ！　今度のショーはメイコも一緒に出るんだよね！"
            ]
        }
    ]
}