{
    "mainStory": 0,
    "eventStory": 2,
    "cardStory": 2,
    "areaTalk": 0,
    "talkPacks": [
        {
            "fileName": "event_36_06",
            "talks": [
                "そうだね。\n星乃くんは以前僕達のショーを見にきたことがあるし、\n小豆沢くんは僕達のファン１号だしねえ",
                "そこに星乃くん演じる魔法使いと、\n小豆沢くんと花里くんが演じる使い魔が現れて、\n姫を救い出すんだ"
            ]
        },
        {
            "fileName": "016007_rui02",
            "talks": [
                "たしか一歌くんは、\n寧々に歌いかたを教えてほしいと言っていたんだろう？",
                "例えば、明日寧々と一歌くんが会えるよう、\n練習を休みにする、とかね"
            ]
        }
    ]
}