{
    "mainStory": 0,
    "eventStory": 7,
    "cardStory": 0,
    "areaTalk": 0,
    "talkPacks": [
        {
            "fileName": "event_07_03",
            "talks": [
                "１年Ｂ組の青柳冬弥だ"
            ]
        },
        {
            "fileName": "event_16_04",
            "talks": [
                "初めまして、青柳冬弥です"
            ]
        },
        {
            "fileName": "event_21_03",
            "talks": [
                "あ……初めまして。\n青柳冬弥です"
            ]
        },
        {
            "fileName": "event_24_01",
            "talks": [
                "もしもし、青柳です"
            ]
        },
        {
            "fileName": "event_24_02",
            "talks": [
                "すみません、本日エキストラとして参加する天馬の代理で来た、\n青柳という者なんですが……"
            ]
        },
        {
            "fileName": "event_29_05",
            "talks": [
                "はじめまして、青柳冬弥です"
            ]
        },
        {
            "fileName": "event_37_06",
            "talks": [
                "はじめまして、青柳冬弥です。\nよろしくお願いします"
            ]
        }
    ]
}