{
    "mainStory": 0,
    "eventStory": 4,
    "cardStory": 3,
    "areaTalk": 2,
    "talkPacks": [
        {
            "fileName": "event_16_02",
            "talks": [
                "あ！　ねえねえ！\nせっかくルカお姉さんが来てくれたんだし、\nみんなで何かやろうよ！",
                "ルカお姉さん！　素敵なパーティーにしようねっ♪"
            ]
        },
        {
            "fileName": "event_32_08",
            "talks": [
                "あっ、ルカお姉さん！\nこんばんはー！",
                "ルカお姉さん見て見て～！\n花火の色が変わるよ～！"
            ]
        },
        {
            "fileName": "022008_rin02",
            "talks": [
                "リンちゃん、メイコお姉さん。\nルカお姉さんも、協力してくれてありがとう！"
            ]
        },
        {
            "fileName": "024008_luka02",
            "talks": [
                "じゃあ、今ルカお姉さんがスヤスヤしてるのって、\nきっとすごくいいことなんだね！"
            ]
        },
        {
            "fileName": "024012_luka01",
            "talks": [
                "あ、ルカお姉さんだ！\nおはよう♪"
            ]
        },
        {
            "fileName": "areatalk_ev_shuffle_05_007",
            "talks": [
                "ルカお姉さんだ！　やっほっほーいっ☆\n今日は、おねむじゃないんだね？",
                "わあ……！　ルカお姉さんが、わんだほいやってくれた！"
            ]
        }
    ]
}