{
    "mainStory": 0,
    "eventStory": 1,
    "cardStory": 5,
    "areaTalk": 2,
    "talkPacks": [
        {
            "fileName": "event_26_04",
            "talks": [
                "なーんかずいぶん難しいこと言うねー、ルカは。\n“まふゆを迷路から救い出せない”かあ……"
            ]
        },
        {
            "fileName": "020012_mizuki01",
            "talks": [
                "ん？　……あ、ルカ！　今日も来たよ～",
                "ルカ、リンがどの辺りにいるかわかる？",
                "向こうだね。ありがと、ルカ！",
                "（……ダメだよ、ルカ）"
            ]
        },
        {
            "fileName": "020012_mizuki02",
            "talks": [
                "ルカが言ってた“扉”も、少し開けられたってことかな"
            ]
        },
        {
            "fileName": "areatalk_ev_night_05_003",
            "talks": [
                "あ、これ？　メイコやルカに似合うかなーって思って\n持ってきた髪飾りとか、アクセサリーだよ♪",
                "あのメイコもルカも大人っぽいし、\nふたりがつけるとどういう雰囲気になるのか\n見てみたいんだよね～"
            ]
        }
    ]
}