{
    "mainStory": 1,
    "eventStory": 37,
    "cardStory": 23,
    "areaTalk": 6,
    "talkPacks": [
        {
            "fileName": "nightcode_01_08",
            "talks": [
                "うるさい！\n彰人は関係ないでしょ！？　出てって！"
            ]
        },
        {
            "fileName": "event_14_01",
            "talks": [
                "あ、彰人",
                "何、彰人のやつ。ちょっとぐらいいいじゃん",
                "——そうだ。この前、彰人が友達からもらってきた\nぬいぐるみがあったっけ"
            ]
        },
        {
            "fileName": "event_14_04",
            "talks": [
                "……彰人には関係ないでしょ"
            ]
        },
        {
            "fileName": "event_14_08",
            "talks": [
                "昨日のこと、彰人にも謝らなきゃだけど、\nさすがにもう寝ちゃってるよね",
                "あ、そういえば……。\n彰人に当たっちゃったから、謝ろうって思ってたんだ",
                "あ……彰人、おはよう"
            ]
        },
        {
            "fileName": "event_22_01",
            "talks": [
                "ふふん、昨日ちゃーんと彰人に『明日早いから』って言って\n起こさせたからね！"
            ]
        },
        {
            "fileName": "event_29_03",
            "talks": [
                "あれ、彰人、帰ってたんだ。遅かったね",
                "へえ。このデザイン、\n彰人にはちょっとカッコよすぎるんじゃない？"
            ]
        },
        {
            "fileName": "event_29_04",
            "talks": [
                "『彰人！　今どこにいる？』",
                "『うん、今お祭りの会場からかけてるよ。\n彰人がいてくれてよかったー。ちょっと困ってたんだよね』",
                "あ、彰人！　こっちこっち！！",
                "うん！\n履いてた下駄が合わなくて、足が痛くなっちゃったんだよね。\n彰人が家にいてくれてよかったー",
                "——って、ちょっと。彰人が持ってきたの、運動靴じゃん！\nこんなの浴衣に合うわけないでしょ",
                "あ……ちょっと彰人！",
                "あ、彰人",
                "ねえ、彰人！\nそのライブ、今から見に行ってみない？",
                "彰人？　どうしたの、ぼーっとして。\nもしかして、さっきのライブの熱気に当てられたとか？",
                "……ねえ、彰人。\nああいうのやってみたら？",
                "知らないって……何言ってんの。\n私が彰人の気持ちなんて、わかるわけないじゃん",
                "ま、細かいことは置いておいて。\n彰人って器用だからなんでもできるでしょ。\nだったら、いろいろやってみたらいいじゃん"
            ]
        },
        {
            "fileName": "event_29_05",
            "talks": [
                "彰人、帰ってたんだ"
            ]
        },
        {
            "fileName": "event_29_07",
            "talks": [
                "『彰人、もしかして夏祭りの会場で\nダンスシューズなくしたりした？\nほら、このあいだ買ってた派手なデザインのやつ！』",
                "『今、ちょうど本部に来てるんだけど、\n彰人が使ってたのと同じダンスシューズを見つけたの』",
                "『なんかわかんないけど、実行委員の人が\n間違って持ってきちゃったとか言ってて。\nもし彰人のだったら、と思って連絡したんだけど——』",
                "彰人、せっかく届けてあげたんだから、\n中途半端なパフォーマンスしないでよね",
                "——でも、まさか彰人がこのステージで歌うとは思わなかったな。\nあの時とは違って、いい顔になったじゃん",
                "……ねえ、彰人。\nああいうのやってみたら？",
                "（……すごい。\n彰人達が歌い出した途端、急に空気が変わった）",
                "（……やるじゃん、彰人）"
            ]
        },
        {
            "fileName": "event_29_08",
            "talks": [
                "じゃ、行こっか。\nほら、彰人も行くよ",
                "でも、さすがにこの人混みの中を４人並んで歩いたら迷惑でしょ。\nだから仕方なく彰人の隣に来たわけ！",
                "……そういえば、前は\n彰人が私のくつを持って来てくれたんだっけ",
                "あの時の彰人、サッカーやめたばっかりで、\nすっごい落ちこんでたよねー",
                "あれ、彰人ってば、もしかして自信ないの？"
            ]
        },
        {
            "fileName": "event_36_03",
            "talks": [
                "あ、彰人がライブイベントに出てたやつか"
            ]
        },
        {
            "fileName": "011009_akito02",
            "talks": [
                "あ……。\nふふ、彰人じゃん",
                "ちょっと彰人、ほっぺたとかひざとか、\nまたケガしてるじゃない！"
            ]
        },
        {
            "fileName": "017002_kanade02",
            "talks": [
                "ちょっと！　なんで瑞希が話すわけ？\nそれに、それ私の話じゃなくて彰人の話じゃない！",
                "だーかーらー、それは私の話じゃなくて、\n彰人の話になっちゃうでしょ！",
                "え……そ、そう？\nえっと、弟の彰人はさっき瑞希が言った通りひとつ下で……"
            ]
        },
        {
            "fileName": "018002_mafuyu02",
            "talks": [
                "知らない。\n彰人とはそういうこと話さないし"
            ]
        },
        {
            "fileName": "019006_ena01",
            "talks": [
                "彰人、お歳暮抱えて何してんの？\nそれに、何食べてんの？",
                "頼まれたのは彰人でしょ。頑張ってねー"
            ]
        },
        {
            "fileName": "019006_ena02",
            "talks": [
                "（本当はそれじゃ全然起きられなくて、\nうるさいって怒鳴りこんで来た彰人に\n布団はがされて起きたんだけど）"
            ]
        },
        {
            "fileName": "019007_ena01",
            "talks": [
                "ふーん。彰人のくせに変な気つかっちゃって"
            ]
        },
        {
            "fileName": "019008_ena01",
            "talks": [
                "え？　なんで彰人がそれ知ってるの？",
                "見なさい、バカ彰人。\n私だって起きようと思えばちゃーんと起きられるんだから"
            ]
        },
        {
            "fileName": "019008_ena02",
            "talks": [
                "あ！　待って、彰人！",
                "当たり前でしょ。こっちから誘ったんだし。\nていうか、彰人も瑞希も、人をなんだと思ってるわけ？"
            ]
        },
        {
            "fileName": "019009_ena01",
            "talks": [
                "あっ、ねえ彰人。\n明日大事な用があるから、朝起こしてよ",
                "あ、愛莉！\nそうだ、彰人。あんたも挨拶くらい……"
            ]
        },
        {
            "fileName": "019011_ena01",
            "talks": [
                "ていうか、シューズ届けてあげたお礼、\nまだしてもらってなかったし、私の分は彰人のおごりね",
                "彰人、ちゃんとついてきなさいよ！"
            ]
        },
        {
            "fileName": "019011_ena02",
            "talks": [
                "『あ、でも、彰人は大きいとか小さいとか関係なく、\n犬は本当にダメ』",
                "『たしか……お母さんと私と彰人で近くの公園に\nピクニックみたいな感じで出かけた時だったかな……』",
                "『私は、逃げようとしてすぐに転んじゃって、\nで、お母さんも私を助け起こそうとしてくれたから、\n彰人だけがそこから逃げる感じになっちゃって……』"
            ]
        },
        {
            "fileName": "020006_mizuki02",
            "talks": [
                "『え？　彰人？』",
                "『あー、そういえば、彰人も私の知りあいに会ったって\n言ってたような……。誰かと思ったらAmiaだったんだ』"
            ]
        },
        {
            "fileName": "areatalk01_102",
            "talks": [
                "彰人のヤツ、どこ行ったんだろ"
            ]
        },
        {
            "fileName": "areatalk02_156",
            "talks": [
                "彰人がそういう理由でバイト選んでたから、なんとなくね"
            ]
        },
        {
            "fileName": "areatalk_add_01_005",
            "talks": [
                "あ、いたいた。ねえ、彰人",
                "彰人……！　覚えてなさいよ！"
            ]
        },
        {
            "fileName": "areatalk_ev_shuffle_07_005",
            "talks": [
                "（ギュッってしたくなっちゃうくらいかわいくて、\nでも照れ屋な妹かぁ。\nいいなあ、彰人と交換してくれないかな）"
            ]
        },
        {
            "fileName": "areatalk_ev_shuffle_09_001",
            "talks": [
                "ねえ、彰人。りんご飴の専門店っていうのが\nあるみたいなんだけど……"
            ]
        }
    ]
}