{
    "mainStory": 27,
    "eventStory": 10,
    "cardStory": 33,
    "areaTalk": 14,
    "talkPacks": [
        {
            "fileName": "vswonder_01_02",
            "talks": [
                "残念だけど、今回は仕方ないよ。\n司くんも突然ここに来てしまって、びっくりしていたようだし"
            ]
        },
        {
            "fileName": "vswonder_01_03",
            "talks": [
                "司くんが自分を覚えていなかったことが、\nよほどショックだったんだろうね",
                "……僕達にできるのは、司くんに想いを取り戻して\nもらえるようにすることくらいかもしれないね",
                "そんな気がするね。\nミク、ひとまず司くんに会いに行ってみようか",
                "あれは……司くんだ！",
                "ああ。これは司くんが、\nあの子を笑顔にするためにしているショーだからね"
            ]
        },
        {
            "fileName": "vswonder_01_04",
            "talks": [
                "司くん、手を！\n類くんも！",
                "結局ショーは見てもらえなかったね。\nごめんね、司くん",
                "（司くん、想いを取り戻してから、\nすっかり座長らしくなってきたな）",
                "ふふ、良かったよ。司くん達の役に立てて",
                "でも、また来てほしいな、司くん。\n君達には、もっと素敵なショーを見せたいからね！"
            ]
        },
        {
            "fileName": "wonder_01_00",
            "talks": [
                "僕もいるよ、司くん。ようこそ！",
                "そうだよ。\nこのセカイは、司くんの想いから生まれたセカイなんだ",
                "ミクと僕は、\n司くんに本当の想いを見つけてほしくてここにいるんだ",
                "司くんが本当の想いを見つけられたら、\nその想いから歌が生まれるからね",
                "司くんは、どうしてスターになろうと思ったか\n覚えているかい？",
                "司くん……",
                "ごめんごめん。たとえ時間がかかっても、\n司くんが本当の想いを見つけてくれたら嬉しいな",
                "きっとすぐ会えるよ。\n司くんが本当の想いを見つけたいって思っていれば、ね"
            ]
        },
        {
            "fileName": "wonder_01_03",
            "talks": [
                "はじめまして司くん。\n僕はカイトだよ。よろしくね",
                "僕たちはね、司くん。\nキミに本当の想いに気づいてもらうためにここにいるんだよ"
            ]
        },
        {
            "fileName": "wonder_01_10",
            "talks": [
                "やあ。また来てくれたんだね司くん、えむちゃん。\n今日は新しい友達も連れてきてくれて嬉しいよ",
                "……ふむふむ。この王子が司くんの役みたいだね",
                "司くん。気が向いたら一緒にショーをやろう。\nそうすれば、キミはきっと……"
            ]
        },
        {
            "fileName": "wonder_01_14",
            "talks": [
                "司くん、そんなことはないよ"
            ]
        },
        {
            "fileName": "wonder_01_19",
            "talks": [
                "司くんの想いが歌になろうとしているんだよ",
                "この歌は、最初から司くんの中にあった想いでできているんだ。\nだから、思うままに歌えばいいんだよ"
            ]
        },
        {
            "fileName": "event_03_06",
            "talks": [
                "司くん達とやるショーが、\n自分のやりたいことが思い切りできるショーだって、\nそう思っていないかい？",
                "きっと司くんは、その想いも受け止めてくれると思うよ"
            ]
        },
        {
            "fileName": "event_04_04",
            "talks": [
                "ああ、そういえば、司くん達が\nえむちゃんは体育祭の準備が忙しいって言ってたね"
            ]
        },
        {
            "fileName": "event_07_02",
            "talks": [
                "『司くん、プロポーズのシーンなんだけど、\nもう一度一緒にやってみないかい？』"
            ]
        },
        {
            "fileName": "event_07_05",
            "talks": [
                "『それは……司くん達のことかい？』"
            ]
        },
        {
            "fileName": "event_09_08",
            "talks": [
                "司くん！　危ない！！"
            ]
        },
        {
            "fileName": "event_09_09",
            "talks": [
                "でも、どうして獅子舞ロボがえむちゃんを追いかけると\n思ったんだい？　さっきまで司くんを追いかけていたのに",
                "司くん、新年早々大変だったね。\n本当にお疲れさま",
                "ふふ、それでこそ司くんだね"
            ]
        },
        {
            "fileName": "event_15_06",
            "talks": [
                "司くん達が聞いても話さないっていうことは、\nえむちゃんも、何か話せない理由があるんだろうね"
            ]
        },
        {
            "fileName": "013010_tsukasa02",
            "talks": [
                "おや、声が聞こえたと思ったら……。\n司くん、ルカ、どうしたんだい？",
                "またいつでもおいで。\nミクやレン達も司くん達に会いたがっていたしね"
            ]
        },
        {
            "fileName": "013012_tsukasa02",
            "talks": [
                "司くん、手伝ってくれてありがとう。\nそれにミク達にいろいろつきあってくれて、ありがとう",
                "司くん……",
                "それに、司くんならわかるんじゃないかな？"
            ]
        },
        {
            "fileName": "014011_emu02",
            "talks": [
                "あ、たしか司くんの妹さんと、その幼馴染みの子だったかな？"
            ]
        },
        {
            "fileName": "021010_miku02",
            "talks": [
                "ああ。ここからの司会は僕が務めさせてもらうよ",
                "司くん達はサポートメンバーとして\n加わってもらいたいから……",
                "紅組には司くんとえむちゃん、\n白組には類くんと寧々ちゃんに入ってもらおうかな"
            ]
        },
        {
            "fileName": "021011_miku01",
            "talks": [
                "わかった。じゃあ、司くん達を誘うタイミングは\nまたあとで考えようか",
                "ミクが司くん達に会いに行っているあいだに、\n次のショーについて話をしたんだ"
            ]
        },
        {
            "fileName": "022008_rin01",
            "talks": [
                "司くん達のショーのあと、\nスマイルナイトタイムが僕達の出番だ"
            ]
        },
        {
            "fileName": "024008_luka01",
            "talks": [
                "あはは。仲間がまたひとり増えたこと、\n司くん達にも教えてあげないとね"
            ]
        },
        {
            "fileName": "024012_luka01",
            "talks": [
                "ルカ、目を覚まして。\n司くん達が呼んでいるよ"
            ]
        },
        {
            "fileName": "026002_kaito01",
            "talks": [
                "司くん？\n珍しいね、君ひとりで来たのかい？",
                "司くんは仲間のいいところをちゃんと知ってる。\nだからきっといいリーダーになれるよ"
            ]
        },
        {
            "fileName": "026002_kaito02",
            "talks": [
                "それが知りたいのなら、\n司くん本人にいろいろ話を聞けばいいんじゃないかな？"
            ]
        },
        {
            "fileName": "026003_kaito02",
            "talks": [
                "きっと、司くんも心のどこかではわかっていたんだ。\nスターは、ひとりだけでは輝けないしショーもできない"
            ]
        },
        {
            "fileName": "026006_kaito01",
            "talks": [
                "司くんや類くん達のこともあったし、放っておけなくてね。\n話を聞いたんだ"
            ]
        },
        {
            "fileName": "026006_kaito02",
            "talks": [
                "（よかった。\n類くんも司くんも、すっかりいつも通りだ）",
                "ああ。前に僕が司くん達に紹介して\n一緒にショーもしているからね",
                "司くん達は、ユニットとしても\nすごく成長してるみたいだ"
            ]
        },
        {
            "fileName": "026007_kaito01",
            "talks": [
                "『うん。\n……改めて思うけど、すごいね司くんは』",
                "（類くんも、司くんからいい影響を受けているひとり、\nなんだろうね）",
                "『たしかに、司くんがいれば楽しくなりそうだ』"
            ]
        },
        {
            "fileName": "026007_kaito02",
            "talks": [
                "やあ、司くん。それに類くん達も、久しぶりだね",
                "司くんさえよければ、再演してほしいな",
                "（やっぱり、司くんの周りには\n自然と笑顔が集まってくるね）"
            ]
        },
        {
            "fileName": "026009_kaito01",
            "talks": [
                "僕達にとっても、司くん達にとっても、\nとても大事なショーになる！"
            ]
        },
        {
            "fileName": "026009_kaito02",
            "talks": [
                "えむちゃんが始めた笑顔の輪も、\n司くんや類くん、寧々ちゃん達につながって——"
            ]
        },
        {
            "fileName": "026010_kaito01",
            "talks": [
                "（宣伝大使に任命された司くん達の晴れ舞台でもあるし、\n僕もショーを見に行けたらいいんだけどな）"
            ]
        },
        {
            "fileName": "026010_kaito02",
            "talks": [
                "今頃、司くん達は最終公演の準備中かな",
                "『司くんとえむちゃんはステージの上だから、\n残っているのは……』"
            ]
        },
        {
            "fileName": "areatalk02_289",
            "talks": [
                "ステージのすべてを知り、愛着をもつことが\nスターへの一歩だよ、司くん"
            ]
        },
        {
            "fileName": "areatalk02_293",
            "talks": [
                "はは。でも、司くんの次の展開が読めない脚本も\n僕はとてもいいと思うよ"
            ]
        },
        {
            "fileName": "areatalk03_190",
            "talks": [
                "司くん達はショーの内容を考える時どうしてるんだい？"
            ]
        },
        {
            "fileName": "areatalk03_191",
            "talks": [
                "君達のショーは、司くんが脚本を書いているんだね"
            ]
        },
        {
            "fileName": "areatalk03_192",
            "talks": [
                "あの子達もこのセカイと同じで、\n司くんの想いから生まれているからね"
            ]
        },
        {
            "fileName": "areatalk03_194",
            "talks": [
                "司くん達のショーの演出類くんが考えているんだよね",
                "えーっと。\nたぶんまたすごいアイディアを思いついたんだろうね。\n司くん、頑張って……"
            ]
        },
        {
            "fileName": "areatalk03_195",
            "talks": [
                "司くん達のショーはミュージカル形式が多いみたいだけど、\nヒーローショーとかはやらないのかい？"
            ]
        },
        {
            "fileName": "areatalk03_210",
            "talks": [
                "おや？　司くん、ずいぶん表情が暗いね"
            ]
        },
        {
            "fileName": "areatalk03_223",
            "talks": [
                "司くん、ここにいるぬいぐるみ達とか、\n歌う花達にはもう慣れたかい？"
            ]
        },
        {
            "fileName": "areatalk03_240",
            "talks": [
                "へえ、演出の確認は司くんがやるんだね"
            ]
        },
        {
            "fileName": "areatalk_ev_wonder_06_006",
            "talks": [
                "セカイがすごいというよりは、\n想いの持ち主である司くんが、すごいんだと思うよ",
                "ぬいぐるみみんなに個性があるのも、\n司くんと関わりがあるんだろうしね",
                "つまり、司くんの中ではそれぞれのぬいぐるみに\nキャラ付けが施されていた、ということかな"
            ]
        }
    ]
}