{
    "mainStory": 0,
    "eventStory": 8,
    "cardStory": 9,
    "areaTalk": 3,
    "talkPacks": [
        {
            "fileName": "event_24_01",
            "talks": [
                "フフ、だろう？\nよければレンくんも一緒に作ってみるかい？",
                "さて、それじゃあセカイに行って組み立てをしようかな。\nレンくん、スマホを使うからちょっとごめんね……あれ？",
                "——レンくん、結婚式を見たことはあるかい？",
                "なら決まりだ。\n一緒に行こうじゃないか、レンくん"
            ]
        },
        {
            "fileName": "event_24_02",
            "talks": [
                "ん？　あれは……。\nすまないレンくん、しばらく姿を隠していてくれるかい？"
            ]
        },
        {
            "fileName": "event_24_06",
            "talks": [
                "すまない、レンくん。\n式場の外観を見せたあと、ずいぶんほったらかしに\nしてしまっていたね",
                "ありがとう、レンくん。\nおかげでいいフィナーレになりそうだ"
            ]
        },
        {
            "fileName": "event_24_07",
            "talks": [
                "うん。いい感じだ。\nあとは、レンくんにアイディアをもらったあれを——"
            ]
        },
        {
            "fileName": "013007_tsukasa01",
            "talks": [
                "フフ、レンくんはロボットに興味があるのかい？\nじゃあ、修理を手伝ってもらおうかな"
            ]
        },
        {
            "fileName": "022012_rin01",
            "talks": [
                "素敵な申し出をありがとう、リンくん、レンくん。\nあのショーを、そんなに気に入ってもらえたなんて嬉しいよ"
            ]
        },
        {
            "fileName": "023008_len01",
            "talks": [
                "あの時、レンくんも修理を手伝ってくれたからね。\n元気になった姿をきちんと見せてあげたかったんだよ",
                "ではレンくん、また今度の日曜日に"
            ]
        },
        {
            "fileName": "023008_len02",
            "talks": [
                "お見事！　正解だよ、レンくん",
                "お疲れさま、レンくん。\nでも、安心するのはまだ早いよ",
                "これをレンくんが作ってくれた射出装置にセット！",
                "ああ、装置のほうは問題なく作動しているね！\nレンくん、おめでとう",
                "レンくん、つきあってくれるかい？"
            ]
        },
        {
            "fileName": "areatalk_ev_wonder_01_008",
            "talks": [
                "やあ、レンくん。カイトさんから\n僕を探していると聞いたけど、どうかしたのかい？",
                "ふむ……ちなみにそれはレンくんがやりたいと\n言ったわけじゃなく、カイトさんに任命されたのかな？",
                "カイトさんはレンくんにも、\nそれを期待しているのかな、と思ってね"
            ]
        }
    ]
}