{
    "mainStory": 0,
    "eventStory": 2,
    "cardStory": 3,
    "areaTalk": 1,
    "talkPacks": [
        {
            "fileName": "event_27_02",
            "talks": [
                "そんなわけで、キミ達のこともあだ名で呼ばせてね♪\nサッキー、いっちー、ほなっち、しほぴょん！"
            ]
        },
        {
            "fileName": "event_27_08",
            "talks": [
                "あたしもあたしも～！\nフレー！　フレー！　いっちーサッキーほなっちしほぴょん！"
            ]
        },
        {
            "fileName": "003013_honami02",
            "talks": [
                "いっくよーっ☆　せーのっ！\nほなっち、誕生日おめでとーう！"
            ]
        },
        {
            "fileName": "021015_miku02",
            "talks": [
                "あっ、このマグカップ、\nこのあいだほなっちとお茶会した時のじゃない？\nこれも置いていってくれたんだね！",
                "さいっこーの雰囲気だよね！\nそれにしほっちのお団子、\nほなっちの紅茶と相性ばっちりだよ♪"
            ]
        },
        {
            "fileName": "areatalk_ev_band_04_005",
            "talks": [
                "昨日はサッキーのシンセを借りたから、\n今日はほなっちのドラムセットを借りちゃおっかな♪"
            ]
        }
    ]
}