{
    "mainStory": 0,
    "eventStory": 2,
    "cardStory": 9,
    "areaTalk": 1,
    "talkPacks": [
        {
            "fileName": "event_16_02",
            "talks": [
                "あはは。ルカはいっつもこんな感じなんだよねぇ",
                "へえ、女の子のお祭りかあ。\n今回の主役はルカだからピッタリだね！"
            ]
        },
        {
            "fileName": "023010_len01",
            "talks": [
                "えーっと、たしかこの辺りで\nめーちゃんとルカちゃんが練習してるはずなんだけど……"
            ]
        },
        {
            "fileName": "023010_len02",
            "talks": [
                "さすがルカちゃんだね！\nわかってるー！"
            ]
        },
        {
            "fileName": "024008_luka01",
            "talks": [
                "うん！　でもルカ、なんで眠っちゃってるんだろう？\nねえ、ルカ。起きてよ～！",
                "うん！　ルカが来てくれて嬉しいよ！\nこのセカイ、とっても楽しいところなんだ♪",
                "え？　ルカ？",
                "リンだっているよ！\nルカ、一緒に会いに行こうよ～！",
                "そうだよ！　みんなも、ルカが来てくれたって聞いたら、\nきっと喜んでくれるよ！",
                "わあ、ルカどこ行くのー！？\nミクも待ってー！　ルカがあっちに行っちゃったよー！",
                "そうそう。ルカってば、\nすぐに寝ちゃいそうになるんだもんね～"
            ]
        },
        {
            "fileName": "areatalk_monthly2109_008",
            "talks": [
                "あれれ？　ルカ、寝ちゃった"
            ]
        }
    ]
}