{
    "mainStory": 3,
    "eventStory": 6,
    "cardStory": 14,
    "areaTalk": 10,
    "talkPacks": [
        {
            "fileName": "street_01_06",
            "talks": [
                "ねえこはね、これって映像だよね？\nミクもメイコもバーチャル・シンガーだし……"
            ]
        },
        {
            "fileName": "vsstreet_01_04",
            "talks": [
                "あ、そうだ。こういう時は\nミクとメイコさんにアドバイスをもらおうよ",
                "ねえ、ミク、メイコさん！"
            ]
        },
        {
            "fileName": "event_06_01",
            "talks": [
                "ありがとうございます、メイコさん！",
                "メイコさん……ありがとうございます！\nじゃあ、さっそくステージ借りますね！"
            ]
        },
        {
            "fileName": "event_09_06",
            "talks": [
                "メイコさん、あけましておめでとうございます！"
            ]
        },
        {
            "fileName": "event_12_05",
            "talks": [
                "メイコさん、こんにちは！"
            ]
        },
        {
            "fileName": "event_21_01",
            "talks": [
                "メイコさん！　ミク！\n何かあったんですか？"
            ]
        },
        {
            "fileName": "event_24_07",
            "talks": [
                "これで父さんに頼まれてた買い物は全部かな。\n時間できたし、メイコさんのカフェにでも……ん？"
            ]
        },
        {
            "fileName": "011008_akito02",
            "talks": [
                "それなら、私と半分こしようよ！\nメイコさん、いいですか？"
            ]
        },
        {
            "fileName": "023002_len01",
            "talks": [
                "さて、こっちのセカイに来れたし、\nメイコさんのカフェに行こっか",
                "メイコさんのカフェを手伝ってるの？"
            ]
        },
        {
            "fileName": "025001_meiko01",
            "talks": [
                "えっ、ち、違うよ。\nメイコさんならそうしてくれそうっていうか……"
            ]
        },
        {
            "fileName": "025001_meiko02",
            "talks": [
                "えっ、ち、違うよ。\nメイコさんならそうしてくれそうっていうか……"
            ]
        },
        {
            "fileName": "025002_meiko02",
            "talks": [
                "はい。メイコさんには普段から、\nいろいろとお世話になってるんで",
                "……あー、美味しいなぁ、\nメイコさんの紅茶……",
                "うちの父さんもササっとやっちゃうほうだけど、\nメイコさんはもっと手際がよくて……すごいですね"
            ]
        },
        {
            "fileName": "025003_meiko02",
            "talks": [
                "はぁ……やっぱ美味しいなあ。\nメイコさんのコーヒー"
            ]
        },
        {
            "fileName": "025005_meiko01",
            "talks": [
                "メイコさん、こんにちは！",
                "よし、じゃあやろう！\nメイコさん、準備ってあと何が残ってますか？",
                "うん。\nメイコさん、ふきん借りますね！",
                "メイコさん、テーブル拭き終わったので、\n次、床やりたいんですけど、モップありますか？"
            ]
        },
        {
            "fileName": "025011_meiko02",
            "talks": [
                "うん。だって、メイコさん達には助けてもらって\nばっかりだなーって思ってたので"
            ]
        },
        {
            "fileName": "areatalk02_220",
            "talks": [
                "すごいね、メイコさん。\n軽食のマフィンとか手作りらしいよ"
            ]
        },
        {
            "fileName": "areatalk02_367",
            "talks": [
                "はーい。\nメイコさんにはかなわないなぁ"
            ]
        },
        {
            "fileName": "areatalk03_129",
            "talks": [
                "へぇ、そうなんだ！\nそれにしても、さっすがメイコさん。\nいい曲とかいろいろ知ってるんだろうなぁ"
            ]
        },
        {
            "fileName": "areatalk03_143",
            "talks": [
                "メイコさんの許可はとってるから大丈夫！"
            ]
        },
        {
            "fileName": "areatalk03_147",
            "talks": [
                "メイコさんのお店って本当にオシャレ。\nレイアウトはメイコさんが？"
            ]
        },
        {
            "fileName": "areatalk03_148",
            "talks": [
                "メイコさん、実はテストが近くて\n勉強したいんだけど、いいかな？"
            ]
        },
        {
            "fileName": "areatalk03_173",
            "talks": [
                "だからミクはメイコさんを手伝ってるのかもね"
            ]
        },
        {
            "fileName": "areatalk03_179",
            "talks": [
                "メイコさんって本当にすごいね"
            ]
        },
        {
            "fileName": "areatalk_add_01_003",
            "talks": [
                "こはねがメイコさんのお店でいれてくれたコーヒー、\nすっごく美味しかった！"
            ]
        },
        {
            "fileName": "areatalk_ev_street_05_003",
            "talks": [
                "メイコさんがいれてくれるコーヒーのほうが\nフルーティーな感じするんだけど……。\n冬弥からすると、どういうところが違うように感じるの？"
            ]
        }
    ]
}