{
    "mainStory": 0,
    "eventStory": 1,
    "cardStory": 13,
    "areaTalk": 3,
    "talkPacks": [
        {
            "fileName": "event_16_02",
            "talks": [
                "それじゃあ、みんなで\nルカの歓迎会を兼ねて、ひな祭りパーティーの計画を立てよう！"
            ]
        },
        {
            "fileName": "013010_tsukasa02",
            "talks": [
                "おや、声が聞こえたと思ったら……。\n司くん、ルカ、どうしたんだい？",
                "ルカのことを心配してくれてありがとう。\nそれで、今日はどうしたんだい？"
            ]
        },
        {
            "fileName": "022012_rin02",
            "talks": [
                "ミク、メイコ、それとルカ……は寝てるから、\nふたりともリンのフォロー、よろしく",
                "ルカ！？　いつの間に起きたんだい？"
            ]
        },
        {
            "fileName": "024008_luka01",
            "talks": [
                "いらっしゃい、ルカ！\nみんな、君を待っていたんだよ"
            ]
        },
        {
            "fileName": "024008_luka02",
            "talks": [
                "ルカ、楽しんでくれてるかい？"
            ]
        },
        {
            "fileName": "024012_luka01",
            "talks": [
                "ルカ、目を覚まして。\n司くん達が呼んでいるよ",
                "だから、ルカもどうかって、\n寧々ちゃんが誘ってくれたんだよ"
            ]
        },
        {
            "fileName": "026009_kaito01",
            "talks": [
                "メイコとルカが一緒だから、\nきっと心配いらないだろうけど……ん？"
            ]
        },
        {
            "fileName": "026010_kaito02",
            "talks": [
                "ルカ、メイコ？\nふたりそろってどうしたんだい？",
                "『メイコとルカも、ありが……あれ？\nいない？』",
                "『メイコ、ルカ？　どこだい？』"
            ]
        },
        {
            "fileName": "026011_kaito01",
            "talks": [
                "……何？　メイコもルカもニコニコして……"
            ]
        },
        {
            "fileName": "areatalk_ev_shuffle_05_012",
            "talks": [
                "ルカ、ミクを見なかったかい？",
                "ふふ、そう言ってもらえると嬉しいな。\nありがとう、ルカ"
            ]
        },
        {
            "fileName": "areatalk_ev_wonder_06_007",
            "talks": [
                "ふふ。ルカも期待してくれているみたいだし、\n試しに作ってみようかな"
            ]
        }
    ]
}