{
    "mainStory": 0,
    "eventStory": 0,
    "cardStory": 4,
    "areaTalk": 2,
    "talkPacks": [
        {
            "fileName": "005010_minori01",
            "talks": [
                "『こんにちは、みのりちゃん、雫ちゃん』"
            ]
        },
        {
            "fileName": "025010_meiko01",
            "talks": [
                "あ……その『みのりちゃん達』って、\nこのセカイの想いの持ち主の……"
            ]
        },
        {
            "fileName": "025012_meiko01",
            "talks": [
                "うーん……。\nみのりちゃん達に聞いてみようかしら？"
            ]
        },
        {
            "fileName": "025012_meiko02",
            "talks": [
                "ええ。みのりちゃん達から、これまでお月見が\n時代に合わせてどんな風に形を変えていったかを聞いたのよ"
            ]
        },
        {
            "fileName": "areatalk_monthly2107_003",
            "talks": [
                "どういたしまして♪　いつかみのりちゃんが\nステージに立った時にでも、役立ててね！",
                "そういえば、フリーで活動しているから\nみのりちゃん達がライブをするのって結構大変なのよね"
            ]
        }
    ]
}