{
    "mainStory": 0,
    "eventStory": 7,
    "cardStory": 20,
    "areaTalk": 14,
    "talkPacks": [
        {
            "fileName": "event_11_02",
            "talks": [
                "これからミクちゃんやリンちゃんと一緒に、\n素敵なステージを作っていこうと思うわ",
                "ええ、ミクちゃんとリンちゃんから\nいろいろ話を聞いていたの"
            ]
        },
        {
            "fileName": "event_11_05",
            "talks": [
                "ミクちゃんもリンちゃんも練習しているところだから、\n今は私しかいないしね"
            ]
        },
        {
            "fileName": "event_17_05",
            "talks": [
                "えっ、リンちゃん？",
                "あらあら、リンちゃんってば\nそんなこと思ってたの？",
                "私は、みのりちゃんにもリンちゃんにも、\n自分にしかできないことがあると思うわ"
            ]
        },
        {
            "fileName": "event_34_02",
            "talks": [
                "これに関してはリンを責められないわね。\n私も、もうそろそろ呼びにいこうかと思っていたし"
            ]
        },
        {
            "fileName": "020012_mizuki01",
            "talks": [
                "……リンのところに行くんだったわね。\nさっきは向こうのほうで見かけたわ"
            ]
        },
        {
            "fileName": "021015_miku01",
            "talks": [
                "それじゃあ私達も、\nメイコとリンを呼びに行きましょ"
            ]
        },
        {
            "fileName": "022008_rin02",
            "talks": [
                "あらぁ。今の笑顔、とってもすてきね、リン"
            ]
        },
        {
            "fileName": "023010_len02",
            "talks": [
                "あら、リンちゃんとミクちゃんも\nやっぱり今日のライブに招待されてたのね♪"
            ]
        },
        {
            "fileName": "024007_luka01",
            "talks": [
                "リンちゃん？　そんなに暗い顔をしてどうしたの？",
                "そうだったの。でも、そんなくらーい顔をしていたら、\nリンちゃんのファンが悲しんでしまうわよ？",
                "……リンちゃんは優しいわね",
                "リンちゃんは、あの子達が\n『リンちゃんに言われたからそうする』ような\n無責任な子達だと思う？"
            ]
        },
        {
            "fileName": "024007_luka02",
            "talks": [
                "じゃあ、ぜひ見せてくれないかしら！\nよかったら、リンちゃんにも♪",
                "だから、雫ちゃんが勇気を出したかっこいいところ、\nリンちゃんにも見せてあげたくて。\nね？　どうかしら？",
                "もちろん大丈夫よ。\nリンちゃんと楽しみに待ってるわ！",
                "ふふ。よかった♪\nリンちゃん、もうすっかり元気みたい",
                "実はリンちゃんね、悩んでいたの。\n雫ちゃん達が苦労しているのは、自分のせいかもって"
            ]
        },
        {
            "fileName": "024008_luka01",
            "talks": [
                "……んん……あらー。\nカイトくんもめーちゃんもリンもいるの？"
            ]
        },
        {
            "fileName": "024010_luka01",
            "talks": [
                "『ええ。特にリンちゃんは——』"
            ]
        },
        {
            "fileName": "024010_luka02",
            "talks": [
                "あら、いいわね♪\nじゃあ、リンちゃんは私達の隣で見ていて？"
            ]
        },
        {
            "fileName": "024011_luka01",
            "talks": [
                "ええ。……あなたもいたのね、リン",
                "ふふ。リンは、ずいぶんな“かまってちゃん”ね",
                "ふふ。リン風に言うなら……。\n会話に入れてあげなくもないわよ、メイコ？"
            ]
        },
        {
            "fileName": "024011_luka02",
            "talks": [
                "私じゃなくてリンやメイコでもかまわないわ。\n何か、感じるものはある？"
            ]
        },
        {
            "fileName": "areatalk_ev_idol_02_003",
            "talks": [
                "せっかくミクちゃんやリンちゃんとライブをするんだもの、\n３人で楽しくお話したいわ",
                "あ、そうだ。３人でセトリを考えた時の話はどうかしら？\nふふ、ミクちゃんとリンちゃんに相談しに行かなくちゃ♪"
            ]
        },
        {
            "fileName": "areatalk_ev_idol_02_005",
            "talks": [
                "リンちゃんから聞いたんだけど、\nみのりちゃんって、毎日日記を書いているのよね？\n今も続けているの？"
            ]
        },
        {
            "fileName": "areatalk_ev_idol_02_009",
            "talks": [
                "そういうことね。でも結局、ミクちゃんやリンちゃんと\n３人で歌うことが多いんだけどね♪"
            ]
        },
        {
            "fileName": "areatalk_ev_idol_02_013",
            "talks": [
                "ミクちゃんとリンちゃんは、普段どうやって練習してるの？"
            ]
        },
        {
            "fileName": "areatalk_ev_idol_02_014",
            "talks": [
                "どうしたの、リンちゃん。\n何か困りごと？"
            ]
        },
        {
            "fileName": "areatalk_ev_idol_02_015",
            "talks": [
                "応援の練習よ。みのりちゃんにたくさん教えてもらったから、\nリンちゃんのソロライブ、全力で応援するわね♪"
            ]
        },
        {
            "fileName": "areatalk_ev_night_04_012",
            "talks": [
                "あら、退屈そうねリン。\nじゃあ、しりとりでもする？"
            ]
        },
        {
            "fileName": "areatalk_ev_night_05_006",
            "talks": [
                "あら、メイコ、リン。おはよう",
                "あら残念。リンはどう？"
            ]
        },
        {
            "fileName": "areatalk_ev_shuffle_05_004",
            "talks": [
                "あ……。\nふふっ、どこかでリンとレンが遊んでるのかしら。\nとっても楽しそうねぇ"
            ]
        },
        {
            "fileName": "areatalk_ev_shuffle_05_007",
            "talks": [
                "レンとリンが教えてくれたの。\nどう？　上手にできたかしらー？"
            ]
        },
        {
            "fileName": "areatalk_ev_shuffle_05_013",
            "talks": [
                "めーちゃんやリンと一緒に乗ったメリーゴーランド、\nすごく楽しかったわ～"
            ]
        },
        {
            "fileName": "areatalk_ev_wonder_05_006",
            "talks": [
                "うふふっ。実は、リンとレンが、\n座長になってやりたいショーがあるんですって～"
            ]
        }
    ]
}