{
    "mainStory": 18,
    "eventStory": 5,
    "cardStory": 43,
    "areaTalk": 19,
    "talkPacks": [
        {
            "fileName": "vswonder_01_01",
            "talks": [
                "あ、ミク！　どこに行くんだい！？",
                "もしかして……ミクかい？\nその着ぐるみはいったい……",
                "ふふ。みんな笑顔になってくれたみたいだ。\nよかったね、ミク",
                "どうしたんだい、ミク？",
                "……もしかしてミク、脱げなくなったのかい？\n手伝おうか？",
                "あっ、ミク！"
            ]
        },
        {
            "fileName": "vswonder_01_02",
            "talks": [
                "そうだ。それじゃあミクのために、\n僕がおもしろいショーをやろうじゃないか！",
                "すごいね、ミク！\n今日練習を始めたばかりなのに、もう本物のマジシャンみたいだ",
                "ん？　どうしたんだい、ミク",
                "ミク……"
            ]
        },
        {
            "fileName": "vswonder_01_03",
            "talks": [
                "ミク……",
                "ああ！　そうだね、ミク！",
                "ミ、ミク！\nいきなりくすぐったらびっくりするじゃないか！",
                "そんな気がするね。\nミク、ひとまず司くんに会いに行ってみようか",
                "ミク、ちょっと様子を見てみよう"
            ]
        },
        {
            "fileName": "wonder_01_00",
            "talks": [
                "ミクと僕は、\n司くんに本当の想いを見つけてほしくてここにいるんだ"
            ]
        },
        {
            "fileName": "wonder_01_03",
            "talks": [
                "ミク。わざわざ連れてきてくれたんだね、ありがとう"
            ]
        },
        {
            "fileName": "wonder_01_20",
            "talks": [
                "ああ、そうだね！　ミク！"
            ]
        },
        {
            "fileName": "event_03_05",
            "talks": [
                "どうしたんだい？　レン、ミク"
            ]
        },
        {
            "fileName": "event_04_04",
            "talks": [
                "それより、ミク。\n僕達もショーの準備をしないとだよ。僕は先に行ってるね"
            ]
        },
        {
            "fileName": "event_09_08",
            "talks": [
                "ミク、レン、準備はいいかい？",
                "うん。ミクが見つけてきた大型ネットで何か面白いことが\nできないかって話してたんだけど、なかなか難しくてね"
            ]
        },
        {
            "fileName": "event_09_09",
            "talks": [
                "ミク、レン、メイコ、準備はいいかい？"
            ]
        },
        {
            "fileName": "013007_tsukasa01",
            "talks": [
                "それはいいね！\nみんなが応援してくれたら、きっとミク達も喜ぶよ"
            ]
        },
        {
            "fileName": "013010_tsukasa02",
            "talks": [
                "またいつでもおいで。\nミクやレン達も司くん達に会いたがっていたしね"
            ]
        },
        {
            "fileName": "013012_tsukasa02",
            "talks": [
                "司くん、手伝ってくれてありがとう。\nそれにミク達にいろいろつきあってくれて、ありがとう"
            ]
        },
        {
            "fileName": "014011_emu02",
            "talks": [
                "ミク、おかえり。\nそれとえむちゃん、いらっしゃい",
                "ミクから、一緒に遊んでもらったって聞いたよ。\n忙しいのに、ありがとう"
            ]
        },
        {
            "fileName": "021010_miku01",
            "talks": [
                "ミク、応援ありがとう。\nおかげで、ぬいぐるみくん達も気合が入って\nいい練習ができてるよ",
                "ああ。それでミクも\nこんなに応援にはまっちゃったんだね"
            ]
        },
        {
            "fileName": "021010_miku02",
            "talks": [
                "あ、待ってくれミク",
                "みんな、あんなに楽しそうなのに、\n本当にミクは応援だけでいいのかい？"
            ]
        },
        {
            "fileName": "021011_miku01",
            "talks": [
                "おーい、ミクー？　\nそろそろ次のショーの話しあいを始めるよー",
                "それじゃあ、どうすればミクの案を実現できるか、\nまずはみんなで考えてみないとね",
                "……ミク？",
                "ミクが司くん達に会いに行っているあいだに、\n次のショーについて話をしたんだ",
                "ミクが雪や空飛ぶソリの提案したのは、\nあの子達の話を聞いたからだって、すぐにわかったよ"
            ]
        },
        {
            "fileName": "022008_rin01",
            "talks": [
                "そういう時は……ミク、ちょっと……"
            ]
        },
        {
            "fileName": "022012_rin02",
            "talks": [
                "ミク、メイコ、それとルカ……は寝てるから、\nふたりともリンのフォロー、よろしく"
            ]
        },
        {
            "fileName": "023011_len02",
            "talks": [
                "やあ、ミク",
                "うん、バッチリ！　ね、ミク？"
            ]
        },
        {
            "fileName": "025006_meiko01",
            "talks": [
                "ミク、レン、ちょっといいかな？",
                "そうだね。じゃあ、ミク達が戻ってくるまで、\nステージの飾りつけを考えよう",
                "おかえり！　でも、まだミクが帰ってきてないんだ"
            ]
        },
        {
            "fileName": "025011_meiko02",
            "talks": [
                "ミクも安心したんじゃないかい？\nイベントのこと気にしてソワソワしてたし"
            ]
        },
        {
            "fileName": "026002_kaito01",
            "talks": [
                "えっと……つまり、あのミクやぬいぐるみと\nどうやって一緒にショーを作っているのかを聞きたいんだね？",
                "僕が閉じ込められた箱に、これからミクが剣を刺します。\n……ミク、お願いできるね？",
                "ちょ、ちょっと待ってくれないか、ミク。\n刺す剣は３本の予定だったような……",
                "けどね、ミクが次々剣を刺していったのがうけて\nショーはすごく盛り上がったよ"
            ]
        },
        {
            "fileName": "026003_kaito01",
            "talks": [
                "あ、ちょっと、ミク！！",
                "ミク！　どうしたんだい？　そのシャボン玉",
                "……ああ。そうだね、ミク"
            ]
        },
        {
            "fileName": "026003_kaito02",
            "talks": [
                "ごめんね。\nまたみんなが来てくれて、ミクは嬉しかったんだと思うよ"
            ]
        },
        {
            "fileName": "026006_kaito01",
            "talks": [
                "ああ、ミク。\nちょうどいいところに来てくれたね"
            ]
        },
        {
            "fileName": "026006_kaito02",
            "talks": [
                "はは、そうだね。\nありがとう、ミク！"
            ]
        },
        {
            "fileName": "026007_kaito01",
            "talks": [
                "レンもミクも、お疲れさま",
                "『ミクもそうだけど、周りにいる人達を\n自然と笑顔にしてしまう不思議な魅力があって、\n彼の周りにはいつもたくさんの人が集まってくる』"
            ]
        },
        {
            "fileName": "026008_kaito01",
            "talks": [
                "……いやいや！　メイコやミクなら、\nきっとお店にいるはず！",
                "やぁ、メイコ、ミク！",
                "ただいま、メイコ、ミク！"
            ]
        },
        {
            "fileName": "026009_kaito01",
            "talks": [
                "ああ。ミクのチームも大丈夫そうかい？"
            ]
        },
        {
            "fileName": "026009_kaito02",
            "talks": [
                "ふふ。前にね、ミクと話をしたんだ"
            ]
        },
        {
            "fileName": "026010_kaito01",
            "talks": [
                "もちろん。僕とミクで協力するよ",
                "あはは、ミクと話して慣れてるからかな？"
            ]
        },
        {
            "fileName": "026010_kaito02",
            "talks": [
                "ミク、みんな……もしかして……",
                "（帰ったら、ミク達にちゃんとお礼言わないと……）"
            ]
        },
        {
            "fileName": "areatalk02_291",
            "talks": [
                "最近、やたらミクやぬいぐるみ達が……あっ！\nまさか、みんなで示し合わせて……？"
            ]
        },
        {
            "fileName": "areatalk02_293",
            "talks": [
                "脚本かい？　だいたい僕が考えることが多いけど、\nぬいぐるみ達やミクのアイディアを使わせてもらうこともあるよ"
            ]
        },
        {
            "fileName": "areatalk02_336",
            "talks": [
                "ミク、今度のショーの打ち合わせをするよー！",
                "ミクー！　おかしいな、このあたりでぬいぐるみ達と\n楽しそうに話してたと思うんだけど……",
                "おーい、ミクー！\n……って、あっ！"
            ]
        },
        {
            "fileName": "areatalk02_377",
            "talks": [
                "え……衣装？　ミクの衣装なら舞台裏にいろいろ……",
                "でも、数が多そうだし僕ひとりじゃ難しいな。\nミクも手伝ってくれるかい？"
            ]
        },
        {
            "fileName": "areatalk02_379",
            "talks": [
                "えむちゃん、ミクやぬいぐるみ達に\nアクロバットを見せてくれたんだって？",
                "そうか。ふふ、ミクとえむちゃんだと、\nえむちゃんの方がちょっとお姉さんかもしれないな"
            ]
        },
        {
            "fileName": "areatalk02_382",
            "talks": [
                "よいしょっと……ミク、こんなにたくさんの\nフラフープを引っ張り出してどうするんだい？"
            ]
        },
        {
            "fileName": "areatalk03_206",
            "talks": [
                "ミクは十分、楽しそうだよ"
            ]
        },
        {
            "fileName": "areatalk03_239",
            "talks": [
                "そうだね。僕やミクがいるショーステージの近くには\nぬいぐるみくん達だけだね"
            ]
        },
        {
            "fileName": "areatalk_ev_shuffle_03_034",
            "talks": [
                "そうだな……。僕の場合は、\nミク達のアイディアをまとめて脚本を作ったり、\n必要な道具や衣装を準備したりしてるよ"
            ]
        },
        {
            "fileName": "areatalk_ev_shuffle_05_012",
            "talks": [
                "ルカ、ミクを見なかったかい？"
            ]
        },
        {
            "fileName": "areatalk_ev_special_01_004",
            "talks": [
                "ミクもお疲れさま。\nありがとう、いろいろ手伝ってくれて"
            ]
        },
        {
            "fileName": "areatalk_ev_street_05_007",
            "talks": [
                "だろうね。ミクが一番、あの子達のそばにいたんだから"
            ]
        },
        {
            "fileName": "areatalk_ev_wonder_02_016",
            "talks": [
                "今日１日、ミクやぬいぐるみくん達と遊んだんだけど……"
            ]
        },
        {
            "fileName": "areatalk_ev_wonder_05_007",
            "talks": [
                "そんなことはないよ。ミクやぬいぐるみ達も頼りになるし、\n最近はよくメイコも助けてくれるからね"
            ]
        },
        {
            "fileName": "areatalk_monthly2109_007",
            "talks": [
                "えっと……。ミクに突然連れてこられたんだけど、\nすごくしちゃおう会議っていうのは……？"
            ]
        }
    ]
}