{
    "mainStory": 1,
    "eventStory": 39,
    "cardStory": 28,
    "areaTalk": 5,
    "talkPacks": [
        {
            "fileName": "vswonder_01_04",
            "talks": [
                "あっ！　えむちゃーんっ！"
            ]
        },
        {
            "fileName": "event_04_04",
            "talks": [
                "ねえ、カイト～。\n最近えむちゃん来てないよね？",
                "えーっ、そうなの！？\nじゃあ、しばらくえむちゃんに会えないってことー！？",
                "う〜……。\nえむちゃんと歌ったり踊ったりしたいのに〜",
                "えむちゃーん！！",
                "ねえねえ、えむちゃんは体育祭で、どんなことするの？",
                "フレー！　フレー！　えむちゃん！\nって感じで♪",
                "よかった☆\nじゃあ明日、ミクがえむちゃんの学校の体育祭に遊びに行くね！"
            ]
        },
        {
            "fileName": "event_04_05",
            "talks": [
                "『でしょでしょ？　昨日、えむちゃんが帰ったあとに\n一生懸命作ったんだ〜』",
                "『うんっ！　とっても嬉しい♪\nえむちゃん、ありがとう！』",
                "『えむちゃ～ん！！　がんばれ～！！』",
                "『あっ！　えむちゃん達が前に出たっ！』"
            ]
        },
        {
            "fileName": "event_04_06",
            "talks": [
                "『あっ、そろそろ始まる！\nえむちゃんを応援するぞ～！』",
                "『フレー！　フレー！　えむちゃん！\nがんばれがんばれ、えーむちゃん！』"
            ]
        },
        {
            "fileName": "event_04_07",
            "talks": [
                "『わあ、すごいすごい！\nえむちゃん、やったね〜！』",
                "『えむちゃーん！\nお疲れさま！』",
                "『えむちゃん、いろんな競技で活躍してて、\nスーパースターみたいだったよ☆』",
                "『またね、えむちゃん！』"
            ]
        },
        {
            "fileName": "event_09_08",
            "talks": [
                "すごいすごい！　えむちゃん、お餅つくの上手だねー！",
                "あ、えむちゃんの手から\n杵がスポーンって抜けちゃった！"
            ]
        },
        {
            "fileName": "event_15_03",
            "talks": [
                "あれ？　えむちゃんは？"
            ]
        },
        {
            "fileName": "event_15_06",
            "talks": [
                "それで、えむちゃんはどこにいるの？\n一緒に来たんだよねっ？"
            ]
        },
        {
            "fileName": "event_16_02",
            "talks": [
                "えむちゃんのおうちにもあるの？　ひな人形！"
            ]
        },
        {
            "fileName": "event_30_01",
            "talks": [
                "『やったー！！\n楽しみにしてるね、えむちゃん☆』"
            ]
        },
        {
            "fileName": "event_30_02",
            "talks": [
                "『ねえねえ、えむちゃん！　せっかく海に来たんだし、\nカイト達にお土産を持って行きたいんだけど、\n何がいいかなー？』",
                "『うー、見当たらないなあ……。\nえむ隊員はどうだったー？』",
                "『ううん、ミクはえむちゃんと遊べて楽しかったよ☆\nまた明日一緒に探そうね♪』"
            ]
        },
        {
            "fileName": "event_30_03",
            "talks": [
                "『ねえねえ、えむちゃん。\n今って何してるのー？』",
                "『じゃあ、練習がんばってね、えむちゃん！』",
                "『えむちゃん、大丈夫？』",
                "『誰でも最初はうまくいかないよ！\nえむちゃんだって、一生懸命練習してからショーをするでしょ？』",
                "『もっちろん！\n応援してるよ、えむちゃん♪』"
            ]
        },
        {
            "fileName": "event_30_05",
            "talks": [
                "『えむちゃん、えむちゃん！\nまた遊びに来たよーっ！！』"
            ]
        },
        {
            "fileName": "event_30_06",
            "talks": [
                "『えむちゃん、えむちゃん！\n今ちょっとお話してもいいー？』"
            ]
        },
        {
            "fileName": "event_30_07",
            "talks": [
                "『えむちゃん！　ミクの声、聞こえてるー？』",
                "『うん！　今からミクがマジックのやりかたを教えるから、\nえむちゃんも一緒にレッツトライ☆』",
                "『次の発表、がんばってね、えむちゃん！\n最高のショーになるようにミクも応援してるよっ』"
            ]
        },
        {
            "fileName": "event_30_08",
            "talks": [
                "『えむちゃん、見て見て！\n海がオレンジ色に光っててきれいだねー！』",
                "『あ……えむちゃんは夕暮れが苦手なんだっけ』",
                "『じゃあえむちゃん、ミクはまたしばらく隠れてるねっ』"
            ]
        },
        {
            "fileName": "013007_tsukasa01",
            "talks": [
                "うぇるかむ、えむちゃん☆\n寧々ちゃんも、よろしくね♪",
                "ふっふっふ……。\nミクとえむちゃんについてこられるかな？",
                "さあ、えむちゃん！　いっくよー！",
                "イエス、えむちゃん！　気合を入れて、よいしょ！"
            ]
        },
        {
            "fileName": "014011_emu02",
            "talks": [
                "えむちゃん、いらっしゃーい！\n発表の練習終わったの？",
                "でも、まだ終わりじゃないんだよ♪\nねっ、えむちゃん！",
                "えむちゃん、またお邪魔するから、\n一緒に遊ぼうね！"
            ]
        },
        {
            "fileName": "014013_emu02",
            "talks": [
                "えむちゃ～んっ！\nこっちはいつでも、練習できるよ～っ♪"
            ]
        },
        {
            "fileName": "015005_nene02",
            "talks": [
                "『わーい♪\nえむちゃん、やっほ～！』",
                "『それでえむちゃんが、また学校に遊びにおいで！って、\n誘ってくれたんだよね～♪』"
            ]
        },
        {
            "fileName": "021010_miku01",
            "talks": [
                "えむちゃんの体育祭の時なんて、\nもっともーっとすごかったしね！",
                "『わ……真っ暗だ！\nえむちゃんのスマホ、カバンの中なのかな？』",
                "『あ、司くんの声！\nちょっと遠そうだけど、耳がいいえむちゃんなら……』",
                "『おーい！　えむちゃーん！』",
                "『あっ、足音！　えむちゃーん！』",
                "『ぷはー！　ありがとう、えむちゃん！』",
                "『ハッ！　でもえむちゃんの休憩時間が……！』",
                "『えむちゃん達の体育祭みたいに\n素敵なショーになるように、がんばる！』"
            ]
        },
        {
            "fileName": "021011_miku01",
            "talks": [
                "あ、そうだ！　えむちゃん達も誘っちゃおうよ♪\nきっと楽しい案をたっくさん出してくれるよ？",
                "じゃあ、決まりだねっ☆\nちょっとえむちゃんのところに行ってくる！"
            ]
        },
        {
            "fileName": "021014_miku01",
            "talks": [
                "えへへっ。実は、えむちゃんの\n臨海学校についていったんだ～☆",
                "えむちゃんも、楽しいことは\nおすそ分けしたいって言ってたし……",
                "『えむちゃん、ミクのお願い聞いてくれてありがとう！』",
                "それなら、３人でえむちゃんが喜んでくれそうなことを\nしてあげればいいんじゃないかな♪"
            ]
        },
        {
            "fileName": "021014_miku02",
            "talks": [
                "『えむちゃん、こんにちは～♪』",
                "おおー！　えむちゃん、だいせいか～い♪",
                "うんっ☆\nえむちゃん、好きな席に座ってね♪"
            ]
        },
        {
            "fileName": "026007_kaito02",
            "talks": [
                "わーい！　またえむちゃんや\n寧々ちゃんとショーができるー♪"
            ]
        },
        {
            "fileName": "areatalk02_290",
            "talks": [
                "わーいっ☆　えむちゃん、ぎゅー♪"
            ]
        },
        {
            "fileName": "areatalk02_294",
            "talks": [
                "類くん、えむちゃんから聞いたよっ☆\nステージでぎゅぎゅっばばばーんしたんだって？"
            ]
        },
        {
            "fileName": "areatalk02_374",
            "talks": [
                "すごーい！　えむちゃん、\nくるくるびゅびゅびゅーんした！"
            ]
        },
        {
            "fileName": "areatalk02_382",
            "talks": [
                "えむちゃんと寧々ちゃんと一緒に\nフラフープ何本回せるか競争するんだよ"
            ]
        },
        {
            "fileName": "areatalk03_205",
            "talks": [
                "えへへー、ありがとう♪\nでもでも、えむちゃんの衣装もハデハデキラキラだよねっ☆"
            ]
        }
    ]
}