{
    "mainStory": 2,
    "eventStory": 13,
    "cardStory": 26,
    "areaTalk": 9,
    "talkPacks": [
        {
            "fileName": "street_01_00",
            "talks": [
                "いらっしゃい、こはね、杏",
                "ふーん……そう？\nじゃあ、杏は？"
            ]
        },
        {
            "fileName": "event_09_07",
            "talks": [
                "ありがとう、杏。\nリン、レン。いい試合ができて楽しかったよ"
            ]
        },
        {
            "fileName": "event_12_05",
            "talks": [
                "そっか。杏達らしいね"
            ]
        },
        {
            "fileName": "event_28_05",
            "talks": [
                "じゃあ今日は、杏達の歌を聴いて\n感想を言えばいいんだね？"
            ]
        },
        {
            "fileName": "event_36_02",
            "talks": [
                "杏はどう？"
            ]
        },
        {
            "fileName": "event_37_05",
            "talks": [
                "杏……？",
                "ちょっと、杏達と話したいことができたの",
                "実はずっと気になってたんだ。\n最近、杏の様子がちょっと変だったから"
            ]
        },
        {
            "fileName": "event_37_06",
            "talks": [
                "——ねえ、杏。\nひとつ、聞いてもいい？",
                "杏は、こはねにとってどんな存在でいたいの？",
                "杏は、『こはねに尊敬されるような相棒でいたい』から、\nこれからもずっと、自分の歌でこはねを\nドキドキさせ続けたいって思ってる",
                "杏にとってこはねは、\nやっと見つけた相棒なんだね",
                "杏"
            ]
        },
        {
            "fileName": "event_37_08",
            "talks": [
                "『——頑張れ、杏』"
            ]
        },
        {
            "fileName": "010009_an02",
            "talks": [
                "こはねは、杏と出会って歌を始めたでしょ？",
                "だから、杏達を通じて知ったものが、\nこはねにとっての『基準』になっているんじゃない？",
                "……きっと、杏達に追いつくことに必死で、\nみんなの背中だけを見て走って来たんだろうね",
                "杏との出会いが、ストリート音楽を\n始めるきっかけになったように——"
            ]
        },
        {
            "fileName": "010010_an02",
            "talks": [
                "『杏が、“私が遠くへ行っちゃったら”って\nこはねに聞いてるあたりからかな』",
                "『でも、よかった。杏の心が決まったみたいで』"
            ]
        },
        {
            "fileName": "021004_miku02",
            "talks": [
                "……こはねと杏は一緒じゃないの？"
            ]
        },
        {
            "fileName": "021012_miku01",
            "talks": [
                "いいね。杏の抱負も"
            ]
        },
        {
            "fileName": "021012_miku02",
            "talks": [
                "でしょ？　でも、追いつかれた杏達だって、\nそのままでいいなんて思うはずない"
            ]
        },
        {
            "fileName": "021017_miku01",
            "talks": [
                "（ここしばらく、杏の調子が上がりきらない）",
                "……ねえ、メイコ。\n最近、杏や彰人から何か聞いた？\n悩みごととか、相談ごと",
                "うん。なんか杏に悩みか何かがあるみたいで、\nそれに気づいた彰人も気にしてるっぽくてさ",
                "そうだね。杏なら、自分じゃ解決できないことは\n潔くチームに相談すると思うんだけど……",
                "うん。それができる素直さが杏のいいところだよね",
                "（それに、杏の表情が暗くなるのって、だいたい\nこはねの話をしてるタイミングのような気もするし）",
                "ふふ。それが一番杏らしいかも",
                "（杏が何を悩んでるのかはわからないけど、\nいい方向に向いてくれるといいな）"
            ]
        },
        {
            "fileName": "021017_miku02",
            "talks": [
                "それが、今の杏の気持ちなんだね",
                "（杏らしさが、ちょっと戻ってきてるかな）",
                "彰人と冬弥、杏とこはね。\n４人は、みんな別々の人間なんだから",
                "杏には杏の、こはねにはこはねの——\nそしてVividsにはVividsの在りかたがある",
                "——杏",
                "杏は、今の自分を不甲斐なく思ってるかもしれない"
            ]
        },
        {
            "fileName": "023011_len02",
            "talks": [
                "杏の顔色が悪かったから、さすがに放っておけなくて"
            ]
        },
        {
            "fileName": "025005_meiko02",
            "talks": [
                "杏だって、しっかり芯のある子だし\n私が口を出さなくても大丈夫って信じてたから",
                "でも、実はちょっとだけ意外だったんだよね。\nこはねと杏にああいうことが起きるなんて"
            ]
        },
        {
            "fileName": "areatalk02_299",
            "talks": [
                "杏って、お父さんのカフェでどんな手伝いしてるの？"
            ]
        },
        {
            "fileName": "areatalk02_359",
            "talks": [
                "中身より、やってるってことが大事でしょ。\n杏は偉いね。親孝行で"
            ]
        },
        {
            "fileName": "areatalk03_145",
            "talks": [
                "ねえ、杏達はラップでバトルとかしないの？"
            ]
        },
        {
            "fileName": "areatalk_ev_street_05_005",
            "talks": [
                "ねえ、杏。サンドイッチを作ってみたんだけど、\n食べてみてくれない？",
                "そう。ほらだいぶ前に、\n料理、やってみたら？って杏が言ってたでしょ。",
                "よかった。実は、杏にあげても大丈夫って、\nメイコが言ってくれるまで何十個も作ったんだ"
            ]
        },
        {
            "fileName": "areatalk_monthly2109_002",
            "talks": [
                "……ねえ、メイコ。\n杏がさっきからうなってるけど、どうしたの？",
                "杏がここに来てまで宿題やってるなんて、\n明日は雪が降るかもしれないね",
                "ふふ。ちょっとやそっとじゃ音をあげない杏が\nそう言うんだから、宿題はよっぽどの強敵みたいだね"
            ]
        }
    ]
}