{
    "mainStory": 10,
    "eventStory": 15,
    "cardStory": 29,
    "areaTalk": 7,
    "talkPacks": [
        {
            "fileName": "nightcode_01_00",
            "talks": [
                "ミク？　\nミクってもしかして……バーチャル・シンガーの？",
                "でも……ミクとこんな風に話せるわけ……。\nこれは、夢……？"
            ]
        },
        {
            "fileName": "nightcode_01_01",
            "talks": [
                "……へえ、ミクが歌ってるんだ。\nここで3/4になって……"
            ]
        },
        {
            "fileName": "nightcode_01_06",
            "talks": [
                "……ミク？　あなたが……？"
            ]
        },
        {
            "fileName": "nightcode_01_12",
            "talks": [
                "（これは……ミクの歌声……？\nそれに、この曲……わたしが昔作った…………？）",
                "……ミク……",
                "…………ミク"
            ]
        },
        {
            "fileName": "nightcode_01_15",
            "talks": [
                "（ミクが教えてくれた）",
                "（それでもわたしは……ミクの言葉を信じたい）"
            ]
        },
        {
            "fileName": "vsnightcode_01_04",
            "talks": [
                "……ミクと、一緒に？"
            ]
        },
        {
            "fileName": "event_02_05",
            "talks": [
                "ミク！\nよかった。すぐ見つかって",
                "うん。\nあれ？　ミク、それって……",
                "……うん。\nミクに聞きたいことがあるの",
                "あの時、まふゆのそばにいたミクなら、\n何かわかるかもしれないって思ったの",
                "ミク……",
                "……どうしたの？　ミク"
            ]
        },
        {
            "fileName": "event_02_07",
            "talks": [
                "（でも、そういえばミクは……）",
                "（ミクの言う通り、雪が、あのマリオネットと自分を\n似てるって思ってるんだったら……！）"
            ]
        },
        {
            "fileName": "event_09_03",
            "talks": [
                "『……うん、そうだね。\n久しぶりにミクとも話したいし』",
                "……ミク？"
            ]
        },
        {
            "fileName": "event_14_05",
            "talks": [
                "ミク、絵名がどこにいるのか教えてくれる？",
                "……ミク、やっぱりわたし、絵名に会いたい"
            ]
        },
        {
            "fileName": "event_18_08",
            "talks": [
                "これ……ミクの歌？"
            ]
        },
        {
            "fileName": "event_29_06",
            "talks": [
                "……ミク、喜びそう"
            ]
        },
        {
            "fileName": "event_36_03",
            "talks": [
                "……え、どうしたの？　ミク"
            ]
        },
        {
            "fileName": "017002_kanade01",
            "talks": [
                "『ミクと出会ったあの不思議なセカイでまふゆと話してから、\nわたしはもっと、みんなのことを知った方がいいと思った』"
            ]
        },
        {
            "fileName": "017006_kanade01",
            "talks": [
                "ミク、絵名がどこにいるのか教えてくれる？"
            ]
        },
        {
            "fileName": "017007_kanade01",
            "talks": [
                "ミク達、いるかな",
                "（あっちのほうで何かぼんやり光ってる……？\nミク達が何かしてるのかな）",
                "ミクは……いないか",
                "ミク達は……いないみたい",
                "仕方ない……。\nここにいるかわからないけど、ミク達を探してみよう"
            ]
        },
        {
            "fileName": "017007_kanade02",
            "talks": [
                "あ、ミク……",
                "……ミクがいるってことは、\nやっぱりここはセカイなんだ"
            ]
        },
        {
            "fileName": "017012_kanade02",
            "talks": [
                "『うん。でも、ミク達にも聴いてもらいたいんだ。\nだから、セカイに行って聴きたいんだけど、いいかな？』",
                "何、ミク？"
            ]
        },
        {
            "fileName": "019006_ena02",
            "talks": [
                "コンビニで買い物したらお正月飾りがもらえて、\nせっかくだし、ミクにもお正月気分を\n味わってもらえたらと思って持って来た"
            ]
        },
        {
            "fileName": "019012_ena01",
            "talks": [
                "それじゃあ……ミク、ルカ、また今度"
            ]
        },
        {
            "fileName": "021001_miku02",
            "talks": [
                "（これ……初音ミクのイベントの動画……？）",
                "『ミクにしか出来ない表現はたくさんある』",
                "『もしわたしが、そんなミクのための曲を\nつくることができたら……その時は歌ってもらうかもしれない』",
                "『雪はどうしてミクに興味を持ったの？』",
                "ミク、か……"
            ]
        },
        {
            "fileName": "021007_miku02",
            "talks": [
                "ミクに話したいことって？"
            ]
        },
        {
            "fileName": "021009_miku01",
            "talks": [
                "……いた。\nミク、会いに来たよ",
                "たしか、瑞希がミクに教えたんだよね。\nわたしがこの前来た時も、あやとりしてた",
                "ミク、どうしたの？"
            ]
        },
        {
            "fileName": "021016_miku01",
            "talks": [
                "ミク……",
                "（……それにしても、\nこんなにミクの歌を聴くようになるなんて思わなかったな）"
            ]
        },
        {
            "fileName": "021016_miku02",
            "talks": [
                "ミ、ミク！？\nでも……なんだか、普通？",
                "ねえ、ミク。\nなんでいろいろな物が、木にぶら下がってるの？",
                "ミクがいてくれたから、見つけてあげられた。\n心に届く曲を、作ってあげられた"
            ]
        },
        {
            "fileName": "022011_rin02",
            "talks": [
                "え、リンにミク？",
                "リン、ミク。よかったら\nまふゆのこと見ててくれない？"
            ]
        },
        {
            "fileName": "areatalk03_247",
            "talks": [
                "……あれ、ミクいないね"
            ]
        },
        {
            "fileName": "areatalk03_253",
            "talks": [
                "大丈夫だよ、ミク。\nやっぱり……これが、私だから"
            ]
        },
        {
            "fileName": "areatalk03_268",
            "talks": [
                "まふゆ、ミクといたんだ"
            ]
        },
        {
            "fileName": "areatalk03_285",
            "talks": [
                "ミク……。\nうん、そうだね。そうだといいな"
            ]
        },
        {
            "fileName": "areatalk03_298",
            "talks": [
                "そういえば、ミクにわたし達が作ってる動画、\n見せたことあるかな……"
            ]
        },
        {
            "fileName": "areatalk_ev_night_05_004",
            "talks": [
                "ううん、ミク達がまだ来てないから、始まってないよ"
            ]
        },
        {
            "fileName": "areatalk_ev_shuffle_12_009",
            "talks": [
                "うん。最初はミクだけだったしね"
            ]
        }
    ]
}