{
    "mainStory": 0,
    "eventStory": 0,
    "cardStory": 7,
    "areaTalk": 3,
    "talkPacks": [
        {
            "fileName": "005011_minori02",
            "talks": [
                "遥ちゃん達に追いつくためにも、\nひとつひとつの練習を大事にしていきましょうね"
            ]
        },
        {
            "fileName": "006012_haruka02",
            "talks": [
                "ふふ。だって遥ちゃんは、アイドルだもの"
            ]
        },
        {
            "fileName": "007009_airi01",
            "talks": [
                "雫ちゃんのことなんだけど、\nなんだか遥ちゃんのことを心配してるみたいね……",
                "ちなみに愛莉ちゃんは、\n遥ちゃんが無理をしてるって感じることはあった？"
            ]
        },
        {
            "fileName": "024010_luka01",
            "talks": [
                "そろそろ、みのりちゃんと遥ちゃんが\n遊園地に着く頃かしら？",
                "『それにしても、意外とバレないものね。\n遥ちゃん達も、私達も』",
                "『あら？　もしかして遥ちゃん、\nフェニーくんが好きなのかしら？』"
            ]
        },
        {
            "fileName": "areatalk_ev_idol_02_006",
            "talks": [
                "ええ、すごく面白そう！\nふふ。遥ちゃんのその企画、楽しみにしてるわね♪"
            ]
        },
        {
            "fileName": "areatalk_ev_idol_02_007",
            "talks": [
                "なあに、遥ちゃん♪",
                "あら、残念。でも、そう呼んでくれていいわよ♪\n遥ちゃんの照れ顔、また見たいもの"
            ]
        }
    ]
}