{
    "mainStory": 0,
    "eventStory": 13,
    "cardStory": 31,
    "areaTalk": 9,
    "talkPacks": [
        {
            "fileName": "event_07_02",
            "talks": [
                "（東雲で、彰人……。\nってことは……）",
                "もしかしてキミって——絵名の弟の、東雲彰人くんじゃない？"
            ]
        },
        {
            "fileName": "event_07_03",
            "talks": [
                "ホントに！？　ビンゴ～！\n弟くんも神高だったんだね～！　",
                "ところで弟くん、今日って絵名は来てないの？",
                "やったー！　ありがとう弟くん、冬弥くん！\nそれじゃあさっそく、レッツゴー♪"
            ]
        },
        {
            "fileName": "event_19_03",
            "talks": [
                "前、文化祭の時に、絵名の弟くんと会ったって話したでしょ？",
                "その時、弟くんのクラスがお化け屋敷をやってたんだ。\nそれで——"
            ]
        },
        {
            "fileName": "event_19_04",
            "talks": [
                "あはは！　たしかに弟くんは出てこなそうー！"
            ]
        },
        {
            "fileName": "event_29_07",
            "talks": [
                "弟くんと冬弥くん、イベント出るんだねー！\nボク、楽しみにしてるよ！",
                "ねえねえ、さっき知ったんだけど、\nこのあと、アマチュア部門のトリで絵名の弟くんが出るんだよー"
            ]
        },
        {
            "fileName": "event_29_08",
            "talks": [
                "イベント、楽しかったねー！\nアマチュア部門って聞いてたけど、みんなレベル高かったし。\n弟くん達もすごかったね！",
                "じゃあさ、絵名チームと弟くんチームでわけて、\n姉弟対決にしようよ！"
            ]
        },
        {
            "fileName": "event_36_03",
            "talks": [
                "たしかに、弟くんもそうだけど\nいろんなアーティストが出てて楽しかったよね～！"
            ]
        },
        {
            "fileName": "007008_airi02",
            "talks": [
                "あ、照れてる照れてる～！\nそうだ、愛莉ちゃんはいつ弟くんと知りあったの？"
            ]
        },
        {
            "fileName": "018002_mafuyu02",
            "talks": [
                "それ、もしかして絵名の弟くんじゃない？\n絵名はさ、弟くんから何か聞いてないの？"
            ]
        },
        {
            "fileName": "019001_ena01",
            "talks": [
                "『弟くんが優しい子でよかったね』"
            ]
        },
        {
            "fileName": "019008_ena02",
            "talks": [
                "あはは！　弟くんがなんて言ったかわかんないけど、\n日頃の行いのせいかもね～"
            ]
        },
        {
            "fileName": "019011_ena01",
            "talks": [
                "にしても、ちゃーんと借りを返そうとするんだから\n弟くんは偉いよね",
                "あとは、弟くんを連れてくって絵名が言ってたから、\nなんかおもしろそうだなーって思って！",
                "仕方ないよ弟くんの前だし。\nていうか、優等生のまふゆ見るの結構久しぶりじゃない？",
                "弟くん？",
                "弟くんはまふゆのこと知らないから、伝わらないって"
            ]
        },
        {
            "fileName": "019011_ena02",
            "talks": [
                "『パンケーキすっごくおいしかったよ！\nあれには、面倒くさがってたえななんの弟くんも\n大満足！って感じでさ！』",
                "『あ、怖がるといえばさ。\nえななんと弟くん、ひょっとして犬苦手だったりする？』",
                "『ふーん。で、犬が苦手な弟くんは盾にできないから、\nボクを盾にしたってこと？』",
                "『ていうか、そういうこと言ってるから、\n弟くんも全然信じてくれないんじゃない？』"
            ]
        },
        {
            "fileName": "020001_mizuki01",
            "talks": [
                "『弟くんに買いに行かせたの間違いじゃなくて？』",
                "『今日は、かー。弟くん大変だなぁ』"
            ]
        },
        {
            "fileName": "020002_mizuki01",
            "talks": [
                "でも絵名は弟くんパシらせてるし、\n調理実習も人に全部作らせてそう～！"
            ]
        },
        {
            "fileName": "020006_mizuki01",
            "talks": [
                "あ、そうそう！　誘ってもらったおかげでさ、\n知りあいの弟くんに会えたんだよね",
                "ううん。弟くんも言ってたけど、多分寝てたよ。\n絵名ってば昼夜逆転しちゃってるからね～"
            ]
        },
        {
            "fileName": "020006_mizuki02",
            "talks": [
                "『いろいろあって、なんと！\nえななんの弟くんをみつけちゃったんだ～♪』　"
            ]
        },
        {
            "fileName": "020008_mizuki01",
            "talks": [
                "やっほー！　弟くん♪",
                "ええ～、だって弟くんは弟くんだしなぁ",
                "あっ……！\nじゃあね、弟くん！　ボクはこれで！",
                "弟くんの裏切り者～！！"
            ]
        },
        {
            "fileName": "020009_mizuki02",
            "talks": [
                "弟くんに冬弥くんじゃん！　やっほー！",
                "あれ？　どうしたの、弟くん"
            ]
        },
        {
            "fileName": "020011_mizuki01",
            "talks": [
                "冬弥くんは？\nこんな朝早く、しかも弟くんナシでお出かけ？"
            ]
        },
        {
            "fileName": "020011_mizuki02",
            "talks": [
                "や、やっほー、弟くん！",
                "弟くんも合流して、\nこれからまた練習って感じ？",
                "にしても弟くん達が一緒に歌ってるって、\nなんか意外だな～",
                "まったく、絵名ってば……。\n弟くんのほうが断然年上っぽいじゃん",
                "けど、ボクが知ってる絵名は、\n弟くんが言うほど傍若無人ではないかな～"
            ]
        },
        {
            "fileName": "areatalk03_273",
            "talks": [
                "絵名の弟くんがバイトしてる\nセレクトショップって、このへん？",
                "なんだ、弟くんのバイト先知らないのかぁ。\nどんな感じなのかのぞいてみたかったのに"
            ]
        },
        {
            "fileName": "areatalk_ev_shuffle_02_005",
            "talks": [
                "ねえねえ、弟くん！\nこれ、レディースファッションの記事なんだけどさ",
                "（へえ！　弟くんも絵名と一緒で、\n自分が好きなことには、とことん真面目なタイプなんだ）"
            ]
        },
        {
            "fileName": "areatalk_ev_shuffle_02_006",
            "talks": [
                "やっほー、弟くん",
                "えー、でもボクにとっては『絵名の弟くん』なんだもん♪"
            ]
        },
        {
            "fileName": "areatalk_ev_shuffle_09_004",
            "talks": [
                "皆さん、本日は弟くんのバイト先見学ツアーにご参加いただき、\nありがとうございまーす♪",
                "あとボク、普段ストリートファッションしないから、\n弟くんにコーディネートしてみてほしいんだよね～",
                "いいのいいの♪　純粋に弟くんのオススメが知りたいんだから。\nさ、行こう！"
            ]
        }
    ]
}