{
    "mainStory": 26,
    "eventStory": 3,
    "cardStory": 27,
    "areaTalk": 14,
    "talkPacks": [
        {
            "fileName": "nightcode_01_04",
            "talks": [
                "……ミク"
            ]
        },
        {
            "fileName": "nightcode_01_06",
            "talks": [
                "……ミク？"
            ]
        },
        {
            "fileName": "nightcode_01_07",
            "talks": [
                "……ミク、どうしてここに人がいるの？",
                "……ミク、もうこれ以上、この人達と話すことはない。\nここから追い出して",
                "ミクが、私が、まだ私を見つけられるっていうのなら、\n全部捨ててでも探し出す",
                "ミク。\nこのセカイに、この人達はいらない"
            ]
        },
        {
            "fileName": "nightcode_01_13",
            "talks": [
                "もう、いいよね……ミク"
            ]
        },
        {
            "fileName": "nightcode_01_16",
            "talks": [
                "……ねぇ、ミク",
                "……？　どうしたの、ミク"
            ]
        },
        {
            "fileName": "nightcode_01_17",
            "talks": [
                "ミク……あなたが連れてきたの？",
                "ミク、追い出して",
                "ミク、聞こえないの？\n……早くこのふたりを……",
                "……ミクまで……なんなの？"
            ]
        },
        {
            "fileName": "nightcode_01_19",
            "talks": [
                "……ミク",
                "“見つけてほしかった”んだね、ミク",
                "『ミクは、本当の想いを見つけたら、\n想いから歌が生まれる……って言ってた』"
            ]
        },
        {
            "fileName": "vsnightcode_01_01",
            "talks": [
                "ミク、その歌……",
                "どうして、ミクがその歌を知ってるの？"
            ]
        },
        {
            "fileName": "vsnightcode_01_02",
            "talks": [
                "うん。ありがとう、ミク",
                "私の曲は、他の人達から重苦しいって言われるのに、\nミクが歌うと、全然違って聴こえて……",
                "じゃあミクが歌ったら、あの曲も——",
                "ねえ、ミク。あの曲を歌ってみてくれない？\nミクがこの前歌ってた……"
            ]
        },
        {
            "fileName": "vsnightcode_01_03",
            "talks": [
                "……ミク"
            ]
        },
        {
            "fileName": "vsnightcode_01_04",
            "talks": [
                "ミク、今いい？",
                "そう。……ミクに",
                "だからOWNとして作った曲は、\nとりあえず、ミクに渡した曲で最後にする"
            ]
        },
        {
            "fileName": "event_02_07",
            "talks": [
                "ミク",
                "ミク、これは――",
                "……ミク、あやとりなんてできたんだね"
            ]
        },
        {
            "fileName": "017003_kanade01",
            "talks": [
                "ミク。\nこのセカイに、この人達はいらない"
            ]
        },
        {
            "fileName": "018003_mafuyu01",
            "talks": [
                "ミクって……もしかして、初音ミク？",
                "――手伝って、ミク"
            ]
        },
        {
            "fileName": "018005_mafuyu01",
            "talks": [
                "ミク、その歌……",
                "どうして、ミクがその歌を知ってるの？",
                "（私の想いでできたセカイにいたミクが、\n初めからあの歌を知っていた。つまり……）",
                "（セカイでミクに会ったり、話をしてる時も\n今と似たような感覚になる……）",
                "（ミクが歌ってた、奏の歌みたいに——）"
            ]
        },
        {
            "fileName": "018008_mafuyu01",
            "talks": [
                "ミクもいたの……",
                "少しだけだよ、ミク"
            ]
        },
        {
            "fileName": "018010_mafuyu02",
            "talks": [
                "そういえば……。\nここはもう、ミクひとりじゃなくなったんだったね",
                "ねえ、ミク。変わったって、何が変わったの？",
                "ミクは……ひとりのほうが、よかった？"
            ]
        },
        {
            "fileName": "018012_mafuyu02",
            "talks": [
                "自分で歌ってみてもよくわからなかったから、\nなんとなく、ミクならって……",
                "ミク、ありがとう",
                "……ありがとう、ミク"
            ]
        },
        {
            "fileName": "021001_miku02",
            "talks": [
                "『特に……ミクが歌ってる曲』",
                "『……Ｋはミクのこと、どう思う？』",
                "『つくった曲を、\nミクに歌ってもらおうって思ったことはないの？』",
                "『ミクのための曲……』"
            ]
        },
        {
            "fileName": "021006_miku01",
            "talks": [
                "……ミク？",
                "それじゃあ、ミク。また……",
                "……ミク"
            ]
        },
        {
            "fileName": "021007_miku02",
            "talks": [
                "私、ちょっと残るね。\nミクに話したいことがあるから",
                "ねえミク……ここには、いつまで来られる？",
                "ミク……"
            ]
        },
        {
            "fileName": "024011_luka02",
            "talks": [
                "ミクは、私が変わったからって言っていたけど……"
            ]
        },
        {
            "fileName": "areatalk02_149",
            "talks": [
                "ふふ。つまりサボりだね。\nミクに言って、追い出してもらっちゃおうかな"
            ]
        },
        {
            "fileName": "areatalk02_153",
            "talks": [
                "そうだね。あ、せっかくだし、ミクに顔見せてあげて。\nきっと喜ぶから"
            ]
        },
        {
            "fileName": "areatalk02_317",
            "talks": [
                "……ミク",
                "ミク",
                "（声のトーンが変わるだけで反応変わるなんて、\nミクには悪いけど、ちょっと面白いな）"
            ]
        },
        {
            "fileName": "areatalk02_384",
            "talks": [
                "ミク、ひとりだと暇じゃない？　本とか、読む？",
                "（私の知っているミクとは姿形は違うけど、\n“ミク”は“ミク”なんだね……）"
            ]
        },
        {
            "fileName": "areatalk03_265",
            "talks": [
                "……ミク。今日は、何してたの？"
            ]
        },
        {
            "fileName": "areatalk03_268",
            "talks": [
                "うん。……やっぱり、“ミク”だからかな。\n歌詞には関心があるみたい"
            ]
        },
        {
            "fileName": "areatalk03_270",
            "talks": [
                "ミク……。\n……そうだね。なれたら、いいのかもね……"
            ]
        },
        {
            "fileName": "areatalk03_283",
            "talks": [
                "……ミク。\nまず、さっきの歌の続き聴いてもいい？"
            ]
        },
        {
            "fileName": "areatalk03_296",
            "talks": [
                "ミク……"
            ]
        },
        {
            "fileName": "areatalk03_299",
            "talks": [
                "そういえば、25時にみんなで集まる前に\nちょっとだけミクに会いに、ここに顔を出してたっけ……"
            ]
        },
        {
            "fileName": "areatalk_ev_night_05_007",
            "talks": [
                "……ミク？"
            ]
        }
    ]
}