{
    "mainStory": 0,
    "eventStory": 30,
    "cardStory": 17,
    "areaTalk": 5,
    "talkPacks": [
        {
            "fileName": "event_22_01",
            "talks": [
                "（あれ、電話？\n……愛莉から？）",
                "『もしもし。\nどうしたの、愛莉』",
                "『え！？　日野森雫って、よく愛莉が話してる……？\nこのあいだも一緒に配信出てたよね』",
                "『愛莉の言うとおり、最近外出てなかったし、\nいつまでもモヤモヤしててもしょうがないもんね』",
                "……愛莉、ちょうどいい時に誘ってくれたな。\nよーし、週末は思いっきり買い物しちゃおっと！",
                "（愛莉から、ちょっと天然とは聞いてたし、\n前少し見た配信でもそんな感じしたけど……）"
            ]
        },
        {
            "fileName": "event_22_02",
            "talks": [
                "『別に、たまたま中学が一緒で仲良くなっただけだって。\nあとは、愛莉と一緒に活動してる日野森雫って子も\n一緒に行く予定』",
                "愛莉、もうバス来てるはずだよね？\nそろそろ乗っちゃおっか"
            ]
        },
        {
            "fileName": "event_22_03",
            "talks": [
                "やった！　愛莉の作ったチーズケーキ、\n売ってるやつみたいに凝ってるんだよね",
                "へえ。愛莉、詳しいじゃない"
            ]
        },
        {
            "fileName": "event_22_06",
            "talks": [
                "愛莉……！！",
                "待って愛莉！　足下の石がグラグラして……！",
                "愛莉！　大丈夫！？",
                "こうなったら、這いつくばってでも登ってやるんだから！\n愛莉、行こう！",
                "愛莉！？"
            ]
        },
        {
            "fileName": "event_22_07",
            "talks": [
                "ごめん、愛莉。\n私が足を滑らせたせいで、巻きこんじゃったのに……",
                "愛莉……",
                "そういう愛莉もね。瑞希と雫達が\nいなかったらって思うと、ぞっとする",
                "愛莉ってば……。\n帰ったら、ちゃんと病院行ってよ？"
            ]
        },
        {
            "fileName": "event_22_08",
            "talks": [
                "『今日はありがと。今から愛莉と雫と\nグループ通話しようって話してるんだけど、瑞希もどう？』",
                "『何よ。諦めないのが私のいいところって\n言ったのは、愛莉じゃない』"
            ]
        },
        {
            "fileName": "event_29_08",
            "talks": [
                "愛莉！？",
                "好きで歩いてるわけじゃないってば。\n私だって、愛莉達と話したいの！"
            ]
        },
        {
            "fileName": "event_36_07",
            "talks": [
                "あれ、愛莉と……雫？\nそれにあとひとりの子って……",
                "あ、そっか。\n愛莉達も奏とは初対面だったよね",
                "奏、私の友達で愛莉と雫。\nふたりも有名なアイドルだよ",
                "ごめんね、愛莉。\n会えたらまたあとで会おうね"
            ]
        },
        {
            "fileName": "event_36_09",
            "talks": [
                "愛莉と一緒にアイドルやってる子だよね。\n楽しみ～"
            ]
        },
        {
            "fileName": "event_36_10",
            "talks": [
                "あっ、愛莉ー！",
                "東雲絵名です、よろしく！\n愛莉から話は聞いてるよ"
            ]
        },
        {
            "fileName": "007008_airi02",
            "talks": [
                "——ねえ、愛莉。愛莉ってば！"
            ]
        },
        {
            "fileName": "007011_airi02",
            "talks": [
                "私も久しぶりに愛莉達とお茶できて楽しかったよ",
                "愛莉には前にも話したと思うけど、\nもう持久戦は覚悟してるから",
                "愛莉も雫も知らないだろうけど、\nほんっと面倒な子なんだからね！"
            ]
        },
        {
            "fileName": "019001_ena01",
            "talks": [
                "（愛莉とはちょっと前にも\nショッピングしたばかりだけど……メッセージ送信、と）",
                "（さすが愛莉、返信早い！）"
            ]
        },
        {
            "fileName": "019006_ena02",
            "talks": [
                "愛莉……！",
                "『あけましておめでとう、愛莉！\n今年も、一緒に買い物行ったりしようね♪』"
            ]
        },
        {
            "fileName": "019009_ena01",
            "talks": [
                "もう！　明日は愛莉に会う日なの！",
                "よし！　愛莉より先に着けた！",
                "するわけないでしょ。愛莉は大事な友達なんだから",
                "あ、愛莉！\nそうだ、彰人。あんたも挨拶くらい……",
                "愛莉、今そっち行くねー！"
            ]
        },
        {
            "fileName": "019009_ena02",
            "talks": [
                "あ、愛莉。私も今来たところで……ん、ふぁー……",
                "そうなんだ。でもあの子、すごいよね。\n愛莉達みたいな元トップアイドルの中で\n一緒に活動してるなんて",
                "うん！　ありがとう、愛莉"
            ]
        },
        {
            "fileName": "019011_ena01",
            "talks": [
                "本当は奏とか愛莉や雫を誘って\n行くつもりだったんだから"
            ]
        },
        {
            "fileName": "areatalk02_028",
            "talks": [
                "そうだね。せっかく頑張って早起きもしたし。\n愛莉と会うのも久しぶりだし、のんびりおしゃべりしよっか"
            ]
        },
        {
            "fileName": "areatalk_ev_shuffle_07_001",
            "talks": [
                "どうしたの、愛莉。難しい顔して",
                "（そうやって、歌ってる人や曲を大事にするの、\nなんだか愛莉らしいなぁ）"
            ]
        },
        {
            "fileName": "areatalk_ev_shuffle_07_002",
            "talks": [
                "ねえねえ、愛莉。ちょっとダイエットしたいんだけど、\nおすすめの方法ある？"
            ]
        },
        {
            "fileName": "areatalk_monthly2109_004",
            "talks": [
                "へえ、いいじゃん！　そのお店教えて、愛莉！"
            ]
        }
    ]
}