{
    "mainStory": 0,
    "eventStory": 10,
    "cardStory": 27,
    "areaTalk": 7,
    "talkPacks": [
        {
            "fileName": "event_11_02",
            "talks": [
                "ふふ、大げさよ。みのりちゃん"
            ]
        },
        {
            "fileName": "event_17_05",
            "talks": [
                "今からアンコールに応えてステージに行くところなんだけど、\nよければみのりちゃんも一緒に歌わない？",
                "みのりちゃん……",
                "私は、みのりちゃんにもリンちゃんにも、\n自分にしかできないことがあると思うわ"
            ]
        },
        {
            "fileName": "event_17_07",
            "talks": [
                "みのりちゃん、どうしたの？",
                "みのりちゃんが笑顔でいるだけで、\nファンのみんなは安心するの",
                "いい感じよ、みのりちゃん！",
                "みのりちゃん、今日もレッスンお疲れさま！",
                "でもそれは、みのりちゃんがファンのみんなのために \n一生懸命頑張ったからよ",
                "本番も、今の想いを忘れなければ大丈夫。 \nきっとみんなに、みのりちゃんの想いが届くはずよ"
            ]
        },
        {
            "fileName": "005011_minori02",
            "talks": [
                "それで、みのりちゃん達のほうはいつもどおり練習かしら？"
            ]
        },
        {
            "fileName": "006012_haruka02",
            "talks": [
                "あら、みのりちゃん。\n用事は終わったの？"
            ]
        },
        {
            "fileName": "024007_luka02",
            "talks": [
                "いらっしゃい、雫ちゃん♪\nそれにみのりちゃんも！"
            ]
        },
        {
            "fileName": "024009_luka01",
            "talks": [
                "みのりちゃん、今日もお疲れさま♪",
                "みのりちゃん、本当に頑張ってるわね♪",
                "みのりちゃん、いらっしゃい♪",
                "それはみのりちゃん次第ね。\nそれでも、やる覚悟はあるかしら？",
                "それじゃあ……。\nみのりちゃんは好きなおサカナさんはいる？",
                "だから……さあ！\nみのりちゃんができる最速のボックスを踊ってみて♪",
                "硬い！　硬いわ、みのりちゃん！\nもっと全身の力を抜いて、大海原に身をゆだねて……！"
            ]
        },
        {
            "fileName": "024009_luka02",
            "talks": [
                "みのりちゃん、いらっしゃい♪",
                "ええ♪　みのりちゃん、ダンスの切り替えが\nかなりスムーズになってきたわ",
                "これも、みのりちゃんが頑張り屋さんだからね♪",
                "でも、猛特訓の日々をやりきったのも、\n本番で失敗しなかったのも、全部みのりちゃん自身の力",
                "みのりちゃんの想いがそれだけ強くて大きくて、\nしっかりしたものだったからよ",
                "みのりちゃん、いらっしゃい♪\n今日も練習、頑張りましょうね！",
                "すごいわ、みのりちゃん！\n本当にいろいろ見つけてきたのね♪",
                "そう。みのりちゃんの役に立ててよかったわ♪",
                "それはみのりちゃんが、\n本当の意味でアイドルとしての視点を\n持てるようになってきたからじゃないかしら？",
                "配信や合同ライブを通じて、みのりちゃんはようやく、\n自分が希望を届けたい人達に会うことができたでしょう？",
                "（みのりちゃんも、\nアイドルとしての一歩を踏み出した——）",
                "（頑張り屋さんなみのりちゃんだから、\nアイドルとして認められるのも、\nそんなに遠い未来じゃないかもしれないわね）"
            ]
        },
        {
            "fileName": "024010_luka01",
            "talks": [
                "そろそろ、みのりちゃんと遥ちゃんが\n遊園地に着く頃かしら？",
                "——あ、みのりちゃん達が呼んでるみたい。\nふたりとも、行きましょう♪",
                "『私は、みのりちゃんが本当に楽しそうで、\n少しほっとしたわ』",
                "『合同ライブのために頑張っていた時のみのりちゃんは、\n鬼気迫るものがあって……』",
                "『ちゃんと遊べてる姿を見て、\nみのりちゃんは大丈夫って思えたわ』"
            ]
        },
        {
            "fileName": "areatalk_ev_idol_02_004",
            "talks": [
                "ふふ。ごめんね、みのりちゃん。\n妖精さんは、冗談♪",
                "あら、それなら心配いらないわ。\nだって、みのりちゃんは今も十分キラキラしてるもの！"
            ]
        },
        {
            "fileName": "areatalk_ev_idol_02_005",
            "talks": [
                "リンちゃんから聞いたんだけど、\nみのりちゃんって、毎日日記を書いているのよね？\n今も続けているの？",
                "そうなの。でも、しっかり続けているみのりちゃんは偉いわ。\n本当に、頑張り屋さんね♪"
            ]
        },
        {
            "fileName": "areatalk_ev_idol_02_015",
            "talks": [
                "応援の練習よ。みのりちゃんにたくさん教えてもらったから、\nリンちゃんのソロライブ、全力で応援するわね♪"
            ]
        },
        {
            "fileName": "areatalk_ev_idol_03_007",
            "talks": [
                "みのりちゃんが自己紹介でよく言ってる、\n『みのりんりん♪』ってとってもかわいいわね♪"
            ]
        },
        {
            "fileName": "areatalk_monthly2106_006",
            "talks": [
                "（ふふ。みのりちゃんや愛莉ちゃんもだけど、\nみんな勉強熱心ね。だからこそ、応援したくなっちゃうわ♪）"
            ]
        }
    ]
}