{
    "mainStory": 1,
    "eventStory": 2,
    "cardStory": 1,
    "areaTalk": 2,
    "talkPacks": [
        {
            "fileName": "wonder_01_03",
            "talks": [
                "はじめまして司くん。\n僕はカイトだよ。よろしくね"
            ]
        },
        {
            "fileName": "event_21_01",
            "talks": [
                "ああ、そうなんだね！　初めまして！\nボクはカイトだよ"
            ]
        },
        {
            "fileName": "event_21_06",
            "talks": [
                "ええっ？　『カイトなのに』は酷いな～"
            ]
        },
        {
            "fileName": "026001_kaito01",
            "talks": [
                "会場のみんな、こんにちは。\nカイトだよ、よろしく！"
            ]
        },
        {
            "fileName": "areatalk_ev_street_03_006",
            "talks": [
                "それじゃあ、カイトのDJ教室始めるよ〜。\n今日はスクラッチとジャグリングの話をしようかな"
            ]
        },
        {
            "fileName": "areatalk_ev_street_04_006",
            "talks": [
                "もっとこう……！\nちゃんと『カイト、ありがとう！』って、\nボクだからありがたがってもらえる何かがしたいんだ！"
            ]
        }
    ]
}