{
    "mainStory": 45,
    "eventStory": 108,
    "cardStory": 109,
    "areaTalk": 30,
    "talkPacks": [
        {
            "fileName": "street_01_02",
            "talks": [
                "……まあ、いいか。彰人との約束の時間まではまだあるな。\nもう少し、時間をつぶすか"
            ]
        },
        {
            "fileName": "street_01_04",
            "talks": [
                "ああ、彰人も考えていたか。たしかに次は聴きなれた\nオーディエンスが多い分、完成度の高い曲を入れたほうがいい"
            ]
        },
        {
            "fileName": "street_01_05",
            "talks": [
                "……どういうつもりだ、彰人。\nなぜ急に、あのふたりを誘った",
                "……彰人。あいつらが半端な気持ちでやっていると\n決めつけるのは、まだ早いんじゃないか"
            ]
        },
        {
            "fileName": "street_01_07",
            "talks": [
                "……彰人、わかっていると思うが、\n２曲目の入りは走りすぎないよう、注意しろ",
                "……彰人、俺は……"
            ]
        },
        {
            "fileName": "street_01_08",
            "talks": [
                "俺はまだ、彰人のように観客の心を掴む歌いかたを\n身につけられていないからな……",
                "その前に、少しいいか、彰人"
            ]
        },
        {
            "fileName": "street_01_09",
            "talks": [
                "彰人、俺は、あのふたりも\n『あのイベント』を超えたいと、\n本気で思っているんじゃないかと思う",
                "……ああ。ありがとう、彰人"
            ]
        },
        {
            "fileName": "street_01_10",
            "talks": [
                "待ってくれ白石。\n彰人はこんな真似は――",
                "彰人……！？",
                "おい、彰人！",
                "彰人、もういいだろう！",
                "彰人、なぜ白石達に言わない。\n音を止めたのは……"
            ]
        },
        {
            "fileName": "street_01_12",
            "talks": [
                "…………。\n彰人、俺は……"
            ]
        },
        {
            "fileName": "street_01_13",
            "talks": [
                "！！　父さん、彰人は……！",
                "（彰人は……昔から本気だ。\n『RAD WEEKEND』を見てから……それを超えるって夢に\n純粋に向き合ってる……）",
                "……彰人……本当に中途半端なのは俺だ。\n俺は……お前の隣に居るべきじゃ……",
                "……いや、なんでもない。\nいこう、彰人",
                "（……彰人も、白石も、そして小豆沢も、\n夢に命をかけて、本気で向き合っている）",
                "……彰人、俺は……"
            ]
        },
        {
            "fileName": "street_01_16",
            "talks": [
                "……俺は彰人ともう一度歌う気はない。\nそのことに、特に理由は……ない"
            ]
        },
        {
            "fileName": "street_01_17",
            "talks": [
                "だが、彰人にだけは言わないでくれ。\n……俺は、彰人に失望されたくない",
                "謙さん、彰人から聞いたかもしれませんが、\n俺はBAD DOGSとして歌うのを、やめることにしました",
                "……謙さん。彰人のことを、よろしくお願いします",
                "彰人は、本気で謙さんを……\n『RAD WEEKEND』を越えようと思っています。\n茨の道だし、敵も多い。だから……",
                "俺は、彰人とは違う……。\n俺はただ……逃げてきただけです"
            ]
        },
        {
            "fileName": "street_01_18",
            "talks": [
                "でも、彰人は、こんな俺に……",
                "彰人は、俺の初めての仲間です",
                "……だけど彰人の夢は……\n本当に真っ直ぐで……",
                "俺と一緒だと、彰人は彰人の夢を叶えられない",
                "俺は彰人の隣にいるのに、\n彰人と同じものを見れていない",
                "本当は……白石や小豆沢のような、\n本気で『RAD WEEKEND』を超える夢を追いかけられる\n仲間が彰人には必要だ",
                "……お前達は、彰人と同じだ。\n自分の決めた道を……心から信じて進める",
                "だから……俺は、彰人に甘えるのはもうやめます。\nようやく決心がつきました",
                "彰人……！？"
            ]
        },
        {
            "fileName": "street_01_19",
            "talks": [
                "……彰人、聞いていたのか",
                "失望しただろう。彰人。\n隣にいた俺が、一番中途半端だったんだ",
                "……彰人と歌っているあいだ、\n俺はたしかに、俺でいられた気がする。\n本当に感謝している",
                "彰人、だが俺は……",
                "…………彰人",
                "俺はもう迷わない。\n俺は彰人と……\n『RAD WEEKEND』を超えてみせる"
            ]
        },
        {
            "fileName": "street_01_20",
            "talks": [
                "彰人。Vividsに負けないように、やるぞ",
                "……彰人、どうだ？"
            ]
        },
        {
            "fileName": "event_06_03",
            "talks": [
                "おい、彰人……"
            ]
        },
        {
            "fileName": "event_06_06",
            "talks": [
                "あ……。どうした、彰人"
            ]
        },
        {
            "fileName": "event_06_07",
            "talks": [
                "だから俺は、彰人と組む前は飛びこみでライブに参加したり、\n公園で他のグループが練習してるところに混ぜてもらったり……",
                "俺も彰人も、４人で\nこれからも歌っていきたいと思ってるからな"
            ]
        },
        {
            "fileName": "event_06_08",
            "talks": [
                "……ああ、彰人の言う通りだったな"
            ]
        },
        {
            "fileName": "event_07_02",
            "talks": [
                "いや、俺も来たばかりだ。\n彰人のクラスは……お化け屋敷だったか",
                "あ……そういえば、彰人。\n見たい催しがあるんだが、よければ一緒に見ないか？"
            ]
        },
        {
            "fileName": "event_07_03",
            "talks": [
                "司先輩の雄姿を見る人数が多い分には、構わない。\n彰人はどうだ？"
            ]
        },
        {
            "fileName": "event_07_04",
            "talks": [
                "ああ、そうか。\n彰人にも詳しくは話してなかったな",
                "それで、彰人は知っているだろうが……。\n俺は小さい頃から、父親にクラシックの英才教育を施されていた",
                "そしてそのおかげで俺は、クラシックを辞めて、\n彰人と出会うことができた",
                "そうだな。\nすまない彰人。助かる"
            ]
        },
        {
            "fileName": "event_09_06",
            "talks": [
                "俺は、羽根つきをやったことがないんだが……。\n彰人はどうだ？"
            ]
        },
        {
            "fileName": "event_09_07",
            "talks": [
                "彰人、足を引っ張ってしまうかもしれないが、\n俺もやってみたい",
                "彰人も俺のフォローに回らなければ、もっと動けただろうに……",
                "ああ。どこからどう見ても、\nレンとリンは最高の相棒同士だったからな"
            ]
        },
        {
            "fileName": "event_12_01",
            "talks": [
                "（彰人達と一緒に夢を追う。\nそう決心してからこんなにも心が軽くなった）"
            ]
        },
        {
            "fileName": "event_12_02",
            "talks": [
                "（こうして聴くと彰人達の歌は、表現が豊かだ。\n……自由だと感じる）"
            ]
        },
        {
            "fileName": "event_12_03",
            "talks": [
                "正直どうすればいいのかさっぱりわからない。\n彰人、よければお前の意見も聞かせてほしい……ん？",
                "どうした彰人。そんなに驚いた顔をして",
                "そのようだ。\n彰人のおかげだな",
                "俺の歌は、彰人達の歌と何かが違う気がするんです。\nうまく言えないんですが……自由になりきれていないと感じて",
                "——いや。\n彰人が言うなら、そうなんだろう",
                "だが、俺はもう、彰人達と進んでいくと覚悟を決めた"
            ]
        },
        {
            "fileName": "event_12_04",
            "talks": [
                "彰人……"
            ]
        },
        {
            "fileName": "event_12_05",
            "talks": [
                "この音楽があったからこそ、\n俺は彰人と出会えたし、夢を見つけられた"
            ]
        },
        {
            "fileName": "event_12_06",
            "talks": [
                "彰人……",
                "それなら俺は、彰人がわかってくれていることを、\nずっと——ずっと覚えておこう",
                "父さんがクラシックを教えてくれなかったら、\n俺はきっと、彰人達にも、この夢にも出会えていなかった"
            ]
        },
        {
            "fileName": "event_12_07",
            "talks": [
                "（……なぜだろう。\nいつもより、彰人達の声がよく聴こえる）",
                "……ああ。\nありがとう、彰人"
            ]
        },
        {
            "fileName": "event_16_03",
            "talks": [
                "（このあとは……やはり自主練をするか。\n今日は彰人もバイトだしな）"
            ]
        },
        {
            "fileName": "event_21_01",
            "talks": [
                "……ん？　早いな、彰人。\nこんな朝早くから声出しをしていたのか"
            ]
        },
        {
            "fileName": "event_21_02",
            "talks": [
                "気にするな小豆沢。\n彰人はよくああいう顔をしているだろう",
                "あ……彰人！"
            ]
        },
        {
            "fileName": "event_21_03",
            "talks": [
                "彰人……！",
                "俺は彰人の相棒だからな"
            ]
        },
        {
            "fileName": "event_21_04",
            "talks": [
                "遠野さんの“相棒”は、どうされたんですか？",
                "RAD WEEKENDを超えるには\nまだ実力不足だということは理解しています。\nしかし、それは彰人だけじゃない。俺も——",
                "だが、彰人……",
                "……彰人"
            ]
        },
        {
            "fileName": "event_21_05",
            "talks": [
                "すまなかった、彰人",
                "そんなことはない。\n彰人は——",
                "彰人……",
                "立ってくれ、彰人",
                "……ん？\nどうしたんだ？　彰人",
                "じゃあ、彰人。また明日",
                "……彰人、そろそろ今日は帰ろう。\nもう日が沈んできた",
                "彰人……",
                "……彰人。\nソロの練習をするなら、俺もつきあう",
                "彰人……",
                "……ああ、その判断は間違っていないと思う。\nああいう時の彰人が考えを変えることはまずない"
            ]
        },
        {
            "fileName": "event_21_06",
            "talks": [
                "……待ってくれ！　彰人！",
                "今の彰人は、どう見てもオーバーワークだ",
                "彰人、遠野さんはああ言っていたが——、\n俺は彰人が実力不足だとは思っていない",
                "じゃあ仮に、今の彰人の実力では、\nRAD WEEKENDを超えることができないとしよう",
                "だとしても、それは彰人だけじゃない。\n俺達全員がそうだろう",
                "俺が壁にぶつかっている時に、彰人は言ってくれただろう。\n『オレにも少しは頼れ』と",
                "彰人……！",
                "……そうだな。\nもしかすると、彰人は俺達が考えている以上に\n深く考えて、悩んでいるのかもしれない",
                "仲間と共に進むためにも、もっと成長したいという\n彰人の気持ちはわかる",
                "同じチームのメンバーとして……相棒として。\n俺は、彰人を支えようと思います",
                "彰人が？\nどうしたんだ？",
                "ああ。だがその度に、俺達は練習を重ねて食らいついてきた。\n特に、あの頃の彰人は本当にすごかった。\n練習中も常に覇気があって——",
                "この場所で歌い続けるために、いつかあの夜を超えるためにと\nひたすら努力する彰人に引っ張られるように、\n俺も必死で練習していたんだ",
                "そんなことはない。\n彰人は——",
                "……彰人……",
                "三田、教えてくれてありがとう。\n彰人は今どこにいる？"
            ]
        },
        {
            "fileName": "event_21_07",
            "talks": [
                "——彰人",
                "……今だけでなく、昔も彰人は\n俺の知らないところで努力し続けていたんだな",
                "夢に向かって突き進む彰人の熱意は尊敬する。\n自分自身を成長させたいという気持ちも、よくわかる",
                "俺は、彰人がいなければ、\nここまで成長することはできなかった",
                "あの日ビビッドストリートで出会った時もそうだ。\n彰人が俺を引き上げてくれた",
                "彰人が壁にぶつかると感じたら、それを超えられるまで、\n練習も、ライブも、とことん一緒にやろう",
                "それでも彰人が下を向きそうな時は——俺が引き上げる。\nお前が歌い続けられるように支える",
                "彰人、お前なしで\nRAD WEEKENDを超えることなんて絶対にできないんだ"
            ]
        },
        {
            "fileName": "event_21_08",
            "talks": [
                "ん？　なんだ、彰人"
            ]
        },
        {
            "fileName": "event_24_01",
            "talks": [
                "——すまない、彰人。\nやることができてしまった",
                "練習日にすまない彰人。\n今日の遅れは、必ず後日取り戻す"
            ]
        },
        {
            "fileName": "event_24_05",
            "talks": [
                "彰人なら、ダンスパートのセンターができると思ったんだ",
                "頼む、彰人。協力してくれないか",
                "……そうだな。\nすまない、彰人",
                "後夜祭の時もそうだった。\nつい彰人の厚意に甘えてしまった",
                "彰人……！"
            ]
        },
        {
            "fileName": "event_24_06",
            "talks": [
                "（もしかすると、俺より彰人のほうが\nプロポーズをする男達の役をうまくやれるんじゃ……）",
                "きっと彰人も、先輩の考えにどこかで通じるものを感じたから、\n参加してくれたんだと思います"
            ]
        },
        {
            "fileName": "event_24_08",
            "talks": [
                "（彰人達にも礼を言わなければ……ん？）",
                "白石。どうしたんだ、彰人のクラスで"
            ]
        },
        {
            "fileName": "event_28_05",
            "talks": [
                "ああ。任せた、彰人"
            ]
        },
        {
            "fileName": "event_28_07",
            "talks": [
                "（今の一発でオーディエンスを掴めたな。\nここからは彰人と白石のターンか）"
            ]
        },
        {
            "fileName": "event_28_08",
            "talks": [
                "……そうだな。\n彰人、客席に行くか"
            ]
        },
        {
            "fileName": "event_29_02",
            "talks": [
                "彰人？",
                "彰人、俺は参加してもいいと思っている",
                "……そうだな、彰人の言うとおりだ"
            ]
        },
        {
            "fileName": "event_29_07",
            "talks": [
                "彰人、そっちはどうだった？",
                "彰人……",
                "無事に終わったな、彰人。\n会場も盛り上がっていた"
            ]
        },
        {
            "fileName": "event_29_08",
            "talks": [
                "このあと、彰人ともうひとりの友人と\n屋台をまわる予定があるんですが……。\n少しだけなら大丈夫です",
                "彰人、輪投げの景品がおもしろいものばかりなんだ。\n１回やってみないか"
            ]
        },
        {
            "fileName": "event_36_05",
            "talks": [
                "彰人はああ言っているが、俺も小豆沢と同意見だ。\n仲間想いだし優しい人間だと思う",
                "彰人は小豆沢のフォローに入ってくれたが、\nそれもあって次のパートに出遅れてしまった。\nこのあたり、気をつけてほしい"
            ]
        },
        {
            "fileName": "event_37_01",
            "talks": [
                "彰人、どうかしたか？",
                "どうしたんだ？　白石、彰人。\nあの人を知ってるのか？",
                "彰人？"
            ]
        },
        {
            "fileName": "event_37_02",
            "talks": [
                "白石、彰人、あの人は何者なんだ？"
            ]
        },
        {
            "fileName": "event_37_06",
            "talks": [
                "彰人、こちらの人は……？",
                "彰人、もしかして彼女も歌を歌っているのか？",
                "……ん？\n彰人、どうした。難しい顔をして"
            ]
        },
        {
            "fileName": "009003_kohane02",
            "talks": [
                "彰人は顔が広いから、昔からこういう話はよく来るんだ。\n今回も主催と知り合いだったようだしな",
                "そうか。やったな、彰人"
            ]
        },
        {
            "fileName": "009005_kohane02",
            "talks": [
                "……懐かしいな。\n俺と彰人が組んだばかりの頃、謙さんから言われた言葉だ"
            ]
        },
        {
            "fileName": "009008_kohane02",
            "talks": [
                "白石が古文、彰人が英語の追試を受けるんだったな。\n俺は、彰人の英語を見るから、小豆沢は……",
                "彰人も同じだな。\n単語さえ覚えていれば楽に解ける問題ばかりのはずなのに……",
                "——彰人、手が止まっている"
            ]
        },
        {
            "fileName": "010001_an02",
            "talks": [
                "……彰人は、サッカー部の助っ人で朝練に参加している",
                "……わかった。彰人にも伝えておく"
            ]
        },
        {
            "fileName": "010003_an02",
            "talks": [
                "司先輩がチケットをくれたからとはいえ、 \n彰人が来るなんて意外だった"
            ]
        },
        {
            "fileName": "010008_an01",
            "talks": [
                "……？　彰人は来てくれたじゃないか"
            ]
        },
        {
            "fileName": "010008_an02",
            "talks": [
                "ああ。白石、彰人、本当に助かった。\nありがとう"
            ]
        },
        {
            "fileName": "010009_an02",
            "talks": [
                "彰人、どうかしたのか？",
                "実際、小豆沢よりも多い量を\n彰人や俺がこなしているところを見ているからな"
            ]
        },
        {
            "fileName": "011001_akito01",
            "talks": [
                "（彰人、ひょっとして……）"
            ]
        },
        {
            "fileName": "011001_akito02",
            "talks": [
                "彰人、いるか",
                "俺が小さい時からお世話になっている先輩だ。\n彰人にもぜひ会わせたい",
                "彰人、紹介する。\n昼休みに話した俺の尊敬する先輩だ"
            ]
        },
        {
            "fileName": "011002_akito01",
            "talks": [
                "意識さえできていれば、\n彰人ならどうにかできるだろう",
                "……彰人？　どうかしたか？"
            ]
        },
        {
            "fileName": "011003_akito01",
            "talks": [
                "いや、彰人は表情が豊かだと思ったんだ",
                "そういえば、彰人と組んですぐの頃も、\n突然悪い顔になった時があったな",
                "（彰人は、自分の音楽に対して真剣だからこそ\nそれが傷つけられた時黙っていられないんだな）",
                "（あの日怒ってくれたことに救われたと言ったら、\n彰人は、大げさだと言うだろうか……）",
                "彰人を見習って、表情を豊かにしたいが……"
            ]
        },
        {
            "fileName": "011003_akito02",
            "talks": [
                "すまない、彰人。\n少し待っていてくれるか？",
                "……彰人",
                "おい彰人、聞いているのか？"
            ]
        },
        {
            "fileName": "011005_akito01",
            "talks": [
                "彰人が白石に言った言葉……。\n相当こたえていたようだったしな",
                "たしかに、それがわかってたから\n白石はずっと相棒を探していた",
                "……なあ、彰人。もしかして、俺達にもあったのか？",
                "……彰人？　どうかしたのか？"
            ]
        },
        {
            "fileName": "011005_akito02",
            "talks": [
                "特に、彰人には感謝してる。\nだからいつも、彰人の力になりたいと思ってるんだが……",
                "彰人はいつも自分でどうにかしているから、\n俺にできることはあまりないんだ",
                "そうか……。\n俺は、ちゃんと彰人の役に立てていたんだな"
            ]
        },
        {
            "fileName": "011008_akito01",
            "talks": [
                "ん、彰人？"
            ]
        },
        {
            "fileName": "011008_akito02",
            "talks": [
                "それはそうなんだが……白石にも協力してもらったからな。\n彰人同様、何かしらお礼をさせてくれ",
                "そういえば、\n彰人のお姉さんもパンケーキが好きだったな"
            ]
        },
        {
            "fileName": "011009_akito01",
            "talks": [
                "彰人のそういう話を、\nあまり聞いたことがないしな"
            ]
        },
        {
            "fileName": "011009_akito02",
            "talks": [
                "……彰人？　どうした",
                "そういうところは、やっぱり彰人のお姉さんなんだな"
            ]
        },
        {
            "fileName": "011010_akito02",
            "talks": [
                "彰人、これ",
                "ゲームセンターにお菓子を落としてとるゲームがあるんだが、\nそこに彰人が好きだと言っていたお菓子があったんだ"
            ]
        },
        {
            "fileName": "012001_touya01",
            "talks": [
                "彰人、いるか？",
                "そうでもない。彰人だって要領がいい。\nやる気さえ出せば勉強だってもっとできるようになる。\nなのに、ちっともやらないからいつも赤点ギリギリに……",
                "そうだな。見られたら父さんになんて言われるか……。\nだから、彰人。お前の姉さんに……"
            ]
        },
        {
            "fileName": "012002_touya01",
            "talks": [
                "彰人、その箱は？",
                "彰人は、よくお姉さんと一緒に出掛けるのか？"
            ]
        },
        {
            "fileName": "012003_touya01",
            "talks": [
                "彰人は……",
                "（普段ならこれから、彰人と歌いに行くか、\nWEEKEND GARAGEに行くかだったが……）",
                "（……もう、彰人も……音楽もない）"
            ]
        },
        {
            "fileName": "012003_touya02",
            "talks": [
                "ああ。\nそうか、彰人の友人だったのか",
                "ああ、そうだな。\nそれに気づけたのは、彰人達のおかげだ",
                "彰人や小豆沢、白石、謙さん。それに……",
                "……これからもよろしく頼む。彰人"
            ]
        },
        {
            "fileName": "012005_touya02",
            "talks": [
                "そうか。……それで、彰人は？",
                "（また自主練か。あれだけ声も出ていたのに。\n本当に、歌に関しては妥協がないな、彰人は）"
            ]
        },
        {
            "fileName": "012006_touya01",
            "talks": [
                "彰人、お前はお化け役じゃなくて\n受付だと言ってなかったか？",
                "だが、彰人だって手伝っているんだろう？"
            ]
        },
        {
            "fileName": "012007_touya01",
            "talks": [
                "（そういえば、\n彰人に貸してもらっているCDもあるし……ん？）"
            ]
        },
        {
            "fileName": "012007_touya02",
            "talks": [
                "（お前が『最高の相棒』だということは、\n今さら言葉にする必要なんてないからな）"
            ]
        },
        {
            "fileName": "012008_touya01",
            "talks": [
                "前にもお話ししたとおり、\n彰人と出会うきっかけをくれたのは、司先輩ですから"
            ]
        },
        {
            "fileName": "012008_touya02",
            "talks": [
                "ああ。\nそれで、彰人の家はどうなんだ？"
            ]
        },
        {
            "fileName": "012009_touya01",
            "talks": [
                "（彰人にちゃんと伝えられて……、\nわかってもらえて、本当によかった）",
                "彰人、そろそろ昼を食べに……",
                "……彰人？",
                "今日は彰人もトッピングをしているのか。\n珍しいな",
                "（この調子なら、\nすぐいつもの彰人に戻ってくれそうだな）",
                "彰人……"
            ]
        },
        {
            "fileName": "012009_touya02",
            "talks": [
                "……彰人は、そういう人達に目をつけられやすかったな",
                "あの頃の彰人は、よく怒っていた",
                "……俺は、そういう彰人の姿を見て、\n一緒に組むことにしたんだ"
            ]
        },
        {
            "fileName": "012010_touya01",
            "talks": [
                "（彰人のほうは……）",
                "（……彰人が引き受けてくれて、本当によかった）",
                "（彰人はきっと、神代先輩のことを誤解している……）",
                "彰人、怒っているか？",
                "彰人……",
                "（そうだ、彰人は……）",
                "彰人。サプライズショー、必ず成功させよう"
            ]
        },
        {
            "fileName": "012010_touya02",
            "talks": [
                "そういえば、彰人とは同じ中学だったらしいな。\nその頃から、サッカー部のヘルプを頼んでいたのか？",
                "（彰人と出会ってからはBAD DOGSとしての活動もあって、\nあまり気にしていなかったが……）"
            ]
        },
        {
            "fileName": "012011_touya01",
            "talks": [
                "——彰人"
            ]
        },
        {
            "fileName": "012012_touya01",
            "talks": [
                "RAD WEEKENDを作ったひとりであり、\n謙さんの相棒であり、\n今では世界的にも有名なアーティスト……",
                "彰人？",
                "彰人、どうかしたか？",
                "彰人"
            ]
        },
        {
            "fileName": "012012_touya02",
            "talks": [
                "実は少し前から、彰人が\n何か考えごとをしているのが気になっていたんだが……",
                "さっきも言ったが、\n彰人のことなら、そこまで気にしなくていいと思うぞ"
            ]
        },
        {
            "fileName": "013006_tsukasa02",
            "talks": [
                "……だとしたら、それは彰人のおかげです",
                "事実だろう？\n彰人と歌い始めたから、俺はとても前向きになれた"
            ]
        },
        {
            "fileName": "016010_rui01",
            "talks": [
                "きっと彰人も、先輩の考えにどこかで通じるものを感じたから、\n参加してくれたんだと思います"
            ]
        },
        {
            "fileName": "020009_mizuki02",
            "talks": [
                "えっ。おい、彰人？"
            ]
        },
        {
            "fileName": "020011_mizuki01",
            "talks": [
                "彰人といつも一緒というわけじゃないんだが……",
                "彰人は知っているだろうが……。\n俺は小さい頃から、父親にクラシックの英才教育を施されていた",
                "……実は、彰人達のおかげで、\n父親と少しだけ向きあえたんだ"
            ]
        },
        {
            "fileName": "021004_miku02",
            "talks": [
                "レンが、相棒と仲直り出来たか心配らしい",
                "彰人は、やると言ったら、何事も手を抜かない。\n音楽は当然として、バイトも、サッカー部の助っ人も",
                "たとえば、彰人は姉にも優しい。\nいつも姉にお願いされてコンビニスイーツを――",
                "そうしよう、彰人。\nまた何度でも、ここへ来ればいい"
            ]
        },
        {
            "fileName": "021012_miku01",
            "talks": [
                "ああ。父さんはいい顔をしないだろうが、\n俺は彰人達とストリートの音楽を歌っていくと決めた"
            ]
        },
        {
            "fileName": "023002_len02",
            "talks": [
                "彰人、レンを探しているのか？",
                "彰人は、レンが相棒と仲直り出来たのかどうか\nずっと気にしていたんだ",
                "DJ……しかし、相棒がいるんだろう？\n２人組のDJユニットということか？"
            ]
        },
        {
            "fileName": "023003_len02",
            "talks": [
                "……相棒のためのイベントか",
                "俺もおもしろそうだと思う。\n彰人は、どうする？"
            ]
        },
        {
            "fileName": "023005_len02",
            "talks": [
                "俺か？\nそうだな……彰人に誘われて練習や初詣に行って——",
                "……彰人"
            ]
        },
        {
            "fileName": "025002_meiko01",
            "talks": [
                "ありがとうございます、メイコさん。\n……彰人、窓際に座ろう",
                "相棒とケンカをすると、苦しい気持ちになります。\nたとえ信頼してるとわかっていても、いや、だからこそ、\n理解しあえないのが苦しい"
            ]
        },
        {
            "fileName": "026008_kaito02",
            "talks": [
                "カイトさんには、\n彰人のことで相談にも乗ってもらっているし、\nそのお礼がしたいと思っていたからな"
            ]
        },
        {
            "fileName": "areatalk01_034",
            "talks": [
                "もうすぐ定期試験か。\n彰人はまたヤマをはるんだろうが…"
            ]
        },
        {
            "fileName": "areatalk01_036",
            "talks": [
                "今日は彰人がバイトで歌う予定もないし、\nゲームセンターにでも……"
            ]
        },
        {
            "fileName": "areatalk02_069",
            "talks": [
                "ああ。彰人の知り合いによく呼ばれる"
            ]
        },
        {
            "fileName": "areatalk02_071",
            "talks": [
                "彰人に聞くといい。あいつもこのグループ好きだからな"
            ]
        },
        {
            "fileName": "areatalk02_088",
            "talks": [
                "そうか。彰人も、バイトが少し長引いているらしい"
            ]
        },
        {
            "fileName": "areatalk02_091",
            "talks": [
                "……彰人、バイト先はどうやって選んだんだ？"
            ]
        },
        {
            "fileName": "areatalk02_092",
            "talks": [
                "…………彰人"
            ]
        },
        {
            "fileName": "areatalk02_222",
            "talks": [
                "……その反応、彰人とまるで同じだな"
            ]
        },
        {
            "fileName": "areatalk02_234",
            "talks": [
                "……彰人、これ"
            ]
        },
        {
            "fileName": "areatalk02_395",
            "talks": [
                "C組……彰人か"
            ]
        },
        {
            "fileName": "areatalk03_123",
            "talks": [
                "いつも彰人といるわけじゃないんだが……",
                "『相棒』か。そうありたいと思っているが、\n人から見てもそう見えるなら、それは嬉しい"
            ]
        },
        {
            "fileName": "areatalk03_137",
            "talks": [
                "俺は構わないが、彰人には無理だ"
            ]
        },
        {
            "fileName": "areatalk03_152",
            "talks": [
                "安心しろ、ただの冗談だ。\n……彰人、あまり小豆沢をからかうな"
            ]
        },
        {
            "fileName": "areatalk03_158",
            "talks": [
                "どれに行くか迷ったら彰人に聞くといい。\n俺もいろいろ聞いた"
            ]
        },
        {
            "fileName": "areatalk03_159",
            "talks": [
                "そうか。\nよかったな、彰人。白石達なら、安心して紹介できる"
            ]
        },
        {
            "fileName": "areatalk03_165",
            "talks": [
                "彰人のように憧れたり、\n影響を受けてるヤツも大勢いるみたいだ",
                "それなら、彰人がCDをいくつか持ってる"
            ]
        },
        {
            "fileName": "areatalk03_170",
            "talks": [
                "彰人はどうだ？\n客とのやり取りで大変だと思うことはないのか"
            ]
        },
        {
            "fileName": "areatalk03_171",
            "talks": [
                "それなら、前に彰人から教えてもらったオススメリストがある"
            ]
        },
        {
            "fileName": "areatalk03_172",
            "talks": [
                "……そういえば、白石はどうやって\n小豆沢を相棒に選んだんだ？"
            ]
        },
        {
            "fileName": "areatalk03_178",
            "talks": [
                "彰人は……音楽にも夢にもまっすぐで……。\nまっすぐすぎて、自分にも他人にも厳しい"
            ]
        },
        {
            "fileName": "areatalk04_005",
            "talks": [
                "白石も彰人も顔が広いからな。\n歌おうとすると、ああやってすぐ人が集まってくる"
            ]
        },
        {
            "fileName": "areatalk_add_01_004",
            "talks": [
                "彰人は甘党だからな",
                "前に、コーヒーの好みについてのアンケートに協力したんだ。\nその時、俺以外の好みも聞かれたから答えた。\n『彰人は砂糖とミルクも使う』と"
            ]
        },
        {
            "fileName": "areatalk_ev_shuffle_02_002",
            "talks": [
                "いや、持っては帰れない。\nだから、お姉さんや妹さんがいる\n彰人か司先輩に引き取ってもらっている"
            ]
        },
        {
            "fileName": "areatalk_ev_shuffle_02_003",
            "talks": [
                "彰人がサッカー部の昼練につきあっていて、\n今日はひとりなんだ。よかったら一緒に食べないか？"
            ]
        },
        {
            "fileName": "areatalk_ev_street_02_008",
            "talks": [
                "俺と彰人はだいたいコーヒーを飲むことが多いな。\n俺はブラックで、彰人は砂糖とミルクも使う"
            ]
        },
        {
            "fileName": "areatalk_ev_street_03_003",
            "talks": [
                "……彰人、どうした？\nなんだか浮かない顔だが……",
                "……彰人、そもそも宮女は女子校だから、\n選びたくても選べないぞ？"
            ]
        }
    ]
}