{
    "mainStory": 39,
    "eventStory": 17,
    "cardStory": 63,
    "areaTalk": 13,
    "talkPacks": [
        {
            "fileName": "nightcode_01_04",
            "talks": [
                "——まふゆ"
            ]
        },
        {
            "fileName": "nightcode_01_07",
            "talks": [
                "でも、どうか、あの子……まふゆを——"
            ]
        },
        {
            "fileName": "nightcode_01_16",
            "talks": [
                "……まふゆ？",
                "まふゆ、それは……"
            ]
        },
        {
            "fileName": "nightcode_01_19",
            "talks": [
                "ううん、まふゆは見つけられたんだよ"
            ]
        },
        {
            "fileName": "vsnightcode_01_01",
            "talks": [
                "まふゆ、来たんだね",
                "そっか。\nまふゆ、前に来た時も曲を作ってた",
                "（まふゆ、喋らなくなっちゃった）",
                "（まふゆが本当の想いを見つけるために、\nできることは……何？）",
                "（まふゆ、わたしがいないあいだも、\nずっと曲を作ってたのかな）",
                "……まふゆ？",
                "（まふゆ、また曲を作り始めちゃった……）",
                "（でも……少し、安心した。\n曲を作るほかにも、まふゆが気にするものは、あるんだね）",
                "（……この歌は、まふゆの、大事な曲なのかな）"
            ]
        },
        {
            "fileName": "vsnightcode_01_02",
            "talks": [
                "まふゆ、本当によかったの？\nみんなをもとの世界に返して",
                "（まふゆの周り、楽譜だらけ）",
                "（……まふゆの曲。まふゆの想いが、こもってるのかな）",
                "……まふゆ、どうしたの？",
                "それはきっと、まふゆが歌に込めた想いなんじゃないかな",
                "うん。わたしは、まふゆが書いた楽譜の通りに歌っただけ",
                "この曲は、まふゆには、どう聴こえた？",
                "この曲は、まふゆにとって特別なんだね",
                "まふゆ、それって……",
                "……どうして、この曲が特別なのか、\nわかるといいね、まふゆ"
            ]
        },
        {
            "fileName": "vsnightcode_01_03",
            "talks": [
                "まふゆ、来たんだね",
                "……まふゆ？",
                "まふゆ……",
                "うん。まふゆの特別な曲を、またわたしが歌ったら\n少しは——",
                "まふゆ……？",
                "まふゆ……",
                "（今わたしがまふゆにできることは——）",
                "……まふゆ。\nわたしはまふゆの隣にいるよ",
                "ずっと隣にいる。\nまふゆが、まふゆを見つけるまで",
                "（……まふゆの顔、真っ白になってる）"
            ]
        },
        {
            "fileName": "vsnightcode_01_04",
            "talks": [
                "……まふゆ。また曲を作りに来たの？",
                "まふゆがわたしに……？\n手に持ってる楽譜が、その曲？",
                "じゃあ……きっとこれは、今のまふゆの曲なんだね",
                "（……まふゆは、これからはどこにいても\n奏達に見つけてもらえるんだね）",
                "あのね、まふゆがわたしに歌を作ってくれて……。\n今、聴かせてもらってたの"
            ]
        },
        {
            "fileName": "event_02_05",
            "talks": [
                "……まふゆが感じていること？",
                "でも、わたしにも、今のまふゆが何を感じてるのかは\nわからない",
                "このセカイはまふゆの想いでできてるけど、\n今のまふゆが何を感じてるかは……",
                "その子――まふゆと似てたのかも"
            ]
        },
        {
            "fileName": "event_02_07",
            "talks": [
                "その子――まふゆと、似てたのかも",
                "まふゆ。いらっしゃい",
                "うん。まふゆの感じてること、知りたいって",
                "嫌なのも、痛いのも、全部まふゆが感じてる大事なこと。\n全部まふゆ",
                "この子は、ずっとまふゆのセカイにいたよ",
                "まふゆが気づいてなかっただけ",
                "できた。\n見てまふゆ、はしご"
            ]
        },
        {
            "fileName": "event_09_03",
            "talks": [
                "（ここは、まふゆ以外、誰もいないセカイだったけど、\nみんなのおかげで、こんなに楽しいこともできるようになった）"
            ]
        },
        {
            "fileName": "event_19_05",
            "talks": [
                "……前、瑞希はまふゆに、\n『自分と似てる』って言ってた"
            ]
        },
        {
            "fileName": "event_35_01",
            "talks": [
                "——まふゆは、どうしたい？",
                "まふゆ……！？",
                "……まふゆ……"
            ]
        },
        {
            "fileName": "event_35_08",
            "talks": [
                "あ……まふゆ……！"
            ]
        },
        {
            "fileName": "017012_kanade02",
            "talks": [
                "まふゆは、元気もらった？"
            ]
        },
        {
            "fileName": "018003_mafuyu01",
            "talks": [
                "そう。\n……あなたは、まふゆ",
                "ううん。まふゆのことは、わからない",
                "まふゆの本当の想いは、\n探さなくちゃ見つからない",
                "だから、探して。\nまふゆの本当の想い……"
            ]
        },
        {
            "fileName": "018008_mafuyu01",
            "talks": [
                "まふゆ、いらっしゃい",
                "まふゆ……",
                "あ……待って、まふゆ",
                "あ、まふゆ。\nそれに触ると——"
            ]
        },
        {
            "fileName": "018008_mafuyu02",
            "talks": [
                "…………まふゆは、本が嫌い？",
                "うん。きっとまふゆの",
                "だから、もしあの場所が、\nまふゆの想いからできてたなら——",
                "まふゆも、“もっと知りたい”って\n思ってるんじゃないかなって、思った"
            ]
        },
        {
            "fileName": "018010_mafuyu02",
            "talks": [
                "あ、まふゆ……",
                "……？　まふゆ……",
                "まふゆ……ひとりじゃないの、嫌？",
                "まふゆ、変わったね",
                "まふゆが変わったから、\nセカイも変わり始めてる",
                "まふゆ、苦しくて苦しくて、\n心の中……、何もなくなっちゃってた",
                "でも……奏の曲が、\nまふゆの何もなかった心に届いた",
                "まふゆが、ひとりじゃないって感じてるから、\nわたしも、ひとりじゃなくなった",
                "まふゆ、それ……何？",
                "そっか。……よかったね、まふゆ"
            ]
        },
        {
            "fileName": "018012_mafuyu02",
            "talks": [
                "いらっしゃい、まふゆ。\n……熱、もう大丈夫？",
                "……あ。\nまふゆ、ここ、このまま歌う？",
                "まふゆが伝えたいことと、合ってる？"
            ]
        },
        {
            "fileName": "019006_ena02",
            "talks": [
                "……あ。まふゆと、奏……"
            ]
        },
        {
            "fileName": "021006_miku01",
            "talks": [
                "好きにすればいい。\nここは、まふゆの想いのセカイだから",
                "変わらず、いつまでもあり続ける。\nまふゆのセカイとして",
                "まふゆ達が来ると……"
            ]
        },
        {
            "fileName": "021006_miku02",
            "talks": [
                "まふゆが……？",
                "まふゆには、あなた達がいてくれるから、\nきっと大丈夫",
                "まふゆを、お願い"
            ]
        },
        {
            "fileName": "021007_miku01",
            "talks": [
                "（まふゆ……このセカイにきてから、ずっと座り続けてるだけ）",
                "（まふゆ。\nセカイに来ても、ひとりで曲を一心不乱に作り続けてる）",
                "（まふゆは、ずっと苦しそう）",
                "（まふゆが、本当の想いに気づくためには……）"
            ]
        },
        {
            "fileName": "021007_miku02",
            "talks": [
                "このセカイも、あの歌も、\nまふゆが思い悩んで、苦しんで、自分と向き合った証拠",
                "たとえいつか、まふゆ自身がここを忘れても、\nこのセカイは、消えない",
                "ここは、まふゆの想いが生み出した大切な場所だから",
                "まふゆの想いがある",
                "ここは、まふゆの想いの世界だから\nずっとここにある"
            ]
        },
        {
            "fileName": "021009_miku01",
            "talks": [
                "まふゆが、いないから",
                "まふゆが見ようとしていなかっただけで、\nこの子はずっと、このセカイにいたんだよ",
                "そうかもしれない。\nきっと、まふゆの中で何か変化があったんだと思う",
                "想いの持ち主……まふゆじゃないと、\n見つけられないかもしれないから",
                "この人形が、誰にも……\nまふゆにも見つけてもらえなかったみたいに",
                "奏達は、まふゆに大きな変化をくれた",
                "まふゆの心の中に、奏達が存在してる",
                "うん、これからもまふゆと一緒に\n“まふゆ”を探してあげてほしい"
            ]
        },
        {
            "fileName": "021009_miku02",
            "talks": [
                "まふゆ。いらっしゃい",
                "（まふゆから『歌いたい』って言うの、初めてだな……）",
                "（これは……まふゆの想い？）",
                "だって、まふゆが気づかなかった想いを、\n曲にしてくれたから",
                "でも、あの歌詞に込められていた想いは、\nちゃんとまふゆ自身のものなんじゃないかな"
            ]
        },
        {
            "fileName": "022007_rin01",
            "talks": [
                "呼ばれた？\nまふゆ……このセカイの、想いの持ち主に？",
                "もしかしたら……まふゆだけじゃなくて、\n奏達の想いにも呼ばれたのかも",
                "奏達が、まふゆを見つけてくれて、\nまふゆが、このセカイに奏達を受け入れたから"
            ]
        },
        {
            "fileName": "022011_rin01",
            "talks": [
                "だから……まふゆは、これでいいと思う"
            ]
        },
        {
            "fileName": "022011_rin02",
            "talks": [
                "『うん。……あ、まふゆ』",
                "『まふゆ、苦しそう……。どうしよう……』",
                "まふゆのところ、一緒に来てくれてありがとう"
            ]
        },
        {
            "fileName": "025008_meiko01",
            "talks": [
                "ハッキリわからないのは、\nまだ、まふゆが“気づいてない”からかもしれない"
            ]
        },
        {
            "fileName": "areatalk02_384",
            "talks": [
                "まふゆや、奏達がつくった歌があるから。\nそれを歌っていたい"
            ]
        },
        {
            "fileName": "areatalk03_250",
            "talks": [
                "（奏もまふゆも、今日はあんまり苦しくなさそう。\nよかった……）"
            ]
        },
        {
            "fileName": "areatalk03_265",
            "talks": [
                "歌ってた。まふゆが作った曲や、\n奏達と歌った歌を……"
            ]
        },
        {
            "fileName": "areatalk03_270",
            "talks": [
                "まふゆ……最近、楽しい？"
            ]
        },
        {
            "fileName": "areatalk03_283",
            "talks": [
                "……あ。まふゆ。絵名……",
                "……ありがとう、まふゆ、絵名。\nじゃあ、続きから、歌う"
            ]
        },
        {
            "fileName": "areatalk03_285",
            "talks": [
                "これも、まふゆの想い",
                "奏や絵名の想いは、ちゃんとまふゆに届くから"
            ]
        },
        {
            "fileName": "areatalk03_299",
            "talks": [
                "じゃあ……ここに来るのが、\nまふゆのルーティーンかもしれない"
            ]
        },
        {
            "fileName": "areatalk_ev_night_04_011",
            "talks": [
                "まふゆが、お菓子を持って来てくれた。\n一緒に食べる？"
            ]
        },
        {
            "fileName": "areatalk_ev_shuffle_09_007",
            "talks": [
                "みんな……。じゃあ、まふゆも一緒に行ったの？",
                "……そうなんだ。まふゆ、楽しかった？"
            ]
        },
        {
            "fileName": "areatalk_ev_special_01_005",
            "talks": [
                "まふゆがくれた、手袋……"
            ]
        }
    ]
}