{
    "mainStory": 0,
    "eventStory": 2,
    "cardStory": 0,
    "areaTalk": 0,
    "talkPacks": [
        {
            "fileName": "event_36_06",
            "talks": [
                "そうだね。\n星乃くんは以前僕達のショーを見にきたことがあるし、\n小豆沢くんは僕達のファン１号だしねえ",
                "そこに星乃くん演じる魔法使いと、\n小豆沢くんと花里くんが演じる使い魔が現れて、\n姫を救い出すんだ"
            ]
        }
    ]
}