{
    "mainStory": 3,
    "eventStory": 29,
    "cardStory": 13,
    "areaTalk": 1,
    "talkPacks": [
        {
            "fileName": "street_01_04",
            "talks": [
                "……白石さんがそう言うってことは、かなり歌えるのかな。\n小豆沢さん、今までどこでやってたの？"
            ]
        },
        {
            "fileName": "vsstreet_01_04",
            "talks": [
                "……おい、今こはねが歌ったパート、\nお前もっとテンポあげた方がいいんじゃねえか？",
                "つーか、ここはこはねのパートなんだから、\nお前が決めろよな"
            ]
        },
        {
            "fileName": "event_06_01",
            "talks": [
                "……いや、お前とこはねは、そういうもんなのか。\nやっぱなんでもねえよ"
            ]
        },
        {
            "fileName": "event_06_02",
            "talks": [
                "（まずい、あいつがこはねのフォローに回ったら\n次のサビが……！）"
            ]
        },
        {
            "fileName": "event_06_03",
            "talks": [
                "お前、まだこはねのことを相棒って\n思えてないんじゃねえのか？",
                "昨日の練習で、お前が言ってた『リードする』って言葉……\nオレはあれを、相棒としてこはねを助けるって意味だと思ってた",
                "お前は、こはねのことを相棒って\n思えてなかったってことだろ"
            ]
        },
        {
            "fileName": "event_06_04",
            "talks": [
                "お前は、こはねのことを相棒って\n思えてなかったってことだろ"
            ]
        },
        {
            "fileName": "event_06_08",
            "talks": [
                "つーか冬弥。お前、こはねに何か言ったんじゃねえのか？"
            ]
        },
        {
            "fileName": "event_21_01",
            "talks": [
                "（それに、こはねの成長速度は半端ねえ。\nどこまで歌えるようになんのか未知数だ）"
            ]
        },
        {
            "fileName": "event_21_05",
            "talks": [
                "明日からの練習メニューも考えねえとな。\n杏とこはねにも連絡して……",
                "こはねもやってるし、オレがやっても問題ないだろ"
            ]
        },
        {
            "fileName": "event_21_06",
            "talks": [
                "（ようやく肩を並べられるようになって、\n杏やこはねと組んで歌うようになって——少しずつ\nあの夜に近づけるようになったんじゃねえかって思ってた）"
            ]
        },
        {
            "fileName": "event_28_01",
            "talks": [
                "おい、こはね。半端な歌、歌うんじゃねえぞ"
            ]
        },
        {
            "fileName": "event_28_02",
            "talks": [
                "こはねのヤツ、かなり注目されてるみたいだな"
            ]
        },
        {
            "fileName": "event_28_03",
            "talks": [
                "最初オレは、『自信を持ててない』ってのは\nこはねの大きな弱点だと思ってたが——"
            ]
        },
        {
            "fileName": "event_28_08",
            "talks": [
                "（オレ達が思う以上に、こはねの力は——）"
            ]
        },
        {
            "fileName": "event_37_01",
            "talks": [
                "さっきこはねの声が聴こえてきたが……。\nレン達に歌聴かせてたのか？",
                "こはね！　冬弥！\n今から聴く歌、よく聴いておけ！"
            ]
        },
        {
            "fileName": "event_37_03",
            "talks": [
                "こはねにだけ持ち掛けたのは、\n多分、前のイベントを見たからだろうな",
                "しかし、まさかこはねが大河さんに目をかけられるなんてな……"
            ]
        },
        {
            "fileName": "event_37_04",
            "talks": [
                "だな。これでこはねに力がつけば、\nオレ達全員の底上げにもつながる"
            ]
        },
        {
            "fileName": "event_37_05",
            "talks": [
                "ま、そこまでモロに顔に出てたわけじゃあねえけどな。\n冬弥とこはねも多分気づいてねえし",
                "こはねの歌がここからどうなるのか、きっと誰にもわからねえ。\nマジで未知数だ。\nそのうえ、大河さんまであいつに興味持ってるってなっちゃな",
                "リンに、こはねとじゃなくて、\n自分と歌いたいって思わせてやる……ってことか？"
            ]
        },
        {
            "fileName": "event_37_06",
            "talks": [
                "こはねに、相棒だと思われなくなるかもしれない……？",
                "——こはねが伸びだしたせいで、いつかそうできない時が\nくるかもしれないと思った……ってことか？",
                "お前……こはねに会うまで、ずっとひとりだっただろ",
                "だから……多少は仕方ねえんじゃねえのか。\nこはねがいなくなる可能性があるのが怖いって思うのは",
                "オレに言わせりゃ、こはねに限ってそれは絶対ねえだろって思うが\n——まあ、そういう話でもないんだろ",
                "少なくとも今のお前は、\nこはねと相棒で居続けたいって思ってんだろ？"
            ]
        },
        {
            "fileName": "009009_kohane01",
            "talks": [
                "最初オレは、『自信を持ててない』ってのは\nこはねの大きな弱点だと思ってたが——"
            ]
        },
        {
            "fileName": "010009_an01",
            "talks": [
                "だろ。\nリベンジに関しちゃ、お前もこはねも得意そうだしな"
            ]
        },
        {
            "fileName": "011002_akito01",
            "talks": [
                "それに……最近は、こはねや杏も\n一緒にステージに立つ機会が増えたからな"
            ]
        },
        {
            "fileName": "011005_akito01",
            "talks": [
                "まあ、そのようやく見つけた相棒が、こはねみたいなヤツだとは\nオレも思ってなかったわけだが……"
            ]
        },
        {
            "fileName": "011006_akito01",
            "talks": [
                "いりませんって。\nそれで喜ぶのは冬弥かこはねくらいでしょうが……。\nオレまで子ども扱いしないでください"
            ]
        },
        {
            "fileName": "011010_akito01",
            "talks": [
                "（冬弥とこはねはまだ来てねえな。\n……あれ？）"
            ]
        },
        {
            "fileName": "011010_akito02",
            "talks": [
                "自分のことを不甲斐ねえって思ったことはあっても、\nこはねのこと誘って失敗したとか、\n違うヤツを相棒にすればよかったとか思ったことねえだろ"
            ]
        },
        {
            "fileName": "012011_touya01",
            "talks": [
                "こはねのことか？",
                "……とにかく、こはねのヤツが\n自信つけたらどうなんのかはわからねえ"
            ]
        },
        {
            "fileName": "012012_touya01",
            "talks": [
                "それよりこはねのヤツ、\n修行ちゃんとつけてもらえるといいな"
            ]
        },
        {
            "fileName": "020011_mizuki02",
            "talks": [
                "そうだが……お前、こはねのこと知ってたのか"
            ]
        },
        {
            "fileName": "022010_rin01",
            "talks": [
                "じゃあ、冬弥や杏とか、こはねのスマホにも行けるのか？"
            ]
        },
        {
            "fileName": "023009_len01",
            "talks": [
                "夏祭りが終わる頃には、\nこはねも臨海学校終わって戻ってきてるはずだし、\nそのへんの予定聞いてみるか"
            ]
        },
        {
            "fileName": "areatalk02_075",
            "talks": [
                "どーでもいいけど、お前、だいたいこはねの話ばっかだな"
            ]
        }
    ]
}