{
    "mainStory": 29,
    "eventStory": 12,
    "cardStory": 45,
    "areaTalk": 14,
    "talkPacks": [
        {
            "fileName": "mmj_01_03",
            "talks": [
                "『そう！　わたしね、セカイのステージで、\nリンちゃんと一緒にアイドルとしてライブしてるの！』",
                "『リンちゃんは、ダンスがとっても上手なんだよ。\nわたしも教えてもらったりするんだ』"
            ]
        },
        {
            "fileName": "mmj_01_07",
            "talks": [
                "いいんだよ、リンちゃん。\nライブを見た後は、みんなおうちに帰るでしょ？"
            ]
        },
        {
            "fileName": "mmj_01_20",
            "talks": [
                "あ！　待ってリンちゃん、衣装のリボンが曲がってる！\n……うん、これで大丈夫"
            ]
        },
        {
            "fileName": "street_01_10",
            "talks": [
                "もしかしたら、リンもそう思ってるかもよ？"
            ]
        },
        {
            "fileName": "street_01_20",
            "talks": [
                "……もしかして、リンと仲直りできた？"
            ]
        },
        {
            "fileName": "vsmmj_01_01",
            "talks": [
                "いよいよだね。\n今日も会場をたっくさん盛り上げようね、リンちゃん！",
                "（あれ？　リンちゃん、そろそろ下手側に来てるはずなのに……）",
                "（もしかしてリンちゃん、盛り上げるのに夢中で、\nさっきの話忘れちゃったのかな……！？）",
                "（リンちゃーん！　そろそろ移動しないとだよー！）",
                "リンちゃん、こっちこっち！",
                "わたしがこうやって隣に来たら、\nいつも通りリンちゃんもダンスができるよね！",
                "お疲れさま、リンちゃん。\n今日のライブも大盛り上がりだったね！",
                "そうだ、リンちゃん。\nよかったらこのあと一緒にあの子達に会いに——",
                "あれ、リンちゃんどうしたの？",
                "そんなに気にしないで。リンちゃんは\nお客さん達を盛り上げるためにがんばってたんだから！",
                "おーい、リンちゃーん？\nどこにいるのー？",
                "向こうで倒れてるのって、リンちゃん！？\nだ、大丈夫……！？",
                "あれ？　リンちゃんの横に広げてあるのって……ノート？",
                "お疲れさま、リンちゃん。\n次のライブも一緒にがんばろうね",
                "本当は、このあとリンちゃんと一緒に\nあの子達に会いに行こうって思ってたけど……",
                "おやすみ、リンちゃん"
            ]
        },
        {
            "fileName": "vsmmj_01_02",
            "talks": [
                "みのりちゃん達にいつでも元気を届けられるように、\nたくさん練習しようね、リンちゃん！",
                "いいね！　……でも、せっかくワイヤーを使うなら、\nわたしとリンちゃんだからできるパフォーマンスにしたいなあ"
            ]
        },
        {
            "fileName": "vsmmj_01_03",
            "talks": [
                "みのりちゃん達の想いがこもったライブ、\n絶対成功させようね、リンちゃん"
            ]
        },
        {
            "fileName": "vsmmj_01_04",
            "talks": [
                "今日も盛り上がってよかったね、リンちゃん！",
                "最後に想いの歌を歌った時、みんなの顔がキラキラしてて……。\nやっぱりアイドルの力はすごいってリンちゃんと話してたんだよ"
            ]
        },
        {
            "fileName": "vsstreet_01_03",
            "talks": [
                "ねえ、メイコ。リンがここに来て——",
                "って、リンいないの？"
            ]
        },
        {
            "fileName": "event_09_04",
            "talks": [
                "リンちゃん、新年最初のライブ、大成功だったね！"
            ]
        },
        {
            "fileName": "event_09_07",
            "talks": [
                "……勝負あり、だね。\nレンとリンのチームの勝ち！",
                "決まりだね。\nレン、リン！　彰人と冬弥が対戦したいって！",
                "ありがとう、杏。\nリン、レン。いい試合ができて楽しかったよ"
            ]
        },
        {
            "fileName": "event_12_05",
            "talks": [
                "リンとレンは出かけているから、\nどの席座っても大丈夫だよ"
            ]
        },
        {
            "fileName": "event_17_05",
            "talks": [
                "あれ？　どうしたのリンちゃん",
                "わたしは、一生懸命がんばってるみのりちゃんやリンちゃんは、\nとっても素敵だと思うの！\nファンのみんなも、きっとそう思ってるはずだよ"
            ]
        },
        {
            "fileName": "event_17_07",
            "talks": [
                "うんっ！　リンちゃんと一緒に客席で見てたけど、 \nみのりちゃんのダンス、とっても素敵だった♪"
            ]
        },
        {
            "fileName": "event_19_02",
            "talks": [
                "リン、この前は、みんなが来ると楽しいって……"
            ]
        },
        {
            "fileName": "event_27_07",
            "talks": [
                "うん。リンも咲希の手伝いができて、\nすごく楽しそう"
            ]
        },
        {
            "fileName": "event_37_05",
            "talks": [
                "前にリンが、『こはねと組んで歌いたくなっちゃった』って\n言ってたでしょ？　それでレンに火がついちゃったんだ"
            ]
        },
        {
            "fileName": "event_37_08",
            "talks": [
                "うん。これならリンも、一緒に歌いたくなるんじゃない？"
            ]
        },
        {
            "fileName": "005003_minori01",
            "talks": [
                "『明日のステージには、愛莉ちゃんや雫ちゃんがいるよ。\nわたしや、リンちゃんだっている』"
            ]
        },
        {
            "fileName": "005003_minori02",
            "talks": [
                "あ、リンちゃん、そろそろステージの時間だよ！"
            ]
        },
        {
            "fileName": "005011_minori02",
            "talks": [
                "大丈夫だよ、リンちゃん",
                "リンちゃんは、みのりちゃんが\n焦っちゃってないか心配なんだよね"
            ]
        },
        {
            "fileName": "018010_mafuyu02",
            "talks": [
                "だから、リン達に会えた",
                "ううん。\nリン達といると、ここが温かい"
            ]
        },
        {
            "fileName": "021003_miku01",
            "talks": [
                "これからも一緒にいっぱいライブしようね！\nリンちゃん！",
                "どうしたの？　リンちゃん"
            ]
        },
        {
            "fileName": "021003_miku02",
            "talks": [
                "リンちゃん、ステージ衣装着れた？\nもうすぐ始まるよ"
            ]
        },
        {
            "fileName": "021008_miku01",
            "talks": [
                "あっ、リンちゃん、見て見て！\nじゃ～ん！",
                "行こう、みのりちゃん、リンちゃん！"
            ]
        },
        {
            "fileName": "021008_miku02",
            "talks": [
                "ね、リンちゃん",
                "やっぱり新しくてすっごく盛り上がるステージを\n考えなきゃいけないね、リンちゃん！",
                "じゃあ、さっそく考えよう！　リンちゃん！"
            ]
        },
        {
            "fileName": "021012_miku01",
            "talks": [
                "ううん。レンやリンと一緒で、やるのは今日が初めて"
            ]
        },
        {
            "fileName": "021014_miku02",
            "talks": [
                "それでは！　ミクとリンとレンによる、\nスペシャルショー、開演だよっ☆"
            ]
        },
        {
            "fileName": "021015_miku01",
            "talks": [
                "お団子、ありがとう。\nメイコやリンとも一緒に食べるね"
            ]
        },
        {
            "fileName": "021015_miku02",
            "talks": [
                "リン、そっちのシートの端を持ってくれる？",
                "あ、ちょっと待って、リン、メイコ"
            ]
        },
        {
            "fileName": "022001_rin01",
            "talks": [
                "さっそく呼んじゃうね！\nリンちゃーん！"
            ]
        },
        {
            "fileName": "022005_rin01",
            "talks": [
                "リンちゃんの励ましもあったんだし、\n愛莉ちゃんなら、きっと大丈夫だよ",
                "むしろ、リンちゃんの顔が見られて\nもっと元気になるかも",
                "おかえり、リンちゃん。\n愛莉ちゃんに会えたみたいだね！"
            ]
        },
        {
            "fileName": "022005_rin02",
            "talks": [
                "ふふっ……リンちゃん、それ何回目？"
            ]
        },
        {
            "fileName": "022007_rin01",
            "talks": [
                "リン、やっと会えたね",
                "うん。リンに会えたのも、\nこのセカイが少しずつ変わってきてるからかもしれないね",
                "リン。先に、奏達に……",
                "リン？"
            ]
        },
        {
            "fileName": "022008_rin01",
            "talks": [
                "まだまだ～！　いつものリンちゃんは、\nもっといっぱいニッコニコだよ♪",
                "わーい！　お疲れさま、リン♪"
            ]
        },
        {
            "fileName": "022009_rin01",
            "talks": [
                "それにしても——\nリンのエアギター、すごかったよ",
                "リン、それって……全部やりたいってこと？"
            ]
        },
        {
            "fileName": "022011_rin01",
            "talks": [
                "あ、リン。……どうしたの？"
            ]
        },
        {
            "fileName": "022011_rin02",
            "talks": [
                "あ、リン……",
                "『……リン、大丈夫？』",
                "……リン"
            ]
        },
        {
            "fileName": "023005_len01",
            "talks": [
                "なら、私とメイコで半分こして、\nレンとリンも半分こすれば全員で……",
                "リン、１点"
            ]
        },
        {
            "fileName": "023011_len01",
            "talks": [
                "もしかして、リンが言ってたこと気にしてる？\nこはねと組んで歌ってみたい、って言ってたアレ",
                "とにかく落ち着きなよ。\nあの言葉、リンはそんなに深い意味で言ってないと思うしさ",
                "レンはあの時、『張りあってない』って言ってたけど、\nさっきみたいに怒るくらい、\nレンにとって、リンは大事な相棒なんでしょ"
            ]
        },
        {
            "fileName": "025008_meiko01",
            "talks": [
                "そういえばリンも、最初はここにいる理由が\nはっきりしてなくて、なんだかふわふわしてた",
                "……リンはきっと、\nメイコと一緒に歌いたいんじゃないかな",
                "ふふ……。じゃあ、歌おう。リン、メイコ"
            ]
        },
        {
            "fileName": "025010_meiko01",
            "talks": [
                "それじゃあ、わたしとリンがよく使ってるステージに来て！"
            ]
        },
        {
            "fileName": "areatalk02_282",
            "talks": [
                "原動力？ うーん、歌えること、かな。\nわたしもリンちゃんも、何より歌うことが好きだからね！"
            ]
        },
        {
            "fileName": "areatalk02_284",
            "talks": [
                "ううん。いつもリンちゃんとふたりきりでやってたから、\n３人でやれて楽しかったよ"
            ]
        },
        {
            "fileName": "areatalk02_330",
            "talks": [
                "ふふ。さすが、リンちゃん！\nよし、わたしもがんばろーっと"
            ]
        },
        {
            "fileName": "areatalk02_332",
            "talks": [
                "いいけど、リンがへそ曲げるんじゃない？"
            ]
        },
        {
            "fileName": "areatalk02_350",
            "talks": [
                "任せて♪　良さそうなステージを、\nリンちゃんと一緒に探してみる！"
            ]
        },
        {
            "fileName": "areatalk03_102",
            "talks": [
                "うん。リンちゃんは今、\nソロライブのリハーサルに出てるの",
                "ふたりが来てくれたって知ったら、\nリンちゃんきっと気合入ると思うから！"
            ]
        },
        {
            "fileName": "areatalk03_116",
            "talks": [
                "でも、すごく勉強になったよ！\nね、リンちゃん！"
            ]
        },
        {
            "fileName": "areatalk_ev_band_04_007",
            "talks": [
                "ところで、リン。\n本当にずっとその呼びかたを続ける気なの？"
            ]
        },
        {
            "fileName": "areatalk_ev_idol_02_012",
            "talks": [
                "そうだよ。ルカちゃんが来てくれたら、\nどんなライブができるかなって、リンちゃんと話もしてたの！"
            ]
        },
        {
            "fileName": "areatalk_ev_idol_03_007",
            "talks": [
                "そういえば、リンちゃんはよく\n『みんなに笑顔を届ける』って言ってるよね？\nそれも絡めたらいいんじゃないかな？",
                "うん、リンちゃんにぴったり！\nわたしもキャッチフレーズほしくなってきちゃった！"
            ]
        },
        {
            "fileName": "areatalk_ev_night_03_008",
            "talks": [
                "……リン。絵名達が来なくて、寂しい？"
            ]
        },
        {
            "fileName": "areatalk_ev_wonder_03_005",
            "talks": [
                "そっか！　想像するの楽しそうだねっ☆\nよーし！　リンやレンと一緒に考えてみよーっと！"
            ]
        }
    ]
}