{
    "mainStory": 1,
    "eventStory": 1,
    "cardStory": 10,
    "areaTalk": 2,
    "talkPacks": [
        {
            "fileName": "vsstreet_01_04",
            "talks": [
                "リンとレンが入ってきて、彰人くんも杏ちゃんも\n拍子抜けしちゃったのね"
            ]
        },
        {
            "fileName": "event_21_06",
            "talks": [
                "……彰人くん、しばらく来てないと思ったら、\nそんなことがあったのね"
            ]
        },
        {
            "fileName": "011006_akito02",
            "talks": [
                "あら、彰人くんに冬弥くん。\nいらっしゃい"
            ]
        },
        {
            "fileName": "011007_akito01",
            "talks": [
                "いらっしゃい、彰人くん"
            ]
        },
        {
            "fileName": "011008_akito02",
            "talks": [
                "彰人くんはどうする？"
            ]
        },
        {
            "fileName": "011009_akito02",
            "talks": [
                "ふふ。彰人くん、いいお兄さんになれそうね"
            ]
        },
        {
            "fileName": "021017_miku01",
            "talks": [
                "杏ちゃんと彰人くん？",
                "私とか、お父さんとか、彰人くんに冬弥くん、\n相談できる人には話を聞いたって感じだったし"
            ]
        },
        {
            "fileName": "025002_meiko01",
            "talks": [
                "いらっしゃい、彰人くん、冬弥くん。\nレンはまだ来てないわね"
            ]
        },
        {
            "fileName": "025005_meiko01",
            "talks": [
                "（それに、こはねちゃん達には\n彰人くんや冬弥くんっていう仲間もいるし。\nきっと４人で、まだまだ成長していけるはず……）"
            ]
        },
        {
            "fileName": "025011_meiko01",
            "talks": [
                "（杏ちゃんや彰人くんや冬弥くんもいるから、\n大丈夫だと思うけど……）",
                "あとは、きっと杏ちゃんや、\n彰人くんや冬弥くんが頑張ってくれるわ"
            ]
        },
        {
            "fileName": "areatalk02_368",
            "talks": [
                "冬弥くんはコーヒーの好みいろいろ教えてくれるけど、\n彰人くんには好みとか、こだわりとかないの？"
            ]
        },
        {
            "fileName": "areatalk03_134",
            "talks": [
                "あら、彰人くんにこはねちゃん。\n珍しい組み合わせね"
            ]
        }
    ]
}