{
    "mainStory": 0,
    "eventStory": 1,
    "cardStory": 1,
    "areaTalk": 2,
    "talkPacks": [
        {
            "fileName": "event_16_04",
            "talks": [
                "冬弥、咲希の幼馴染みの一歌、穂波、志歩だ！"
            ]
        },
        {
            "fileName": "002003_saki01",
            "talks": [
                "そうか？　まあ、学校生活が順調なのはいいことだ。\n幼馴染みの一歌や穂波、志歩とも会えたんだろう？"
            ]
        },
        {
            "fileName": "areatalk02_124",
            "talks": [
                "気をつけろ！　……ん？　そこにいるのは志歩か！"
            ]
        },
        {
            "fileName": "areatalk02_194",
            "talks": [
                "ん？　志歩じゃないか。今日はひとりか？"
            ]
        }
    ]
}