{
    "mainStory": 0,
    "eventStory": 12,
    "cardStory": 13,
    "areaTalk": 3,
    "talkPacks": [
        {
            "fileName": "event_07_05",
            "talks": [
                "やあ。屋上で会うなんて、あの時以来だね。瑞希"
            ]
        },
        {
            "fileName": "event_07_06",
            "talks": [
                "瑞希こそ。\nまさか文化祭に来てるとは思わなかったよ",
                "司くん？\n瑞希も知りあいなのかい？",
                "そうか……。仕方ないね。\nまぁ、これも何かの縁だから、よろしく。\n２年生の暁山瑞希くん"
            ]
        },
        {
            "fileName": "event_07_07",
            "talks": [
                "やあ瑞希くん。\n今日は遅いじゃないか。もう３時間目だよ",
                "……瑞希にもいるんじゃないかい？\n新しい仲間が"
            ]
        },
        {
            "fileName": "event_22_01",
            "talks": [
                "……瑞希？",
                "あ、瑞希——"
            ]
        },
        {
            "fileName": "event_22_07",
            "talks": [
                "瑞希の友達が落ちた場所は、ここかい？"
            ]
        },
        {
            "fileName": "event_22_08",
            "talks": [
                "『今日は災難だったね、瑞希』",
                "『それにしても、瑞希もあんな顔するんだねえ』",
                "『それじゃあまた、学校で。瑞希』"
            ]
        },
        {
            "fileName": "013012_tsukasa01",
            "talks": [
                "まあ君も知ってる、瑞希なんだけど",
                "暁山瑞希。\n僕の中学からの知りあいで、神高の１年生だよ"
            ]
        },
        {
            "fileName": "016009_rui01",
            "talks": [
                "（そういえば、瑞希は……）",
                "（瑞希相手にあんなにわかりやすく視線を向けてしまっては、\n容易にかわされるだけだというのに……）",
                "（ということは、さっき瑞希が笑ったのは\n誤魔化すためではなく、僕のため、か……）"
            ]
        },
        {
            "fileName": "020001_mizuki02",
            "talks": [
                "おや。その声は、瑞希かい？",
                "相変わらずだね、瑞希。\n可愛いものに目がない",
                "……そういえば瑞希、\n珍しく学校で姿を見たけど、何か用でもあったのかい？"
            ]
        },
        {
            "fileName": "020008_mizuki02",
            "talks": [
                "瑞希……？",
                "やあ、瑞希。今帰りかい？",
                "……瑞希"
            ]
        },
        {
            "fileName": "020009_mizuki02",
            "talks": [
                "フフフ。それじゃあ行こうか、瑞希？",
                "そうでもないよ。\n瑞希が来たらわかるように、ドローンを飛ばしていたしね"
            ]
        },
        {
            "fileName": "areatalk02_131",
            "talks": [
                "そういうきみは瑞希くんじゃないか。\n買い物かい？"
            ]
        },
        {
            "fileName": "areatalk_ev_shuffle_08_004",
            "talks": [
                "そういえば、君は瑞希と知りあいみたいだったけれど、\n仲いいのかい？",
                "お姉さん？\n……ああ、だから瑞希は君を『弟くん』と呼ぶのか"
            ]
        }
    ]
}