{
    "mainStory": 0,
    "eventStory": 15,
    "cardStory": 18,
    "areaTalk": 2,
    "talkPacks": [
        {
            "fileName": "event_27_02",
            "talks": [
                "そんなわけで、キミ達のこともあだ名で呼ばせてね♪\nサッキー、いっちー、ほなっち、しほぴょん！"
            ]
        },
        {
            "fileName": "event_27_06",
            "talks": [
                "サッキーは自主練？\nめちゃめちゃがんばっててえらいじゃーん♪",
                "……ねえサッキー！\n帰る前にさ、あたしの演奏聴いてくれないっ！？",
                "もちろん、サッキーと同じシンセで決まりでしょ！\nじゃ、いっくよー☆",
                "——えへへっ。どうだった？　サッキー！",
                "ホント！？　やったー！\nサッキーにそう言ってもらえて、嬉しいな♪",
                "ただ、なんだかサッキーが落ちこんでたような気がしたから……",
                "サッキーに笑ってほしいなーって思って歌ったんだ",
                "サッキー、大丈夫？",
                "サッキー、がんばって！\nサッキーなら絶対、めっちゃイイ曲作れるよっ♪"
            ]
        },
        {
            "fileName": "event_27_07",
            "talks": [
                "わっ！　サッキー、どしたの？\n練習の時間にはまだ早いんじゃない？",
                "サッキー……",
                "それ、すっごくいいよ！\n今のサッキーの想い、心にグッときちゃった！",
                "あたしもその曲早く聴きたいっ！\nだからサッキーの曲作り、協力するよ！"
            ]
        },
        {
            "fileName": "event_27_08",
            "talks": [
                "あたしもあたしも～！\nフレー！　フレー！　いっちーサッキーほなっちしほぴょん！"
            ]
        },
        {
            "fileName": "002013_saki01",
            "talks": [
                "『やっほー、サッキー♪』",
                "『サッキー達帰る時、元気なかったなぁって思って、\n気になっちゃって様子を見に来ちゃった♪』",
                "『えへへ、気にしない気にしな～い♪\nだって、サッキー達とあたしは友達じゃん？』",
                "『それで、サッキーが作ったメロディーを聴きながら\n歌詞を考えてるの』",
                "『あ、じゃああたし、レシピを読む係するよ！\nそしたら、サッキーは作業に集中できるでしょ？』",
                "いっちー、今日も来てるみたいだね！\n行こっ、サッキー！"
            ]
        },
        {
            "fileName": "002013_saki02",
            "talks": [
                "やっほー、サッキー♪",
                "わぁ……！　見て見て、サッキー！\nクッキーに文字が書いてある！"
            ]
        },
        {
            "fileName": "004009_shiho02",
            "talks": [
                "ふっふっふっ。それはやっぱり、\nサッキーの想いがそれだけ強くこめられてるからだね♪"
            ]
        },
        {
            "fileName": "021015_miku02",
            "talks": [
                "あ、そういえば、サッキーが言ってたんだけど～。\n月にはうさぎが住んでるんだって。ホントかな？"
            ]
        },
        {
            "fileName": "022009_rin02",
            "talks": [
                "サッキー達が来る時間までまだあるし、\nひとりで演奏してもなぁ……",
                "あれ、サッキーじゃん！",
                "そうなの？\nていうかサッキー、このJK語って何？",
                "サッキー、もっと教えてー！",
                "ねえねえ、みんなも一緒にやろうよ！\nサッキーのためにもさ♪",
                "でもサッキーってば、\nみんなはきっと恥ずかしがるだろうからって——",
                "だから、一緒にやろうよ！\nサッキーも、本当はみんなともやりたいでしょ？",
                "（えへへっ♪　よかったね、サッキー！）"
            ]
        },
        {
            "fileName": "areatalk_ev_band_04_005",
            "talks": [
                "昨日はサッキーのシンセを借りたから、\n今日はほなっちのドラムセットを借りちゃおっかな♪"
            ]
        },
        {
            "fileName": "areatalk_ev_band_04_006",
            "talks": [
                "あ、サッキー！　貸してくれた雑誌にのってた、\nこのタピオカミルクティーってやつ、サッキー飲んだことある？"
            ]
        }
    ]
}