{
    "mainStory": 15,
    "eventStory": 36,
    "cardStory": 37,
    "areaTalk": 17,
    "talkPacks": [
        {
            "fileName": "street_01_04",
            "talks": [
                "あ、お客さんだ。ごめん、ちょっと待っててね。\nいらっしゃ……あ、彰人と冬弥か！　",
                "人前だってきっとすぐ慣れるって。\nそしたら、彰人達にだって絶対負けないよ！"
            ]
        },
        {
            "fileName": "street_01_05",
            "talks": [
                "オッケー！　\n誘ってくれてありがとね、彰人"
            ]
        },
        {
            "fileName": "street_01_08",
            "talks": [
                "わかった。ありがとね、彰人"
            ]
        },
        {
            "fileName": "street_01_10",
            "talks": [
                "まさかあれ、彰人達がやったの……？"
            ]
        },
        {
            "fileName": "street_01_12",
            "talks": [
                "ちょっと父さん！\n私はともかく、彰人と似てるってどういうこと？",
                "彰人に譲れないもの……？\nあんなヤツに、そんなのあるの……？"
            ]
        },
        {
            "fileName": "street_01_13",
            "talks": [
                "はーいはい。……あ、そうだ。\nあんた達も悪くなかったんじゃない？　彰人、冬弥♪"
            ]
        },
        {
            "fileName": "street_01_14",
            "talks": [
                "彰人……冬弥！？"
            ]
        },
        {
            "fileName": "street_01_15",
            "talks": [
                "あ、彰人",
                "やった人が、ちゃんと説明してくれたよ。\n彰人達は、本当は真っ向勝負するつもりだったって"
            ]
        },
        {
            "fileName": "street_01_16",
            "talks": [
                "彰人とやってる時だけはよくわかるよ。\nすっごく楽しんでるって"
            ]
        },
        {
            "fileName": "vsstreet_01_04",
            "talks": [
                "止めないで、こはね。\nこれは私と彰人のこだわりの問題だから",
                "私と彰人が今から歌うから、どっちの歌い方が\nこはねのパートに合ってるか教えてくれないかな？",
                "じゃあ彰人、これで決着つけようか！"
            ]
        },
        {
            "fileName": "event_06_01",
            "talks": [
                "え、どうしたの、彰人？"
            ]
        },
        {
            "fileName": "event_06_08",
            "talks": [
                "あれ、彰人？\n今日、来るの早いじゃん",
                "昨日、彰人から言われなかったら……私、多分ずっと\nこはねのこと守らないとって思ってた気がするんだ",
                "——だから、彰人にお礼を言わないとって思って",
                "でも彰人に『守ろう』って思うのは\n相棒じゃないって言われて——気づいたの"
            ]
        },
        {
            "fileName": "event_07_08",
            "talks": [
                "っていうか、冬弥と彰人って、瑞希と知りあいだったんだね！\n全然知らなかった",
                "はあ？　ちょっと彰人、失礼じゃない？"
            ]
        },
        {
            "fileName": "event_09_06",
            "talks": [
                "もう、ノリ悪いなあ。\n彰人はほっといて、先に私達で勝負しよ！"
            ]
        },
        {
            "fileName": "event_12_08",
            "talks": [
                "そういえば、彰人のいい人モード久しぶりに見たかも。\nほんっと外面はいいよね～"
            ]
        },
        {
            "fileName": "event_21_05",
            "talks": [
                "ねえ、彰人のヤツ、かなり無茶してない？\nほとんど休んでないみたいに見えるんだけど"
            ]
        },
        {
            "fileName": "event_21_06",
            "talks": [
                "本当にどうしちゃったんだろ、彰人",
                "さて、戻って来たことだし、\nサクっと彰人に連絡とって……と"
            ]
        },
        {
            "fileName": "event_21_07",
            "talks": [
                "ねえ彰人、まだいけるよね？",
                "彰人ひとりじゃなくて、Vivid BAD SQUADでね！",
                "……っていうか、彰人はずっと私達を支えてくれてたでしょ？\n私がこはねとすれちがった時だって、\nちゃんと何が問題なのか教えてくれたしさ"
            ]
        },
        {
            "fileName": "event_24_07",
            "talks": [
                "え、彰人！？\nこんなところで何やってるわけ？",
                "いいじゃんいいじゃん！\nせっかくやるならみんなで盛り上がったほうがいいもんね！\n行くよ彰人！"
            ]
        },
        {
            "fileName": "event_24_08",
            "talks": [
                "あはは、彰人、顔げっそりしすぎでしょ。\n昨日はいきいき踊ってたくせにさ～",
                "でも、彰人がずーっとこんな調子なんだよねー"
            ]
        },
        {
            "fileName": "event_28_04",
            "talks": [
                "でもそれだけじゃなくって——、\n彰人も冬弥も、ビビッドストリートのみんなも、\nこはねのことすごいってわかってる"
            ]
        },
        {
            "fileName": "event_28_05",
            "talks": [
                "あ、彰人？\nちょっと相談なんだけど——",
                "あと、彰人達とも話してたんだけど——、\nこれはチャンスかもしれないって思ってさ"
            ]
        },
        {
            "fileName": "event_28_06",
            "talks": [
                "本番前に、外で綺麗な空気吸いたいなーって思ってさ\n彰人、冬弥、私達ちょっと抜けていい？　すぐ戻るから"
            ]
        },
        {
            "fileName": "event_36_08",
            "talks": [
                "私もだけど、彰人と冬弥も見てるからさ。\nいつもどおりに歌えば大丈夫！"
            ]
        },
        {
            "fileName": "event_36_10",
            "talks": [
                "ほら、彰人も何か言ってあげなよ！"
            ]
        },
        {
            "fileName": "event_37_01",
            "talks": [
                "彰人と冬弥も今日は遅れてくるって言ってたし、\nこはねがヒマしてないといいけど……",
                "ん？\n冬弥と彰人もちょうど来たみたいだよ。ほらあっち"
            ]
        },
        {
            "fileName": "event_37_03",
            "talks": [
                "彰人はRAD WEEKEND見てたから\nおじさんのこと知ってると思うけど、\nこはねと冬弥は初めてだしね"
            ]
        },
        {
            "fileName": "event_37_04",
            "talks": [
                "あ、彰人？"
            ]
        },
        {
            "fileName": "event_37_05",
            "talks": [
                "公園じゃなくてわざわざこっちに集合だなんて、\nどうしたんだろ、彰人",
                "そっか。だから気にしてくれたんだね。\nありがと、彰人"
            ]
        },
        {
            "fileName": "event_37_06",
            "talks": [
                "彰人、いらっしゃい！\n今日も来てくれたんだね。すっかり常連さんじゃん",
                "……そっか。彰人、相棒見つけたんだね。\n父さん達みたいにチーム組みたいって言ってたもんね",
                "彰人……"
            ]
        },
        {
            "fileName": "event_37_07",
            "talks": [
                "（彰人もミクも、私のことを心配してくれてる）",
                "（最初はこはねに度胸つけてもらうために路上でやってたけど、\n彰人や冬弥と組んでからは公園でやるようになったしね）"
            ]
        },
        {
            "fileName": "009002_kohane02",
            "talks": [
                "いらっしゃーい……って、なんだ彰人と冬弥か"
            ]
        },
        {
            "fileName": "009003_kohane02",
            "talks": [
                "あれ？　彰人は？",
                "いらっしゃーい。\n彰人は、席、そこね"
            ]
        },
        {
            "fileName": "009006_kohane02",
            "talks": [
                "そうだね。実際私も、\n彰人には大事なこと気づかされたしなぁ"
            ]
        },
        {
            "fileName": "009010_kohane02",
            "talks": [
                "あ、そうそう！　カレーといえばさ、\n送ってくれた写真、彰人と冬弥にも見せたんだ",
                "彰人のほうは、写真見てちょっと嫌そうな顔して、\nはいはいって感じだったけど",
                "あ、でも彰人と冬弥は古い知りあいに頼まれたとかで、\n夏祭りのイベントにふたりで出てたよ"
            ]
        },
        {
            "fileName": "010001_an02",
            "talks": [
                "いつもは彰人と一緒だけど、\nひとりだったから珍しいなって思って"
            ]
        },
        {
            "fileName": "010002_an01",
            "talks": [
                "そこ、彰人がバイトしてる店なんだよね"
            ]
        },
        {
            "fileName": "010003_an02",
            "talks": [
                "彰人はともかく、こはねと一緒に来れて嬉しいよ。\n私ここ、はじめてだから色々案内してくれる？",
                "（こはね、楽しそう。\n彰人も冬弥もまんざらでもなさそうだし……）"
            ]
        },
        {
            "fileName": "010005_an02",
            "talks": [
                "彰人に言われるまで、\nこはねのこと守らなきゃって思ってたって話したでしょ？"
            ]
        },
        {
            "fileName": "010006_an02",
            "talks": [
                "たしかに！　ま、彰人は渋るかもしれないけど"
            ]
        },
        {
            "fileName": "010008_an02",
            "talks": [
                "あ、こっちの写真の彰人も、いい笑顔してるよ？\nいい人モードの胡散臭い顔じゃなくってさ"
            ]
        },
        {
            "fileName": "010009_an01",
            "talks": [
                "じゃあさ、私の代わりに\n彰人と冬弥がいいところ言ってあげてよ"
            ]
        },
        {
            "fileName": "010010_an01",
            "talks": [
                "（父さんと……彰人や冬弥だよね）"
            ]
        },
        {
            "fileName": "011007_akito02",
            "talks": [
                "……って、彰人じゃん。\nもう来てたんだ？"
            ]
        },
        {
            "fileName": "011010_akito02",
            "talks": [
                "やったー！　……って、彰人じゃん。\nもう来てたんだ",
                "その……彰人や冬弥もさ、\nこういうことってやっぱりあったんだよね",
                "よし、いい感じに気が引き締まったかも！\nありがと、彰人",
                "あとさ、彰人と冬弥のほうが相棒歴長いし、\nまた相談することがあるかも"
            ]
        },
        {
            "fileName": "012005_touya01",
            "talks": [
                "はあ……父さんや彰人にも呆れられてたかも。\n最悪だよ"
            ]
        },
        {
            "fileName": "012008_touya02",
            "talks": [
                "私も！　ねえ、彰人。今度、写真撮ってきてよ"
            ]
        },
        {
            "fileName": "012009_touya01",
            "talks": [
                "ていうか、珍しいじゃん。\n彰人がこういう話に乗ってくるなんて"
            ]
        },
        {
            "fileName": "012009_touya02",
            "talks": [
                "あれ？　冬弥はともかく、\n洸太郎もそんな前から彰人達と知りあいだったの？",
                "ねえ、その頃の彰人ってどんな感じだったの？"
            ]
        },
        {
            "fileName": "012011_touya01",
            "talks": [
                "『ごめん、さっき彰人にも連絡したんだけど、\nこはねのことで相談があるの』"
            ]
        },
        {
            "fileName": "012012_touya02",
            "talks": [
                "彰人！",
                "彰人はバイト。\nこはねは午後からお母さんとお出かけなんだって",
                "えっと、なんか練習始まる前、\n彰人のこと見てなかった？",
                "……ねえ。\n彰人が悩んでたのって、いつぐらいから？",
                "（全然気づかなかった！　ひょっとして、\n彰人もこはねの成長のことで何か悩んでたとか？）"
            ]
        },
        {
            "fileName": "020006_mizuki01",
            "talks": [
                "ああ、彰人のことでしょ？\nあとで本人に聞いてびっくりしたんだけど、\nお姉さんいたんだね",
                "あ、そのイイ感じの子達っていうのが、\n彰人のお姉さんもいるサークルの子達？"
            ]
        },
        {
            "fileName": "020008_mizuki01",
            "talks": [
                "彰人、ナイス！\n瑞希、もう逃げられないからね！"
            ]
        },
        {
            "fileName": "021017_miku02",
            "talks": [
                "……やっぱ、彰人や冬弥も\nこういうこと乗り越えてきてるのかな？"
            ]
        },
        {
            "fileName": "023005_len02",
            "talks": [
                "あ、そういえば\n瑞希と彰人のお姉さん知りあいだったっけ？"
            ]
        },
        {
            "fileName": "areatalk02_075",
            "talks": [
                "そう？　彰人だって冬弥との話ばっかするじゃん"
            ]
        },
        {
            "fileName": "areatalk02_081",
            "talks": [
                "彰人も顔が広いね、相変わらず"
            ]
        },
        {
            "fileName": "areatalk02_082",
            "talks": [
                "そういう彰人はどうなの？"
            ]
        },
        {
            "fileName": "areatalk02_222",
            "talks": [
                "冬弥って、いつ勉強とかしてるの？　\n放課後はうちのカフェ来てるし、休みの日は彰人といるでしょ？"
            ]
        },
        {
            "fileName": "areatalk02_227",
            "talks": [
                "彰人って、セレクトショップでバイトしてるんだよね？\nちゃんと接客できるの？"
            ]
        },
        {
            "fileName": "areatalk02_232",
            "talks": [
                "ねえ、今回のテストの結果なんだけどさ。\n彰人の結果、知らない？"
            ]
        },
        {
            "fileName": "areatalk02_300",
            "talks": [
                "確かに……難易度高いよね。\nでもまあ、そこは彰人が頑張るでしょ"
            ]
        },
        {
            "fileName": "areatalk03_121",
            "talks": [
                "そうだね。彰人と冬弥は絶対セット。\n単品でいることはまずないかな"
            ]
        },
        {
            "fileName": "areatalk03_139",
            "talks": [
                "最近、あの人たちよく見かけるよね。\nていうか、彰人より上手いんじゃない？"
            ]
        },
        {
            "fileName": "areatalk03_143",
            "talks": [
                "彰人、あんたたしか画家の息子でしょ。\nちょっと腕前見せてよ"
            ]
        },
        {
            "fileName": "areatalk03_154",
            "talks": [
                "ひょっとしてさ。彰人もあの夜、あそこにいたの？",
                "彰人みたいにあれきっかけで歌始めた人も、\n結構いるみたいだしね"
            ]
        },
        {
            "fileName": "areatalk_ev_shuffle_12_007",
            "talks": [
                "そう！　たとえば、私と彰人か冬弥が組んで、\nこはねともどっちかが組んで練習する、みたいな感じ！"
            ]
        },
        {
            "fileName": "areatalk_ev_street_03_002",
            "talks": [
                "あっ！　人が集まってるなーって思ったら、彰人だったんだ。\nひとりで自主練中？"
            ]
        },
        {
            "fileName": "areatalk_ev_street_05_004",
            "talks": [
                "あ、彰人と冬弥じゃん！　ちょうどよかった！\nもし時間あったら、ショッピングモール一緒に行かない？"
            ]
        },
        {
            "fileName": "areatalk_monthly2108_001",
            "talks": [
                "ああ、私達が練習で使ってる公園が近くにあるからね。\nそれに、うちの父さんの店がある通りも近いから、\nこの辺で彰人や冬弥とばったりなんてこと、結構あるよ"
            ]
        },
        {
            "fileName": "areatalk_monthly2108_002",
            "talks": [
                "ねえ、彰人。次のテスト、ちょっと勝負しない？"
            ]
        }
    ]
}