{
    "mainStory": 0,
    "eventStory": 2,
    "cardStory": 1,
    "areaTalk": 0,
    "talkPacks": [
        {
            "fileName": "event_31_02",
            "talks": [
                "みのりちゃん……？\nじゃあ、キミ達がこのセカイの想いの持ち主なんだね。\n話はリン達から聞いてるよ"
            ]
        },
        {
            "fileName": "event_36_02",
            "talks": [
                "僕もそう思うな。\nそれに、みのりちゃんならできそうな気がするんだ"
            ]
        },
        {
            "fileName": "006012_haruka02",
            "talks": [
                "みのりちゃん、\n紙袋から包装紙が見えちゃってるよ"
            ]
        }
    ]
}