{
    "mainStory": 0,
    "eventStory": 4,
    "cardStory": 5,
    "areaTalk": 1,
    "talkPacks": [
        {
            "fileName": "event_23_03",
            "talks": [
                "遥ちゃん、雫ちゃんっ！",
                "今ちょっと聞いちゃったんだけど、\n遥ちゃんってすごく努力家なのね",
                "でもミク達からは、遥ちゃんはいつもみんなの練習を見てるし、\n学校の成績もすごくいいって聞いたわよ？",
                "へえ、すごいわね……。\nやっぱり遥ちゃんは頑張り屋さんね！"
            ]
        },
        {
            "fileName": "006011_haruka01",
            "talks": [
                "あ、遥ちゃん達じゃない！\nこんにちは♪"
            ]
        },
        {
            "fileName": "008010_shizuku01",
            "talks": [
                "遥ちゃんと雫ちゃんは、\nお月見の思い出って何かあるの？"
            ]
        },
        {
            "fileName": "025010_meiko02",
            "talks": [
                "（えーっと、雫ちゃんと遥ちゃんのほうはどうかしら）",
                "（前に会った時は、\n雫ちゃんが遥ちゃんを心配してるみたいだったけど……）",
                "ありがとう、遥ちゃん！\nじゃあ、借りるわね"
            ]
        },
        {
            "fileName": "areatalk_monthly2107_004",
            "talks": [
                "遥ちゃん、最近調子はどう？"
            ]
        }
    ]
}