{
    "mainStory": 0,
    "eventStory": 0,
    "cardStory": 11,
    "areaTalk": 2,
    "talkPacks": [
        {
            "fileName": "002001_saki01 #59",
            "talks": [
                "みのりちゃん、アタシみのりちゃんのこと応援するね！"
            ]
        },
        {
            "fileName": "002001_saki01",
            "talks": [
                "みのりちゃん、アタシみのりちゃんのこと応援するね！"
            ]
        },
        {
            "fileName": "002006_saki02",
            "talks": [
                "しほちゃん、みのりちゃん、\n時間作ってくれてありがとう！"
            ]
        },
        {
            "fileName": "002010_saki02",
            "talks": [
                "アタシはほなちゃんと、あとみのりちゃんから！",
                "あ、これもみのりちゃんから聞いたんだけど、\nしずく先輩も、小鳥やうさぎさん飼ってみたいんだって！"
            ]
        },
        {
            "fileName": "003005_honami02",
            "talks": [
                "あとね、アタシが制服かわいいなぁって思って\n応募したバイト先が、なんとみのりちゃんと同じだったの！"
            ]
        },
        {
            "fileName": "005009_minori01",
            "talks": [
                "うん、また明日！\nみのりちゃんも、がんばってねー！"
            ]
        },
        {
            "fileName": "006005_haruka01",
            "talks": [
                "あ！　あの時はるかちゃん、みのりちゃんに\n唐揚げ、あ～んしてあげてたね",
                "あはは。みのりちゃん、そのあとは\nもう胸がいっぱいって感じで、心ここにあらずだったね～"
            ]
        },
        {
            "fileName": "006009_haruka01",
            "talks": [
                "でもでも！　ひとりで、のんびり癒やされに行くもよし♪\nみのりちゃん達を誘ってわいわい楽しむもよし♪\nっていう感じで楽しんできてほしいな！"
            ]
        },
        {
            "fileName": "006011_haruka02",
            "talks": [
                "はるかちゃんも、本当にありがとう！\nみのりちゃん、しずく先輩もありがとうございました！"
            ]
        },
        {
            "fileName": "areatalk03_050",
            "talks": [
                "みのりちゃんから聞いたの！\nしほちゃんともうひとりの友達と一緒に、\nロックバンドのライブに行ったことがあるって！"
            ]
        },
        {
            "fileName": "areatalk03_319",
            "talks": [
                "そういえばみのりちゃん、いっちゃんと仲がいいんだっけ？\nちょっと意外かも？"
            ]
        }
    ]
}