{
    "mainStory": 13,
    "eventStory": 36,
    "cardStory": 37,
    "areaTalk": 12,
    "talkPacks": [
        {
            "fileName": "street_01_07",
            "talks": [
                "あれは……白石と小豆沢か？"
            ]
        },
        {
            "fileName": "street_01_08",
            "talks": [
                "…………ああ。\nたしか……小豆沢、だったか",
                "…………小豆沢、少し聞いていいか？",
                "小豆沢は『RAD WEEKEND』を超える\nイベントを、本気でやろうと思っているのか？"
            ]
        },
        {
            "fileName": "street_01_12",
            "talks": [
                "！！　小豆沢……？　その髪は……",
                "小豆沢、白石"
            ]
        },
        {
            "fileName": "street_01_13",
            "talks": [
                "（……彰人も、白石も、そして小豆沢も、\n夢に命をかけて、本気で向き合っている）"
            ]
        },
        {
            "fileName": "street_01_15",
            "talks": [
                "……ああ。小豆沢か。久しぶりだな",
                "小豆沢？　なぜここに……"
            ]
        },
        {
            "fileName": "street_01_17",
            "talks": [
                "俺が決断できたのは、\n小豆沢と白石のおかげでもある",
                "それに、小豆沢……お前に心配かけたままだというのも、\n気持ちが悪いしな"
            ]
        },
        {
            "fileName": "street_01_18",
            "talks": [
                "本当は……白石や小豆沢のような、\n本気で『RAD WEEKEND』を超える夢を追いかけられる\n仲間が彰人には必要だ"
            ]
        },
        {
            "fileName": "street_01_19",
            "talks": [
                "……小豆沢、白石"
            ]
        },
        {
            "fileName": "event_06_03",
            "talks": [
                "会場を盛り上げるのに夢中で、\n小豆沢のフォローに回るのが遅れてしまった"
            ]
        },
        {
            "fileName": "event_06_07",
            "talks": [
                "……小豆沢？",
                "……小豆沢は、初心者と経験者の一番の違いはなんだと思う？",
                "小豆沢次第だろうな",
                "……小豆沢はチームのためを思って、\n俺に聞いてきたんだろう"
            ]
        },
        {
            "fileName": "event_09_07",
            "talks": [
                "すごかったな。\n白石と小豆沢もいい勝負をしていた"
            ]
        },
        {
            "fileName": "event_12_01",
            "talks": [
                "小豆沢か。\nたしかに、いつもこの時間には着いているはずだが……",
                "（小豆沢の親は、それで理解してくれる可能性があるんだな）"
            ]
        },
        {
            "fileName": "event_12_05",
            "talks": [
                "白石や小豆沢とチームも組めた"
            ]
        },
        {
            "fileName": "event_21_02",
            "talks": [
                "気にするな小豆沢。\n彰人はよくああいう顔をしているだろう",
                "白石、小豆沢、また明日会おう"
            ]
        },
        {
            "fileName": "event_28_01",
            "talks": [
                "たしかに小豆沢は、観客の反応にもアドリブにも\n動じなくなってきたな。\nかなり対応力がついていると思う"
            ]
        },
        {
            "fileName": "event_28_02",
            "talks": [
                "小豆沢の出番はもう少しあとのようだな。\n俺達はこの辺りで聴くとするか",
                "ああ。\n小豆沢の実力からしてみれば、当然だろうな"
            ]
        },
        {
            "fileName": "event_28_03",
            "talks": [
                "ああ。小豆沢は十分な実力を持っているにも関わらず、\nそれを自覚できていない",
                "ああ、そうだな。\n小豆沢は自信が持てていなくとも、そのせいで歌が揺れたり、\n声が思いきり出せていないというわけでもない",
                "むしろ小豆沢の、現状に満足せず己を磨こうとする姿勢は、\nいいものだと思う",
                "ああ、やりがいがあるぞ。\n小豆沢と白石は、このあとどうするつもりだ？"
            ]
        },
        {
            "fileName": "event_28_05",
            "talks": [
                "小豆沢、気合いを入れるのはいいが肩の力は抜いたほうがいい。\n余計な力が入る"
            ]
        },
        {
            "fileName": "event_28_06",
            "talks": [
                "大丈夫か、小豆沢。\n息がきれるなら少し休んだほうが……"
            ]
        },
        {
            "fileName": "event_28_07",
            "talks": [
                "白石、小豆沢。\nそろそろスタンバイだ",
                "（次は——小豆沢のソロだ）"
            ]
        },
        {
            "fileName": "event_28_08",
            "talks": [
                "（これが……小豆沢の本当の実力なのか）",
                "（正直、隣で聴いていたのに、いまだに信じられない。\nあんな歌、小豆沢は今まで一度も……）",
                "それにしても、今日の小豆沢はすごかったな"
            ]
        },
        {
            "fileName": "event_29_02",
            "talks": [
                "ああ。小豆沢達がいないからといって、\n俺達が気を抜くわけにはいかないからな"
            ]
        },
        {
            "fileName": "event_36_05",
            "talks": [
                "彰人はああ言っているが、俺も小豆沢と同意見だ。\n仲間想いだし優しい人間だと思う",
                "それにしても驚いたな。\n小豆沢の友人というのは星乃さん達のことだったのか",
                "白石はサビ手前で走りがちだ。\n小豆沢が引きずられてリズムがズレるから気をつけたい",
                "彰人は小豆沢のフォローに入ってくれたが、\nそれもあって次のパートに出遅れてしまった。\nこのあたり、気をつけてほしい"
            ]
        },
        {
            "fileName": "event_36_09",
            "talks": [
                "そろそろ小豆沢の出番だな",
                "……さすが小豆沢だな"
            ]
        },
        {
            "fileName": "event_36_10",
            "talks": [
                "それにしても、小豆沢の歌はすごかったな",
                "ああ。よく頑張ったな、小豆沢"
            ]
        },
        {
            "fileName": "event_37_03",
            "talks": [
                "そうだな。あの時の小豆沢の歌は\nすばらしかったからな",
                "……小豆沢、本当に大河さんの誘いを断るつもりか？"
            ]
        },
        {
            "fileName": "009002_kohane02",
            "talks": [
                "ああ。……小豆沢、それは？",
                "……こっちのアルバムは小豆沢が撮ったものなのか？"
            ]
        },
        {
            "fileName": "009005_kohane02",
            "talks": [
                "……小豆沢、どうしたんだ？",
                "……小豆沢、それ以上は言う必要ない",
                "ああ。行こう、小豆沢"
            ]
        },
        {
            "fileName": "009006_kohane02",
            "talks": [
                "俺は、小豆沢がそう思うのもわかる気がする"
            ]
        },
        {
            "fileName": "009008_kohane02",
            "talks": [
                "……実はそのことで、小豆沢に頼みがある",
                "白石が古文、彰人が英語の追試を受けるんだったな。\n俺は、彰人の英語を見るから、小豆沢は……",
                "小豆沢、手助けしてしまっては\n白石の勉強にならないぞ"
            ]
        },
        {
            "fileName": "009009_kohane01",
            "talks": [
                "ああ。小豆沢は十分な実力を持っているにも関わらず、\nそれを自覚できていない"
            ]
        },
        {
            "fileName": "010008_an02",
            "talks": [
                "小豆沢、よくここがわかったな",
                "そういえば小豆沢も、\n練習しないかとメッセージをくれていたな"
            ]
        },
        {
            "fileName": "010009_an01",
            "talks": [
                "それで、STAY GOLDにもう一度出るという話、\n小豆沢にはもうしたのか？",
                "あの時も感じたが、\n小豆沢は驚くほどの速さで成長しているな",
                "小豆沢の場合、驚きながらも\n喜んでくれる気がしなくもないがな"
            ]
        },
        {
            "fileName": "010009_an02",
            "talks": [
                "ああ。いい例が、練習メニューだな。\n今の小豆沢の練習メニューは俺達で作ったものだが……",
                "実際、小豆沢よりも多い量を\n彰人や俺がこなしているところを見ているからな"
            ]
        },
        {
            "fileName": "011002_akito01",
            "talks": [
                "別に大したことじゃない。\n小豆沢と白石の実力を、買っているんだな、と"
            ]
        },
        {
            "fileName": "011003_akito02",
            "talks": [
                "残りのチケットを小豆沢達に譲るのは\nどうかと聞いていたんだが",
                "小豆沢達には心配かけたからな。\n埋めあわせだと思えばいい"
            ]
        },
        {
            "fileName": "011005_akito01",
            "talks": [
                "小豆沢と白石、丸く収まってよかったな",
                "小豆沢と白石に起きたようなことだ。\nだから、白石の気持ちもわかってやれたのかと"
            ]
        },
        {
            "fileName": "011010_akito02",
            "talks": [
                "ああ。小豆沢と白石もよかったら食べてくれ"
            ]
        },
        {
            "fileName": "012003_touya02",
            "talks": [
                "彰人や小豆沢、白石、謙さん。それに……"
            ]
        },
        {
            "fileName": "012007_touya02",
            "talks": [
                "（本当に、俺は恵まれている。\n司先輩に、謙さん……小豆沢に白石、それに……）"
            ]
        },
        {
            "fileName": "012008_touya02",
            "talks": [
                "そういえば小豆沢は\nフェニックスワンダーランドが好きだったな",
                "……そうだ。小豆沢達の家でもひな祭りは祝ったのか？"
            ]
        },
        {
            "fileName": "012011_touya01",
            "talks": [
                "（そういえば、イベントで観客に言われたことを\n小豆沢は気にしていたが、そのことだろうか？）",
                "いや、自信をつけた小豆沢が歌うと、\nどんな風になるのかと思ってな",
                "遠野さんは、小豆沢の歌を\n『おもしろいところもある』と言っていたな",
                "３人で慌てて止めて、\n小豆沢用の練習メニューを急いで作ったんだったな",
                "小豆沢はよく、俺達に追いつきたいと言っているが、\nそこは通過点でしかない"
            ]
        },
        {
            "fileName": "012011_touya02",
            "talks": [
                "小豆沢が見せてくれたパフォーマンスは、\n俺の想像をはるかに超えていた"
            ]
        },
        {
            "fileName": "012012_touya01",
            "talks": [
                "（STAY GOLDでの小豆沢のパフォーマンスといい、\n今日の大河さんといい、\nここ最近、衝撃的なことが連続で起きているからな）"
            ]
        },
        {
            "fileName": "012012_touya02",
            "talks": [
                "（風で、小豆沢の帽子が……！）",
                "小豆沢のすごい歌を聴いた直後だったからな、\n何か思うところがあるのかと思ったが、違った"
            ]
        },
        {
            "fileName": "021004_miku02",
            "talks": [
                "ただでさえ小豆沢達にはいろいろ誤解されていたからな。\nこちらでもそうでは困る"
            ]
        },
        {
            "fileName": "areatalk03_122",
            "talks": [
                "小豆沢達は、普段どうしてるんだ？"
            ]
        },
        {
            "fileName": "areatalk03_135",
            "talks": [
                "……小豆沢は、牛乳が好きなのか？"
            ]
        },
        {
            "fileName": "areatalk03_152",
            "talks": [
                "小豆沢も、だいぶライブになれてきたな。\n緊張もしなくなってきたんじゃないか？",
                "安心しろ、ただの冗談だ。\n……彰人、あまり小豆沢をからかうな"
            ]
        },
        {
            "fileName": "areatalk03_155",
            "talks": [
                "小豆沢は、動画を見て歌の練習をしていたんだよな"
            ]
        },
        {
            "fileName": "areatalk03_168",
            "talks": [
                "コツさえつかめば、\n小豆沢もとれるようになるぞ",
                "やってみなければわからない。\n小豆沢、どうする？"
            ]
        },
        {
            "fileName": "areatalk03_171",
            "talks": [
                "物持ちはいいほうだからな。\n小豆沢、それでよければ今度持って来る"
            ]
        },
        {
            "fileName": "areatalk03_172",
            "talks": [
                "……そういえば、白石はどうやって\n小豆沢を相棒に選んだんだ？"
            ]
        },
        {
            "fileName": "areatalk_ev_street_02_008",
            "talks": [
                "白石は、コーヒーも飲むが紅茶も好きらしいな。\nあと、小豆沢はラテのような\nミルクが入ってる飲み物をよく飲んでいる印象だな"
            ]
        },
        {
            "fileName": "areatalk_ev_street_03_003",
            "talks": [
                "そうは言っても、宮女よりは少ないんじゃないか？\n小豆沢から聞いたが、定期試験のほかに\n何度か学力テストもあるらしいしな"
            ]
        },
        {
            "fileName": "areatalk_ev_street_05_004",
            "talks": [
                "小豆沢が？"
            ]
        }
    ]
}