{
    "mainStory": 6,
    "eventStory": 12,
    "cardStory": 39,
    "areaTalk": 14,
    "talkPacks": [
        {
            "fileName": "vsstreet_01_01",
            "talks": [
                "メイコ、いる？",
                "はいはい。コーヒーが好きなのはわかったけど\nもうメイコにオレンジジュース出してもらったでしょ",
                "メイコ、コーヒーゼリーはあとでもらうね。\nレンは先に食べていいから"
            ]
        },
        {
            "fileName": "vsstreet_01_02",
            "talks": [
                "うん。せっかくメイコがいれてくれたコーヒーなんだから。\nその日の自分が美味しいと思うものを飲んだほうがいいと思うな"
            ]
        },
        {
            "fileName": "vsstreet_01_03",
            "talks": [
                "ねえ、メイコ。リンがここに来て——"
            ]
        },
        {
            "fileName": "vsstreet_01_04",
            "talks": [
                "メイコ、食器洗い終わったよ"
            ]
        },
        {
            "fileName": "event_08_07",
            "talks": [
                "『うんっ！　メイコのことだよ！\n急に出てくるからびっくりしちゃった～！』"
            ]
        },
        {
            "fileName": "event_09_06",
            "talks": [
                "私は……新年最初の注文だし、\nメイコのブレンドコーヒーにしようかな"
            ]
        },
        {
            "fileName": "event_09_07",
            "talks": [
                "あ、そうだ。せっかくだし、メイコも一緒に羽根つきやらない？",
                "メイコも調子いいみたいだね"
            ]
        },
        {
            "fileName": "event_10_02",
            "talks": [
                "私がギターで、ルカがベース、メイコがドラムでいい？"
            ]
        },
        {
            "fileName": "event_12_01",
            "talks": [
                "メイコ。ここにあるカップ、拭いて棚に戻せばいい？"
            ]
        },
        {
            "fileName": "event_18_06",
            "talks": [
                "『先輩』って、ルカやメイコみたいな人のことを\n言うんだと思ってたから",
                "うん、だってルカは優しくてしっかりしてるし、\nメイコは頼りがいがあるし……",
                "ルカ、メイコ……"
            ]
        },
        {
            "fileName": "event_19_02",
            "talks": [
                "……メイコ"
            ]
        },
        {
            "fileName": "event_37_01",
            "talks": [
                "うん。あとでメイコ達にも聴かせてあげてよ。\nきっとびっくりするんじゃないかな"
            ]
        },
        {
            "fileName": "event_37_05",
            "talks": [
                "明日はちゃんと見る。\nそれと、今度メイコのカフェで好きなもの頼んでいいから"
            ]
        },
        {
            "fileName": "001007_ichika02",
            "talks": [
                "『あ……。ルカ、メイコ、見て！』"
            ]
        },
        {
            "fileName": "009003_kohane01",
            "talks": [
                "ありがとう、メイコ"
            ]
        },
        {
            "fileName": "011007_akito01",
            "talks": [
                "メイコ、ついでにあの曲をかけてよ。\n彰人はまだ聴いてなかったはずだし"
            ]
        },
        {
            "fileName": "021012_miku01",
            "talks": [
                "でも、バドミントンやテニスみたいに\nやればいけそうかなって思って。ね、メイコ？"
            ]
        },
        {
            "fileName": "021012_miku02",
            "talks": [
                "そうだね。そっちが丸く収まったのは\nほとんどメイコのおかげだね"
            ]
        },
        {
            "fileName": "021013_miku01",
            "talks": [
                "メイコ、ルカ。揃ってどうしたの？",
                "じゃあ、あの公園で見たような桜、\nルカやメイコとも見られるんだね",
                "（ルカやメイコと一緒に桜、見たかったんだけどなあ）",
                "（この前、一歌と見た桜はすごく綺麗だった。\nだからルカとメイコにも、絶対見てほしい）"
            ]
        },
        {
            "fileName": "021013_miku02",
            "talks": [
                "『あ……。ルカ、メイコ、見て！』",
                "（ふふ。メイコもノリノリだ！\nよし、私ももっと……！）"
            ]
        },
        {
            "fileName": "021015_miku01",
            "talks": [
                "お団子、ありがとう。\nメイコやリンとも一緒に食べるね"
            ]
        },
        {
            "fileName": "021015_miku02",
            "talks": [
                "あ、ちょっと待って、リン、メイコ"
            ]
        },
        {
            "fileName": "021017_miku01",
            "talks": [
                "……ねえ、メイコ。\n最近、杏や彰人から何か聞いた？\n悩みごととか、相談ごと",
                "メイコの言うとおり、いろいろなパターンっていうか、\n事情があるかもしれないしね"
            ]
        },
        {
            "fileName": "021017_miku02",
            "talks": [
                "……メイコのお店で、ゆっくり聞こうか？"
            ]
        },
        {
            "fileName": "023005_len01",
            "talks": [
                "ちょうど今、メイコが新作メニューの\nパフェを作るところだよ",
                "なら、私とメイコで半分こして、\nレンとリンも半分こすれば全員で……",
                "とりあえず、メイコは予定どおりパフェよろしく。\n私は、ふたりの審判してくるよ"
            ]
        },
        {
            "fileName": "023006_len02",
            "talks": [
                "このあいだ、食器を片づけてる時に気づいてね。\nメイコのお気に入りのカップだったから、\n残念がってたよ"
            ]
        },
        {
            "fileName": "024008_luka01",
            "talks": [
                "寝ちゃった！？　ルカ、まだ寝ないでー！\nあっちのステージに行けば、カイトやメイコもいるんだよー！"
            ]
        },
        {
            "fileName": "024011_luka01",
            "talks": [
                "あ、メイコ？"
            ]
        },
        {
            "fileName": "025003_meiko01",
            "talks": [
                "メイコ、楽しそうだね",
                "……ねぇ、メイコ",
                "……メイコも？"
            ]
        },
        {
            "fileName": "025003_meiko02",
            "talks": [
                "いきなりすぎるよ、メイコ",
                "メイコ、さっきの話だけど\nなんでカフェのメニュー増やそうと思ったの？",
                "……そっか。メイコらしいね"
            ]
        },
        {
            "fileName": "025005_meiko02",
            "talks": [
                "もうメイコと話し始めてたし、\n途中で出て行って話の腰折っても悪いでしょ",
                "それに、万が一の時は\nメイコがうまくフォローするって思ってたしね"
            ]
        },
        {
            "fileName": "025006_meiko01",
            "talks": [
                "メイコも一緒に、クリスマスショーやるよね！？"
            ]
        },
        {
            "fileName": "025007_meiko02",
            "talks": [
                "ねえ、メイコ。\n穂波が言ってた相談って？"
            ]
        },
        {
            "fileName": "025008_meiko01",
            "talks": [
                "……あれ、メイコだけ……？",
                "……メイコ？　何か、考えごと？",
                "……リンはきっと、\nメイコと一緒に歌いたいんじゃないかな",
                "メイコ、みんなと距離を置くって話してたから……",
                "ふふ……。じゃあ、歌おう。リン、メイコ"
            ]
        },
        {
            "fileName": "025009_meiko02",
            "talks": [
                "……はあ。\nメイコ達の言うとおりだよ"
            ]
        },
        {
            "fileName": "026009_kaito01",
            "talks": [
                "あっ、カイト！\nメイコ達いたよー！"
            ]
        },
        {
            "fileName": "areatalk02_332",
            "talks": [
                "ふーん。それなら、メイコのカフェでやろう。\n店を開けたまま、メイコも参加できるでしょ"
            ]
        },
        {
            "fileName": "areatalk02_361",
            "talks": [
                "そう……。私はメイコの店にいるから、\n練習終わったら寄ってよ",
                "そしたらきっとメイコが\nとびきり美味しいコーヒーをご馳走してくれるよ"
            ]
        },
        {
            "fileName": "areatalk02_370",
            "talks": [
                "メイコだって、本当は歌いたくてうずうずしてるでしょ。\n最近、コーヒー淹れながらよく歌ってるし"
            ]
        },
        {
            "fileName": "areatalk02_371",
            "talks": [
                "元気が出るって……。\nメイコ、ときどき大胆なことするよね"
            ]
        },
        {
            "fileName": "areatalk02_408",
            "talks": [
                "いいんじゃない？ メイコは喜ぶと思うよ"
            ]
        },
        {
            "fileName": "areatalk_ev_band_02_012",
            "talks": [
                "メイコが後輩？　全然似合わなさそう"
            ]
        },
        {
            "fileName": "areatalk_ev_band_02_013",
            "talks": [
                "メイコ、今日はひとりで叩いていたの？"
            ]
        },
        {
            "fileName": "areatalk_ev_special_01_003",
            "talks": [
                "うん。いつもメイコがやってるの見てるし。\nえっと……ペーパードリッパーをつけて……。\nコーヒーの粉を、１、２、３、４杯——"
            ]
        },
        {
            "fileName": "areatalk_ev_street_05_005",
            "talks": [
                "メイコに相談したら、まずは包丁に慣れるところからって、\nサンドイッチを教えてもらったの",
                "よかった。実は、杏にあげても大丈夫って、\nメイコが言ってくれるまで何十個も作ったんだ"
            ]
        },
        {
            "fileName": "areatalk_ev_wonder_02_012",
            "talks": [
                "ねえねえ、メイコはどんなショーがしたい？\nなんでも言ってみてっ☆"
            ]
        },
        {
            "fileName": "areatalk_ev_wonder_02_013",
            "talks": [
                "うん！　ねえねえ、メイコもくるくるしようよ！\n最近、レンもたくさんくるくるできるようになったんだ♪"
            ]
        },
        {
            "fileName": "areatalk_monthly2109_002",
            "talks": [
                "……ねえ、メイコ。\n杏がさっきからうなってるけど、どうしたの？"
            ]
        }
    ]
}