{
    "mainStory": 17,
    "eventStory": 70,
    "cardStory": 60,
    "areaTalk": 23,
    "talkPacks": [
        {
            "fileName": "vswonder_01_04",
            "talks": [
                "ああ。寧々、ネネロボにワイヤーがついているから\n僕らの体に巻いて牽引してくれるかい？"
            ]
        },
        {
            "fileName": "wonder_01_07",
            "talks": [
                "どうだい司くん。\n寧々は、メンバーの条件を満たしてるだろう？",
                "寧々。ふたりはもういないよ。出てきたらどうだい"
            ]
        },
        {
            "fileName": "wonder_01_09",
            "talks": [
                "そういうことなら、残念だけど僕は演出家を辞退しよう。\n寧々、あとは頑張って――",
                "それじゃあ寧々。僕はここで"
            ]
        },
        {
            "fileName": "wonder_01_11",
            "talks": [
                "それじゃあ、明日に障るし、僕は帰ろうかな。\n寧々もそろそろ……"
            ]
        },
        {
            "fileName": "wonder_01_12",
            "talks": [
                "この後は――寧々のソロパートだ",
                "充電切れ？\nまさか寧々、あの後もずっと練習を……！？"
            ]
        },
        {
            "fileName": "wonder_01_13",
            "talks": [
                "……司くん。寧々も悪気があったわけじゃない。\n昨日解散したあとも残って遅くまで練習していたんだ",
                "……寧々",
                "寧々！",
                "寧々"
            ]
        },
        {
            "fileName": "wonder_01_17",
            "talks": [
                "……寧々。えむくん",
                "悪いけど、それはどうでも良い、かな。\n元より君と寧々の問題だからね。\n寧々が君を許せばそれで良いのさ",
                "寧々に、ステージに立つ気持ちを取り戻す機会を\n与えてくれたことには感謝するよ"
            ]
        },
        {
            "fileName": "wonder_01_18",
            "talks": [
                "えむくん？　寧々まで……？",
                "寧々……"
            ]
        },
        {
            "fileName": "event_03_01",
            "talks": [
                "寧々？",
                "……でも、そうだね。\n寧々の言う通り、充実した気分だよ"
            ]
        },
        {
            "fileName": "event_03_05",
            "talks": [
                "……寧々から見ても、そうなのかい？",
                "でも、司くんと寧々が言うなら、\nそうなってしまっているんだろうな",
                "ああ。わかったよ、寧々"
            ]
        },
        {
            "fileName": "event_03_06",
            "talks": [
                "ああ、寧々か。\n久しぶりだね",
                "今は……ひとりでやっているよ。\nなかなか、寧々みたいに気が合う相手がいなくてね",
                "それじゃあ、僕は僕のショーを作りに行くとしよう。\n……寧々も、頑張って",
                "フフ。ありがとう、寧々"
            ]
        },
        {
            "fileName": "event_03_07",
            "talks": [
                "フフ、さすが寧々だね。ご明察だ"
            ]
        },
        {
            "fileName": "event_03_08",
            "talks": [
                "ん？　なんだい、寧々",
                "……ああ。\nありがとう、寧々"
            ]
        },
        {
            "fileName": "event_07_02",
            "talks": [
                "ふふ、寧々は心配してくれてるんだよ。司くん"
            ]
        },
        {
            "fileName": "event_07_06",
            "talks": [
                "……ああ。\n司くんと寧々と、練習をしていた時かな"
            ]
        },
        {
            "fileName": "event_08_01",
            "talks": [
                "だから主役は司くんと――寧々がいいと思う",
                "それなら、昔から劇団でミュージカルをやってきた寧々に\n頼んだほうがいいと思ったんだよ",
                "フフ。どうだい？　寧々",
                "今の寧々ならきっとできるさ。\n司くんもえむくんも、そう思っているしね"
            ]
        },
        {
            "fileName": "event_08_03",
            "talks": [
                "うん、それがいいと思うよ。\n司くんだけじゃなく……寧々もね",
                "しかしびっくりしたな。\n人見知りな寧々が、あんな風に怒るなんて",
                "……寧々？",
                "でも僕は、寧々の歌声は彼女に匹敵するものだと思っているよ"
            ]
        },
        {
            "fileName": "event_08_04",
            "talks": [
                "寧々、少しいいかい？",
                "もしかしたら、寧々の歌に足りないものが\nわかったかもしれない",
                "寧々は――感情を解放しきることができていないんだ",
                "寧々は慎重になっているんだ。\n自分でも気づかない程わずかにね",
                "けれど寧々は、慎重になるあまり、\nそれができていないんだ",
                "それなら、失敗する前の――昔の寧々の歌いかたが\nヒントになるかもしれない",
                "寧々なら、自分と向きあうためのヒントを、\n自分で掴めるはずだ"
            ]
        },
        {
            "fileName": "event_08_05",
            "talks": [
                "そうだね。\nだけどこれは、技術的な問題じゃなく、寧々の心の問題だから、\n僕らができるのは見守ることぐらいだよ",
                "寧々が、歌だけに集中できるようにするためにもね",
                "それなら、失敗する前の――昔の寧々の歌いかたが\nヒントになるかもしれない",
                "フフ、僕と寧々もショーを見たあとは、\nよくショーの練習をしていたよ"
            ]
        },
        {
            "fileName": "event_08_07",
            "talks": [
                "そうだね。\n今回のショーの鍵になるのは寧々の歌だ",
                "寧々には、自分で立ち上がってもらわなくちゃならない",
                "フフ。\n久しぶりに寧々のこんな歌声を聴いた気がするよ"
            ]
        },
        {
            "fileName": "event_09_09",
            "talks": [
                "そういうことさ。\nさあ寧々、次の準備はいいかい？",
                "よし、最後の仕上げだ。\n寧々、頼むよ"
            ]
        },
        {
            "fileName": "event_13_03",
            "talks": [
                "ああ、ごめんね。\n寧々は少し人見知りなところがあるんだ"
            ]
        },
        {
            "fileName": "event_13_08",
            "talks": [
                "今日の寧々は、歌も一段と磨きがかかっていたからね。\nきっと時間をかけて、何度も練習していたんだろう"
            ]
        },
        {
            "fileName": "event_22_02",
            "talks": [
                "やあ、寧々。待たせたね",
                "寧々がせっかく\n『ショーのためにもっと体力をつけたい』っていう\n前向きな提案をしてくれたからね",
                "にしても、驚いたな。積極的に運動したがらない寧々が\nこんなことを言いだすなんて",
                "——おっと、もうこんな時間だ！\nこのままだと電車に乗り遅れてしまうよ、寧々！"
            ]
        },
        {
            "fileName": "event_22_03",
            "talks": [
                "フフ、寧々らしい感想だねえ",
                "それじゃあ早速走ってみようじゃないか！\nさあ、寧々！　一緒に頑張ろう！"
            ]
        },
        {
            "fileName": "event_22_04",
            "talks": [
                "うん、いいね寧々！\nフィジカルデータもバッチリとれたよ！"
            ]
        },
        {
            "fileName": "event_22_05",
            "talks": [
                "そうだね。あとで下の管理事務所に看板のことを伝えておこう。\nじゃあ寧々、先に進もうか"
            ]
        },
        {
            "fileName": "event_22_06",
            "talks": [
                "そうだ、寧々。ラムネを持ってきたんだ。\nよかったら食べないかい？",
                "……ところで、寧々。もうすぐ雨がきそうだ。\nどこか雨宿りできる場所を探しておいたほうが\nいいかもしれないよ"
            ]
        },
        {
            "fileName": "event_32_01",
            "talks": [
                "おや？　どうしたんだい寧々。\n心配そうな顔をして",
                "寧々は、何か海でやってみたいことはないかい？"
            ]
        },
        {
            "fileName": "event_32_02",
            "talks": [
                "フフ、懐かしいねえ。あの頃の寧々は\n人魚姫ばかり演じていたものだよ",
                "フフ、ありがとう。\n寧々はどうだい？"
            ]
        },
        {
            "fileName": "event_32_04",
            "talks": [
                "よかったね、寧々。\nそれで、何を話したんだい？"
            ]
        },
        {
            "fileName": "event_32_05",
            "talks": [
                "——寧々？\nそんなところでどうしたんだい？　もうすぐ出番だよ",
                "……ああ。わかった。\n任せたよ、寧々"
            ]
        },
        {
            "fileName": "event_32_06",
            "talks": [
                "寧々が修理のあいだ、シーンをつなぐと言ってくれた",
                "僕は最速で終わるよう修理を進めるから、\nふたりとも、できる限り寧々のサポートをしてあげてほしい",
                "えむくん！　寧々に合図を！",
                "ありがとう、寧々。\n寧々のおかげで、みんなが笑顔になれたよ",
                "片づけは僕達だけでもできるからね。\nいってらっしゃい、寧々"
            ]
        },
        {
            "fileName": "event_32_08",
            "talks": [
                "僕達もいるよ、寧々",
                "……寧々は、彼女とどんな話をしたんだい？",
                "今日のアドリブを見た時も思ったけれど、\n寧々は本当に成長したね",
                "しかし、そうか。\n寧々にとって一番いい答えを……か",
                "もし悩んだ時は、僕も一緒に考えよう。\n寧々が心から納得できるような答えがだせるようにね"
            ]
        },
        {
            "fileName": "event_36_06",
            "talks": [
                "……そして、王子と会っていたことが露見した\n寧々演じる姫は地下牢に閉じこめられてしまう"
            ]
        },
        {
            "fileName": "event_38_02",
            "talks": [
                "フフ。大丈夫だよ寧々。司くん"
            ]
        },
        {
            "fileName": "event_38_08",
            "talks": [
                "おや、さすがだね。寧々"
            ]
        },
        {
            "fileName": "013012_tsukasa01",
            "talks": [
                "それと、僕と寧々とネネロボの衣装を作ってくれた子なんだ"
            ]
        },
        {
            "fileName": "013013_tsukasa02",
            "talks": [
                "寧々、水分補給はしたかい？"
            ]
        },
        {
            "fileName": "014008_emu02",
            "talks": [
                "フフ、まるでゲームみたいだねえ。\n寧々らしい発想というか、なんというか"
            ]
        },
        {
            "fileName": "014013_emu02",
            "talks": [
                "ああ。寧々とえむくんは小道具をお願いできるかな？"
            ]
        },
        {
            "fileName": "015001_nene02",
            "talks": [
                "フフ。そうだね。\nだからあそこは寧々がやるのはどうだろう？"
            ]
        },
        {
            "fileName": "015002_nene01",
            "talks": [
                "さあ、差し入れだよ。\n寧々の好きなグレープフルーツジュースだ"
            ]
        },
        {
            "fileName": "015002_nene02",
            "talks": [
                "みんな、寧々に妙案があるみたいだよ",
                "ほら、寧々"
            ]
        },
        {
            "fileName": "015003_nene01",
            "talks": [
                "寧々とえむくんはステージから降りて前から見ていてね"
            ]
        },
        {
            "fileName": "015005_nene01",
            "talks": [
                "そうそう。寧々の見せ場にも\n新しい演出を思いついたんだ",
                "なんだかんだ言いつつ、\n寧々も最近楽しそうにしてるみたいだと思ってね",
                "寧々が返信をこまめにしているのは、\n僕の普段の観察では、えむくんくらいだと思うんだけどねぇ"
            ]
        },
        {
            "fileName": "015006_nene02",
            "talks": [
                "寧々のアイディアのおかげでだいぶまとまったね。\nいや、それにしても……"
            ]
        },
        {
            "fileName": "015008_nene01",
            "talks": [
                "寧々、先に帰っていてくれるかい？"
            ]
        },
        {
            "fileName": "015008_nene02",
            "talks": [
                "えむくんは神高によく来るけれど、\nたぶん、司くんと寧々のクラスしか知らないからね",
                "これは僕らの出番のようだね。\n寧々、ちょっとこっちに",
                "それに寧々の返しは、\n考え得る限りで最善だったと思うよ？"
            ]
        },
        {
            "fileName": "015010_nene02",
            "talks": [
                "寧々のアドリブも、素晴らしかったね"
            ]
        },
        {
            "fileName": "015011_nene02",
            "talks": [
                "おや。寧々も司くんと一緒に燃えてくれるのかい？",
                "寧々……"
            ]
        },
        {
            "fileName": "016002_rui01",
            "talks": [
                "（寧々はもう、自分でステージに立てるようになってきている。\nしかし……）"
            ]
        },
        {
            "fileName": "016002_rui02",
            "talks": [
                "フフフ。見た目は以前と変わらないかもしれないね。\nでも……寧々、ロボの前に立ってごらん",
                "さて、寧々。\nいかがかな？　気に入ってもらえたかい？"
            ]
        },
        {
            "fileName": "016003_rui01",
            "talks": [
                "ハハ、今のは悪気があって言ったわけじゃないんだよ。\n寧々は人見知りだからねえ"
            ]
        },
        {
            "fileName": "016005_rui01",
            "talks": [
                "寧々が心配しているのは、\n僕が気に病んでいるか、ということだろう？",
                "それなら大丈夫。寧々やえむくんのおかげで\n司くんともちゃんと話ができたしね",
                "ああ……。\nいや待ってくれ、寧々",
                "寧々、ありがとう"
            ]
        },
        {
            "fileName": "016006_rui01",
            "talks": [
                "（ただ寧々の歌声も、決して引けを取らないはずだ）",
                "（寧々の自信になるような何かがあれば……）",
                "（いや、寧々自身が感じている\n『何かが足りない』という部分が解決しないことには同じかな）",
                "だから、何か寧々の自信に結びつくようなことを……か",
                "…………！\nそうか、もしかしたら寧々は……！",
                "これだ。寧々がミュージカルショーに出始めた頃の映像——",
                "（だが、次のショーで寧々は主演に選ばれて、\nそこで……）",
                "（いまだにあの時の記憶が\n寧々を縛ってしまっているのかもしれないな）",
                "（だとすれば、\n寧々が思うように歌えない原因はあれしかない）",
                "（僕は、これを寧々に伝えるべきなんだろうか）",
                "（伝えれば、寧々がすべきことは\nはっきりする。だが……）",
                "（明日、僕が気づいたことを寧々達に伝えよう）"
            ]
        },
        {
            "fileName": "016006_rui02",
            "talks": [
                "それに、クリスマスショーでは、\n司くんと寧々というＷ主演といったスタイルも\nできることがわかった"
            ]
        },
        {
            "fileName": "016007_rui01",
            "talks": [
                "けど、そういう寧々も嫌ではないんだろう？"
            ]
        },
        {
            "fileName": "016007_rui02",
            "talks": [
                "たしか一歌くんは、\n寧々に歌いかたを教えてほしいと言っていたんだろう？",
                "さっきの寧々の話だけど、\n僕達でちょっとした援護をするのはどうだろう",
                "例えば、明日寧々と一歌くんが会えるよう、\n練習を休みにする、とかね",
                "そこは寧々に頑張ってもらうしかないね。\nただ、協力することはできると思うよ",
                "フフ、では練習を休みにする件を寧々に伝えて、\n作戦スタートだ",
                "さあ、寧々の頑張りを見届けに行こうか",
                "（お疲れさま、寧々。それと……よかったね）"
            ]
        },
        {
            "fileName": "016008_rui01",
            "talks": [
                "寧々、先に帰っていてくれるかい？",
                "……司くんと寧々とも、\n改めて相談しないといけないな"
            ]
        },
        {
            "fileName": "016009_rui01",
            "talks": [
                "心配してくれてありがとう、寧々"
            ]
        },
        {
            "fileName": "016011_rui02",
            "talks": [
                "それじゃあみんな、また明日。\n寧々、帰ろうか",
                "（いろいろありはしたけれど、\n寧々は昔も今も、自分の夢を大事に持っている）"
            ]
        },
        {
            "fileName": "016012_rui01",
            "talks": [
                "（寧々や司くんの夢だったり、えむくんの\nフェニックスワンダーランドにかける想いだったり、\nいろいろ聞かせてもらっていたから）",
                "どうしたんだい、寧々？"
            ]
        },
        {
            "fileName": "024012_luka01",
            "talks": [
                "寧々はまだ眠そうだね"
            ]
        },
        {
            "fileName": "024012_luka02",
            "talks": [
                "寧々、お見事！",
                "おや、おかしいね。\n僕は寧々を呼んだつもりだったんだけど、\nネネロボが自分だと思って反応してしまったのかな？"
            ]
        },
        {
            "fileName": "026001_kaito02",
            "talks": [
                "そういえば、寧々はこの動画、見たかい？"
            ]
        },
        {
            "fileName": "areatalk02_051",
            "talks": [
                "フフ、では司くんと寧々にも提案してみようか"
            ]
        },
        {
            "fileName": "areatalk02_062",
            "talks": [
                "寧々、ロボットに新機能を追加したよ。\nそこのタグを引っ張ってみてくれるかい？"
            ]
        },
        {
            "fileName": "areatalk02_393",
            "talks": [
                "ではせっかくだ。\n司くんと寧々を迎えに行こうじゃないか"
            ]
        },
        {
            "fileName": "areatalk03_182",
            "talks": [
                "おや？　そこにいるのは司くんと寧々じゃないか。\n特別ゲストの登場だねえ。さあさあ！"
            ]
        },
        {
            "fileName": "areatalk03_185",
            "talks": [
                "フフ、寧々も意外とあまのじゃくだね"
            ]
        },
        {
            "fileName": "areatalk03_212",
            "talks": [
                "まあまあ、寧々。ひとりだけ学校も違うからね。\nこれくらい許してあげようじゃないか"
            ]
        },
        {
            "fileName": "areatalk03_213",
            "talks": [
                "国内で出版されたすべての出版物が保存されているからね。\n寧々が探している本もあるはずだよ"
            ]
        },
        {
            "fileName": "areatalk03_216",
            "talks": [
                "ありがとう、司くん！\nそれで寧々、どうだった？　そのヘッドホンの遮音性は"
            ]
        },
        {
            "fileName": "areatalk03_218",
            "talks": [
                "僕には、寧々がとても楽しそうなことが驚きかな",
                "これは……フフ、寧々の思わぬツボを\n発見してしまったかもしれないね"
            ]
        },
        {
            "fileName": "areatalk03_229",
            "talks": [
                "じゃあ、寧々が来たら\nみんなでフェニックスワンダーランドに向かおうか"
            ]
        },
        {
            "fileName": "areatalk03_231",
            "talks": [
                "寧々の好物なんだよ。\nあの独特の苦みがいいらしいね"
            ]
        },
        {
            "fileName": "areatalk_ev_shuffle_03_030",
            "talks": [
                "寧々なら、家の用事があってまだこちらには来ていないよ"
            ]
        },
        {
            "fileName": "areatalk_ev_shuffle_08_006",
            "talks": [
                "では決まりだね。\n寧々と話して、時間が決まったら知らせるよ"
            ]
        },
        {
            "fileName": "areatalk_ev_wonder_01_007",
            "talks": [
                "ああ、それはネネロボだよ。\n以前は寧々が操作をしていたんだけど……",
                "寧々はもう、\nひとりでステージに立てるようになったからね"
            ]
        },
        {
            "fileName": "areatalk_ev_wonder_03_004",
            "talks": [
                "熱々のあんこで火傷したくないからね。\nちなみに、寧々と司くんはどこから食べるんだい？",
                "（フフ。司くんも寧々も食べかたは逆でも、\nこういうところはちょっと似てきたかな？）"
            ]
        },
        {
            "fileName": "areatalk_ev_wonder_04_003",
            "talks": [
                "ああ。というわけで、えむくんや寧々も誘って、\nみんなで見に行かないかい？",
                "ありがとう。じゃあ、えむくんと寧々にも聞いておくよ"
            ]
        },
        {
            "fileName": "areatalk_ev_wonder_06_001",
            "talks": [
                "フフ。残念ながら違うよ。\n次の休み、寧々やえむくんを連れて\nちょっと出かけないか、というお誘いさ"
            ]
        },
        {
            "fileName": "areatalk_monthly2107_002",
            "talks": [
                "ところで、寧々。今からお昼を食べるなら\n司くんとえむくんを誘ってセカイに行かないかい？",
                "ああ。頼んだよ、寧々"
            ]
        }
    ]
}