{
    "mainStory": 15,
    "eventStory": 11,
    "cardStory": 32,
    "areaTalk": 25,
    "talkPacks": [
        {
            "fileName": "mmj_01_00",
            "talks": [
                "そうそう！\nわたしとミクちゃんも応援するからね！"
            ]
        },
        {
            "fileName": "mmj_01_06",
            "talks": [
                "ミクちゃーん、もうすぐ開演だよー！　……あっ！"
            ]
        },
        {
            "fileName": "mmj_01_07",
            "talks": [
                "えー！　ミクちゃん、教えたら帰っちゃうよ！"
            ]
        },
        {
            "fileName": "mmj_01_16",
            "talks": [
                "うんっ！　フリの確認もバッチリ！\nミクちゃん、今日もいーっぱいライブしようね♪",
                "はいっ！　みのりちゃんの席はここ！\nじゃあ行こう、ミクちゃんっ！"
            ]
        },
        {
            "fileName": "mmj_01_17",
            "talks": [
                "あ、それなら、そのままここで練習すればいいんじゃない？\nねっ、ミクちゃん！"
            ]
        },
        {
            "fileName": "mmj_01_20",
            "talks": [
                "ミクちゃーん、そろそろライブの時間だよ！",
                "ありがとう、ミクちゃん！"
            ]
        },
        {
            "fileName": "vsmmj_01_01",
            "talks": [
                "もうすぐライブの開演時間だね、ミクちゃん",
                "わかった！　わたしは上手から下手に行かないとだから、\nミクちゃんより早めに動くようにするね",
                "（移動しないといけないんだった〜〜〜〜！？\nどうしよう、このままじゃミクちゃんとのダンスが……）",
                "え、ミクちゃん！？\nどうしてわたしのほうに来て……？",
                "う、うん……！\nごめんね、ミクちゃん。ありがとう……！"
            ]
        },
        {
            "fileName": "vsmmj_01_02",
            "talks": [
                "ミクちゃん……。\nそうだね！　そのためにもいっぱい応援しよう！"
            ]
        },
        {
            "fileName": "vsmmj_01_03",
            "talks": [
                "ミクちゃん……"
            ]
        },
        {
            "fileName": "event_05_06",
            "talks": [
                "だって、わたしやミクちゃんは事務所に入ってないけど、\n毎日楽しくライブできてるよ？"
            ]
        },
        {
            "fileName": "event_09_07",
            "talks": [
                "じゃあさ、ミクとメイコでペア組んで、わたし達と対戦してよ！"
            ]
        },
        {
            "fileName": "event_11_02",
            "talks": [
                "そうだよねー。ミクちゃんはどう思う？"
            ]
        },
        {
            "fileName": "event_17_05",
            "talks": [
                "あのね、ミクちゃんもルカちゃんも、\nすっごく踊れて歌えて、全然ミスもしないの！",
                "……んー、あ！\nわたし、ミクちゃんやルカちゃんより、たくさん手を振れるよ！\nそうすると、みんなすっごく喜んでくれるの！"
            ]
        },
        {
            "fileName": "event_19_05",
            "talks": [
                "まふゆは、ミクのそばで黙ってることが多いし、\n瑞希はわたしにリボンつけて遊んだりいっつもうるさいから\nタイプは全然違うけどね"
            ]
        },
        {
            "fileName": "event_27_02",
            "talks": [
                "あたし、鏡音リンだよ♪\nこれからミクぴょん達と一緒に\nバンドやることになったんだ！",
                "あっ、それかも～！\nあたしもミクぴょんやルカ姉達みたいに、\nいっちー達の力になりたいもん！"
            ]
        },
        {
            "fileName": "event_35_07",
            "talks": [
                "『本当は、ミクに様子見に行けばって言ったんだけど』",
                "『ミク、まふゆが体調悪いなら休ませたいし、\n歌詞作りをがんばってるなら邪魔したくないって……』"
            ]
        },
        {
            "fileName": "event_38_02",
            "talks": [
                "わーい☆\nミク、楽しみだね～♪"
            ]
        },
        {
            "fileName": "002013_saki01",
            "talks": [
                "『声をかけるか迷ったんだけど……。\nでもミクぴょん達は\n集中させてあげようって言ってて……』",
                "『それにもし遅くなりそうになったら、\nミクぴょんが、声をかけに行くと思うしね♪』"
            ]
        },
        {
            "fileName": "007010_airi02",
            "talks": [
                "セカイには、まだセカイになってない、\n誰かの想いが欠片になって現れることがあるんだって。\nミクちゃんから聞いたことあるよ！"
            ]
        },
        {
            "fileName": "021008_miku01",
            "talks": [
                "ミクちゃん？\n嬉しそうにしてるけど、どうしたの？",
                "ミクちゃんにぴったりだよ！\n早く着てみて着てみて！"
            ]
        },
        {
            "fileName": "021015_miku02",
            "talks": [
                "ミクぴょんってもしかして、シート敷く天才だったりする？",
                "どしたの？　ミクぴょん"
            ]
        },
        {
            "fileName": "022001_rin01",
            "talks": [
                "わたしも、ミクと一緒にせいいっぱい歌うね！\n楽しんでもらえたら、嬉しいな"
            ]
        },
        {
            "fileName": "022002_rin01",
            "talks": [
                "うん、そうなんだ。今度のライブ、\nミクちゃんとシンクロして踊るところがあるんだけど、\nどーしてもうまくいかなくて……"
            ]
        },
        {
            "fileName": "022004_rin01",
            "talks": [
                "レ……じゃなくて、ミクは最近どうしてるの？"
            ]
        },
        {
            "fileName": "022005_rin01",
            "talks": [
                "そっか……！　ミクちゃん、\nわたし、愛莉ちゃんに会ってくる！",
                "うん♪　ミクちゃんにもよろしくって言ってたよ",
                "うん♪　ミクちゃんが言ったとおりだった！"
            ]
        },
        {
            "fileName": "022007_rin01",
            "talks": [
                "……ミク？",
                "あ、ミク。今の……",
                "ミク、奏っていう子達に会わせて。\nまず、その子達に会わないといけない気がするから"
            ]
        },
        {
            "fileName": "022007_rin02",
            "talks": [
                "ミク、いつもどうやって時間潰してたんだろ",
                "……ふーん。ミクの心配をしてくれてたんだ？"
            ]
        },
        {
            "fileName": "022008_rin01",
            "talks": [
                "ミク、カイト、ありがとう……！"
            ]
        },
        {
            "fileName": "022009_rin01",
            "talks": [
                "あ、でも……ミクぴょん達って先生じゃないんだよね？\n他に、先生っぽい人もいなそうだしー",
                "（ミクぴょんと……あっ、\nもしかして、想いの持ち主の子達！？）",
                "うひゃぁっ！？\nミ、ミミミっ、ミクぴょん！？"
            ]
        },
        {
            "fileName": "022011_rin01",
            "talks": [
                "はぁ……。\nミク、何してるかな",
                "ミク、いつも同じ場所にいるね。\nまふゆが、いつセカイに来てもいいように？",
                "ふーん。\n……ミクは、それでいいの？"
            ]
        },
        {
            "fileName": "022011_rin02",
            "talks": [
                "……ミク",
                "『ミク、歌わない？』"
            ]
        },
        {
            "fileName": "023006_len01",
            "talks": [
                "うん！　ときどきミクが手伝ってる理由、\nなんとなくわかったかも"
            ]
        },
        {
            "fileName": "023006_len02",
            "talks": [
                "ねえ、レン。ミクはカップをどうするんだろうね"
            ]
        },
        {
            "fileName": "023010_len01",
            "talks": [
                "わたしだって、ミクちゃん達みたいに\nアイドルとしてキラキラってしたい！"
            ]
        },
        {
            "fileName": "024011_luka01",
            "talks": [
                "……でも、ミクを抜いたら\nわたしが一番ここに長くいるし、\n案内してあげなくもないよ"
            ]
        },
        {
            "fileName": "025008_meiko01",
            "talks": [
                "え？　えっと……ミクと会って、話して……。\nあ……奏達とも会って、話した"
            ]
        },
        {
            "fileName": "areatalk01_085",
            "talks": [
                "ねえねえ、ミクちゃん、いるー？\nちょっとダンス、見てほしいなぁー！"
            ]
        },
        {
            "fileName": "areatalk02_283",
            "talks": [
                "うーん、遥ちゃんのダンスいいなぁって思って。\nミクちゃんと同じくらいキレがあって、かわいさもあって。\n……盗みたい！"
            ]
        },
        {
            "fileName": "areatalk02_356",
            "talks": [
                "ねえねえ、ミクちゃん！\nこれだけステージがあるんだし、あっちとこっちで\nライブを同時開催っ！なんてどう？"
            ]
        },
        {
            "fileName": "areatalk02_407",
            "talks": [
                "ミク、メイコのお店のお手伝いって、面白い？"
            ]
        },
        {
            "fileName": "areatalk02_408",
            "talks": [
                "ミク！　わたしね、メイコのお店のお手伝いしたの！"
            ]
        },
        {
            "fileName": "areatalk02_410",
            "talks": [
                "うん！　だって、絶対に間違えないでしょ？\nちょっと待つことになっても、\nメイコやミクがいるからつまらなくないし"
            ]
        },
        {
            "fileName": "areatalk02_412",
            "talks": [
                "あ……メイコやミクやレンに、\nこはねちゃん達にも会えるからかな？"
            ]
        },
        {
            "fileName": "areatalk03_070",
            "talks": [
                "へぇ、その練習メニュー、ちょっと興味あるかも！\nねえねえ、ミクちゃん！"
            ]
        },
        {
            "fileName": "areatalk03_086",
            "talks": [
                "うーん。これはわたしとミクちゃんも\nバスケを始めたほうがいいのかな"
            ]
        },
        {
            "fileName": "areatalk03_101",
            "talks": [
                "わあっ！　ミクちゃん、それは言わないでー！"
            ]
        },
        {
            "fileName": "areatalk03_103",
            "talks": [
                "ミクちゃんと一緒じゃないっていうのは、\nちょっとドキドキだけどね"
            ]
        },
        {
            "fileName": "areatalk03_120",
            "talks": [
                "うん……！　わたし、ミクちゃんと一緒に\nこれからもみんなのこと応援してるからね！"
            ]
        },
        {
            "fileName": "areatalk_ev_band_04_007",
            "talks": [
                "ミクぴょん、一緒にセッションしよ～っ♪",
                "あ、そういうことかぁ！　じゃあ早く慣れてもらえるように、\nたくさんミクぴょんって呼ぶね♪　ミクぴょん♪"
            ]
        },
        {
            "fileName": "areatalk_ev_band_05_007",
            "talks": [
                "ミクぴょん、カイト兄！　３人で“音遊びリレー”しよっ☆",
                "ミクぴょん、サイコー！\nあははっ！　どんな感じになるか、楽しみっ☆"
            ]
        },
        {
            "fileName": "areatalk_ev_idol_03_007",
            "talks": [
                "ミクちゃん、ルカちゃん、わたしがお届けものですって言ったら、\n『なんですか？』って聞いて！"
            ]
        },
        {
            "fileName": "areatalk_ev_night_02_002",
            "talks": [
                "ここ、本当にミク以外誰もいないし、何もない……"
            ]
        },
        {
            "fileName": "areatalk_ev_night_02_010",
            "talks": [
                "（そうやってみんなが気にかけてたなら、\nミク、そんなに寂しくなかったんじゃないかな）"
            ]
        },
        {
            "fileName": "areatalk_ev_night_02_012",
            "talks": [
                "……ミク、どうしたの？　なんだか、嬉しそうだけど"
            ]
        },
        {
            "fileName": "areatalk_ev_shuffle_03_023",
            "talks": [
                "歌もダンスも、ミクと一緒にたっくさん練習したし！\nセリフもバッチリ♪"
            ]
        },
        {
            "fileName": "areatalk_ev_shuffle_03_032",
            "talks": [
                "わぁ……！　空中であんなにくるくるできるなんて、\nミク、すごーい！",
                "いいなぁ。ミク、リンもやりたーい！\nくるくるシュタ！ってやりたーい！"
            ]
        },
        {
            "fileName": "areatalk_ev_shuffle_03_037",
            "talks": [
                "ねえねえ、レンはアクロバットの練習しないの？\nミクがよくやってるくるくる回るやつ！"
            ]
        },
        {
            "fileName": "areatalk_ev_street_02_005",
            "talks": [
                "その人ってミクとメイコだったら、\nどっちに似てるの？"
            ]
        }
    ]
}