{
    "mainStory": 8,
    "eventStory": 9,
    "cardStory": 8,
    "areaTalk": 2,
    "talkPacks": [
        {
            "fileName": "street_01_04",
            "talks": [
                "……白石か。\nあいつはたしかに、できる",
                "こんにちは白石さん。\n今日もお邪魔するね",
                "白石さんともこの店とも、中学の頃からの付き合いだね",
                "そういえば白石さん、いい加減、仲間は見つかった？",
                "……白石さんがそう言うってことは、かなり歌えるのかな。\n小豆沢さん、今までどこでやってたの？"
            ]
        },
        {
            "fileName": "street_01_05",
            "talks": [
                "……もしかすると、白石も同じじゃないかと思ってたんだ。\nあいつも、あれを目の前で見たって言ってたからな"
            ]
        },
        {
            "fileName": "street_01_10",
            "talks": [
                "少なくとも、お前はそう思わなかっただろ、白石。\nあそこで食い下がったのは、お前に覚悟があったからだ"
            ]
        },
        {
            "fileName": "street_01_12",
            "talks": [
                "あのチビ、急にあんな大口たたきやがって……。\nどうせ白石にたきつけられただけだろ"
            ]
        },
        {
            "fileName": "event_21_01",
            "talks": [
                "（杏も、組んだ当初はノリで突っ走ってミスることもあったが、\nチームで歌うコツを掴んでからは、それもなくなってきた）"
            ]
        },
        {
            "fileName": "event_21_05",
            "talks": [
                "明日からの練習メニューも考えねえとな。\n杏とこはねにも連絡して……",
                "つーかお前、杏達からお前が平謝りしてきたってのは聞いたが、\nオレ達のところには謝りに来てねえよな？"
            ]
        },
        {
            "fileName": "event_21_06",
            "talks": [
                "（ようやく肩を並べられるようになって、\n杏やこはねと組んで歌うようになって——少しずつ\nあの夜に近づけるようになったんじゃねえかって思ってた）"
            ]
        },
        {
            "fileName": "event_24_07",
            "talks": [
                "ん？　その声は……杏か。\nお前には関係ねえだろ。\n今くっちゃべってる時間は………………"
            ]
        },
        {
            "fileName": "event_28_08",
            "talks": [
                "（……杏、呑まれるな！　次はお前だぞ！）"
            ]
        },
        {
            "fileName": "event_37_02",
            "talks": [
                "……なあ、杏"
            ]
        },
        {
            "fileName": "event_37_06",
            "talks": [
                "ああ、白石さん。お邪魔してるよ",
                "謙さんの娘さんだよ。\n白石杏さん"
            ]
        },
        {
            "fileName": "009005_kohane02",
            "talks": [
                "……ったく、遅えな杏のヤツ。\nどこまで探しに行ってんだ？",
                "そんなことよりも、杏のヤツ遅えし、\nオレ達も中に入っちまおうぜ"
            ]
        },
        {
            "fileName": "010007_an02",
            "talks": [
                "じゃ、杏の提案も含めて、最初の話に戻るか"
            ]
        },
        {
            "fileName": "011002_akito01",
            "talks": [
                "それに……最近は、こはねや杏も\n一緒にステージに立つ機会が増えたからな"
            ]
        },
        {
            "fileName": "011005_akito01",
            "talks": [
                "特に杏は、あの『RAD WEEKEND』を見てる。\nだから、仲間の……相棒の重要さをわかってる"
            ]
        },
        {
            "fileName": "011010_akito01",
            "talks": [
                "謙さん、杏は？"
            ]
        },
        {
            "fileName": "022010_rin01",
            "talks": [
                "じゃあ、冬弥や杏とか、こはねのスマホにも行けるのか？",
                "クラス違うからな。\n杏は多分、クラスのヤツと昼食べるだろうし、\n冬弥は今日図書委員だから、多分話せないぞ"
            ]
        },
        {
            "fileName": "areatalk02_225",
            "talks": [
                "杏が薦める曲だけじゃ、あいつの好みで偏るだろ。\nジャンル的に、有名どころはおさえておけよ"
            ]
        },
        {
            "fileName": "areatalk03_122",
            "talks": [
                "謙さんの店で練習してんのか！？\n杏のヤツ、娘だからって贅沢な使い方しやがって……！"
            ]
        }
    ]
}