{
    "mainStory": 0,
    "eventStory": 1,
    "cardStory": 2,
    "areaTalk": 0,
    "talkPacks": [
        {
            "fileName": "event_26_02",
            "talks": [
                "……さっきの言葉は、奏の曲を大きく変えるかもしれない。\n下手をしたらもっと迷走する可能性もあるわ"
            ]
        },
        {
            "fileName": "025008_meiko01",
            "talks": [
                "そのきっかけになったり、影響を与えているのがあの３人。\n奏と絵名と、瑞希……"
            ]
        },
        {
            "fileName": "025008_meiko02",
            "talks": [
                "……奏のために行ったんだったわね。\nそれで、曲は作れたの？"
            ]
        }
    ]
}