{
    "mainStory": 0,
    "eventStory": 3,
    "cardStory": 6,
    "areaTalk": 9,
    "talkPacks": [
        {
            "fileName": "event_10_02",
            "talks": [
                "一歌に、咲希に、志歩に……それから穂波だよね。\n仲良くしようね"
            ]
        },
        {
            "fileName": "event_18_06",
            "talks": [
                "もしかして、一歌との『秘密の特訓』の成果？",
                "あはは、咲希が話してたからね。\n一歌がみんなに内緒でミクと秘密の特訓してるらしい、って"
            ]
        },
        {
            "fileName": "001007_ichika01",
            "talks": [
                "特に一歌は演奏もだけど、\n歌もかなり上達したんじゃない？"
            ]
        },
        {
            "fileName": "003010_honami01",
            "talks": [
                "あれ、一歌に穂波？\n今日はずいぶん早いのね",
                "なるほど。それで一歌も志歩が気になってたんだね"
            ]
        },
        {
            "fileName": "025009_meiko01",
            "talks": [
                "一歌じゃない。どうしたの？\n今日はひとり？"
            ]
        },
        {
            "fileName": "025009_meiko02",
            "talks": [
                "でも、その練習の成果は、\n一歌達に見せられなかったね"
            ]
        },
        {
            "fileName": "026011_kaito01",
            "talks": [
                "そろそろちゃんと、\n一歌達に紹介しないとって思って"
            ]
        },
        {
            "fileName": "areatalk_ev_band_02_004",
            "talks": [
                "一歌がしてるバイト……ファーストフード店、だっけ？\n一歌は何をする人なの？"
            ]
        },
        {
            "fileName": "areatalk_ev_band_02_005",
            "talks": [
                "ねえ、一歌達の周りでは、今どんな歌が流行ってるの？",
                "へえ、好きなジャンルを一途に追いかけてるんだ。\nなんだか一歌らしいね"
            ]
        },
        {
            "fileName": "areatalk_ev_band_02_007",
            "talks": [
                "そういえば、一歌と穂波のことはあだ名で呼ぶけど、\n志歩のことはあだ名で呼ばないんだね"
            ]
        },
        {
            "fileName": "areatalk_ev_band_02_011",
            "talks": [
                "この黄色い子が、咲希フェニー。それから、\n赤っぽい子が穂波フェニーで、青が一歌フェニーだよね"
            ]
        },
        {
            "fileName": "areatalk_ev_band_02_012",
            "talks": [
                "なるほど。このセカイでは一歌達はミクやルカの後輩なんだ"
            ]
        },
        {
            "fileName": "areatalk_ev_shuffle_06_007",
            "talks": [
                "私も！　……あ、そうだ。私達がCDを選ぶから、\n一歌は何番目の曲を聴くか言うっていうのはどう？"
            ]
        },
        {
            "fileName": "areatalk_ev_shuffle_06_008",
            "talks": [
                "一歌、さっき弾いたパート、いい感じだったよ！"
            ]
        },
        {
            "fileName": "areatalk_ev_shuffle_06_010",
            "talks": [
                "いいけど……。あ、さては今のうちに練習して、\n一歌達に自慢するんでしょ"
            ]
        }
    ]
}