{
    "mainStory": 0,
    "eventStory": 6,
    "cardStory": 18,
    "areaTalk": 5,
    "talkPacks": [
        {
            "fileName": "event_16_02",
            "talks": [
                "ねえねえ、ルカはどんなパーティーに……",
                "あ！　ルカ、また寝ちゃってる！？"
            ]
        },
        {
            "fileName": "event_17_05",
            "talks": [
                "あのね、ミクちゃんもルカちゃんも、\nすっごく踊れて歌えて、全然ミスもしないの！",
                "……んー、あ！\nわたし、ミクちゃんやルカちゃんより、たくさん手を振れるよ！\nそうすると、みんなすっごく喜んでくれるの！"
            ]
        },
        {
            "fileName": "event_27_02",
            "talks": [
                "あっ、それかも～！\nあたしもミクぴょんやルカ姉達みたいに、\nいっちー達の力になりたいもん！"
            ]
        },
        {
            "fileName": "event_32_02",
            "talks": [
                "あ、あのね、ルカ！\nリン達も人魚のショーやろうよ☆\nきっと楽しいと思うんだ～"
            ]
        },
        {
            "fileName": "021015_miku02",
            "talks": [
                "めーこ姉、ルカ姉！\nもう、遅いよ～！"
            ]
        },
        {
            "fileName": "022008_rin02",
            "talks": [
                "あはは♪　ルカは今日もぐっすりだねっ☆\nでも……つまんないなぁ",
                "ルカも楽しかったって！",
                "ありがと……って、ルカ！\nいつの間に起きたの！？"
            ]
        },
        {
            "fileName": "022009_rin01",
            "talks": [
                "（あっ、ルカ姉とめーこ姉がいる！　あとは～……）"
            ]
        },
        {
            "fileName": "023010_len02",
            "talks": [
                "あっ、ルカちゃんとめーちゃんも来た！",
                "あっ！　でもルカちゃん達は、一緒に踊れないんだ……"
            ]
        },
        {
            "fileName": "024007_luka01",
            "talks": [
                "あ、えっと……。\nさっきの雫ちゃんとルカちゃんの話、聞こえちゃって",
                "そっか……。\nなんとなく、ルカちゃんが言いたいことわかったかも！"
            ]
        },
        {
            "fileName": "024008_luka01",
            "talks": [
                "わあ！　ほんとにルカが来てくれてる！"
            ]
        },
        {
            "fileName": "024008_luka02",
            "talks": [
                "あっ！　ルカ、寝ちゃったの～！？"
            ]
        },
        {
            "fileName": "024009_luka01",
            "talks": [
                "ルカちゃん？",
                "ルカちゃん！　わたし達も一緒にやっていい？"
            ]
        },
        {
            "fileName": "024009_luka02",
            "talks": [
                "ルカちゃんのおサカナさんダンスが、\nきっときいてるんだよ"
            ]
        },
        {
            "fileName": "024010_luka01",
            "talks": [
                "『そういえば、ルカちゃん。\n愛莉ちゃん達のほうにはまだ行かなくて大丈夫？』"
            ]
        },
        {
            "fileName": "024010_luka02",
            "talks": [
                "そっか！　でも練習終わったのに、\n雫ちゃんとルカちゃんは何をしてるの？",
                "ええっ！？　ルカちゃん、雫ちゃん、\nちゃんと順番覚えてる！？"
            ]
        },
        {
            "fileName": "024011_luka01",
            "talks": [
                "……！　ルカも来たんだ"
            ]
        },
        {
            "fileName": "areatalk_ev_idol_02_014",
            "talks": [
                "うん、せっかくルカちゃんが来てくれたから、\nちょっと大人っぽい曲がいいかなって思ったんだけど"
            ]
        },
        {
            "fileName": "areatalk_ev_idol_02_015",
            "talks": [
                "ルカちゃん、聞いて！　次のライブなんだけど、\nわたしソロでやろうと思うんだ♪",
                "そうだったの！？　ど、どうしよう……。\nごめんね、ルカちゃん！　わたしそうだって知らなくて……！"
            ]
        },
        {
            "fileName": "areatalk_ev_idol_03_007",
            "talks": [
                "ミクちゃん、ルカちゃん、わたしがお届けものですって言ったら、\n『なんですか？』って聞いて！"
            ]
        },
        {
            "fileName": "areatalk_ev_night_04_012",
            "talks": [
                "ま、また、き？\n……ルカ、わざとやってるでしょ"
            ]
        }
    ]
}