{
    "mainStory": 27,
    "eventStory": 11,
    "cardStory": 38,
    "areaTalk": 5,
    "talkPacks": [
        {
            "fileName": "leo_01_03",
            "talks": [
                "ほら、小学生の時だよ。いっちゃんがミクちゃんの歌好きだから、\nみんなで演奏してみよーってなった時あったでしょ？",
                "それよりさ、いっちゃんって今もミクちゃんの歌よく聴いてるの？"
            ]
        },
        {
            "fileName": "leo_01_04",
            "talks": [
                "ミクちゃん？\nじゃあ誰かが、ミクちゃんの歌を流してるのかな？",
                "ミ……ミクちゃん！？",
                "それに――ミクちゃんが歌ってた曲だし！",
                "ほら、ミクちゃんも聴いてみたいって言ってくれてるよ？"
            ]
        },
        {
            "fileName": "leo_01_05",
            "talks": [
                "ミクちゃんは、大切な曲だってわかったって言ってくれたでしょ？\nだから、ふたりも本当は、弾いてて楽しかったんじゃないかなって\n思って……！"
            ]
        },
        {
            "fileName": "leo_01_06",
            "talks": [
                "あ。そういえばミクちゃんは、\nアタシ達に同じ想いがあるって言ってたけど……"
            ]
        },
        {
            "fileName": "leo_01_07",
            "talks": [
                "ミクちゃんも『また来てよ』って言ってくれてたし、\nきっと大丈夫だよ！",
                "バンドやることになったのもミクちゃんのおかげだし、\nちゃんとお礼言わなくっちゃね♪",
                "ミクちゃん！　昨日はありがとう！\nミクちゃんのおかげですっごく楽しかったよ！",
                "でね。今日はミクちゃんに伝えたいことがあって来たの！",
                "ミクちゃんだけじゃなくて、\nバーチャル・シンガーのルカさんもいたの？"
            ]
        },
        {
            "fileName": "leo_01_09",
            "talks": [
                "うん。アタシ達、バンドやるの！\nしかもセカイにいたミクちゃん達が、\n練習手伝ってくれるんだよ！"
            ]
        },
        {
            "fileName": "leo_01_10",
            "talks": [
                "ミクちゃん！　ルカさん！　お邪魔します！\nアタシ達しほちゃんとバンドを組むために、\nこの曲マスターしたいんです！"
            ]
        },
        {
            "fileName": "leo_01_13",
            "talks": [
                "うん！　ミクちゃんとルカさんが色々教えてくれたんだよ！",
                "……さて！　アタシ達はアタシ達で、練習しなきゃね！\nミクちゃん達のところ、行こう！"
            ]
        },
        {
            "fileName": "vsleo_01_03",
            "talks": [
                "あっ、ご、ごめんねミクちゃん！\nちょっとぼーっとしちゃって……",
                "ごめん。ミクちゃんもがっかりしたよね。\nアタシ、『絶対にあきらめない』って言ったのに……",
                "ミクちゃん……",
                "あ、な、なんでもないよ！\nミクちゃんと話すのに夢中だったから、びっくりしただけ！",
                "ううん、大丈夫です！\nそれにミクちゃんが、先輩みたいにアドバイスしてくれたし！",
                "ええ～！　ミクちゃんが？",
                "あはは、ミクちゃんの意外な一面が見られちゃったねー♪"
            ]
        },
        {
            "fileName": "vsleo_01_04",
            "talks": [
                "ミクちゃん！　ルカさん！\n練習しに来たよー！",
                "あ、そうだ！　聞いてミクちゃん、ルカさん！\n今ね、演奏するだけじゃなくて、\n自分でも曲を作ろうって思ってるんだ！",
                "だって、いっちゃんの書く歌詞とってもいいんだもん！\nミクちゃん達にも見てほしくって！"
            ]
        },
        {
            "fileName": "event_01_01",
            "talks": [
                "ミクちゃん、ルカさん！\n今日もよろしくお願いしま～すっ♪",
                "それより、早くスタジオ練習の成果、\nミクちゃん達に聴いてもらおうよ！"
            ]
        },
        {
            "fileName": "event_01_08",
            "talks": [
                "一緒にプラネタリウムごっこして、\nミクちゃん達ともバンドできて"
            ]
        },
        {
            "fileName": "event_10_01",
            "talks": [
                "おーい！　ミクちゃーん！　ルカさーん！"
            ]
        },
        {
            "fileName": "event_10_02",
            "talks": [
                "ミクちゃん、ルカさん！\nどこ行ってたの？"
            ]
        },
        {
            "fileName": "event_18_02",
            "talks": [
                "うん！\nいっちゃん、ミクちゃん、お疲れさまー！"
            ]
        },
        {
            "fileName": "event_18_04",
            "talks": [
                "もしかして、ミクちゃんと一緒に練習してたとか？\nどんなことしてたの！？"
            ]
        },
        {
            "fileName": "event_18_07",
            "talks": [
                "ミクちゃん！　ルカさん！　お邪魔します！\nアタシ達しほちゃんとバンドを組むために、\nこの曲マスターしたいんです！"
            ]
        },
        {
            "fileName": "event_27_02",
            "talks": [
                "ミクちゃん、ルカさんこんにちはーっ♪",
                "だから、ミクちゃん達もビシバシ鍛えてほしいんだ。\nこれからもよろしくね！"
            ]
        },
        {
            "fileName": "event_27_03",
            "talks": [
                "せっかくだし、ミクちゃん達にも聴いてもらいたかったけど……"
            ]
        },
        {
            "fileName": "001001_ichika02",
            "talks": [
                "じゃあやっぱり、ミクちゃんが歌ってる曲？",
                "あのね、はるかちゃんがミクちゃんに興味があるんだって！",
                "うーん……わかんないんだけど、何か悩んでる感じで……。\n声をかけたら、ミクちゃんの話になってね",
                "だからミクちゃんのこと教えてあげたら、\nはるかちゃんの悩みもなんとかできるかな、って",
                "うん。あと、ちょっとだけ気になったんだけど……。\nはるかちゃん、ミクちゃんに会ったって言いかけてなかった？",
                "もしかしてアタシ達みたいに\nミクちゃんに会った……とか？"
            ]
        },
        {
            "fileName": "001003_ichika01",
            "talks": [
                "あ……いっちゃん、見て！　ミクちゃんだよ！",
                "……こうやって、こっちの世界でミクちゃんを見てるとさ",
                "そうそう！　おまけに、ミクちゃんとルカさんがいて、\nしかもバンドやってるし！"
            ]
        },
        {
            "fileName": "001003_ichika02",
            "talks": [
                "いっちゃん、ミクちゃん、そろそろ練習の準備始めるよ～"
            ]
        },
        {
            "fileName": "001004_ichika02",
            "talks": [
                "どうだった？\nミクちゃん達、怪しんでなかった？",
                "ねえ、ミクちゃん達に聴いてもらって\nアドバイスもらわない？"
            ]
        },
        {
            "fileName": "001005_ichika01",
            "talks": [
                "ミクちゃんとルカさんも、喜んでくれるかも！"
            ]
        },
        {
            "fileName": "002012_saki02",
            "talks": [
                "えっ！？　なんでミクちゃん達がここに！？"
            ]
        },
        {
            "fileName": "002013_saki01",
            "talks": [
                "よかったぁ。さすがミクちゃん！"
            ]
        },
        {
            "fileName": "003005_honami02",
            "talks": [
                "わ……ミクちゃんもルカさんも笑ってる。\nプラネタリウムごっこ、楽しんでくれたんだね"
            ]
        },
        {
            "fileName": "004005_shiho01",
            "talks": [
                "ミクちゃん、ルカさん、こんにちはー！\nあっ、しほちゃん？",
                "じゃあ、いいよ。ルカさんとミクちゃんに聞いちゃうから"
            ]
        },
        {
            "fileName": "004010_shiho01",
            "talks": [
                "うん！　あの時のいっちゃん、\nちょうどミクちゃんにハマりたてだったでしょ？",
                "鼻歌でミクちゃんの曲を歌いながら、\nモミジを並べてたよ！"
            ]
        },
        {
            "fileName": "021001_miku01",
            "talks": [
                "いっちゃん、それ、ミクちゃんのライブ？",
                "すごいよね……本当にミクちゃんが\nステージの上に立ってるみたい",
                "あ……そういえば、ミクちゃんの髪の色って緑なのかな？\nそれとも、青なのかな？",
                "あ、じゃあもしかして、\n会場でミクちゃんを見たら、また見え方変わるのかな？",
                "だよね！　いいなぁ、いつかみんなで\nミクちゃんに会いに行きたい！"
            ]
        },
        {
            "fileName": "021002_miku01",
            "talks": [
                "ミクちゃんとルカさんと一緒に！？　\nアタシ達そんなに上達してないのに……いいんですか？",
                "……あ、そういえば、普段はルカさんが\nミクちゃんに教えることが多いんだっけ？",
                "なるほど。つまり、ミクちゃんに誘われてバンドを始めた\nアタシ達はふたりの後輩なんだから……",
                "ミクちゃん達を呼ぶとき、ちゃんと『先輩』って\nつけるのがいいんじゃないかな？",
                "ミク先輩、ルカ先輩！\n今日のセッション、よろしくお願いします！",
                "なるほど。じゃあ……あ！\nミクちゃん先輩、とか",
                "うーん。やっぱり、\nミクちゃん、ルカさん、かなぁ"
            ]
        },
        {
            "fileName": "021013_miku01",
            "talks": [
                "布ちょっと持ってきてるから、\nよかったらミクちゃん達も作ってみる？"
            ]
        },
        {
            "fileName": "022009_rin02",
            "talks": [
                "あっ！　リンちゃん、発見♪\nミクちゃんの言ったとおりだったなぁ"
            ]
        },
        {
            "fileName": "024002_luka01",
            "talks": [
                "ほら、前にミクちゃんがルカさんのこと\n『先輩みたいな人』って言ってたでしょ？",
                "だからかな、ルカさんがミクちゃんと話してると、\n部活してるみたいな気分になるし"
            ]
        },
        {
            "fileName": "024005_luka01",
            "talks": [
                "ですよね！\nミクちゃんにも見せてあげてください",
                "アタシ、ルカさんやミクちゃんみたいな先輩がいてくれて、\nすーっごく心強いです！"
            ]
        },
        {
            "fileName": "areatalk03_009",
            "talks": [
                "えー！　そういうしほちゃんだって、\nミクちゃんやルカさんとセッションしてる時、\n表情キラキラしてたよ。ね、いっちゃん！"
            ]
        },
        {
            "fileName": "areatalk03_011",
            "talks": [
                "それで、ミクちゃんすごいんだよって\nすっかりはまったいっちゃんから\nアタシは教えてもらったんです",
                "あ、じゃあミクちゃんにも聞いてもらっちゃおう！\nおーい、ミクちゃーん！"
            ]
        },
        {
            "fileName": "areatalk03_037",
            "talks": [
                "あ、わかっちゃった？\nミクちゃんに校舎の外走れないか聞いてみようかなぁ"
            ]
        },
        {
            "fileName": "areatalk03_319",
            "talks": [
                "ミク友？　\nあ、そっか、ふたりともミクちゃんが好きだったね！"
            ]
        }
    ]
}