{
    "mainStory": 0,
    "eventStory": 1,
    "cardStory": 16,
    "areaTalk": 5,
    "talkPacks": [
        {
            "fileName": "event_12_08",
            "talks": [
                "……冬弥くんは大丈夫かしら"
            ]
        },
        {
            "fileName": "011006_akito02",
            "talks": [
                "あら、彰人くんに冬弥くん。\nいらっしゃい"
            ]
        },
        {
            "fileName": "011009_akito02",
            "talks": [
                "ふふっ。冬弥くんはそうでしょうね"
            ]
        },
        {
            "fileName": "012007_touya01",
            "talks": [
                "私も、冬弥くんのお父さんの印象がだいぶ変わったわ",
                "冬弥くんから話を聞いた時は、\nきっと厳しい人なんだろうなって思ってたけど、\nすごく表情豊かな演奏だったからびっくりしたわ",
                "……でも、今の冬弥くんは\nすごく晴れやかな顔をしてるわね",
                "ねえ、冬弥くん。よかったらこのCD、\n少しのあいだ借りてもいいかしら？\nいい機会だし、ゆっくり聴いてみたくて"
            ]
        },
        {
            "fileName": "021004_miku02",
            "talks": [
                "あら、いらっしゃい。\n冬弥くんも来てくれたのね"
            ]
        },
        {
            "fileName": "021017_miku01",
            "talks": [
                "私とか、お父さんとか、彰人くんに冬弥くん、\n相談できる人には話を聞いたって感じだったし"
            ]
        },
        {
            "fileName": "025002_meiko01",
            "talks": [
                "いらっしゃい、彰人くん、冬弥くん。\nレンはまだ来てないわね",
                "……ふふ。\nありがとう、冬弥くん。マスター冥利につきる一言だわ"
            ]
        },
        {
            "fileName": "025005_meiko01",
            "talks": [
                "（それに、こはねちゃん達には\n彰人くんや冬弥くんっていう仲間もいるし。\nきっと４人で、まだまだ成長していけるはず……）"
            ]
        },
        {
            "fileName": "025011_meiko01",
            "talks": [
                "（杏ちゃんや彰人くんや冬弥くんもいるから、\n大丈夫だと思うけど……）",
                "あとは、きっと杏ちゃんや、\n彰人くんや冬弥くんが頑張ってくれるわ"
            ]
        },
        {
            "fileName": "026008_kaito01",
            "talks": [
                "最近だと、冬弥くんも結構味わかってくれるのよね～"
            ]
        },
        {
            "fileName": "026008_kaito02",
            "talks": [
                "ごめんね、冬弥くん。それにみんなも。\nこれからチームの話しあいだったりする？",
                "じゃあ悪いんだけど、\n冬弥くんをちょっと借りてもいいかしら？\nカイトにつきあってあげてほしくて"
            ]
        },
        {
            "fileName": "areatalk02_307",
            "talks": [
                "冬弥くん、いつものブラックでいい？"
            ]
        },
        {
            "fileName": "areatalk02_368",
            "talks": [
                "冬弥くんはコーヒーの好みいろいろ教えてくれるけど、\n彰人くんには好みとか、こだわりとかないの？"
            ]
        },
        {
            "fileName": "areatalk02_369",
            "talks": [
                "あら？　冬弥くん、なんだか疲れてない？",
                "でも……わかってもらえるといいわね。\n冬弥くんが本当にやりたいこと"
            ]
        },
        {
            "fileName": "areatalk03_135",
            "talks": [
                "はい、冬弥くんのブラックと、\nこはねちゃんのカフェラテ。お待ちどうさま"
            ]
        }
    ]
}