{
    "mainStory": 0,
    "eventStory": 2,
    "cardStory": 1,
    "areaTalk": 1,
    "talkPacks": [
        {
            "fileName": "event_29_05",
            "talks": [
                "桃井さん？　なんでここに……",
                "冬弥、姉貴の友達の桃井さんと日野森さんだ"
            ]
        },
        {
            "fileName": "020011_mizuki02",
            "talks": [
                "だから桃井さんとか、お前やサークルの仲間の人とか、\nいてくれてマジで助かってる"
            ]
        },
        {
            "fileName": "areatalk_ev_shuffle_09_002",
            "talks": [
                "ありがとうございます。桃井さんのほうも……、\n今は新しいグループで活躍されてるみたいっすね"
            ]
        }
    ]
}