{
    "mainStory": 0,
    "eventStory": 0,
    "cardStory": 4,
    "areaTalk": 3,
    "talkPacks": [
        {
            "fileName": "006011_haruka01",
            "talks": [
                "あら、今ちょうどレンくんが\nライブについての相談をしてくるって、\n愛莉ちゃんのところに出かけたところなんだけど……"
            ]
        },
        {
            "fileName": "023010_len02",
            "talks": [
                "それで、レンくんのほうは、\nお客さんも一緒に楽しめるような企画もあって、\nライブそのものがファンサービスになってるっていう感じかしら"
            ]
        },
        {
            "fileName": "024008_luka01",
            "talks": [
                "もしかして、ミクとレン……？",
                "ふふっ。と～っても楽しそう。\nよろしくねぇ、ミク、レン"
            ]
        },
        {
            "fileName": "areatalk_ev_shuffle_05_004",
            "talks": [
                "あ……。\nふふっ、どこかでリンとレンが遊んでるのかしら。\nとっても楽しそうねぇ"
            ]
        },
        {
            "fileName": "areatalk_ev_shuffle_05_007",
            "talks": [
                "レンとリンが教えてくれたの。\nどう？　上手にできたかしらー？"
            ]
        },
        {
            "fileName": "areatalk_ev_wonder_05_006",
            "talks": [
                "うふふっ。実は、リンとレンが、\n座長になってやりたいショーがあるんですって～"
            ]
        }
    ]
}