{
    "mainStory": 0,
    "eventStory": 0,
    "cardStory": 2,
    "areaTalk": 1,
    "talkPacks": [
        {
            "fileName": "016007_rui02",
            "talks": [
                "まさか、僕達が誘導するよりも先に、\n連絡先の交換をリンくんが提案してくれるとはね"
            ]
        },
        {
            "fileName": "022012_rin01",
            "talks": [
                "素敵な申し出をありがとう、リンくん、レンくん。\nあのショーを、そんなに気に入ってもらえたなんて嬉しいよ"
            ]
        },
        {
            "fileName": "areatalk_ev_wonder_06_005",
            "talks": [
                "やあ、ミクくん、リンくん。\n実は、このセカイにいるぬいぐるみ達が\nどうやって動いているのか気になっていてね"
            ]
        }
    ]
}