{
    "mainStory": 8,
    "eventStory": 10,
    "cardStory": 11,
    "areaTalk": 12,
    "talkPacks": [
        {
            "fileName": "nightcode_01_06",
            "talks": [
                "え？　ミクって、あの？　いやでも待って。\n言われてみれば、見た目はそれっぽいけど……ほんとに？\nだとしたらすごくない！？",
                "へえ～。\nじゃあもしかして、ボク達をここに呼んだのもミクってこと？"
            ]
        },
        {
            "fileName": "nightcode_01_07",
            "talks": [
                "え……き、消えた！？\nミクが触ったら……"
            ]
        },
        {
            "fileName": "nightcode_01_08",
            "talks": [
                "『うん。それになんだったんだろう、あのセカイって場所。\nミクは変なこと言うし、雪も……』"
            ]
        },
        {
            "fileName": "nightcode_01_15",
            "talks": [
                "『……そっか。\nミクと話したんだね』"
            ]
        },
        {
            "fileName": "nightcode_01_19",
            "talks": [
                "もしかして、これがミクが言ってた……？"
            ]
        },
        {
            "fileName": "vsnightcode_01_04",
            "talks": [
                "やっほー、ミク。\n元気？",
                "ふふ、楽しくていいよねー！\nね、ミク？"
            ]
        },
        {
            "fileName": "event_09_03",
            "talks": [
                "『そう！　それなら外に出なくても集まれるし、\nミクと一緒にカウントダウンパーティーできるじゃん♪』",
                "やっほー、ミク！",
                "そう！　ねえミク、\n一緒にカウントダウンパーティーしない？",
                "ミクも、準備できてるー？"
            ]
        },
        {
            "fileName": "event_14_05",
            "talks": [
                "——あ、いた！　ミク！",
                "ミク？",
                "え……！\nセカイにいるのって、ミクだけじゃなかったんだ！？"
            ]
        },
        {
            "fileName": "event_14_07",
            "talks": [
                "『うわっ、びっくりした～！\nミクじゃん、どうしたの！？』"
            ]
        },
        {
            "fileName": "event_26_01",
            "talks": [
                "うわ、反応冷たっ！\n今朝戦隊ものの番組やってたから\nミクにも見せてあげたかったんだよ～"
            ]
        },
        {
            "fileName": "event_29_06",
            "talks": [
                "楽しかった～！\nミク達とも、こうやって遊びたいなー"
            ]
        },
        {
            "fileName": "019006_ena01",
            "talks": [
                "『外に出なくても集まれるし、\nミクと一緒にカウントダウンパーティーできるじゃん♪』"
            ]
        },
        {
            "fileName": "019006_ena02",
            "talks": [
                "さあ？　あ。この白のワンピース、ボクよりミクに合いそうだなぁ",
                "うん。初売りの戦利品の中に、\nミクに似合いそうな服があったから、\n着てみてもらおうと思って！"
            ]
        },
        {
            "fileName": "020012_mizuki02",
            "talks": [
                "あ、ミク……",
                "……ミクって、まふゆがセカイに来ると、\nだいたいこうやって隣にいるよね",
                "あのさ、ミク。\nこのこと、奏達には言わないでくれるかな",
                "ありがとう、ミク"
            ]
        },
        {
            "fileName": "021006_miku02",
            "talks": [
                "あのね、ミク。\n全然大した用事じゃないんだけどさ",
                "うん。昨日、あれからミクどうしてるかなーって話してたら、\nまふゆが会いに行ってみたらって",
                "ミク、ボク達ね、\nあれから結構顔合わせるようになったんだよ"
            ]
        },
        {
            "fileName": "021007_miku02",
            "talks": [
                "さて！　ミクに無事新曲も披露したし、そろそろ帰ろっか"
            ]
        },
        {
            "fileName": "areatalk02_271",
            "talks": [
                "ミクは想いのセカイっていうけどさ。奏も絵名もまふゆも、\nここがなんなのか全然気にならないの？"
            ]
        },
        {
            "fileName": "areatalk02_319",
            "talks": [
                "やっほー、ミク！　会いに来たよ♪\n寂しかった？"
            ]
        },
        {
            "fileName": "areatalk02_386",
            "talks": [
                "ミク、遊びに来たよ",
                "そっか。あはは、ボク達の中で一番大人なのは、\nミクかもしれないねー"
            ]
        },
        {
            "fileName": "areatalk03_267",
            "talks": [
                "本当だよ、ミク。\nボクはいつだって、一生懸命だからね"
            ]
        },
        {
            "fileName": "areatalk03_281",
            "talks": [
                "ミクの服、いいよね。\n個性的だし"
            ]
        },
        {
            "fileName": "areatalk03_296",
            "talks": [
                "あ、ごめんねミク。\nここはそういうことのためにあるんじゃないのに",
                "そっか……。ありがとう、ミク"
            ]
        },
        {
            "fileName": "areatalk03_297",
            "talks": [
                "はぁ……しんど……。\nごめんミク、ちょっとここで休憩していい？",
                "うん、ありがと！　完成したら、ミクにも見せに来るね"
            ]
        },
        {
            "fileName": "areatalk03_299",
            "talks": [
                "（ひとりになりに、じゃなくて……。\nミクに会いに、か）"
            ]
        },
        {
            "fileName": "areatalk_ev_night_02_010",
            "talks": [
                "ボク達たまにしかここに来られないから、\nその間ミクひとりぼっちだったけど。\nもうその心配いらないでしょ？"
            ]
        }
    ]
}