{
    "mainStory": 0,
    "eventStory": 7,
    "cardStory": 35,
    "areaTalk": 2,
    "talkPacks": [
        {
            "fileName": "event_02_02",
            "talks": [
                "今日は望月さんが掃除に来る日か",
                "いらっしゃい、望月さん",
                "……そろそろ望月さんの仕事が終わる時間だ",
                "……いつも思うけど、望月さんはすごいね",
                "でもどう助ければいいのかわからない時、\n望月さんならどうする？",
                "……ううん。ありがとう、望月さん。ためになったよ。\nもっとたくさん知ってみようと思う"
            ]
        },
        {
            "fileName": "event_35_05",
            "talks": [
                "そうだ。食べ物。\n風邪を引いた時は、りんごとか消化にいいものを\n食べるといいって、望月さんが言ってた"
            ]
        },
        {
            "fileName": "003012_honami02",
            "talks": [
                "いらっしゃい、望月さん。\n今日もよろしく",
                "たしか、望月さんも一緒にバンドしてるんだっけ？\n花とか調べるの、練習の邪魔になったりしてないかな",
                "でもどう助ければいいのかわからない時、\n望月さんならどうする？",
                "実際わたしは、\n望月さんの優しさにとても助けてもらってる"
            ]
        },
        {
            "fileName": "003013_honami02",
            "talks": [
                "こんにちは、望月さん。\n今日もいつもどおりよろしく",
                "……望月さん、ひょっとして何かいいことがあった？",
                "お誕生日おめでとう、望月さん",
                "『約束の花、望月さんの誕生花の\nチョコレートコスモスっていう花にするね。\nチョコの香りがするみたいだから、試しに嗅いでみて』"
            ]
        },
        {
            "fileName": "017003_kanade01",
            "talks": [
                "（望月さん、優しい笑い方だけど……。\n目がなんだか寂しそうで……お父さんに似てる）",
                "（もしかすると、望月さんも、\n何か抱えてるのかな）",
                "望月さんは……",
                "ありがとう、望月さん。\n紅茶、美味しかった"
            ]
        },
        {
            "fileName": "017005_kanade01",
            "talks": [
                "望月さんがチケットをくれたおかげだよ。\n……ありがとう",
                "望月さんがチケットをくれたのって、\n話すきっかけを作れるようにするためだったのかなって",
                "……そっか。\nありがとう、望月さん"
            ]
        },
        {
            "fileName": "017008_kanade01",
            "talks": [
                "いつもありがとう、望月さん",
                "（望月さん、すごく優しい人だと思ってたけど、\n犬とか植物とか、人間以外にも優しいんだな）",
                "気にしないで。わたしは話すのうまくないし、\n望月さんの話、聞いてて楽しいから",
                "ねえ、望月さん。\nその桜、無事に咲いたらまた見せてもらってもいいかな",
                "……望月さん。この桜、借りてもいいかな。\n実は、見せてあげたい人がいて……",
                "望月さん……。\nでも、なんでそこまで……",
                "ありがとう、望月さん。\n大切に、飾らせてもらうね"
            ]
        },
        {
            "fileName": "017008_kanade02",
            "talks": [
                "あ……望月さん。\nこのあいだは桜、ありがとう"
            ]
        },
        {
            "fileName": "017009_kanade01",
            "talks": [
                "（そうだ、今日は望月さんが来る日だった！）",
                "も、望月さん、ちょっと待って！",
                "望月さん……",
                "今日はありがとう、望月さん"
            ]
        },
        {
            "fileName": "017009_kanade02",
            "talks": [
                "（そういえば望月さんも\nフィルターの掃除をしないとって言ってたっけ……）"
            ]
        },
        {
            "fileName": "017010_kanade01",
            "talks": [
                "ほったらかしにしてたカップ麺でも、\nこんなに美味しいそば飯にアレンジできるなんて、\n望月さん、やっぱりすごいね",
                "望月さん。その、入院してた幼馴染みの子、今は……"
            ]
        },
        {
            "fileName": "017010_kanade02",
            "talks": [
                "うちに来てくれる人が、\n望月さんでよかったな"
            ]
        },
        {
            "fileName": "017011_kanade02",
            "talks": [
                "あ、望月さん……",
                "ええと……望月さん、いつもどうやって\nお茶をいれてくれてたっけ",
                "あ。たしかに望月さんも急須は持ってなかったかも"
            ]
        },
        {
            "fileName": "018002_mafuyu02",
            "talks": [
                "え？　望月さんが、まふゆと同じ学校……？\nどうしてそう思うの？"
            ]
        },
        {
            "fileName": "areatalk_ev_night_01_001",
            "talks": [
                "望月さんも、どこかに出かけるところ？",
                "うん。話は一度、聞かせてもらった気がする。\n望月さんがどんな演奏をするのか、\nちょっと聴いてみたいな"
            ]
        }
    ]
}