{
    "mainStory": 0,
    "eventStory": 3,
    "cardStory": 4,
    "areaTalk": 1,
    "talkPacks": [
        {
            "fileName": "event_07_03",
            "talks": [
                "……暁山、だったか。\n誰かとまわりたいなら、一緒に来るか？"
            ]
        },
        {
            "fileName": "event_07_04",
            "talks": [
                "え？\nだが、暁山にそこまでしてもらうのは……"
            ]
        },
        {
            "fileName": "event_07_08",
            "talks": [
                "暁山。見つかってよかった"
            ]
        },
        {
            "fileName": "020009_mizuki02",
            "talks": [
                "暁山も購買に行くのか？"
            ]
        },
        {
            "fileName": "020011_mizuki01",
            "talks": [
                "ん、暁山？",
                "……暁山？",
                "いや、何というわけじゃないんだが……。\n暁山の好きなことはなんだろう、と思ってな"
            ]
        },
        {
            "fileName": "areatalk_ev_shuffle_02_003",
            "talks": [
                "ん、暁山か。最近よく会うな"
            ]
        }
    ]
}