{
    "mainStory": 0,
    "eventStory": 1,
    "cardStory": 3,
    "areaTalk": 1,
    "talkPacks": [
        {
            "fileName": "event_07_03",
            "talks": [
                "つーか、その先輩ってどうせあいつだろ？　\nお前が前に紹介した、司センパイ"
            ]
        },
        {
            "fileName": "011003_akito02",
            "talks": [
                "あーなるほど、そんなことがあったんすね。\nところで、司センパイ"
            ]
        },
        {
            "fileName": "012008_touya02",
            "talks": [
                "……で、司センパイと街で何してたんだ？"
            ]
        },
        {
            "fileName": "013006_tsukasa02",
            "talks": [
                "子供……？　昔からの知りあいってのは聞きましたけど、\n司センパイ、そんな前から劇やってたんすか？"
            ]
        },
        {
            "fileName": "areatalk02_066",
            "talks": [
                "（巻き込まれる前に逃げねぇと！\n司センパイみたいな扱いはごめんだからな）"
            ]
        }
    ]
}