{
    "mainStory": 17,
    "eventStory": 24,
    "cardStory": 37,
    "areaTalk": 15,
    "talkPacks": [
        {
            "fileName": "leo_01_07",
            "talks": [
                "バンドメンバーはこれで全員？\nミクからは、４人で演奏してくれたって聞いていたけど"
            ]
        },
        {
            "fileName": "leo_01_10",
            "talks": [
                "フフ。やる気いっぱいね。ミク"
            ]
        },
        {
            "fileName": "leo_01_20",
            "talks": [
                "そうね。とてもいい歌だったわ。\nそれに、ミクもとても嬉しそう",
                "あ……。\n見て、ミク。空が……"
            ]
        },
        {
            "fileName": "vsleo_01_01",
            "talks": [
                "ミク、音が走っているわ。\nもっと体でリズムをとってみて",
                "ミク？",
                "ねえ、ミク。何か悩んでることがあったら\nいつでも言って頂戴ね",
                "私はいつでも、ミクの力になりたいわ"
            ]
        },
        {
            "fileName": "vsleo_01_02",
            "talks": [
                "お疲れさま、ミク",
                "ミクの先輩デビューを邪魔したくなかったから、\n今日は見守るだけにしようと思って",
                "ごめんなさい。かわいくって、つい。\nでも、みんなとミクの演奏を聴けて良かったわ",
                "ごめんなさい、ミク。\n頑張ってるミクは、とっても素敵よ",
                "それじゃあ今日もしっかり練習しましょうね、ミク"
            ]
        },
        {
            "fileName": "vsleo_01_03",
            "talks": [
                "……ええ。そうなのよ。\nみんなの頼れる先輩になるためにはどうしたらいいんだろうって、\nミクはあれこれ考えてたの",
                "先輩らしい話し方を考えたり。ね？　ミク"
            ]
        },
        {
            "fileName": "vsleo_01_04",
            "talks": [
                "ずいぶん嬉しそうね、ミク",
                "ええ。\nそれに、ミクもね"
            ]
        },
        {
            "fileName": "event_01_08",
            "talks": [
                "ふふ、ミクの場所もあるわよ。\n隣にどうぞ",
                "ところでミク。咲希がひとりでここに来た時、\nミクも屋上に来てたんじゃない？",
                "咲希が話しやすいよう、見守っていてくれてありがとう。ミク"
            ]
        },
        {
            "fileName": "event_09_10",
            "talks": [
                "ミク、私達も思い出作りに、お泊り会する？",
                "『あら、ミクだってそうじゃない』"
            ]
        },
        {
            "fileName": "event_09_11",
            "talks": [
                "『ふふ。ミク、大吉を引く気まんまんね』",
                "『ミク、大吉が出ても、運を使い切ることにはならないから\n大丈夫よ』",
                "『ミクの言うとおりよ。それに、ほら\n“努力すれば報われる”ってちゃんと書いてあるもの』",
                "『嬉しそうね、ミク』"
            ]
        },
        {
            "fileName": "event_10_06",
            "talks": [
                "ミクも昨日、穂波になんて言おうって、\nうんうん考えてたから"
            ]
        },
        {
            "fileName": "event_11_02",
            "talks": [
                "これからミクちゃんやリンちゃんと一緒に、\n素敵なステージを作っていこうと思うわ",
                "ええ、ミクちゃんとリンちゃんから\nいろいろ話を聞いていたの"
            ]
        },
        {
            "fileName": "event_11_05",
            "talks": [
                "ミクちゃんもリンちゃんも練習しているところだから、\n今は私しかいないしね",
                "雫ちゃんに、私の秘密を教えるわ。\nミクちゃん達には内緒にしてね？"
            ]
        },
        {
            "fileName": "event_16_06",
            "talks": [
                "わたしなら、どんなに素敵なパーティーでも、\nミク達がいないと楽しめないと思うの",
                "でも、ミク達がいるなら、\nただ一緒に歌うだけでも、楽しい気持ちになるわ～♪"
            ]
        },
        {
            "fileName": "event_17_07",
            "talks": [
                "ミクちゃん、いいかしら？"
            ]
        },
        {
            "fileName": "event_18_06",
            "talks": [
                "そうなのね。\n……ふふ。ミク、本当に一歌達の先輩らしくなってきたわね",
                "ミク、誰かみたいになんて思わなくていいのよ",
                "誰かにとってはメイコが、また別の誰かにとっては私が、\nそしてきっと、一歌にとってはミクが理想の先輩なんだと思うわ",
                "先輩らしさに正解なんてないの。\nミクはミクらしく、先輩になっていけばいいのよ",
                "先輩らしくなったわね、ミク",
                "ふふ、ミクに用事があるみたいね"
            ]
        },
        {
            "fileName": "event_26_01",
            "talks": [
                "あなた達のことはミク達から聞いているわ。\nよろしくね"
            ]
        },
        {
            "fileName": "001004_ichika02",
            "talks": [
                "ふふ、じゃあまたたくさん来て練習していってね？\nみんなが来なくて、ミクも寂しそうだったから"
            ]
        },
        {
            "fileName": "004005_shiho01",
            "talks": [
                "だからその分、私やミクに対しては\n注意しきれていなかったんじゃないかしら"
            ]
        },
        {
            "fileName": "021002_miku01",
            "talks": [
                "ミク、調子はどう？",
                "ええ。それに、ちょうどセッションをしようって\nミクと話していたところなの",
                "ミクはちゃんと自分のギターを確かめた？"
            ]
        },
        {
            "fileName": "021013_miku01",
            "talks": [
                "ふふ。素敵なお誘いをもらったから、\nミクにも教えてあげようと思って",
                "あら。もしかしてミクはもう桜を見たの？",
                "あら。このツインテールのてるてる坊主は\nなんだかミクに似てるわね"
            ]
        },
        {
            "fileName": "021013_miku02",
            "talks": [
                "ミク、大丈夫！？　ケガは！？",
                "ミク、大丈夫？"
            ]
        },
        {
            "fileName": "021015_miku01",
            "talks": [
                "ふふ、いいのよ。\n一歌達がいなくて、ミクも寂しそうだったし",
                "ふふっ。ミク、志歩のことずっと心配していたものね"
            ]
        },
        {
            "fileName": "021015_miku02",
            "talks": [
                "ふふ。ミクも、ある意味うさぎの仲間だものね？"
            ]
        },
        {
            "fileName": "023010_len02",
            "talks": [
                "あら、リンちゃんとミクちゃんも\nやっぱり今日のライブに招待されてたのね♪"
            ]
        },
        {
            "fileName": "024002_luka01",
            "talks": [
                "でも、ミクと一緒に練習していると、\nミクが私のことを慕ってくれているってよく感じるわ"
            ]
        },
        {
            "fileName": "024003_luka01",
            "talks": [
                "ミク。練習は終わったの？",
                "……ミクは、私が必要？",
                "どうなの？　ミク",
                "ふふ。ありがとう、ミク"
            ]
        },
        {
            "fileName": "024005_luka01",
            "talks": [
                "私もミクも、もうそれで十分なの",
                "私でよければ、いつでも相談にのるわ。\nもちろん、ミクもね",
                "ええ。ところでミク、\n咲希が話しやすいようにって、また気を遣ってくれたのね",
                "あら、そうだったのね。でも、咲希はミクみたいな先輩が\nいてくれて、心強いって——",
                "（ふふ、ミクったら咲希の話、ちゃんと聞いてたのね）",
                "ふふ、なんでもないわよ。ミク"
            ]
        },
        {
            "fileName": "024005_luka02",
            "talks": [
                "頑張ってるわね、ミク",
                "ふふ。ミク、気合入ってるわね",
                "でも、ミクはもう十分、素敵な先輩だと思うわよ？"
            ]
        },
        {
            "fileName": "024006_luka02",
            "talks": [
                "ミク、いる？"
            ]
        },
        {
            "fileName": "024008_luka01",
            "talks": [
                "もしかして、ミクとレン……？",
                "ふふっ。と～っても楽しそう。\nよろしくねぇ、ミク、レン"
            ]
        },
        {
            "fileName": "024010_luka02",
            "talks": [
                "ミクちゃん、愛莉ちゃん、\n衣装のリボン、私達に結ばせてくれないかしら？"
            ]
        },
        {
            "fileName": "024011_luka01",
            "talks": [
                "ミクはどこかしら"
            ]
        },
        {
            "fileName": "024011_luka02",
            "talks": [
                "こんにちは、まふゆ、ミク",
                "（前にミクが、メイコは何かを探すように歩き回っている——\nと言っていたけれど……）",
                "ミクも、止めないでいてくれてありがとう"
            ]
        },
        {
            "fileName": "025009_meiko02",
            "talks": [
                "ごめんね、ミク。セッションに誘おうと思って\n声をかけに行った時にたまたま見かけちゃったの"
            ]
        },
        {
            "fileName": "areatalk01_083",
            "talks": [
                "最高の音でミクにもみんなにもひいてほしいものね"
            ]
        },
        {
            "fileName": "areatalk02_321",
            "talks": [
                "ねえ、ミク。屋上には行ってみた？"
            ]
        },
        {
            "fileName": "areatalk03_011",
            "talks": [
                "一歌と咲希は、何がきっかけでミクや私を知ったの？",
                "ふふ、でもミクもそういう話、\n聞きたがると思うわよ"
            ]
        },
        {
            "fileName": "areatalk03_030",
            "talks": [
                "ふふ、たしかにそうね。\nミクもいつも……あら、噂をすれば……"
            ]
        },
        {
            "fileName": "areatalk03_041",
            "talks": [
                "あら。ミクはそういうドラムパッド\n見たことなかったかしら？"
            ]
        },
        {
            "fileName": "areatalk03_060",
            "talks": [
                "今度、その時の様子を聞かせてね。\nミクも、普段のみんなの様子を\n気にしてるみたいだったから"
            ]
        },
        {
            "fileName": "areatalk_ev_band_02_014",
            "talks": [
                "じゃあ、ミクも呼んで一緒に行きましょうか"
            ]
        },
        {
            "fileName": "areatalk_ev_idol_02_001",
            "talks": [
                "今日はミクちゃん達とも相談して、\nいつもと違ったサプライズな登場をするつもりだけど……"
            ]
        },
        {
            "fileName": "areatalk_ev_idol_02_003",
            "talks": [
                "せっかくミクちゃんやリンちゃんとライブをするんだもの、\n３人で楽しくお話したいわ",
                "あ、そうだ。３人でセトリを考えた時の話はどうかしら？\nふふ、ミクちゃんとリンちゃんに相談しに行かなくちゃ♪"
            ]
        },
        {
            "fileName": "areatalk_ev_idol_02_009",
            "talks": [
                "そういうことね。でも結局、ミクちゃんやリンちゃんと\n３人で歌うことが多いんだけどね♪"
            ]
        },
        {
            "fileName": "areatalk_ev_idol_02_013",
            "talks": [
                "ミクちゃんとリンちゃんは、普段どうやって練習してるの？"
            ]
        },
        {
            "fileName": "areatalk_ev_shuffle_05_010",
            "talks": [
                "あらあら、ずいぶん遠くまで飛んでいったわねえ。\nそれに、ミクったら、上手に着地してるわ〜"
            ]
        },
        {
            "fileName": "areatalk_ev_shuffle_06_010",
            "talks": [
                "ふふ、メイコにも困ったものね。\nあんまりミクをいじめちゃダメよ？"
            ]
        }
    ]
}