{
    "mainStory": 0,
    "eventStory": 1,
    "cardStory": 4,
    "areaTalk": 2,
    "talkPacks": [
        {
            "fileName": "event_37_05",
            "talks": [
                "リンに、こはねとじゃなくて、\n自分と歌いたいって思わせてやる……ってことか？"
            ]
        },
        {
            "fileName": "011009_akito02",
            "talks": [
                "今日はリンも一緒なのか",
                "ほらよ。\n冬弥、リン、ちょっと離れてたほうがいいぞ"
            ]
        },
        {
            "fileName": "022010_rin02",
            "talks": [
                "じゃ、そろそろ中に入るか。\nリン、レン、しばらく隠れてろよ"
            ]
        },
        {
            "fileName": "023001_len02",
            "talks": [
                "そうだな。それにリンだけじゃなくて、\nレンの方も、けっこう高音域まで出てるよな"
            ]
        },
        {
            "fileName": "areatalk_add_01_004",
            "talks": [
                "まあな。つーか、なんでリンが\nオレのコーヒーの好み知ってんだ？"
            ]
        },
        {
            "fileName": "areatalk_ev_street_02_005",
            "talks": [
                "強いて言うなら、\nリンが一番近いんじゃねえか？"
            ]
        }
    ]
}