{
    "mainStory": 0,
    "eventStory": 20,
    "cardStory": 16,
    "areaTalk": 0,
    "talkPacks": [
        {
            "fileName": "event_01_07",
            "talks": [
                "ふふ。やっぱり司さんは、咲希ちゃんのお兄さんだね",
                "さっきの司さんの感じだと、\n１階にも降りてないみたいだし……"
            ]
        },
        {
            "fileName": "event_13_03",
            "talks": [
                "フェニランでショーをしてたのは知ってたけど、\nまさか司さんと一緒にキャストをやってたなんて……"
            ]
        },
        {
            "fileName": "event_16_04",
            "talks": [
                "……あれ？\nあそこにいるのって、もしかして司さん……？",
                "ふふっ。\nやっぱり司さんは、すごくいいお兄さんだね"
            ]
        },
        {
            "fileName": "event_16_05",
            "talks": [
                "そっか……。\nそれで司さんとケンカしちゃったんだね",
                "司さん、本当に忘れちゃったのかな？",
                "わたしは、そこまで司さんのことを\n知ってるわけじゃないけど……",
                "だって、司さんは咲希ちゃんのこと、\n本当に大事に思ってるでしょ？",
                "きっと大丈夫だよ。\n司さんのことだから、きっと帰って来てくれるよ",
                "（どうすればいいんだろう……。\n司さんのことだから、帰って来てくれるとは思うけど……）"
            ]
        },
        {
            "fileName": "event_16_06",
            "talks": [
                "あ、司さん——",
                "えっと……今朝、司さんとケンカしたことで\n咲希ちゃんがとても落ちこんでいるんです",
                "咲希ちゃん、もう怒ってなんかないですよ。\n司さんに酷いこと言っちゃったってしょげてました",
                "それに今日のパーティーも、司さんが来なかったらどうしようって\n不安に思ってるみたいなんです",
                "あっ、司さん！？\nどこへ行くんですか！？"
            ]
        },
        {
            "fileName": "event_16_08",
            "talks": [
                "ハァ……ハァ……。\nつ、司さん、足速すぎ……です……",
                "う、うん……。\n司さん、すごいスピードで走って行っちゃったから……",
                "でも……あの様子なら、\nもう咲希ちゃんと司さん、仲直りできたみたいだね"
            ]
        },
        {
            "fileName": "event_30_01",
            "talks": [
                "あ……、ひな祭りパーティーの時に会った、\n司さんを慕ってる人だよね。\n友達同士が知りあいだなんて、世間って狭いね"
            ]
        },
        {
            "fileName": "002009_saki02",
            "talks": [
                "たしか、昔咲希ちゃんが入院してる病院に\n司さんが持って来てくれたっていう",
                "司さん、おじゃましてます"
            ]
        },
        {
            "fileName": "003001_honami02",
            "talks": [
                "司くん？　A組の子？"
            ]
        },
        {
            "fileName": "003007_honami01",
            "talks": [
                "ここが、司さんとえむちゃんが言ってた\n笑顔で楽しめるっていうおばけ屋敷？",
                "（外観は、いかにもなおばけ屋敷って感じだけど、\n全然怖くないって司さんも言ってたし、大丈夫……だよね）"
            ]
        },
        {
            "fileName": "003008_honami01",
            "talks": [
                "（まさか、咲希ちゃんと司さんがケンカなんて……）",
                "でも、司さんと連絡が取れないんじゃ何も……",
                "（そうだ。メッセージが返ってこないなら、\n直接、司さんに会いに行けば……！）",
                "（どうしよう、司さんを探したいけど、\nよその学校の生徒が勝手に入ったらダメ、だよね……）",
                "はい！　わたし、司さんに会いたいんです！\nでも、勝手に中には入れないから困ってて……",
                "（よかった……。あとは司さんと話ができれば……）",
                "（委員会を欠席して\n司さんに会いに来てるとは言えないし……）"
            ]
        },
        {
            "fileName": "003008_honami02",
            "talks": [
                "ふふ。ババ抜き、いつも最後は\n一歌ちゃんと咲希ちゃんと司さんの勝負になるのも\nおもしろかったなあ"
            ]
        },
        {
            "fileName": "013008_tsukasa01",
            "talks": [
                "ここが、司さんとえむちゃんが言ってた\n笑顔で楽しめるっていうおばけ屋敷？",
                "だ、大丈夫だよ。子供からお年寄りまで楽しめるって\nさっき司さんも言ってたし"
            ]
        },
        {
            "fileName": "016007_rui01",
            "talks": [
                "ふふ。司さんもえむちゃん達も、\nみんな楽しそうだし、いいんじゃないかな"
            ]
        }
    ]
}