{
    "mainStory": 0,
    "eventStory": 6,
    "cardStory": 8,
    "areaTalk": 0,
    "talkPacks": [
        {
            "fileName": "event_16_04",
            "talks": [
                "冬弥、咲希の幼馴染みの一歌、穂波、志歩だ！"
            ]
        },
        {
            "fileName": "event_16_06",
            "talks": [
                "穂波が、急用……？",
                "ほ、穂波ーーーーっ！！！！\n咲希は、咲希は無事なのかーーーー！？！？",
                "これが落ち着いていられるか！！\n穂波がわざわざここまで来たということは\n咲希に何かあったんだろう！？",
                "行くぞ、穂波ッ！　\n我が最愛の妹のもとへーッ！"
            ]
        },
        {
            "fileName": "event_16_08",
            "talks": [
                "穂波から聞いたぞ！\n咲希がオレとのことで落ちこんでいると！"
            ]
        },
        {
            "fileName": "002003_saki01",
            "talks": [
                "そうか？　まあ、学校生活が順調なのはいいことだ。\n幼馴染みの一歌や穂波、志歩とも会えたんだろう？"
            ]
        },
        {
            "fileName": "002009_saki02",
            "talks": [
                "ん、今日は穂波だけなのか"
            ]
        },
        {
            "fileName": "003007_honami01",
            "talks": [
                "なんでお前らはそんなにのんきなんだ！？\n咲希ー！　穂波ー！　大丈夫かー！？"
            ]
        },
        {
            "fileName": "003008_honami01",
            "talks": [
                "ほ、穂波ーーーーっ！！！！\n咲希は、咲希は無事なのかーーーー！？！？",
                "穂波がわざわざここまで来たということは\n咲希に何かあったんだろう！？"
            ]
        },
        {
            "fileName": "003013_honami02",
            "talks": [
                "『穂波、誕生日おめでとう！\n今日、共に祝ってやれないのは残念だが、\n時間がある時に我が家に寄ってくれ！』"
            ]
        },
        {
            "fileName": "013008_tsukasa01",
            "talks": [
                "（お……咲希は穂波と入るのか）",
                "穂波、咲希のことを頼んだぞ！"
            ]
        }
    ]
}