{
    "mainStory": 0,
    "eventStory": 7,
    "cardStory": 23,
    "areaTalk": 4,
    "talkPacks": [
        {
            "fileName": "event_03_05",
            "talks": [
                "どうしたんだい？　レン、ミク"
            ]
        },
        {
            "fileName": "event_08_07",
            "talks": [
                "ああレン、そのオーナメントをここにつけてくれるかい？\nそれで飾りつけは終わりだよ。足場が悪いから気をつけてね",
                "あ、レン！　危ない！"
            ]
        },
        {
            "fileName": "event_09_08",
            "talks": [
                "ミク、レン、準備はいいかい？"
            ]
        },
        {
            "fileName": "event_09_09",
            "talks": [
                "ミク、レン、メイコ、準備はいいかい？"
            ]
        },
        {
            "fileName": "event_21_01",
            "talks": [
                "いつもはリンもレンも自分のアイスに名前を書いてるから、\nこれはきっとボクのためにメイコが\n用意してくれたんだって思いこんじゃって——",
                "本当にごめん！　代わりに……そうだ！\nレンが前気にしてたサンプラーの使いかたを教えるよ！"
            ]
        },
        {
            "fileName": "013010_tsukasa02",
            "talks": [
                "またいつでもおいで。\nミクやレン達も司くん達に会いたがっていたしね"
            ]
        },
        {
            "fileName": "022008_rin01",
            "talks": [
                "うん、レンの言うとおりだよ",
                "何があったのかわからないけど、\n今レンが言ってたとおり、みんな同じ気持ちだよ"
            ]
        },
        {
            "fileName": "022012_rin02",
            "talks": [
                "リン、レン、木の枝と建物に見立てたセットがあるから、\nまずはそこに登ってくれるかい？"
            ]
        },
        {
            "fileName": "023004_len01",
            "talks": [
                "レン！　ようこそ。歓迎するよ",
                "そんな楽しみにされたら、断るわけにはいかないね。\nじゃあ、レンのためのショーを開幕するとしよう！"
            ]
        },
        {
            "fileName": "023004_len02",
            "talks": [
                "ぬいぐるみ達に\n『レンがショーを作ろうと頑張ってる』って聞いてね。\n様子を見に来たんだ",
                "ああ、レンが一座に加わるときに\n言ったことだね",
                "よかった。\nレンなら気づいてくれると信じていたよ"
            ]
        },
        {
            "fileName": "023009_len01",
            "talks": [
                "やあ。さっきからレンがお待ちかねだよ",
                "だからレンには、もっともっといろいろなことに\n挑戦してみてほしいな",
                "ええー、レンまでそんなこと言うのかい！？"
            ]
        },
        {
            "fileName": "023009_len02",
            "talks": [
                "やあ、レン。絶好調みたいだね",
                "あはは。ダンスはレンが自力で頑張ったことだから、\nボクの手柄では全然ないけど"
            ]
        },
        {
            "fileName": "023011_len02",
            "talks": [
                "やっほー、頑張ってるね。レン！",
                "ボクはもともとレンの師匠だし、これくらいはね"
            ]
        },
        {
            "fileName": "025006_meiko01",
            "talks": [
                "ミク、レン、ちょっといいかな？"
            ]
        },
        {
            "fileName": "026001_kaito02",
            "talks": [
                "わっ……リン、レン！？\nふたりとも、出てくるのもうちょっと後のはずじゃ……",
                "ふぅ……リンとレンがお騒がせしました"
            ]
        },
        {
            "fileName": "026006_kaito02",
            "talks": [
                "おかえり、レン。類くん達と\nずいぶんと盛り上がっていたみたいだね"
            ]
        },
        {
            "fileName": "026007_kaito01",
            "talks": [
                "レンもミクも、お疲れさま"
            ]
        },
        {
            "fileName": "026007_kaito02",
            "talks": [
                "それなら、レンやぬいぐるみくん達にも協力してもらおうか"
            ]
        },
        {
            "fileName": "026009_kaito01",
            "talks": [
                "あ、いたいた。レンとリン達のチームだ"
            ]
        },
        {
            "fileName": "areatalk02_405",
            "talks": [
                "ありがとう、レン。\nじゃあ、さっそく練習してみようか"
            ]
        },
        {
            "fileName": "areatalk02_406",
            "talks": [
                "レン、いくつかショーにも参加してみてもらってるけど、\n実際にやってみてどうだい？"
            ]
        },
        {
            "fileName": "areatalk_ev_street_03_004",
            "talks": [
                "おっと、そろそろリンとレンとの待ちあわせの時間か。\nんー、調子いいしこのまま作業したいけど……"
            ]
        },
        {
            "fileName": "areatalk_ev_street_04_006",
            "talks": [
                "うん、それはボクも考えたんだけど……。\nリンやレンもしてるから、目新しさがないんだよね～"
            ]
        }
    ]
}