{
    "mainStory": 0,
    "eventStory": 3,
    "cardStory": 0,
    "areaTalk": 0,
    "talkPacks": [
        {
            "fileName": "event_36_07",
            "talks": [
                "わー！！　遥ちゃんだー！\n顔ちっちゃ！　めちゃくちゃカワイイー！",
                "それで、こっちが遥ちゃん！\n国民的アイドルだよ！",
                "はー、それにしてもアイドルってすごいカワイイなー！\n遥ちゃんに会えてボク、ドキドキしちゃったよ！"
            ]
        }
    ]
}