{
    "mainStory": 3,
    "eventStory": 3,
    "cardStory": 2,
    "areaTalk": 1,
    "talkPacks": [
        {
            "fileName": "wonder_01_01",
            "talks": [
                "あたし、鳳えむ！\nキラキラ笑顔がい～っぱいのワンダーステージへようこそ！"
            ]
        },
        {
            "fileName": "wonder_01_06",
            "talks": [
                "えへへ！\nあたし、鳳えむ！　よろしくね、類くん♪"
            ]
        },
        {
            "fileName": "wonder_01_07",
            "talks": [
                "あたし、鳳えむ！\nよろしくねロボちゃん♪"
            ]
        },
        {
            "fileName": "event_04_04",
            "talks": [
                "はーい！　鳳えむですっ！"
            ]
        },
        {
            "fileName": "event_30_07",
            "talks": [
                "ふっふっふ、マジシャンえむにおまかせあれ☆"
            ]
        },
        {
            "fileName": "event_36_06",
            "talks": [
                "わんわん、わんだほーい！\n鳳えむだよ！　よろしくね、みのりちゃん！"
            ]
        },
        {
            "fileName": "002012_saki02",
            "talks": [
                "いえ、あたしはえむちゃんではありません！\nさっきあなたに助けてもらった、ナマコですっ☆"
            ]
        },
        {
            "fileName": "003011_honami01",
            "talks": [
                "よーし！　あたし、お肉もらってくるね！\nえむ超特急、はっしーん！！"
            ]
        },
        {
            "fileName": "areatalk_ev_wonder_04_001",
            "talks": [
                "まっかな翼がメーラメラっ☆\nいつでも笑顔をみんなにお届け！\nその名も、フェニックスえむ！"
            ]
        }
    ]
}