{
    "mainStory": 21,
    "eventStory": 4,
    "cardStory": 21,
    "areaTalk": 7,
    "talkPacks": [
        {
            "fileName": "mmj_01_00",
            "talks": [
                "わたしもいるよー！\nセカイへようこそ、みのりちゃん！",
                "そう！　みのりちゃんと、みんなの想いでできたセカイ！",
                "このセカイでね、わたし達はみのりちゃん達に\n本当の想いを見つけてもらいたいんだ！",
                "でもみのりちゃんは、もう本当の想いを\n見つけてるみたいだし……まあいっか！"
            ]
        },
        {
            "fileName": "mmj_01_07",
            "talks": [
                "大丈夫だよ、みのりちゃん！"
            ]
        },
        {
            "fileName": "mmj_01_16",
            "talks": [
                "おーいっ！　みのりちゃーん！\n来てくれたんだね……って",
                "みのりちゃんどうかしたの？\n何か悲しいことでもあったの？",
                "はいっ！　みのりちゃんの席はここ！\nじゃあ行こう、ミクちゃんっ！",
                "みんなー！　こんにちはー！\n今日はお友達のみのりちゃんが見に来てくれてるんだ！",
                "みのりちゃん、ただいま！\nライブどうだった？",
                "みのりちゃん……",
                "大丈夫！　みのりちゃんは遥ちゃんがだーい好きでしょ？\nだからきっとできるよ！"
            ]
        },
        {
            "fileName": "mmj_01_17",
            "talks": [
                "ん〜、みのりちゃん達どうしてるかなー。\n……もう、わたしから会いに行っちゃおうかな！？"
            ]
        },
        {
            "fileName": "mmj_01_18",
            "talks": [
                "ほら、みのりちゃんの手をとってあげて！\nきっと大丈夫！\nわたしたちも、遥ちゃんがステージに上がるのを手伝うから！　"
            ]
        },
        {
            "fileName": "vsmmj_01_02",
            "talks": [
                "そうだね。特にみのりちゃんは——",
                "……そうだ！　みのりちゃん達に元気を出してもらうために、\n新しいパフォーマンスを考えるのはどうかな？",
                "よーし、みのりちゃん達に\n元気を出してもらえるようにがんばるぞー！"
            ]
        },
        {
            "fileName": "vsmmj_01_03",
            "talks": [
                "ふふ、やっぱり前を向いてがんばってる姿のほうが、\nみのりちゃんらしいね！",
                "うん、そうだね！　みのりちゃんなら大丈夫！",
                "みのりちゃん達って……",
                "そしたら、次にみのりちゃん達がセカイに来てくれた時、\nライブのこといろいろ確認しないとだね"
            ]
        },
        {
            "fileName": "event_17_07",
            "talks": [
                "みのりちゃん……！",
                "がんばってみのりちゃん！\nわたしも、わたしの全力のライブ、がんばるよっ！"
            ]
        },
        {
            "fileName": "event_31_02",
            "talks": [
                "あ！　みのりちゃーん！\nいらっしゃーい！"
            ]
        },
        {
            "fileName": "event_36_02",
            "talks": [
                "がんばってね、みのりちゃん！"
            ]
        },
        {
            "fileName": "005011_minori02",
            "talks": [
                "ねえ、みのりちゃん。\n今回のダンスはソロパートがあるって聞いたよ！",
                "……みのりちゃん"
            ]
        },
        {
            "fileName": "021003_miku02",
            "talks": [
                "今日はね、わたし達のお友達も来てくれてるんだよ！\nみのりちゃんと遥ちゃん！"
            ]
        },
        {
            "fileName": "021008_miku01",
            "talks": [
                "みのりちゃん、すごくがんばってるよね。\n本当に上手になったし"
            ]
        },
        {
            "fileName": "021008_miku02",
            "talks": [
                "あっ、みのりちゃん！",
                "また来てね、みのりちゃん！"
            ]
        },
        {
            "fileName": "022002_rin01",
            "talks": [
                "わわっ！？\nみのりちゃんに、雫ちゃん？",
                "わたし、みのりちゃんの元気いっぱいな表情も、\n雫ちゃんの雰囲気ある表情も、もっと見たいもん！"
            ]
        },
        {
            "fileName": "022002_rin02",
            "talks": [
                "えへへ、みのりちゃんも雫ちゃんも\nいっぱい喜んでくれて良かったー",
                "ふっふっふっ♪　リンちゃんにはお見通しだよ！　\nふたりは、みのりちゃん達が気になってついてきたの？",
                "みのりちゃん達、『足を引っ張りたくない』\n『早く追いつきたい』って言ってたもん！",
                "でも、みのりちゃん達も、そう思ってるんじゃないかな？"
            ]
        },
        {
            "fileName": "022003_rin02",
            "talks": [
                "みのりちゃん、雫ちゃん！\n調子はどう？",
                "あ！　みのりちゃん、今、できてたんじゃない！？",
                "ほら、このセカイは、みのりちゃん達の想いがあったから\n生まれた場所でしょ？"
            ]
        },
        {
            "fileName": "022005_rin02",
            "talks": [
                "……と、遥ちゃん、みのりちゃん、雫ちゃんまで！？",
                "うんっ！　応援してくれるみのりちゃん達の\nためにも、全力で楽しもうね、愛莉ちゃん！"
            ]
        },
        {
            "fileName": "023010_len01",
            "talks": [
                "わたしだって、もっとちゃんと\nみのりちゃん達の力になれるようになりたい！"
            ]
        },
        {
            "fileName": "024007_luka02",
            "talks": [
                "わぁ！　みのりちゃんも来てくれたんだね！"
            ]
        },
        {
            "fileName": "024009_luka01",
            "talks": [
                "わわっ！　みのりちゃん、大丈夫！？"
            ]
        },
        {
            "fileName": "024009_luka02",
            "talks": [
                "うん！　本当に必死にがんばってたもんね、みのりちゃん"
            ]
        },
        {
            "fileName": "areatalk02_281",
            "talks": [
                "みのりちゃん、何描いてるの？"
            ]
        },
        {
            "fileName": "areatalk02_354",
            "talks": [
                "普段は愛莉ちゃんがみのりちゃんにビシバシしてるのに？\nねえねえ、もっとその話聞かせて！"
            ]
        },
        {
            "fileName": "areatalk03_071",
            "talks": [
                "みのりちゃん何してるのー？"
            ]
        },
        {
            "fileName": "areatalk03_085",
            "talks": [
                "みのりちゃんの憧れのアイドルが遥ちゃんなんだよね？\nじゃあ、遥ちゃんの憧れのアイドルは？　どんな人？"
            ]
        },
        {
            "fileName": "areatalk03_089",
            "talks": [
                "し、知らないよ！　わたしは何も知らない！\nみのりちゃんと雫ちゃんと約束したんだもん！"
            ]
        },
        {
            "fileName": "areatalk03_104",
            "talks": [
                "一緒に練習出来ていいなぁ。\nどんなだったか、あとで感想聞かせてね、みのりちゃん！"
            ]
        },
        {
            "fileName": "areatalk03_119",
            "talks": [
                "うん！　みのりちゃん、雫ちゃんよろしく……ふふっ"
            ]
        }
    ]
}