{
    "mainStory": 2,
    "eventStory": 5,
    "cardStory": 16,
    "areaTalk": 8,
    "talkPacks": [
        {
            "fileName": "vswonder_01_02",
            "talks": [
                "……えむちゃんは、すごく楽しんでくれていたみたいだけどね"
            ]
        },
        {
            "fileName": "wonder_01_10",
            "talks": [
                "やあ。また来てくれたんだね司くん、えむちゃん。\n今日は新しい友達も連れてきてくれて嬉しいよ"
            ]
        },
        {
            "fileName": "event_04_04",
            "talks": [
                "ああ、そういえば、司くん達が\nえむちゃんは体育祭の準備が忙しいって言ってたね",
                "まあまあ。えむちゃんも体育祭が落ち着いたら\n来てくれると思うよ"
            ]
        },
        {
            "fileName": "event_09_09",
            "talks": [
                "でも、どうして獅子舞ロボがえむちゃんを追いかけると\n思ったんだい？　さっきまで司くんを追いかけていたのに"
            ]
        },
        {
            "fileName": "event_15_02",
            "talks": [
                "……おや？　えむちゃんの姿が見当たらないような……"
            ]
        },
        {
            "fileName": "event_15_06",
            "talks": [
                "司くん達が聞いても話さないっていうことは、\nえむちゃんも、何か話せない理由があるんだろうね"
            ]
        },
        {
            "fileName": "013012_tsukasa02",
            "talks": [
                "多分、えむちゃん達に見せに行ったんだろうね"
            ]
        },
        {
            "fileName": "014011_emu02",
            "talks": [
                "ミク、おかえり。\nそれとえむちゃん、いらっしゃい",
                "えむちゃん、臨海学校の話とても楽しかったよ"
            ]
        },
        {
            "fileName": "014013_emu02",
            "talks": [
                "おや、えむちゃん。\n夜も遅いのにどうしたんだい？",
                "実は、リンから\nえむちゃんが来るかもしれないって聞いていたしね"
            ]
        },
        {
            "fileName": "021010_miku02",
            "talks": [
                "紅組には司くんとえむちゃん、\n白組には類くんと寧々ちゃんに入ってもらおうかな"
            ]
        },
        {
            "fileName": "025006_meiko02",
            "talks": [
                "そうか。えむちゃんは\n友達とクリスマスをすごしたんだね！"
            ]
        },
        {
            "fileName": "026003_kaito02",
            "talks": [
                "えむちゃん、寧々ちゃん、いらっしゃい！\nこのあとショーをする予定なんだけど、見ていくかい？",
                "うーん、そうだね……。\nえむちゃんの考えは、そんなにズレていないと思うよ"
            ]
        },
        {
            "fileName": "026009_kaito01",
            "talks": [
                "（最近、寧々ちゃんやえむちゃんと仲良くなって、\n特にえむちゃんのためにって\n練習の時は気負ってる感じもあったけど……）"
            ]
        },
        {
            "fileName": "026009_kaito02",
            "talks": [
                "えむちゃんの想いが、\nようやくえむちゃんの家族に届いたんだね",
                "えむちゃんが始めた笑顔の輪も、\n司くんや類くん、寧々ちゃん達につながって——",
                "いくつものショーを通じて、\nたくさんの人につながって、そしてようやく、\nまたえむちゃんのところに戻ってきた",
                "すごいね、えむちゃん。\nえむちゃんの笑顔は、とっても大きな輪になった"
            ]
        },
        {
            "fileName": "026010_kaito01",
            "talks": [
                "そうか。\nえむちゃんは冒険物がやりたいんだね"
            ]
        },
        {
            "fileName": "026010_kaito02",
            "talks": [
                "『司くんとえむちゃんはステージの上だから、\n残っているのは……』"
            ]
        },
        {
            "fileName": "areatalk02_379",
            "talks": [
                "えむちゃん、ミクやぬいぐるみ達に\nアクロバットを見せてくれたんだって？",
                "そうか。ふふ、ミクとえむちゃんだと、\nえむちゃんの方がちょっとお姉さんかもしれないな"
            ]
        },
        {
            "fileName": "areatalk02_382",
            "talks": [
                "えむちゃんはともかく、寧々ちゃんもいるのかい？"
            ]
        },
        {
            "fileName": "areatalk03_193",
            "talks": [
                "おや。もしかして寧々ちゃんがえむちゃんに\n歌を教えているのかい？",
                "ふふ。じゃあえむちゃんの成長を感じられて、\n嬉しさもひとしおじゃないかい？"
            ]
        },
        {
            "fileName": "areatalk03_205",
            "talks": [
                "うん。えむちゃん自身が独創的で個性的だし、\nやっぱり衣装もそうでなくっちゃね"
            ]
        },
        {
            "fileName": "areatalk03_206",
            "talks": [
                "これは……遊園地の絵？　もしかしてこれ、\nえむちゃん達がいるフェニックスワンダーランドかい？"
            ]
        },
        {
            "fileName": "areatalk03_209",
            "talks": [
                "もちろん、構わないよ。\nえむちゃんも来るかい？"
            ]
        }
    ]
}