{
    "mainStory": 0,
    "eventStory": 5,
    "cardStory": 8,
    "areaTalk": 3,
    "talkPacks": [
        {
            "fileName": "event_34_02",
            "talks": [
                "カイト……！？",
                "私も……！\nミク、カイト、お願いできるかな",
                "聴かせてくれてありがとう、カイト！"
            ]
        },
        {
            "fileName": "event_34_06",
            "talks": [
                "あ、カイト！\nミク達はいる？",
                "カイトは、ここで何してるの？"
            ]
        },
        {
            "fileName": "001011_ichika01",
            "talks": [
                "（前にカイトが言ってくれた言葉は嬉しかったし、\n咲希もああ言ってくれてた……）"
            ]
        },
        {
            "fileName": "026011_kaito02",
            "talks": [
                "こんにちは、カイト",
                "うん、今日は学校が休みだし、\n練習の前にカイトと少し話もしたかったから",
                "……！　ありがとう、カイト",
                "カイトのあの言葉のおかげで、自信が持てたから",
                "でも本当に、カイト達はすごいな",
                "カイト達は、曲によってどんな風にもなれて\n伝えたいことを歌でしっかり表現してるでしょ？",
                "……カイト。\n私、進むよ。もっともっとこの先に！"
            ]
        },
        {
            "fileName": "areatalk_ev_band_05_006",
            "talks": [
                "カイト、ちょっと聞きたいことがあるんだけどいいかな？",
                "うん。初めてカイトの演奏を聴かせてもらった時、\nすごく演奏に心がひきつけられて……",
                "ありがとう、カイト。\nいろんな曲を聴いて、勉強してみるよ"
            ]
        }
    ]
}