{
    "mainStory": 12,
    "eventStory": 81,
    "cardStory": 74,
    "areaTalk": 12,
    "talkPacks": [
        {
            "fileName": "nightcode_01_05",
            "talks": [
                "『ちょっとAmia、縁起でもないこと言うのやめてよね』"
            ]
        },
        {
            "fileName": "nightcode_01_06",
            "talks": [
                "Amia……。\nこの状況で、よくそんなのんきなこと言ってられるよね"
            ]
        },
        {
            "fileName": "nightcode_01_07",
            "talks": [
                "え？　じゃあ、このあいだ、\n私とAmiaがずっとOWNのこと話してる時……え？"
            ]
        },
        {
            "fileName": "nightcode_01_14",
            "talks": [
                "『……Amiaでも、そういう風に思うことあるんだ』",
                "『あ……ごめん。\nでもAmiaって、わりといつも自由だし、\n楽しそうにしてるから』"
            ]
        },
        {
            "fileName": "nightcode_01_15",
            "talks": [
                "『KもAmiaも、雪のこと構い過ぎじゃない？』"
            ]
        },
        {
            "fileName": "nightcode_01_18",
            "talks": [
                "Amia……！？"
            ]
        },
        {
            "fileName": "nightcode_01_19",
            "talks": [
                "……Amiaに言われるとイラっとくるんだけど",
                "『どうしたの、Amia？』"
            ]
        },
        {
            "fileName": "nightcode_01_20",
            "talks": [
                "実在って……。\n瑞希は私の写真見てるでしょ？"
            ]
        },
        {
            "fileName": "vsnightcode_01_04",
            "talks": [
                "ちょっと瑞希！\nひとりで先に行かないでよね！",
                "まふゆが時間になってもナイトコードに来なかったから、\n瑞希が探しに行こうって言い出して……"
            ]
        },
        {
            "fileName": "event_02_01",
            "talks": [
                "『Amiaうるさい……』",
                "『っていうか、Amiaだって一緒に徹夜してたじゃん。\nなんでそんな元気なわけ？　体力バカ？』"
            ]
        },
        {
            "fileName": "event_02_03",
            "talks": [
                "『Amiaは単なる運動不足なんじゃない？\n体育の授業とか絶対出てないでしょ？』"
            ]
        },
        {
            "fileName": "event_02_04",
            "talks": [
                "ちょっと瑞希、急に走らないでよね",
                "あーもー、瑞希うるさい。\n黙って見れないの？"
            ]
        },
        {
            "fileName": "event_02_06",
            "talks": [
                "ちょっと瑞希。高そうだし触らないほうがいいってば"
            ]
        },
        {
            "fileName": "event_02_08",
            "talks": [
                "『Amia達がなんでも素直に言えって甘やかしたせいで\nこんなことになってるんだから、責任持って面倒見てよね！』"
            ]
        },
        {
            "fileName": "event_09_03",
            "talks": [
                "『Amiaが？\nまあ、そういうことなら行ってもいいけど……』",
                "そ。年越しをみんなでお祝いするの。\n瑞希がみんなでやりたいんだって",
                "瑞希、このお菓子、まふゆが持ってきてくれた\n紙皿に盛っていい？"
            ]
        },
        {
            "fileName": "event_14_01",
            "talks": [
                "『Amiaは褒めてなかったでしょ』"
            ]
        },
        {
            "fileName": "event_14_02",
            "talks": [
                "『Amia、うるさい。\n耳元で叫ばないでよ』",
                "『それ、Amiaには言われたくないんだけど。\nどうせ今から寝るんでしょ？』"
            ]
        },
        {
            "fileName": "event_19_02",
            "talks": [
                "んー、でも、私も瑞希も曲は作れないからなぁ……。\nあ、でもまふゆなら……"
            ]
        },
        {
            "fileName": "event_19_03",
            "talks": [
                "あ、えと、奏は別に悪くないってば！\n悪いのは行き先を心霊スポットなんかにした瑞希で……",
                "（あそこに誰かいる？\nでも瑞希達は入口に戻ったし……）",
                "い、『痛い』って、それ……\nさっき瑞希が言ってた……！？"
            ]
        },
        {
            "fileName": "event_19_05",
            "talks": [
                "あ、ちょっと、瑞希！"
            ]
        },
        {
            "fileName": "event_19_06",
            "talks": [
                "あ、いた！　瑞希！"
            ]
        },
        {
            "fileName": "event_19_07",
            "talks": [
                "あのね……。\nていうか、そんなこと言ったら瑞希だって——",
                "瑞希ー！"
            ]
        },
        {
            "fileName": "event_19_08",
            "talks": [
                "（瑞希……？）",
                "——瑞希、大丈夫？"
            ]
        },
        {
            "fileName": "event_22_01",
            "talks": [
                "『……どう、Amia？\n昨日言われたとこ、ちゃんと調整できてるかな？』",
                "（瑞希、いつもどおりだよね……。\nやっぱり私の気にしすぎってこと？　でも——）",
                "『……ねえ、Amia。\nちょっと聞いてもいい？』",
                "『……みんなで桜を見たあと、何かあった？\nAmia、あのあとから、いつもと少し違うっていうか……』",
                "（結局はぐらかされて、何も聞けなかった……。\n瑞希はいつもどおり、なんて言ってたけど——）",
                "（……もしかして、私達に言いづらいことでもあるのかな。\nでも、瑞希って隠しごととかする\nタイプじゃなさそうだけど……）",
                "……瑞希は私の悩みとかよく聞いてくれるから\nもし悩んでるなら、今度は私が瑞希の話を聞けたらって、\n思ったのに……"
            ]
        },
        {
            "fileName": "event_22_02",
            "talks": [
                "『えっと、ちょっと瑞希に聞きたいことがあって』",
                "『ふたりとも瑞希の話したら会いたがってたし、\nよかったら一緒に行かない？』",
                "『それに、インプットが大事っていつも言ってるのは瑞希じゃん。\n綺麗な景色見たら、新しいMVのアイディアが思いつくかもよ』",
                "ちょっと瑞希、もうわかったってば。\nあと、声が大きい！"
            ]
        },
        {
            "fileName": "event_22_03",
            "talks": [
                "……瑞希？",
                "（瑞希、今——）",
                "え、でも瑞希のことは……"
            ]
        },
        {
            "fileName": "event_22_04",
            "talks": [
                "『それに、インプットが大事っていつも言ってるのは瑞希じゃん。\n綺麗な景色見たら、新しいMVのアイディアが思いつくかもよ』"
            ]
        },
        {
            "fileName": "event_22_05",
            "talks": [
                "……肝心の瑞希の悩みは全然聞けてないけどね",
                "あ、雫も思った？\nやっぱりあの時、瑞希変だったよね",
                "——瑞希のことだって、同じかもしれない"
            ]
        },
        {
            "fileName": "event_22_06",
            "talks": [
                "瑞希……！？",
                "『……みんなで桜を見たあと、何かあった？\nAmia、あのあとから、いつもと少し違うっていうか……』"
            ]
        },
        {
            "fileName": "event_22_07",
            "talks": [
                "……信じて、か。\nそうだね。瑞希なら、きっと——",
                "この声、瑞希……？",
                "そういう愛莉もね。瑞希と雫達が\nいなかったらって思うと、ぞっとする",
                "……ねえ、瑞希",
                "瑞希……",
                "（瑞希のあんな笑顔、久しぶりに見たかも）",
                "（……私、やっぱり瑞希の力になりたい）",
                "（瑞希が私に話したくないって思ってても、\nやっぱり、あんな顔見ちゃったら、放っておけないよ）",
                "（だって瑞希は、私の——）"
            ]
        },
        {
            "fileName": "event_22_08",
            "talks": [
                "『今日はありがと。今から愛莉と雫と\nグループ通話しようって話してるんだけど、瑞希もどう？』",
                "『瑞希から返事きたよ。今日は疲れたからもう寝るって』",
                "『……今日の瑞希、久しぶりに笑ってた気がして。\nずっと楽しそうだったし、やっぱり誘ってよかったなって』",
                "『私ね、今日出かけてみて、\nやっぱりちゃんと、瑞希の悩みを知りたいって思ったんだ』",
                "『瑞希が言いたがらないから、\nずっと私も踏みこんでいいのかわからなかったけど……』",
                "『今日、瑞希が私を助けてくれたみたいに、\n私も、瑞希が困ってるなら助けたいの』",
                "『あの調子じゃ、そう簡単に話してくれないと思うけどね。\nでも……やっぱり私、ちゃんと瑞希のこと知りたいから』",
                "『じゃあ、今度は４人でショッピングしない？\n瑞希、お気に入りの服、汚れちゃってたから\n新しいの買いたいと思うんだよね』",
                "（……瑞希、また、ああいう風に\nたくさん笑ってくれるといいな）",
                "（だって瑞希は——）"
            ]
        },
        {
            "fileName": "event_26_01",
            "talks": [
                "『もう、Amiaってば』"
            ]
        },
        {
            "fileName": "event_29_02",
            "talks": [
                "楽しかったならいいけど。\n次は瑞希が幹事してよね",
                "瑞希だってそこまで変わんないでしょ？\n自分だけ健康ぶらないでよね"
            ]
        },
        {
            "fileName": "event_29_03",
            "talks": [
                "（思ったより、みんな興味がありそう……！\nこれって、瑞希を誘うチャンスかも？　それなら——）",
                "じゃあ決まりね。せっかくだし、瑞希も一緒に行こうよ。\n好きなアーティストが来るんでしょ？"
            ]
        },
        {
            "fileName": "event_29_06",
            "talks": [
                "あ、ちょっと瑞希……！\nひとりで行ったら、はぐれちゃうでしょ！",
                "うるさいな……！\nそういう瑞希だって、全然景品落とせてないじゃない",
                "（——瑞希、そんなこと思ってくれるんだ）",
                "瑞希？",
                "（……瑞希、さっき言いかけたのってなんだったんだろう）",
                "でも、瑞希、あれ気に入ってたじゃん。\n今日の記念にするって",
                "瑞希、あった？",
                "……そうだ。落とし物として届いてるかも！\n瑞希、行ってみよ！"
            ]
        },
        {
            "fileName": "event_29_07",
            "talks": [
                "じゃ、私と瑞希は戻るね。\nちゃーんと見ててあげるから、失敗しないでよ"
            ]
        },
        {
            "fileName": "event_29_08",
            "talks": [
                "瑞希、このあと行きたいところある？",
                "瑞希は？"
            ]
        },
        {
            "fileName": "event_36_03",
            "talks": [
                "いいに決まってるでしょ。\n瑞希も行くよね？",
                "それじゃ、決まりね！　瑞希も参加、っと！"
            ]
        },
        {
            "fileName": "event_36_07",
            "talks": [
                "うるっさ。ちょっと瑞希、そんなに叫んだら\nみんながこっち見ちゃうでしょ！"
            ]
        },
        {
            "fileName": "007008_airi01",
            "talks": [
                "こっちこそ。\nピクニックのことは、瑞希に聞いてからまた連絡するね"
            ]
        },
        {
            "fileName": "007008_airi02",
            "talks": [
                "なによ。瑞希だって、\n気が向いた時しか行ってないくせに"
            ]
        },
        {
            "fileName": "007011_airi02",
            "talks": [
                "それに、瑞希についてのグチとか聞いてもらうだけでも\n結構助かってるから！",
                "……安心して、とは言えないかもだけど\n瑞希、ちょっと元気取り戻したかなって時があったの",
                "あ、うん。私がイラスト担当で、\n瑞希が動画担当っていう話したと思うけど——",
                "Kが私や瑞希、それから作詞担当に声をかけて、\nそこから『25時、ナイトコードで。』ができたの"
            ]
        },
        {
            "fileName": "017001_kanade01",
            "talks": [
                "『そうだよ。この前だって、Amiaの動画確認してて\nカップ麺のびちゃったでしょ』"
            ]
        },
        {
            "fileName": "017002_kanade02",
            "talks": [
                "ちょっと！　なんで瑞希が話すわけ？\nそれに、それ私の話じゃなくて彰人の話じゃない！",
                "え……そ、そう？\nえっと、弟の彰人はさっき瑞希が言った通りひとつ下で……"
            ]
        },
        {
            "fileName": "017003_kanade02",
            "talks": [
                "『Amiaってば、ずいぶん勧誘に必死じゃん』"
            ]
        },
        {
            "fileName": "017005_kanade02",
            "talks": [
                "ちょっと、なんで瑞希が仕切ってんの？"
            ]
        },
        {
            "fileName": "017012_kanade01",
            "talks": [
                "瑞希、誰よりもはしゃいでたしね"
            ]
        },
        {
            "fileName": "018002_mafuyu02",
            "talks": [
                "ここ来るとあれ絶対に頼むよね、瑞希って"
            ]
        },
        {
            "fileName": "018005_mafuyu02",
            "talks": [
                "『Amiaうるさい』"
            ]
        },
        {
            "fileName": "018007_mafuyu01",
            "talks": [
                "『ふーん……Amiaは？』",
                "『は？　私は別にうるさくないでしょ。\nAmiaが話しかけてこなければね』"
            ]
        },
        {
            "fileName": "018011_mafuyu02",
            "talks": [
                "『そういうAmiaは、何かしたの？』"
            ]
        },
        {
            "fileName": "019001_ena01",
            "talks": [
                "（もう少し情報がないと……\nそうだ、Amiaが貼った画像から検索……って……）"
            ]
        },
        {
            "fileName": "019001_ena02",
            "talks": [
                "（雪って細かいとこに気遣ってくれるなぁ。\n面倒なとこばっかつっつくAmiaと違って）"
            ]
        },
        {
            "fileName": "019002_ena01",
            "talks": [
                "あーもう、うるさい！\nただ、瑞希のこと、もっと腹立つ子だと思ってたってだけ！",
                "……瑞希のこともわかってきたから、\n最近は、みんなで作業するの、前より楽しい……かな"
            ]
        },
        {
            "fileName": "019002_ena02",
            "talks": [
                "……アカウント名『Amia』と『雪』って……\nこれ、もしかして瑞希とまふゆ……？"
            ]
        },
        {
            "fileName": "019003_ena02",
            "talks": [
                "（Kも雪も、すごくて。\nAmiaはああ見えて、結構大人で）"
            ]
        },
        {
            "fileName": "019005_ena01",
            "talks": [
                "まあ、KとAmiaは別に何も言ってなかったし。\n雪がわかんないだけなら、気にしなくても――",
                "『Amia、大げさすぎ。\nイラストのブラッシュアップが終わっただけ』"
            ]
        },
        {
            "fileName": "019005_ena02",
            "talks": [
                "『……Amiaは、まだ起きてるの？』",
                "『……気楽でいいね、Amiaは』",
                "『……ありがとね、Amia』"
            ]
        },
        {
            "fileName": "019006_ena01",
            "talks": [
                "（それに……瑞希が全部用意するって言ってたけど、\nなんにも持って行かないのは、さすがにね）",
                "（瑞希、お菓子は持って来るって言ってたから、\nお土産それにしよっかな）"
            ]
        },
        {
            "fileName": "019006_ena02",
            "talks": [
                "えーと、３つ目のお店……あ、あった！\n瑞希が欲しい福袋！",
                "あ、瑞希からメッセージ……！",
                "頼んだよ、瑞希。\nよし、次！",
                "……あ、瑞希！　ここ、ここ！",
                "ん、メッセ―ジだ。瑞希からかな……"
            ]
        },
        {
            "fileName": "019007_ena02",
            "talks": [
                "（とにかく、作業を進めなきゃ。\n素材のイラストが完成しないと、\n瑞希の作業も止まっちゃうし……）",
                "（その奏だって……それに瑞希だって、\n自分にしかわからない苦しさを抱えてるし）",
                "『もちろんKにも見せるけど、\nどうせAmiaだって勝手に見て感想言うだろうし……』"
            ]
        },
        {
            "fileName": "019008_ena02",
            "talks": [
                "（帰りの電車で見た、瑞希の表情……。\n気のせいじゃなかったはず……）",
                "私のことはいいの。\nそれより、瑞希のことなんだけど、最近なんか変じゃない？",
                "当たり前でしょ。こっちから誘ったんだし。\nていうか、彰人も瑞希も、人をなんだと思ってるわけ？",
                "（きっと大丈夫……だよね、瑞希……）"
            ]
        },
        {
            "fileName": "019009_ena01",
            "talks": [
                "（……なんだかんだ、瑞希もちゃんと楽しんでるっぽいな）",
                "（いつもは瑞希から誘ってくるのに、\n今回の打ち上げは、私が言いだすまで何も言わなかった）",
                "ねえ。瑞希なんだけど、最近学校に来てる？"
            ]
        },
        {
            "fileName": "019009_ena02",
            "talks": [
                "瑞希のこと、だよね。\n悪くはなってないけど、よくもなってないかな",
                "瑞希ってなんていうか、\nのらりくらりとかわしてくるからさ",
                "（まだ、瑞希に何があったのかすら私はわかってない……）"
            ]
        },
        {
            "fileName": "019010_ena01",
            "talks": [
                "（……瑞希）"
            ]
        },
        {
            "fileName": "019010_ena02",
            "talks": [
                "（瑞希にお願いしたいこともあるし……。よし！）",
                "それは……前に瑞希が、\n街で奏と会って話したって言ってたから、\nどんな話したのかなって思っただけ",
                "ん……瑞希？",
                "まったく……どっちかっていうと\n瑞希は思いっきり諦め悪いじゃん"
            ]
        },
        {
            "fileName": "019011_ena02",
            "talks": [
                "『——雪とAmia。このあとセカイに来てくれる？\nこの件についてゆっくり話をしないといけないみたいだから』"
            ]
        },
        {
            "fileName": "020001_mizuki01",
            "talks": [
                "『えっ、Amiaも？\n私も気になってあのカップ麺買ってきたよ』"
            ]
        },
        {
            "fileName": "020002_mizuki01",
            "talks": [
                "瑞希が送ってきたアレンジ絵、かわいかったけど、\n自分でいじるなんてできるの？",
                "わ……かわいいレース。\nこれ、瑞希がアレンジ絵に描いてたレース？",
                "瑞希って、本当にアレンジ得意だったんだ。\nお店で売ってるみたいな出来なんだけど……！"
            ]
        },
        {
            "fileName": "020002_mizuki02",
            "talks": [
                "『あれ、Amia、なんか疲れてない？\n今日学校行ったから？』",
                "『……Amia。\n今日、学校で何かあった？』",
                "『今、Amiaに何かあったのかなって話をしてたとこ』"
            ]
        },
        {
            "fileName": "020003_mizuki02",
            "talks": [
                "もー、瑞希遅い！\n先に見始めようかって思ったよ"
            ]
        },
        {
            "fileName": "020005_mizuki01",
            "talks": [
                "食べていいって言ったの瑞希じゃん"
            ]
        },
        {
            "fileName": "020006_mizuki02",
            "talks": [
                "『ああ。うちの学校の文化祭、この前あったんだっけ？\nその感じだと、Amiaは行ったんだ？』",
                "『あー、そういえば、彰人も私の知りあいに会ったって\n言ってたような……。誰かと思ったらAmiaだったんだ』"
            ]
        },
        {
            "fileName": "020007_mizuki01",
            "talks": [
                "してない。ていうか私、別にムリしてまで\n瑞希とご飯食べたいなんて思わないけど"
            ]
        },
        {
            "fileName": "020010_mizuki01",
            "talks": [
                "ねえ、瑞希。それ、なんのドリンク持って来たの？\nなんか濁った色してるけど……"
            ]
        },
        {
            "fileName": "020010_mizuki02",
            "talks": [
                "『ちょっとAmia。\nくしゃみするなら、せめてマイクから離れてよね』",
                "『Amia、大人しく薬飲んだら？\nそのほうが絶対簡単だし、効果もあるでしょ』",
                "『ちょっとAmia聞いてる？\nほんとに、早く休みなさいよ？』"
            ]
        },
        {
            "fileName": "020012_mizuki02",
            "talks": [
                "いらっしゃいって、\nなんで瑞希に歓迎されなきゃなんないわけ？"
            ]
        },
        {
            "fileName": "025008_meiko02",
            "talks": [
                "そういうこと。ま、瑞希がちゃんと学校に行くなんて\nすごく珍しいんだけどね",
                "そうそう！　それで瑞希が、\n旅行の時に撮った写真のデータをくれたから\nミク達にも見せてあげようと思って",
                "ほら、これ。\n瑞希がセッティングした行き先が、全部心霊スポットだったの"
            ]
        },
        {
            "fileName": "areatalk02_154",
            "talks": [
                "そういえば、瑞希からそんな話聞いたかも。\nなんで弓道部に入ったの？"
            ]
        },
        {
            "fileName": "areatalk02_269",
            "talks": [
                "さあね。あ……瑞希はもしかしたらちゃんと祝ってるかも。\n今度聞いてみたら？"
            ]
        },
        {
            "fileName": "areatalk02_399",
            "talks": [
                "瑞希、なんかいいコンシーラー知らない？"
            ]
        },
        {
            "fileName": "areatalk03_244",
            "talks": [
                "じゃあ、いつも通りファミレスだね。\n瑞希が待ちくたびれてるかも"
            ]
        },
        {
            "fileName": "areatalk03_275",
            "talks": [
                "30分遅れただけでしょ。それに瑞希だって、\nお店の場所ちゃんと調べてなかったくせに"
            ]
        },
        {
            "fileName": "areatalk03_277",
            "talks": [
                "ねえ、瑞希が来るまでちょっと他のお店調べない？"
            ]
        },
        {
            "fileName": "areatalk03_293",
            "talks": [
                "それは、瑞希の言ったことが、じゃなくて、\n調子のいい悪いが、ってこと？"
            ]
        },
        {
            "fileName": "areatalk03_300",
            "talks": [
                "じゃあ決まり。一緒にきれいに塗って、\n瑞希をびっくりさせようね、ミク"
            ]
        },
        {
            "fileName": "areatalk_add_01_005",
            "talks": [
                "聞こえてるじゃん！\n……ふん。瑞希ならあんたよりも先に誘ってますー"
            ]
        },
        {
            "fileName": "areatalk_ev_night_03_006",
            "talks": [
                "それはそうでしょ。だって瑞希ってば、\nCDにつく特典、\nどれにしようかってレジで延々と悩んでたし"
            ]
        },
        {
            "fileName": "areatalk_monthly2108_007",
            "talks": [
                "あ……瑞希。こんなところで何してるわけ？",
                "瑞希も同じの持ってるってことは……。\nそっちも、先着でもらえるっていう限定お試しセット狙い？"
            ]
        }
    ]
}