{
    "mainStory": 3,
    "eventStory": 3,
    "cardStory": 18,
    "areaTalk": 4,
    "talkPacks": [
        {
            "fileName": "street_01_00",
            "talks": [
                "ふふ、いきなりのことで驚いてると思うけど……。\nこはねちゃんと杏ちゃんに会えて嬉しいわ"
            ]
        },
        {
            "fileName": "vsstreet_01_04",
            "talks": [
                "あら、杏ちゃん。こはねちゃんも来てくれたのね",
                "リンとレンが入ってきて、彰人くんも杏ちゃんも\n拍子抜けしちゃったのね"
            ]
        },
        {
            "fileName": "event_09_06",
            "talks": [
                "杏ちゃん、あけましておめでとう"
            ]
        },
        {
            "fileName": "event_21_01",
            "talks": [
                "あら、杏ちゃん。\nいらっしゃい"
            ]
        },
        {
            "fileName": "event_28_04",
            "talks": [
                "あら、杏ちゃん、こはねちゃん、いらっしゃい"
            ]
        },
        {
            "fileName": "009003_kohane01",
            "talks": [
                "こはねちゃん、杏ちゃん。\nはい、ホットミルクよ"
            ]
        },
        {
            "fileName": "021012_miku02",
            "talks": [
                "ええ。まだ杏ちゃんと出会ったばかりで、\n自分の想いもまだわかってないみたいだったものね"
            ]
        },
        {
            "fileName": "021017_miku01",
            "talks": [
                "杏ちゃんと彰人くん？",
                "でも、なんだか意外ね。\n杏ちゃんがひとりで悩んでるなんて",
                "でも杏ちゃんの場合は、『自力でなんとかしてみせる！』\nって思ってる可能性もゼロじゃないけど"
            ]
        },
        {
            "fileName": "023005_len02",
            "talks": [
                "あら。そういう意味では、\n杏ちゃんのお父さんもそうじゃない？"
            ]
        },
        {
            "fileName": "025005_meiko01",
            "talks": [
                "あら、杏ちゃん、こはねちゃん",
                "（こはねちゃんは丁寧で慎重。\n杏ちゃんは迷いもなくて積極的——）",
                "（杏ちゃんは、お父さんのカフェのお手伝いで\n慣れてるっていうところもきっと大きいのね）",
                "ふふ。こはねちゃんは、\n杏ちゃんのことがとっても好きなのね",
                "（今は、こはねちゃんが杏ちゃんから多くを\n学んでいるのかもしれない。でも……）",
                "（もしかしたらいつか、杏ちゃんが自分にない何かを\nこはねちゃんに見出す時がくるかもしれないわね）"
            ]
        },
        {
            "fileName": "025005_meiko02",
            "talks": [
                "杏ちゃんもこはねちゃんも、\nうまく乗り越えられたみたいだし、よかったわ",
                "こはねちゃんと杏ちゃん、\nふたりがちゃんと相手と向きあって、解決していたわ"
            ]
        },
        {
            "fileName": "025011_meiko01",
            "talks": [
                "（杏ちゃんや彰人くんや冬弥くんもいるから、\n大丈夫だと思うけど……）",
                "でも、途中から悩み相談みたいな感じになってたし、\nこはねちゃんも杏ちゃんも、\n遊ぶのはムリだったかもしれないわ",
                "あとは、きっと杏ちゃんや、\n彰人くんや冬弥くんが頑張ってくれるわ"
            ]
        },
        {
            "fileName": "025011_meiko02",
            "talks": [
                "おまたせ、こはねちゃん、杏ちゃん。\nこれで注文してもらったのは全部よね？"
            ]
        },
        {
            "fileName": "areatalk02_301",
            "talks": [
                "ふふ。杏ちゃんを見てると、お父さんのお店の\nアットホームな雰囲気が伝わってくる気がするわ"
            ]
        },
        {
            "fileName": "areatalk02_367",
            "talks": [
                "杏ちゃん、いらっしゃい。\nお父さんのお店の手伝いはいいの？"
            ]
        },
        {
            "fileName": "areatalk_add_01_003",
            "talks": [
                "ええ。杏ちゃんが紅茶をいれてくれるから、\n自分はコーヒーをいれられるようになるんだって言ってね"
            ]
        },
        {
            "fileName": "areatalk_monthly2109_002",
            "talks": [
                "お疲れさま、杏ちゃん。\nはちみつミルクティーでも入れましょうか？"
            ]
        }
    ]
}