{
    "mainStory": 0,
    "eventStory": 0,
    "cardStory": 3,
    "areaTalk": 0,
    "talkPacks": [
        {
            "fileName": "009011_kohane01",
            "talks": [
                "いや、カイトさんはどうなんだ？"
            ]
        },
        {
            "fileName": "011007_akito01",
            "talks": [
                "……なあ、ミク。\nカイト……さん、っていつもあんな感じなのか？"
            ]
        },
        {
            "fileName": "026008_kaito02",
            "talks": [
                "ああ。つーか、カイトさんもコーヒー好きだったんだな"
            ]
        }
    ]
}