{
    "mainStory": 0,
    "eventStory": 4,
    "cardStory": 8,
    "areaTalk": 1,
    "talkPacks": [
        {
            "fileName": "event_01_04",
            "talks": [
                "一歌達と？\nなんだ、そうか……"
            ]
        },
        {
            "fileName": "event_01_07",
            "talks": [
                "誰かと思ったら一歌達か！\nということは……ズバリ咲希の見舞いだろう！？"
            ]
        },
        {
            "fileName": "event_16_04",
            "talks": [
                "おお、咲希に一歌達じゃないか。\nうちに遊びに来ていたのか",
                "冬弥、咲希の幼馴染みの一歌、穂波、志歩だ！"
            ]
        },
        {
            "fileName": "002003_saki01",
            "talks": [
                "そうか？　まあ、学校生活が順調なのはいいことだ。\n幼馴染みの一歌や穂波、志歩とも会えたんだろう？"
            ]
        },
        {
            "fileName": "002009_saki02",
            "talks": [
                "ただいま、咲希。\n今日も、一歌達が来てるのか？"
            ]
        },
        {
            "fileName": "013008_tsukasa01",
            "talks": [
                "（復学した当初は、\n一歌達との距離をつかみかねていたみたいだが……）",
                "まだ少し危なっかしいところはあるが……。\n咲希には、一歌達もついてるからな",
                "だからこそ、そういう時に\n咲希のそばに一歌達がいてくれると思うと心強い"
            ]
        },
        {
            "fileName": "013008_tsukasa02",
            "talks": [
                "（咲希も一歌達も、笑ってくれていたな……）"
            ]
        },
        {
            "fileName": "013012_tsukasa01",
            "talks": [
                "おお、一歌か！　一歌は昔からミクが好きで、\nいつか出てみたいとも言っていたなぁ"
            ]
        },
        {
            "fileName": "016007_rui02",
            "talks": [
                "たしか、一歌もあまり積極的なほうでは\nなかったと思うからな"
            ]
        },
        {
            "fileName": "areatalk03_304",
            "talks": [
                "ん……？ 　おお、星乃！　それに咲希の友達だな。\n何か用か？　サインならひとり１枚だぞ？"
            ]
        }
    ]
}