{
    "mainStory": 0,
    "eventStory": 1,
    "cardStory": 2,
    "areaTalk": 10,
    "talkPacks": [
        {
            "fileName": "event_03_05",
            "talks": [
                "あ！　あそこいるの、類くんと寧々ちゃんじゃない？"
            ]
        },
        {
            "fileName": "015005_nene02",
            "talks": [
                "『類くん、ナイスアイディアだね！』"
            ]
        },
        {
            "fileName": "021010_miku02",
            "talks": [
                "（お～！　さすがは類くんっ☆）"
            ]
        },
        {
            "fileName": "areatalk02_294",
            "talks": [
                "類くん、えむちゃんから聞いたよっ☆\nステージでぎゅぎゅっばばばーんしたんだって？"
            ]
        },
        {
            "fileName": "areatalk02_335",
            "talks": [
                "軽いから、火薬じゃなくて\n空気圧だけで飛べるよーって、類くんが設計してくれたっ☆"
            ]
        },
        {
            "fileName": "areatalk02_376",
            "talks": [
                "類くんはネネロボちゃんだけじゃなくて、\nステージの仕掛けまで自分でつくっちゃうんだね！",
                "安全性……じゃあ、\n類くんが作ったものはみんな安全なんだ"
            ]
        },
        {
            "fileName": "areatalk03_235",
            "talks": [
                "わーいっ！　類くん、楽しみにしてるねっ☆"
            ]
        },
        {
            "fileName": "areatalk03_236",
            "talks": [
                "ネネロボちゃんがつくれちゃうなら、\n類くんならもう何でもつくれちゃうね♪"
            ]
        },
        {
            "fileName": "areatalk_ev_shuffle_05_010",
            "talks": [
                "見て見てっ、ルカ！\n類くんが作ってくれたよーっ☆"
            ]
        },
        {
            "fileName": "areatalk_ev_wonder_06_005",
            "talks": [
                "あっ☆　類くんだ～！",
                "わあっ！　じゃあきっと、\n類くんのなでなでが上手なんだね♪",
                "類くん、ミクのこともなでなでして～？"
            ]
        }
    ]
}