{
    "mainStory": 0,
    "eventStory": 4,
    "cardStory": 3,
    "areaTalk": 1,
    "talkPacks": [
        {
            "fileName": "event_09_06",
            "talks": [
                "……だが、羽根を落とすと顔にスミを塗られることになる。\nレン、リン。顔中スミだらけにならないよう注意したほうがいい"
            ]
        },
        {
            "fileName": "event_09_07",
            "talks": [
                "ああ。どこからどう見ても、\nレンとリンは最高の相棒同士だったからな"
            ]
        },
        {
            "fileName": "event_21_01",
            "talks": [
                "こっちの声はリンとレンか……？\nメイコさんのカフェのほうで、言い争いをしているようだな"
            ]
        },
        {
            "fileName": "event_29_08",
            "talks": [
                "レン、今なら出てきてもらって大丈夫だ。\nリン達には何を買って行こうか？"
            ]
        },
        {
            "fileName": "011006_akito02",
            "talks": [
                "たまたましまいこんでいたこのCDを見つけて、\nここでメイコさんやリンやレンと聴いたんだ"
            ]
        },
        {
            "fileName": "023001_len02",
            "talks": [
                "……鏡音リンと鏡音レン、か。\nこういうのびやかな声でも歌えるんだな"
            ]
        },
        {
            "fileName": "023009_len02",
            "talks": [
                "……なるほど。わざわざリンやカイトさんにも\n意見をもらいながら考えてくれたのか"
            ]
        },
        {
            "fileName": "areatalk02_306",
            "talks": [
                "いいんじゃないか。\n俺にはそれが、レンとリンらしい気がする"
            ]
        }
    ]
}