{
    "mainStory": 0,
    "eventStory": 7,
    "cardStory": 27,
    "areaTalk": 6,
    "talkPacks": [
        {
            "fileName": "event_03_05",
            "talks": [
                "あ！　あそこいるの、類くんと寧々ちゃんじゃない？"
            ]
        },
        {
            "fileName": "event_08_04",
            "talks": [
                "『あれれ？　寧々ちゃん、何かあったの？』"
            ]
        },
        {
            "fileName": "event_08_07",
            "talks": [
                "『うん！　寧々ちゃんのことが気になって……うわわっ！？』",
                "『うん！　寧々ちゃんが元気になってくれて、\nミクもすっごく嬉しいよ～っ♪』"
            ]
        },
        {
            "fileName": "event_09_09",
            "talks": [
                "よーしっ、今だよ寧々ちゃーーーーんっ！"
            ]
        },
        {
            "fileName": "event_13_03",
            "talks": [
                "寧々ちゃーん！\n司くんがリハーサルやりたいって言ってるよ～♪"
            ]
        },
        {
            "fileName": "event_36_06",
            "talks": [
                "『わー、あれが寧々ちゃんの友達なんだね～☆』"
            ]
        },
        {
            "fileName": "013007_tsukasa01",
            "talks": [
                "うぇるかむ、えむちゃん☆\n寧々ちゃんも、よろしくね♪"
            ]
        },
        {
            "fileName": "015005_nene02",
            "talks": [
                "『あっ、今日は寧々ちゃんとご飯食べてるんだね！\n寧々ちゃんもこんにちは～！』",
                "『そうそう！\n寧々ちゃんのスマホにも出られるんだよ！』",
                "『というわけで……\n今度は寧々ちゃんのスマホからこんにちは～！』"
            ]
        },
        {
            "fileName": "015006_nene01",
            "talks": [
                "寧々ちゃん、寧々ちゃん！",
                "文化祭っていうのがもうじきあるんでしょう？\n司くんはショーをやるって聞いたけど、寧々ちゃんは？"
            ]
        },
        {
            "fileName": "015007_nene02",
            "talks": [
                "『うん！　寧々ちゃんが元気になってくれて、\nミクもすっごく嬉しいよ～っ♪』"
            ]
        },
        {
            "fileName": "021005_miku02",
            "talks": [
                "あ！！\nねえねえそれより、寧々ちゃんは普段、何してるの？",
                "知りたい知りたい～！\n寧々ちゃんのことを、知っておかないといけない気がするの～",
                "面白そうだから知りたいんじゃないもん。\nただ寧々ちゃんのことが知りたいだけなんだよ"
            ]
        },
        {
            "fileName": "021010_miku02",
            "talks": [
                "（ふふっ、寧々ちゃん達は\n気づいてくれたみたいだねっ☆）"
            ]
        },
        {
            "fileName": "021011_miku01",
            "talks": [
                "それに寧々ちゃんは元気なくて……\n断られちゃったんだ",
                "寧々ちゃんがどうしてあんなに元気がなかったのか、\nミクはわからないけど……"
            ]
        },
        {
            "fileName": "021011_miku02",
            "talks": [
                "寧々ちゃんだ。なんで入ってこないんだろう？",
                "——寧々ちゃーん！　今ならミクひとりだよ？",
                "こんにちは、寧々ちゃん！\n今日はどうしたの？",
                "寧々ちゃん、最初にセカイに来た時は、\nネネロボちゃんの後ろに隠れてたけど……",
                "ん？　どうしたの寧々ちゃん",
                "大丈夫！\n寧々ちゃんのペースで話していいんだよ～",
                "ふふっ、それはもちろん！\n寧々ちゃんのことを、ミクもカイトも応援したいからだよ！",
                "そんなことないよ、寧々ちゃん！",
                "それに寧々ちゃんだって、\nこのセカイと関係ないわけじゃないんだよ",
                "だって、寧々ちゃんも持ってるでしょう？\n『ショーでみんなを笑顔にしたい』っていう想い！",
                "それにねっ、司くんは、最高のショーをするためには、\n寧々ちゃん達が必要だって思ってるよ",
                "寧々ちゃんだって、ショーをやるには\nみんなの力が必要だって思ってるんじゃないかな？",
                "寧々ちゃん、これからもいつでもセカイに来てね！\nミク、もっともっとたくさんお話したいんだ♪"
            ]
        },
        {
            "fileName": "026007_kaito02",
            "talks": [
                "わーい！　またえむちゃんや\n寧々ちゃんとショーができるー♪"
            ]
        },
        {
            "fileName": "areatalk02_292",
            "talks": [
                "えへへ。寧々ちゃんがツッコミしてくれるの楽しい♪"
            ]
        },
        {
            "fileName": "areatalk02_375",
            "talks": [
                "寧々ちゃん、みぃーつけた。\n逃がさないぞー"
            ]
        },
        {
            "fileName": "areatalk02_382",
            "talks": [
                "えむちゃんと寧々ちゃんと一緒に\nフラフープ何本回せるか競争するんだよ"
            ]
        },
        {
            "fileName": "areatalk03_220",
            "talks": [
                "寧々ちゃん、もうみんなとは普通に話せるようになった？",
                "大丈夫♪　寧々ちゃんにはみんながついてるよっ☆"
            ]
        },
        {
            "fileName": "areatalk03_221",
            "talks": [
                "寧々ちゃん、ネネロボちゃん、こんにちはっ☆"
            ]
        }
    ]
}