{
    "mainStory": 0,
    "eventStory": 14,
    "cardStory": 31,
    "areaTalk": 2,
    "talkPacks": [
        {
            "fileName": "event_07_01",
            "talks": [
                "電話？　こんな早くから誰が……って、杏？",
                "（せっかく誘ってくれた杏には悪いけど、今日は……）",
                "（……杏、ボクに気つかってくれてるな。\n『今日なら大丈夫だよ』って）",
                "わかった。\nじゃあ、またあとでねー。ありがと、杏",
                "やっほー、杏！",
                "へえ、どこも結構賑わってるね～。\n杏の言ってたとおり、模擬店もたくさんあるし",
                "あ、あそこで売ってるわたあめ、すっごくカワイイ～！\n買おうよ、杏！",
                "あ、もしかしてキミって、\n杏がいつも話してる小豆沢さん？",
                "（わざわざひとりで来たのも、\nきっと杏と文化祭まわりたかったからだろうし……）",
                "ボクしばらく隠れてるから、ふたりでまわっててよ！\n杏、またあとでね！"
            ]
        },
        {
            "fileName": "event_07_08",
            "talks": [
                "杏？",
                "ボク的には、杏とふたりが知りあいってのも\nびっくりだけどね！",
                "後夜祭？\nでも、杏はこはねちゃんと一緒に……",
                "杏……"
            ]
        },
        {
            "fileName": "010001_an01",
            "talks": [
                "ふっふっふっ。ボク、ウワサ話には敏感なんだよ～。\nその様子じゃ、杏は詳しく知らないんじゃない？",
                "あれれー？　どうしたの、顔色悪いけど？\nもしかして杏も意外と幽霊が怖かったり？",
                "やだ！　杏の足に真っ白な手がっ！",
                "やーっぱ、杏って幽霊ダメなんだねー。\n杏から『ひあゃっ』なんて声が聴けると思わなかった～",
                "そっかそっかー。杏は幽霊苦手なんだねー？\nみんなにも教えてあげよーっと♪　まだ教室にいるかなー？"
            ]
        },
        {
            "fileName": "018002_mafuyu02",
            "talks": [
                "ボクのクラスの杏っていう友達がね、\n最近同じ学校の男子や宮女の子と組んで、\n歌うようになったらしいんだよね～"
            ]
        },
        {
            "fileName": "020003_mizuki01",
            "talks": [
                "……杏？",
                "うん、今日はちょっとね。\nそれより杏って、歌うまいんだね",
                "（杏が歌に本気なんだってこと、\nすごく伝わってくる……）",
                "ありがとう杏！　さっそくためしてみようっと！",
                "いや、ボクは少しここで練習していくから\n杏は先に戻っててよ",
                "あ、ちょっと制服掴まないでってばー！\n杏ー！"
            ]
        },
        {
            "fileName": "020006_mizuki01",
            "talks": [
                "あっ、そうそう。\n杏、このあいだは電話ありがと！",
                "杏が電話くれたおかげで文化祭に参加できたから、\nお礼言っておかなくちゃって思ってさ",
                "（杏とは高校に入ってからのつきあいだし、\nボク自身のこともちゃんと話したりはしてないけど……）",
                "ちょっとちょっと、ボクは起きてて、\n杏の電話にだってちゃ～んとでたでしょ",
                "うん。中学からの腐れ縁でね。\nていうか、杏も知りあいだったんだ？",
                "杏みたいに気軽に話せる友達もいるし、\n結構イイ感じの子達と出会って、動画制作もはかどるし",
                "ふふ。相手が杏だから、かもね"
            ]
        },
        {
            "fileName": "020008_mizuki01",
            "talks": [
                "おっはよう、杏！\nもうお昼だけど～",
                "杏、ちょっと見てくれないかな？",
                "ふっふっふ～、今見てもらってる画像は\n幽霊が苦手な杏にも優しい、\nなんにも“写ってない”ヤツだからね～",
                "……ありがと、杏",
                "大丈夫大丈夫！\nきっと杏に喜んでもらえるヤツ見つけてくるから、\n戻らなくても心配しないでね～",
                "ていうか、杏も！\n風紀委員が廊下を全力疾走なんていっけないんだ～！",
                "でも、杏がそ～んなにボクと一緒に進級したいって\n思ってくれてたなんてね～",
                "じゃあ杏のために、\n午後の授業だけ受けていこっかな"
            ]
        },
        {
            "fileName": "020011_mizuki02",
            "talks": [
                "へえ。チームっていうことは、\n杏やこはねちゃんも一緒だよね！",
                "ふっふっふっ。\n杏からいろいろ話は聞いてたからね",
                "あ、それ杏から聞いたことある！",
                "杏のお父さんがやったっていうイベントを\n超えるってやつでしょ？"
            ]
        },
        {
            "fileName": "areatalk02_078",
            "talks": [
                "ねえ、杏。そのヘアアクセ、キラキラしててカワイイね"
            ]
        },
        {
            "fileName": "areatalk_monthly2108_001",
            "talks": [
                "あ、杏だ！　やっほー♪\n今から歌いに行くところ？"
            ]
        }
    ]
}