{
    "mainStory": 0,
    "eventStory": 20,
    "cardStory": 21,
    "areaTalk": 4,
    "talkPacks": [
        {
            "fileName": "event_13_04",
            "talks": [
                "えっと……草薙さん達と、一緒に",
                "あ、あの……！\n草薙さんは何か乗りたい\nアトラクションとかあるんですか？",
                "あ、あの、草薙さん……"
            ]
        },
        {
            "fileName": "event_13_06",
            "talks": [
                "あ、草薙さん……！"
            ]
        },
        {
            "fileName": "event_13_07",
            "talks": [
                "（このまま帰ったら、絶対に後悔する。\n今、草薙さんに話を聞かないと……っ）"
            ]
        },
        {
            "fileName": "event_13_08",
            "talks": [
                "……草薙さん！",
                "私、草薙さんの歌を聴いて、感動したんです。\n草薙さんみたいに歌えるようになりたくて……！",
                "うん、賛成。\n草薙さんの歌も、また聴きたいし……"
            ]
        },
        {
            "fileName": "event_18_01",
            "talks": [
                "草薙さん、今日もよろしくお願いします",
                "ありがとう、草薙さん。\nおかげでコツが掴めた気がするよ",
                "ねえ、草薙さんはどうやってそれを克服したか、聞いてもいい？",
                "……うん。わかった。\nありがとう、草薙さん",
                "ありがとう。草薙さんのおかげかな",
                "（こう言ってもらえると嬉しいな。\n勇気を出して、草薙さんに頼んでよかった）"
            ]
        },
        {
            "fileName": "event_18_02",
            "talks": [
                "（でも、大丈夫……。\nいつも練習してるし、草薙さんにも教えてもらったし）"
            ]
        },
        {
            "fileName": "event_18_03",
            "talks": [
                "（草薙さんとの練習でうまくなれたと思ってたけど……。\n志歩から見れば、私なんて本当にまだまだなんだろうな……）"
            ]
        },
        {
            "fileName": "event_36_02",
            "talks": [
                "え、多分大丈夫だと思うけど……。\nもしかして、草薙さんも出るの？",
                "そうだ、今度みんなで一緒に練習しない？\nみのりやこはねのこと、草薙さんに紹介したいんだ"
            ]
        },
        {
            "fileName": "event_36_04",
            "talks": [
                "草薙さん。紹介するね。\nこの前話した、今度ファンフェスタに参加する\n友達のみのりとこはねだよ",
                "あ、じゃあ私も……！\n草薙さんが普段どんな感じで練習してるのか、見てみたいな"
            ]
        },
        {
            "fileName": "001008_ichika02",
            "talks": [
                "私、どうしても草薙さんに伝えたいことがあったんだ",
                "草薙さんには、いろいろお世話になったよね。\n自分の歌に、何かが足りないって悩んでた時も……",
                "やっぱり、草薙さんが言ってくれたとおり、\n足りなかったのは自信だったみたい",
                "ううん、私まだまだうまくなりたい！\nそれに草薙さんと歌うの、すごく楽しいんだ",
                "ありがとう、草薙さん！"
            ]
        },
        {
            "fileName": "004007_shiho02",
            "talks": [
                "そうかな？　草薙さんに教えてもらった歌う時のコツを、\n実際にやってみようって思ってるから、かな"
            ]
        },
        {
            "fileName": "015008_nene01",
            "talks": [
                "……あれ！　草薙さん？",
                "その友達は草薙さん……の、知りあいにとって\nすごく大切な子なんだね",
                "草薙さん……の知りあいが\nためらっちゃう気持ちもわかるけど……"
            ]
        },
        {
            "fileName": "015009_nene01",
            "talks": [
                "おまたせ、草薙さん。\n今日もよろしく",
                "その友達は草薙さん……の、知りあいにとって\nすごく大切な子なんだね",
                "草薙さん……の知りあいが\nためらっちゃう気持ちもわかるけど……",
                "こうやって歌の練習も見てもらってるし、\n草薙さんの力になれて、嬉しい",
                "……？　草薙さん、どうかした？",
                "草薙さんは？",
                "そうなんだ！　すごいね、草薙さん！",
                "私は、草薙さんのアドバイスはいつも的確で、\nすごく助かってるよ",
                "でも、どう頑張ればいいのかとか、\n何を気をつければいいのかを教えてくれたのは、\n全部草薙さんだよ",
                "草薙さんがいてくれたから、\n私は私を信じて、頑張れたんだ",
                "だから、今度は草薙さんが草薙さん自身を信じてあげて"
            ]
        },
        {
            "fileName": "022006_rin02",
            "talks": [
                "あ、草薙さん！"
            ]
        },
        {
            "fileName": "areatalk_ev_shuffle_03_001",
            "talks": [
                "草薙さんって、他の人にも歌を教えてるの？"
            ]
        },
        {
            "fileName": "areatalk_ev_shuffle_03_002",
            "talks": [
                "話しかけられたのが草薙さんと一緒にいる時でよかった。\n私ひとりだったら、\nスマホの翻訳機能のこと思いつかなかっただろうし"
            ]
        },
        {
            "fileName": "areatalk_ev_shuffle_12_001",
            "talks": [
                "ふふ。こはね、もともと草薙さん達のショーのファンだもんね",
                "あ、そうだ。草薙さん、ショーの見どころを聞いてもいいかな？\nせっかくだから、いろいろ勉強させてもらいたくて"
            ]
        }
    ]
}