{
    "mainStory": 10,
    "eventStory": 33,
    "cardStory": 34,
    "areaTalk": 9,
    "talkPacks": [
        {
            "fileName": "nightcode_01_01",
            "talks": [
                "『AmiaはMV初稿の書き出し中』"
            ]
        },
        {
            "fileName": "nightcode_01_05",
            "talks": [
                "『……うん、そうだね。\nじゃあ、Amiaも進捗報告お願い』",
                "『どうしたの、Amia』"
            ]
        },
        {
            "fileName": "nightcode_01_06",
            "talks": [
                "……えななんと、Amiaでしょ？",
                "わかった、瑞希、絵名"
            ]
        },
        {
            "fileName": "nightcode_01_07",
            "talks": [
                "瑞希……！！"
            ]
        },
        {
            "fileName": "nightcode_01_14",
            "talks": [
                "『……えななん、Amia』"
            ]
        },
        {
            "fileName": "nightcode_01_15",
            "talks": [
                "『Amia……』",
                "……Amiaに連絡しなくちゃ"
            ]
        },
        {
            "fileName": "vsnightcode_01_04",
            "talks": [
                "……疲れた。\n瑞希って足速いんだね"
            ]
        },
        {
            "fileName": "event_02_03",
            "talks": [
                "『そういえば、チケットに載ってる人形の服が\nAmiaっぽいかも』"
            ]
        },
        {
            "fileName": "event_02_04",
            "talks": [
                "うん。絵名と瑞希はまだ来てないみたい"
            ]
        },
        {
            "fileName": "event_14_05",
            "talks": [
                "『えななんの絵とAmiaのMVがあるから、\nたくさんの人に歌が届くのに』",
                "『うん。えななんとAmiaが入ってくれてから、\n再生数もすごく伸びた』"
            ]
        },
        {
            "fileName": "event_19_02",
            "talks": [
                "行こう、瑞希"
            ]
        },
        {
            "fileName": "event_19_03",
            "talks": [
                "あ、瑞希……"
            ]
        },
        {
            "fileName": "event_19_04",
            "talks": [
                "そういえば、瑞希はお姉さんがいるって言ってたっけ。\n海外に住んでるんだよね"
            ]
        },
        {
            "fileName": "event_19_07",
            "talks": [
                "うん。瑞希がいろんな場所に連れていってくれて、\nいろんな話をしてくれたから",
                "本当にありがとう、瑞希",
                "……瑞希？"
            ]
        },
        {
            "fileName": "event_19_08",
            "talks": [
                "うん。ありがとう、瑞希。\nじゃあね"
            ]
        },
        {
            "fileName": "event_26_03",
            "talks": [
                "……瑞希？\nどうしてここに……",
                "わ、ちょ、瑞希……！？"
            ]
        },
        {
            "fileName": "event_26_04",
            "talks": [
                "（たしかにあの時は、瑞希が旅行を提案してくれたから、\n新曲のアイディアを見つけられたんだった）"
            ]
        },
        {
            "fileName": "event_26_05",
            "talks": [
                "……ありがとう、瑞希",
                "……瑞希？",
                "でも、今日は瑞希のおかげで、いい気分転換ができた",
                "……だけど、瑞希がいろいろな場所に連れていってくれたから、\n気持ちが楽になったんだ",
                "だから、ありがとう瑞希",
                "瑞希……",
                "瑞希の……"
            ]
        },
        {
            "fileName": "event_26_06",
            "talks": [
                "（瑞希が探してくれたのに、せっかく見つけたのに……。\nでも、思い出したらわたしは——）",
                "瑞希……",
                "瑞希が連れて来てくれなかったら、思い出せなかった",
                "ありがとう、瑞希",
                "瑞希がいてくれたから、\n昔の思い出を、素直に受け止められたんだと思う"
            ]
        },
        {
            "fileName": "event_26_07",
            "talks": [
                "（今日は、瑞希のおかげでいろんなことを思い出せたな）"
            ]
        },
        {
            "fileName": "event_26_08",
            "talks": [
                "『……Amia、改めて、本当にありがとう』",
                "『Amiaがわたしの世界を広げてくれたから、\nわたしはあの曲を作れたんだと思う』"
            ]
        },
        {
            "fileName": "event_29_03",
            "talks": [
                "ありがとう、瑞希。\n助かったよ",
                "途中で倒れないようにしないと……。\n瑞希、野外ライブに持っていくと便利な物とか、\nあとで教えてくれないかな"
            ]
        },
        {
            "fileName": "event_29_06",
            "talks": [
                "それって、さっき射的の景品で瑞希がもらってたやつだよね"
            ]
        },
        {
            "fileName": "event_29_07",
            "talks": [
                "瑞希、キーホルダー見つかった？"
            ]
        },
        {
            "fileName": "017001_kanade02",
            "talks": [
                "『今まで通りやってくれればいいよ。\nえななんが描いた絵も、Amiaが作ってくれる動画も、\nみんな、大きくイメージから外れたことはないから』"
            ]
        },
        {
            "fileName": "017002_kanade01",
            "talks": [
                "『そう。それと……絵名や瑞希のことも』"
            ]
        },
        {
            "fileName": "017002_kanade02",
            "talks": [
                "瑞希にもいるの？",
                "絵名と瑞希には兄弟姉妹がいて、\nまふゆの好きな食べ物は空欄、と……"
            ]
        },
        {
            "fileName": "017006_kanade01",
            "talks": [
                "『雪、Amia、戻ってきてる？』"
            ]
        },
        {
            "fileName": "017006_kanade02",
            "talks": [
                "『ありがとう、Amia。\nえっと、まずは１枚目の絵から見てくれる？』",
                "『雪やAmiaとは前にも話したけど……』",
                "『うん。雪、Amia待たせてごめん。\n今日の作業、始めよう』"
            ]
        },
        {
            "fileName": "017010_kanade02",
            "talks": [
                "この一歩を踏み出せたのは、瑞希のおかげだな"
            ]
        },
        {
            "fileName": "018002_mafuyu02",
            "talks": [
                "瑞希、相変わらず猫舌なんだね"
            ]
        },
        {
            "fileName": "018003_mafuyu02",
            "talks": [
                "『えななんやAmiaと違って、\n雪はいつもミュートにしてなくても静かだから』"
            ]
        },
        {
            "fileName": "018006_mafuyu02",
            "talks": [
                "『体育祭のことは\nAmiaに聞かれて答えたっていう感じだったけど……』"
            ]
        },
        {
            "fileName": "018011_mafuyu02",
            "talks": [
                "『Amia、提案してくれてありがとう。\nおかげで、気分転換できた』"
            ]
        },
        {
            "fileName": "019006_ena02",
            "talks": [
                "あ、絵名と瑞希も来てたんだ"
            ]
        },
        {
            "fileName": "019008_ena02",
            "talks": [
                "『うん。お疲れさま、Amia』"
            ]
        },
        {
            "fileName": "019009_ena01",
            "talks": [
                "瑞希、相変わらず猫舌なんだね"
            ]
        },
        {
            "fileName": "019011_ena02",
            "talks": [
                "『でも昨日、えななんとAmiaは出かける予定だったよね。\n無事にパンケーキのお店、行けた？』"
            ]
        },
        {
            "fileName": "019012_ena02",
            "talks": [
                "『えななん、Amia。今、少し話せる？』",
                "『ふふ。Amiaも、ありがとう。\nちゃんと気をつけておくね』"
            ]
        },
        {
            "fileName": "020002_mizuki02",
            "talks": [
                "『……Amiaはいつも、Amiaらしいと思う』",
                "『Amiaは、自分が一番いいと思うものを持って楽しんでる。\nだから堂々としていてオシャレに見える』",
                "『そういう強さを持っているのが、\nAmiaだと、わたしは思う』"
            ]
        },
        {
            "fileName": "020006_mizuki02",
            "talks": [
                "『うん。あ……ねえ、Amia。\n最近、すごく調子いいみたいだけど、\n何かいいことでもあった？』"
            ]
        },
        {
            "fileName": "020007_mizuki02",
            "talks": [
                "『雪、Amiaの絵コンテを見て思ったんだけど、\n動画とリンクするキーワードみたいなもの、\n今からでも歌詞に入れられる？』",
                "『Amiaも、本当はわかってるんじゃない？\n絵のことで、誰かに何かを頼るのはえななんらしくないって』",
                "『それはAmiaも、だよね？』"
            ]
        },
        {
            "fileName": "020008_mizuki02",
            "talks": [
                "『うん。お疲れさま、Amia』"
            ]
        },
        {
            "fileName": "020010_mizuki01",
            "talks": [
                "瑞希、今日は本当にありがとう",
                "ありがとう、瑞希"
            ]
        },
        {
            "fileName": "020010_mizuki02",
            "talks": [
                "『あれ？　けどAmia、傘持ってたよね？』",
                "ありがとう、瑞希",
                "瑞希がいてくれたから、\n昔の思い出を、素直に受け止められたんだと思う"
            ]
        },
        {
            "fileName": "020012_mizuki02",
            "talks": [
                "『Amiaがわたしの世界を広げてくれたから、\nわたしはあの曲を作れたんだと思う』"
            ]
        },
        {
            "fileName": "021009_miku01",
            "talks": [
                "たしか、瑞希がミクに教えたんだよね。\nわたしがこの前来た時も、あやとりしてた"
            ]
        },
        {
            "fileName": "areatalk03_255",
            "talks": [
                "瑞希の声は、わたし達では出せない声質をしてる。\nそれが次の曲にマッチすると思ったから"
            ]
        },
        {
            "fileName": "areatalk03_274",
            "talks": [
                "気晴らしなら、この間瑞希がチャットに貼ってた\nゲーム実況がいいんじゃない？"
            ]
        },
        {
            "fileName": "areatalk03_282",
            "talks": [
                "それに、今度はまふゆと瑞希も連れてくる。\nだから、前やったみたいに一緒に歌おう"
            ]
        },
        {
            "fileName": "areatalk03_298",
            "talks": [
                "うん。素材になってる絵名のイラストもいいし\nどれも瑞希の力作だから見てほしい"
            ]
        },
        {
            "fileName": "areatalk_ev_night_03_001",
            "talks": [
                "…………あ。瑞希！"
            ]
        },
        {
            "fileName": "areatalk_ev_night_03_005",
            "talks": [
                "うん。あ……こういうの、ヘビロテって言うんでしょ？\n瑞希が教えてくれた"
            ]
        },
        {
            "fileName": "areatalk_ev_night_04_003",
            "talks": [
                "え、それは別に……あ、ちょっと、瑞希！？"
            ]
        },
        {
            "fileName": "areatalk_monthly2108_004",
            "talks": [
                "あ、瑞希。ちょっと太陽がまぶしすぎて、\n目を慣らしてたところ",
                "あ、待って瑞希。\nそんな明るいところに出たら目が潰れちゃうから……！"
            ]
        }
    ]
}