{
    "mainStory": 0,
    "eventStory": 1,
    "cardStory": 0,
    "areaTalk": 1,
    "talkPacks": [
        {
            "fileName": "event_21_06",
            "talks": [
                "……うん、決まったね。\n相談に乗ってくれてありがとう、カイトさん"
            ]
        },
        {
            "fileName": "areatalk_ev_street_04_006",
            "talks": [
                "カイトさん、こんにちは。\nなんだか困ってるみたいですけど、どうかしたんですか？"
            ]
        }
    ]
}