{
    "mainStory": 16,
    "eventStory": 89,
    "cardStory": 90,
    "areaTalk": 10,
    "talkPacks": [
        {
            "fileName": "wonder_01_00",
            "talks": [
                "お兄ちゃん、あの人、すっごくカッコいいね！\nキラキラしてる！",
                "あ、それより、今日アルバイトの面接だよね！\nがんばってね、お兄ちゃん！",
                "ありがとう、お兄ちゃん。でももう全然平気！\n高校生活はめいっぱい楽しんじゃうんだから！",
                "でも、嬉しいな。お兄ちゃんが夢に近づいてるって感じがして。\n昔から、スターになるって言ってたもんね",
                "あれ？　そういえば、なんでお兄ちゃんって\nスターを目指し始めたんだっけ？",
                "えっ！？\nお兄ちゃん、自分のことなのに忘れちゃってるの？",
                "あはは。でもそう言われたら、そんな気がしてきたかも。\nお兄ちゃんらしいし！",
                "え？　そう？\nそんなことより、早く準備しないとだよ！\nじゃあお兄ちゃん、がんばってね！",
                "お兄ちゃん！　バイトの面接行かないの？\n早くしないと遅刻するよー！"
            ]
        },
        {
            "fileName": "wonder_01_08",
            "talks": [
                "お兄ちゃん、新しいお芝居書いてるの？",
                "ちょっ……お兄ちゃん！？",
                "……！\nふふっ。ありがとう、お兄ちゃん",
                "お兄ちゃんって昔から、\nたくさんショー見せてくれたよね",
                "お兄ちゃん、今度やるショーもがんばってね！\nアタシ、がんばってるお兄ちゃん見ると元気になれるから！"
            ]
        },
        {
            "fileName": "wonder_01_14",
            "talks": [
                "……お兄ちゃん。なんでアタシだけ\nみんなと一緒に学校に行けないのかなぁ……",
                "もっと見せて！　お兄ちゃん！"
            ]
        },
        {
            "fileName": "event_01_01",
            "talks": [
                "次お兄ちゃん達が来る時には\n晴れてるといいな",
                "よかったー。\nお兄ちゃんが起こしてくれなかったら危なかったかも"
            ]
        },
        {
            "fileName": "event_01_04",
            "talks": [
                "え？　ちょ、ちょっとお兄ちゃん！\n何お父さんみたいな反応してるの？",
                "それで、お兄ちゃんはなんの用？",
                "そうなの！\nだからお兄ちゃんは安心して行ってきて",
                "もう。お兄ちゃんてば心配性なんだから……"
            ]
        },
        {
            "fileName": "event_01_06",
            "talks": [
                "お兄ちゃん……",
                "（お兄ちゃんにまで迷惑かけちゃった……）"
            ]
        },
        {
            "fileName": "event_04_02",
            "talks": [
                "なんかあの子、ちょっとお兄ちゃんっぽいなぁ"
            ]
        },
        {
            "fileName": "event_13_02",
            "talks": [
                "お兄ちゃんがチケットをくれたんだ！\n昔はみんなでよく遊びに行ってたし、\n練習の息抜きにどうかな～って！",
                "それに、お兄ちゃんがバイトしてるから、\nもしかしたらポチ公と握手させてもらえるかもしれないよ！\nすごいでしょ？"
            ]
        },
        {
            "fileName": "event_13_03",
            "talks": [
                "えむちゃん！　お兄ちゃんと一緒に\nショーをやってたんだね～！"
            ]
        },
        {
            "fileName": "event_13_04",
            "talks": [
                "お兄ちゃん、こんなところで言わなくても～っ",
                "お兄ちゃんともそうだし、\nLeo/needのみんなとも、小さい頃一緒に遊んだ\n大事な場所なんだ♪"
            ]
        },
        {
            "fileName": "event_13_05",
            "talks": [
                "あははっ♪　お兄ちゃん楽しそう！",
                "ありがとう、お兄ちゃん！\nいってらっしゃーい",
                "うん、わかった！\nがんばってね、お兄ちゃん！"
            ]
        },
        {
            "fileName": "event_13_06",
            "talks": [
                "はーい♪\nありがとう、お兄ちゃん！"
            ]
        },
        {
            "fileName": "event_13_07",
            "talks": [
                "うんうん、お兄ちゃんもカッコよかったな～♪"
            ]
        },
        {
            "fileName": "event_13_08",
            "talks": [
                "でも、またフェニランにも遊びに来ようよ！\nお兄ちゃんのショーも、みんなで見たいな～"
            ]
        },
        {
            "fileName": "event_16_01",
            "talks": [
                "お兄ちゃんのかぶと飾りもだけど、\nお父さん、こういうのすぐ買っちゃうから、\nお母さんも大変だよね～",
                "ちょ、ちょっとお兄ちゃん！　もっと普通で大丈夫だってば！\nいっちゃん達びっくりしちゃうよ",
                "そうなの！\nそれに、お兄ちゃんが一緒にいてくれるだけで十分楽しいもん！",
                "あ、そうだ！　\nお兄ちゃん、一緒におひな様とお内裏様飾らない？",
                "ホントは最初に飾るらしいんだけど、\nお兄ちゃんと一緒に飾りたいから、とっておいたんだ♪",
                "お内裏様をここに置いて、っと……。\n次はおひな様だね。はい、お兄ちゃんどうぞっ♪",
                "お兄ちゃん？",
                "えへへっ♪\n久々の飾りつけだから張り切っちゃった！\nお兄ちゃん、手伝ってくれてありがとう！"
            ]
        },
        {
            "fileName": "event_16_04",
            "talks": [
                "あ、お兄ちゃんととーやくんだ！\nやっほー！　おかえりなさーい！",
                "それにしても、お兄ちゃん達すっごい荷物だね！\n一体何買ってきたの？",
                "えっ、それ全部パーティーグッズなの！？\nすごいっ！　ありがとうお兄ちゃん！",
                "あれ？\nお兄ちゃん、何してるの？",
                "今日はスッキリ目が覚めちゃって！\nお兄ちゃんこそ、こんな早くにどうしたの？",
                "……あれ？　お兄ちゃんが持ってるの、アタシのひな人形？",
                "……お兄ちゃん、あの時のこと忘れちゃったの？",
                "お兄ちゃん、前から忘れっぽいって思ってたけど、\nまさかこの人形のことまで忘れちゃうなんて……",
                "お兄ちゃんの……お兄ちゃんの……忘れんぼ！",
                "もういい！　お兄ちゃんなんて知らない！\nあの時のことちゃんと思い出せるまで絶交だよ！",
                "忘れてるもん！\nお兄ちゃんが忘れてないって言うんなら、\nもう一生仲直りしないからね！"
            ]
        },
        {
            "fileName": "event_16_05",
            "talks": [
                "お兄ちゃんが……お兄ちゃんが～！！",
                "うわーーーーん！\nどうしよう、ほなちゃん！\nアタシ、お兄ちゃんにひどいこと言っちゃった～～～～！",
                "お兄ちゃんは、いつもアタシに笑顔をくれたのに……",
                "入院して、どんなに寂しくても、\nお兄ちゃんが励ましてくれたから大丈夫だったのに……",
                "ひな人形だって、アタシのために買ってきてくれたのに、\nアタシはお兄ちゃんにひどいこと言っちゃって……！",
                "うぅ……。\nお兄ちゃん、今日ちゃんと帰って来てくれるかな……",
                "……でも、お兄ちゃんがお弁当忘れてたから\nメッセージを送ったんだけど、それも既読にならなくて……"
            ]
        },
        {
            "fileName": "event_16_06",
            "talks": [
                "もういい！　お兄ちゃんなんて知らない！\nあの時のことちゃんと思い出せるまで絶交だよ！",
                "もういい！　お兄ちゃんなんて知らない！\nあの時のことちゃんと思い出せるまで絶交だよ！"
            ]
        },
        {
            "fileName": "event_16_07",
            "talks": [
                "えへへっ、アタシのお気に入りなんだ♪\n昔、お兄ちゃんが買ってきてくれて……",
                "あはは……。\nお兄ちゃんが昨日、いろいろ買ってきたみたいで……",
                "……このおひな様が汚れてるのは、\nお兄ちゃんがアタシのことを想ってくれてたからなんだよ",
                "アタシにとっては、このおひな様が世界で一番大切なの。\nお兄ちゃんとの、思い出のおひな様だから……",
                "あ……お兄ちゃん、まだ帰ってないんだけど……",
                "え？\nそんなこと、お兄ちゃん、ひと言も……",
                "お兄ちゃんは……いつもアタシのために……",
                "——って、お兄ちゃん！？"
            ]
        },
        {
            "fileName": "event_16_08",
            "talks": [
                "お兄ちゃん……",
                "お兄ちゃんこそ……！\n怒ってるんじゃなかったの！？",
                "お弁当も、スマホも忘れるなんて、\nホントにお兄ちゃんって忘れんぼだね",
                "お兄ちゃん……",
                "あのね、お兄ちゃん、\nたしかに……アタシ悲しかったよ",
                "お兄ちゃんが、あの日のこと忘れちゃったって思って",
                "違うの、お兄ちゃん。\nあの時アタシ、無理に笑ってたんじゃないよ",
                "アタシ、お兄ちゃんが来てくれたのが嬉しくて……、\n嬉しすぎて泣いちゃいそうだったんだ",
                "でも、泣いたらお兄ちゃん心配しちゃうし、\nお兄ちゃんといる時は笑顔でいたいって思ったから——",
                "お兄ちゃんがボロボロになってまで\nアタシのためにひな人形を持ってきてくれたのが\nすっごく嬉しかったの",
                "だから……新しい人形をお兄ちゃんが買ってきた時、\nあのひな人形のことを忘れちゃってるのかなって\n思って、悲しかったの",
                "でも、そうじゃなかったんだね。\nお兄ちゃん、ちゃんと覚えてくれてたんだ！",
                "本当のこと言えなくて、笑顔で嘘ついて……。\nだから、お兄ちゃんが勘違いしても仕方ないよ",
                "お兄ちゃんは、アタシの自慢の……大好きなお兄ちゃんだよ！",
                "わっ！　お兄ちゃん声が大きいってば！\nまたご近所さんがのぞきに来ちゃうよ！？",
                "あ！　その前にお兄ちゃん！",
                "お兄ちゃん、新しいひな人形持って来てくれる？",
                "あのひな人形も、お兄ちゃんがアタシのために\n買ってくれたものでしょ？"
            ]
        },
        {
            "fileName": "event_24_01",
            "talks": [
                "お兄ちゃんの代わりに、アルバイトに\n行ってもらえないかなって思って……！",
                "お兄ちゃんね、フェニックスワンダーランドが定休日の時、\nたまにエキストラのアルバイトをやってるんだ。\nスターになるなら場数を踏まねば！って",
                "それで、今日がそのアルバイトの日だったんだけど……。\nお兄ちゃんがね、体調崩しちゃったの",
                "『エキストラの派遣会社の人に電話してみたら、\n代わりの人がいれば大丈夫って言ってたから、\n代わりが見つかったらお兄ちゃんも休んでくれるかなって……』",
                "『とーやくんにかける前に、\nお兄ちゃんと一緒にショーをやってくれてる人にも\n電話してみたんだけど、全然つながらなくって……』",
                "『あ……！　お兄ちゃん、無理して動いちゃダメだよ！\n今代わりの人探してるから……』",
                "『あっ、とーやくん？　お兄ちゃんが\nこの礼は必ず！って叫んでたよ！』",
                "『うん！　あ、アルバイトの場所とか、やることについては、\nお兄ちゃんからメールで送ってもらうね！』"
            ]
        },
        {
            "fileName": "event_27_03",
            "talks": [
                "あ！　そういえばお兄ちゃん達のショーで聴いた曲、\nすっごくいいメロディーだったなあ",
                "お兄ちゃーん！\nこのあいだのショーでお兄ちゃん達が\n使ってた曲なんだけどー……"
            ]
        },
        {
            "fileName": "event_30_01",
            "talks": [
                "あ……ってことは、こはねちゃん、\nアタシのお兄ちゃんのことも知ってる？",
                "アタシのお兄ちゃん、天馬司っていうの。\nえむちゃんと一緒にワンダーステージで\nショーキャストをやってるんだよ！"
            ]
        },
        {
            "fileName": "event_30_02",
            "talks": [
                "うん！　お兄ちゃんがそのミュージカル好きだから、\nアタシも一緒に見てたんだ♪"
            ]
        },
        {
            "fileName": "event_33_04",
            "talks": [
                "うん！　アタシもお兄ちゃんと一緒に\nお月見パーティーしよっかな～"
            ]
        },
        {
            "fileName": "event_33_07",
            "talks": [
                "そうなの！\nお兄ちゃんとお団子食べる約束してるんだ♪"
            ]
        },
        {
            "fileName": "001007_ichika01",
            "talks": [
                "お兄ちゃんが衣装の飾りを作ったり、\n直したりした時に余った布だよ！\nどれもキラキラしてるし、絵柄もいい感じでしょ"
            ]
        },
        {
            "fileName": "002001_saki02 #58",
            "talks": [
                "あ、お兄ちゃんは今日バイトかも。\nちょっと前からフェニックスワンダーランドで\nキャストのバイト始めたんだ！",
                "うん！　お兄ちゃんびっくりするだろうなぁ♪"
            ]
        },
        {
            "fileName": "002001_saki02",
            "talks": [
                "あ、お兄ちゃんは今日バイトかも。\nちょっと前からフェニックスワンダーランドで\nキャストのバイト始めたんだ！",
                "うん！　お兄ちゃんびっくりするだろうなぁ♪"
            ]
        },
        {
            "fileName": "002003_saki01",
            "talks": [
                "あれ？　お兄ちゃん！",
                "うん！　あ、ねえねえ、聞いてよお兄ちゃん！",
                "……ねえ、お兄ちゃん",
                "だから、アタシが元気に明るく学校に行けてるのは、\nお兄ちゃんのおかげだよ",
                "お兄ちゃん、アタシ達、\n昔みたいにまたみんなで仲良くできるかな？",
                "わっ、ちょ、ちょっとお兄ちゃん！\n近所迷惑だってばー！",
                "（でも……なんでだろ。\nお兄ちゃんが言うと、なんとかなりそうなんだよね）",
                "お兄ちゃん"
            ]
        },
        {
            "fileName": "002009_saki01",
            "talks": [
                "ふんふっふふ～ん♪\nおっはよー、お兄ちゃん！",
                "うん！　うちでひな祭りのお祝いできるの\nすっごく久しぶりだから、\n盛大に祝おうってお兄ちゃんも言ってくれてるんだ♪",
                "だけど、お兄ちゃんがね……！"
            ]
        },
        {
            "fileName": "002009_saki02",
            "talks": [
                "それにお兄ちゃんのことも……。\nほなちゃん、本当にありがとう",
                "よし！　お兄ちゃんまだ帰って来てないみたい。\nほなちゃん、今のうちにあがってあがって！",
                "……アタシにとっては、\nお兄ちゃんががんばって運んで来てくれたっていう、\nいい思い出なんだけどね",
                "でも、お兄ちゃんはずっと気にしてくれてたみたいだし、\nこのひな人形を直してあげたいの",
                "この人形を見て、\nお兄ちゃんがもう悲しい顔をしなくてすむように",
                "お兄ちゃんとの大事な思い出だから、\nアタシがやらなくちゃ！",
                "あっ！　お、お兄ちゃん！？",
                "お、おかえり、お兄ちゃん！",
                "それはもちろん！　来年一緒に飾る時に\nお兄ちゃんをびっくりさせたいからだよ♪",
                "またお兄ちゃんやみんなと\nひな祭りできますようにっていう、お願いもこめて！"
            ]
        },
        {
            "fileName": "002011_saki01",
            "talks": [
                "あっ、お兄ちゃん",
                "ちょっと、お兄ちゃん！　アタシ、もう高校生だよ？\nゼリーくらいでいじけたりしないってばー",
                "あ。そういえば子供の頃、とーやくんとお兄ちゃん、\n一緒にピアノ弾いてたことあったよね！",
                "お兄ちゃんってば\n『いかに自由に弾けるか勝負だー！』とか言って、\nめちゃくちゃに弾いてたよね",
                "ええー、アタシはめちゃくちゃには弾いてないもん！\nお兄ちゃんのマネしただけです～",
                "お兄ちゃん達も……？",
                "……お兄ちゃんも、大変だったんだ",
                "ふふっ、ムチャクチャって、\nお兄ちゃんが言っちゃうの？",
                "あははっ、ホントお兄ちゃんってポジティブなんだから",
                "お兄ちゃん！　アタシ、部屋に戻る！\n戻って、曲作りがんばる！",
                "うん！　お兄ちゃん、ありがとう！"
            ]
        },
        {
            "fileName": "002013_saki01",
            "talks": [
                "お母さんもお兄ちゃんもいないし、\nリンちゃん、出てきても大丈夫だよ！"
            ]
        },
        {
            "fileName": "003008_honami01",
            "talks": [
                "うわーーーーん！\nどうしよう、ほなちゃん！\nアタシ、お兄ちゃんにひどいこと言っちゃった～～～～！"
            ]
        },
        {
            "fileName": "003008_honami02",
            "talks": [
                "お兄ちゃんから聞いたの。\nアタシがもう怒ってないってこと、\nわざわざお兄ちゃんの学校に行って伝えてくれたって",
                "悪いのはアタシとお兄ちゃんなんだから、\nほなちゃんからのごめんなさいは受けつけませ～ん！",
                "ほなちゃんのおかげでお兄ちゃんと仲直りできて\n楽しいひな祭りにできたんだよ？",
                "だから……ありがとう、ほなちゃん！\nアタシとお兄ちゃんのこと心配してくれて！"
            ]
        },
        {
            "fileName": "012003_touya01",
            "talks": [
                "もうお兄ちゃん遅い——って、とーやくん！？",
                "うわぁ、久しぶりだね！\nお母さんやお兄ちゃんから話聞いてたけど、\n直接会うのってホントに久しぶり！　元気にしてた？",
                "えへへ、ありがと。でもごめんね？\nお兄ちゃんに無理やり連れて来られちゃったんでしょ？",
                "あはは、お兄ちゃんやっぱりゲームヘタだなぁ。\nもしかしたらアタシでも勝てちゃうかも！",
                "……やったー！　お兄ちゃんに勝てた！",
                "もうお兄ちゃん大げさに悔しがりすぎだよ。\nとーやくんに笑われちゃってるよ？",
                "あー……久々にこんなに遊んだな～。\nお兄ちゃんもとーやくんも今日はありがとね"
            ]
        },
        {
            "fileName": "013005_tsukasa02",
            "talks": [
                "もう、お兄ちゃん！　バタバタうるさいよ！",
                "わっ！　ちょっとお兄ちゃん、大丈夫！？\n今、ものすごい勢いでベッドに小指ぶつけたよね！？"
            ]
        },
        {
            "fileName": "013008_tsukasa01",
            "talks": [
                "お兄ちゃん、こんなところで言わなくても～っ"
            ]
        },
        {
            "fileName": "013008_tsukasa02",
            "talks": [
                "お兄ちゃん、あの人、すっごくカッコいいね！\nキラキラしてる！",
                "ねえねえ、お兄ちゃん！",
                "……そういえば、お兄ちゃんってさ、\nいっつもアタシのこと考えてくれてるよね",
                "お兄ちゃん、覚えてる？\n小さい頃に見た、ミュージカルショー",
                "お兄ちゃんが自分で作ったショーだっていって\nいろいろ見せてくれるようになったよね",
                "お兄ちゃん……",
                "でもお兄ちゃん達なら、できちゃうかもね"
            ]
        },
        {
            "fileName": "013009_tsukasa01",
            "talks": [
                "お兄ちゃん、おかえり！",
                "あれ？　お兄ちゃん、なんかご機嫌ナナメ？",
                "そんな風にお兄ちゃんが怒ってるなんて、珍しいね",
                "えへへ。アタシのお兄ちゃんが、\nお兄ちゃんでよかったなぁって思って",
                "お兄ちゃん、いっつもアタシのことを一番に\n考えてくれてるでしょ？",
                "違うよ、お兄ちゃん。\nここまでしてくれるお兄ちゃん、アタシは他に知らないよ",
                "そうだよ！　こんなに妹のこと\n大切にしてくれるお兄ちゃん、他にいないんだから！",
                "アタシのお兄ちゃんはそれだけ、\n特別な、最っ高のお兄ちゃんなんだよ！",
                "だから、ふたりのお兄ちゃんにいじめられるっていう\nその妹ちゃんのことも、きっと助けてあげられるよ！",
                "ううん。アタシのお兄ちゃんなら絶対に大丈夫！\nアタシ、信じてる！",
                "よっ！　お兄ちゃんカッコイイー！\nヒュー！　ヒュー！"
            ]
        },
        {
            "fileName": "013010_tsukasa01",
            "talks": [
                "お兄ちゃん、まだ起きてる？",
                "お兄ちゃんの部屋の明かりが見えて……。\n本当にいるかなって、のぞいてみたくなっちゃった",
                "ふふ。ありがとう、お兄ちゃん。\nでも、大丈夫",
                "お兄ちゃんと話したら、ちょっと落ち着いてきた",
                "お母さんもお父さんもお兄ちゃんも\nすぐそばにいるし",
                "うん。お兄ちゃんに言われたとおり、\nその日楽しかったことを考えて\n明日を楽しみにしながら寝るようにしたの",
                "はーい。お兄ちゃんもあんまり夜更かししちゃだめだよ。\nおやすみ",
                "あ、そうだ、お兄ちゃん"
            ]
        },
        {
            "fileName": "013011_tsukasa01",
            "talks": [
                "ねえねえ、お兄ちゃん！",
                "アイス食べようと思うんだけど、\nお兄ちゃんも食べるでしょ？",
                "うん！　……ところでさ。\nお兄ちゃん、何かあった？",
                "……ますます怪しい。\nお兄ちゃん、絶対何かあったでしょ",
                "ねえ、お兄ちゃん。さっきのアイスの話だけど、\nチョコチップアイスとバニラアイスがあるよ。\nお兄ちゃんはどっちがいい？",
                "お兄ちゃんが選ばなかったほう！",
                "ダーメ！　アタシはお兄ちゃんが\n選ばなかったほうがいいんだもん♪"
            ]
        },
        {
            "fileName": "016007_rui01",
            "talks": [
                "うん。きっと、お兄ちゃんのムチャな思いつきとかも\nるいさんががんばって\nなんとかできるようにしてくれてるんだよ",
                "あはは……。あのお兄ちゃんと一緒に\nショーをやろうって思ってくれる人だもんね"
            ]
        },
        {
            "fileName": "021013_miku01",
            "talks": [
                "えへへ。この生地、お兄ちゃんが衣装の飾りを作ったり、\n直したりした時の余りだからね～"
            ]
        },
        {
            "fileName": "024002_luka01",
            "talks": [
                "お兄ちゃんの気持ちになれば、\nちょっと想像できる……かも？"
            ]
        },
        {
            "fileName": "areatalk02_044",
            "talks": [
                "えへへ、これぞ大人買い！　ありがと、お兄ちゃん♪"
            ]
        },
        {
            "fileName": "areatalk02_096",
            "talks": [
                "ねえねえ、お兄ちゃんがいるステージに行く前に、\nアトラクションにも乗ろうよ！\n例えば……ジェットコー……"
            ]
        },
        {
            "fileName": "areatalk02_112",
            "talks": [
                "見て、お兄ちゃん。\nパンダの顔になるフェイスパックだよ！　かわいいー！",
                "お兄ちゃん？　急にきょろきょろしてどうしたの？"
            ]
        },
        {
            "fileName": "areatalk_ev_band_04_002",
            "talks": [
                "実はちょっと早起きして、手作りしてるんだ！\nお父さんとお兄ちゃんの分も、アタシが作ってるんだよ♪"
            ]
        },
        {
            "fileName": "areatalk_ev_shuffle_03_003",
            "talks": [
                "お兄ちゃんの友達で、昔からの知り合いなんだけど、\n大きいぬいぐるみも、だいたい３回くらいで取っちゃうの！"
            ]
        },
        {
            "fileName": "areatalk_ev_shuffle_05_001",
            "talks": [
                "あ、お兄ちゃん見て見て！　あそこのアクセサリーショップ、\n桃の花のアクセサリーがあるよ！",
                "わぁ、お店の中にもお花のアクセサリーがいっぱい！\nお兄ちゃん、ちょっと寄ってもいい？",
                "ありがとう！\nじゃあお兄ちゃんのも一緒に探しちゃおーっと♪"
            ]
        },
        {
            "fileName": "areatalk_ev_shuffle_10_002",
            "talks": [
                "わぁ、それおいしそう！　それじゃあ両方買ってって、\nお兄ちゃんやお母さん達と一緒に食べよーっと♪"
            ]
        }
    ]
}