{
    "mainStory": 0,
    "eventStory": 5,
    "cardStory": 8,
    "areaTalk": 1,
    "talkPacks": [
        {
            "fileName": "event_16_06",
            "talks": [
                "……じゃあせっかく来たし、司の代わりに手伝おうかな。\nルカさん、どこを飾りつければ……"
            ]
        },
        {
            "fileName": "event_32_07",
            "talks": [
                "あ、ルカさん！",
                "あ……そうだ。ルカさんに海を見せるって約束、\nすっかり忘れちゃってた。ごめん……"
            ]
        },
        {
            "fileName": "event_32_08",
            "talks": [
                "……ルカさん",
                "（……ルカさんは優しいな）"
            ]
        },
        {
            "fileName": "014012_emu02",
            "talks": [
                "ルカさんも結構はしゃいでたし、\n今頃セカイで爆睡してるかもね"
            ]
        },
        {
            "fileName": "015010_nene02",
            "talks": [
                "（ルカさんもああ言ってくれてたし、\n焦って決めないで、しっかり考えよう）"
            ]
        },
        {
            "fileName": "022008_rin02",
            "talks": [
                "あ、もうえむ！\nルカさんが寝てるのに、そんな大きな声で……"
            ]
        },
        {
            "fileName": "024008_luka02",
            "talks": [
                "そういえば、司が真剣な表情でルカさんと\n何か話してるのを見かけたんだけど、\nたしかにその時は眠そうじゃなかったかも……"
            ]
        },
        {
            "fileName": "024012_luka01",
            "talks": [
                "あ、おはよう。ルカさん",
                "ルカさんは大丈夫？",
                "あ、ルカさんもショーを見てくれてたんだね"
            ]
        },
        {
            "fileName": "024012_luka02",
            "talks": [
                "ありがとう、ルカさん。\nでも、どう頑張れば……"
            ]
        },
        {
            "fileName": "areatalk_ev_shuffle_05_008",
            "talks": [
                "……ルカさん、歌の練習につきあってくれてありがとう"
            ]
        }
    ]
}