{
    "mainStory": 9,
    "eventStory": 50,
    "cardStory": 74,
    "areaTalk": 18,
    "talkPacks": [
        {
            "fileName": "wonder_01_07",
            "talks": [
                "やったー！\nよろしくねっ☆　ネネロボちゃんと寧々ちゃんっ！"
            ]
        },
        {
            "fileName": "wonder_01_13",
            "talks": [
                "寧々ちゃん……。\nそんなにしょんぼりしないで。ね？",
                "寧々ちゃんっ！"
            ]
        },
        {
            "fileName": "wonder_01_16",
            "talks": [
                "待って寧々ちゃーーーーーん！！",
                "寧々ちゃん、つーかまーえたっ！！",
                "あっ、寧々ちゃん大丈夫？\nもしかしてあたし、ケガさせちゃった？",
                "寧々ちゃん……",
                "わ～いっ！\nまたよろしくね、寧々ちゃん！　ネネロボちゃん！"
            ]
        },
        {
            "fileName": "wonder_01_17",
            "talks": [
                "えっ？　寧々ちゃん、類くんのおうち知ってるの？"
            ]
        },
        {
            "fileName": "event_03_07",
            "talks": [
                "ふたりが仲直りできてよかったね、寧々ちゃん！"
            ]
        },
        {
            "fileName": "event_08_01",
            "talks": [
                "やった～！　寧々ちゃんの歌がいっぱい聴けちゃうねっ♪",
                "あたしは歌ってほしいな♪\n寧々ちゃんの歌だ～い好きだもん！"
            ]
        },
        {
            "fileName": "event_08_02",
            "talks": [
                "寧々ちゃん？"
            ]
        },
        {
            "fileName": "event_08_03",
            "talks": [
                "寧々ちゃん……"
            ]
        },
        {
            "fileName": "event_08_04",
            "talks": [
                "ねえ類くん、寧々ちゃん大丈夫かな。\n今日、朝からずーっと歌の練習してるよ",
                "寧々ちゃん……"
            ]
        },
        {
            "fileName": "event_08_05",
            "talks": [
                "あのね、あたし寧々ちゃんのこと、\nもっと知りたいって思ったの！",
                "うん！　寧々ちゃんは昔からショーやってるんだよね？\nどんなショーやってたの？　どのショーが一番好き？　\nそれから……",
                "寧々ちゃんのこと、いっぱい聞いちゃおー！\nじゃあ……ショーをやろうと思ったのはいつだったの？",
                "うん！　えへへ、今は寧々ちゃんと座ってるから、\nなんだか不思議な感じだね～♪"
            ]
        },
        {
            "fileName": "event_08_07",
            "talks": [
                "寧々ちゃん、遅いね。\n大丈夫かなぁ",
                "あ、寧々ちゃん！",
                "……うんっっ！！\n寧々ちゃんなら絶対歌えるよ！",
                "わぁ……っ！！\n寧々ちゃん、すごい……！"
            ]
        },
        {
            "fileName": "event_08_08",
            "talks": [
                "あ！　今回のショーは１位だっ！\n１位だよ寧々ちゃん！",
                "こ～んなにニッコリ笑ってる寧々ちゃん、\n初めて見れたよ～！"
            ]
        },
        {
            "fileName": "event_13_03",
            "talks": [
                "ねっ、寧々ちゃん！"
            ]
        },
        {
            "fileName": "event_13_06",
            "talks": [
                "寧々ちゃん、どうしたの？"
            ]
        },
        {
            "fileName": "event_13_07",
            "talks": [
                "こ～んなにニッコリ笑ってる寧々ちゃん、\n初めて見れたよ～！"
            ]
        },
        {
            "fileName": "event_13_08",
            "talks": [
                "なんだか、寧々ちゃん嬉しそうだね☆"
            ]
        },
        {
            "fileName": "event_15_05",
            "talks": [
                "あのね、あたし寧々ちゃんのこと、\nもっと知りたいって思ったの！",
                "うん！　寧々ちゃんは昔からショーやってるんだよね？\nどんなショーやってたの？　どのショーが一番好き？　\nそれから……",
                "寧々ちゃん……",
                "（寧々ちゃん達だったらきっと、\nあたしの話を聞いてくれて、一緒に考えてくれて——）"
            ]
        },
        {
            "fileName": "event_15_06",
            "talks": [
                "（……寧々ちゃんも、そういうことが言いたかったのかな）"
            ]
        },
        {
            "fileName": "event_16_02",
            "talks": [
                "カッコイイ～！\n飛べるようにしてもらえてよかったね！　寧々ちゃん！"
            ]
        },
        {
            "fileName": "event_25_05",
            "talks": [
                "寧々ちゃん、類くん……！"
            ]
        },
        {
            "fileName": "event_32_01",
            "talks": [
                "あっ、寧々ちゃーん！",
                "あっ、寧々ちゃん！\n今日は練習の前にお話がありまーすっ！",
                "寧々ちゃん、人魚姫が好きなの？"
            ]
        },
        {
            "fileName": "event_32_02",
            "talks": [
                "えー！？　じゃあ、寧々ちゃんの好きな俳優さん、\nみんなで見に行けるかもしれないの！？",
                "でもでもあたし、寧々ちゃんのお話聞いてたら、\n人魚姫やりたくなってきたよー！"
            ]
        },
        {
            "fileName": "event_32_04",
            "talks": [
                "あっ、いたいた～！！\n寧々ちゃん、こっちの片づけ終わったからお手伝いに……",
                "寧々ちゃん？",
                "わわわっ！？\nね、寧々ちゃん～！　落ち着いて～！？"
            ]
        },
        {
            "fileName": "event_32_06",
            "talks": [
                "で、でもでもどうしよう！\nあたし達の出番は寧々ちゃんのシーンのあとだから、\n今出ていっちゃうと変だし……！",
                "ええっ！？\n寧々ちゃん、歌いだしたよ！",
                "寧々ちゃん！\nネネロボちゃん、動けるよ～！",
                "寧々ちゃ～～～ん！！！",
                "寧々ちゃん、とってもとってもわんだほいだったよー！！\n寧々ちゃんの歌も、いつもよりもーっとわんだほい！！",
                "うんっ！\n寧々ちゃん、キラキラお星さまだったよ！",
                "ううん！　こっちは大丈夫だよ寧々ちゃん！\nゆっくりお話してきてっ♪"
            ]
        },
        {
            "fileName": "event_32_08",
            "talks": [
                "寧々ちゃん類くん見て見て～！\nこの花火、すっごく大きいよ！"
            ]
        },
        {
            "fileName": "event_36_06",
            "talks": [
                "寧々ちゃんが困った時に\nしゅばばばばーってステージに行けるように、\nちゃんと準備運動もしておくよ！"
            ]
        },
        {
            "fileName": "event_36_08",
            "talks": [
                "寧々ちゃ～～～～ん！\nわんだほーいアターック！",
                "えへへ♪　天井をすすすすす～って動いて、\n寧々ちゃんの上からぴょんって来たんだよ！"
            ]
        },
        {
            "fileName": "event_36_09",
            "talks": [
                "わあ、お客さん達みんな寧々ちゃんの歌にフルフルしてるよ！"
            ]
        },
        {
            "fileName": "event_38_06",
            "talks": [
                "なーにー？　寧々ちゃんっ"
            ]
        },
        {
            "fileName": "event_38_08",
            "talks": [
                "ほんと！？　寧々ちゃん、すごーいっ！"
            ]
        },
        {
            "fileName": "013006_tsukasa01",
            "talks": [
                "寧々ちゃーん！\nさっきのシーン、もうちょっと練習したいんだけど、\n一緒にやってもらってもいいかな？"
            ]
        },
        {
            "fileName": "013007_tsukasa01",
            "talks": [
                "あいあいさー！\n寧々ちゃんもよろしくー！"
            ]
        },
        {
            "fileName": "013007_tsukasa02",
            "talks": [
                "うん、なかなかピカピカにならないねー。\n寧々ちゃんのほうはー？"
            ]
        },
        {
            "fileName": "013011_tsukasa01",
            "talks": [
                "あ！　今回のショーは１位だっ！\n１位だよ寧々ちゃん！"
            ]
        },
        {
            "fileName": "013011_tsukasa02",
            "talks": [
                "わーい！　寧々ちゃんに褒められた～♪"
            ]
        },
        {
            "fileName": "013012_tsukasa01",
            "talks": [
                "ねえ、寧々ちゃん！\nそのお友達ってどんな子！？"
            ]
        },
        {
            "fileName": "014002_emu01",
            "talks": [
                "そーだっ♪\n寧々ちゃんと類くんにも伝えてあげなくっちゃ！",
                "寧々ちゃーん♪　類くーん♪"
            ]
        },
        {
            "fileName": "014006_emu01",
            "talks": [
                "前に寧々ちゃんがネネロボちゃんに乗って、\nシュイーンって走っていった時のことを思い出して、\nマネしてみたんだ♪",
                "それじゃあ、一緒にワンダーステージに帰ろう？\n寧々ちゃんもパンダさんも\n心配して待っててくれてるよ",
                "寧々ちゃんも司くんのこと、心配してくれたんだね"
            ]
        },
        {
            "fileName": "014006_emu02",
            "talks": [
                "そしたら今度は、類くんがロボット連れてきて！\nそのロボットを操作してるのが寧々ちゃんで！"
            ]
        },
        {
            "fileName": "014008_emu01",
            "talks": [
                "ねえねえ、寧々ちゃん！　この飾りすっごくかわいいよ！\nそれにこっちのもかわいい色してるんだっ☆"
            ]
        },
        {
            "fileName": "014009_emu02",
            "talks": [
                "だって、早くみんなに会いたかったんだもん♪\nねえねえ、寧々ちゃんと類くんも探しに行こうよ～っ！",
                "（……！　類くんと寧々ちゃんだ！）",
                "あ！　類くん、寧々ちゃん！"
            ]
        },
        {
            "fileName": "014011_emu01",
            "talks": [
                "……あ、そうだ！　もし寧々ちゃん達が、\n海に行ったらやりたいこととか、教えてほしいな！"
            ]
        },
        {
            "fileName": "014011_emu02",
            "talks": [
                "はい、これ！\n手の平にピッタリサイズなおっきな巻貝！\n寧々ちゃんにプレゼントっ☆"
            ]
        },
        {
            "fileName": "014012_emu02",
            "talks": [
                "えへへっ、あたし寧々ちゃんのとーなり♪",
                "じゃあ、寧々ちゃんは？"
            ]
        },
        {
            "fileName": "014013_emu01",
            "talks": [
                "ほんと！？　やったー！\n寧々ちゃんに褒められた～♪",
                "司くんや寧々ちゃんや類くん、\nミクちゃん達だって応援してくれてるし——"
            ]
        },
        {
            "fileName": "014013_emu02",
            "talks": [
                "司くん、類くん、寧々ちゃん！？\nな、なんで！？"
            ]
        },
        {
            "fileName": "015003_nene02",
            "talks": [
                "あっ、寧々ちゃん！\nやっほー！",
                "うん！\n寧々ちゃんは？",
                "寧々ちゃんの夢って、ミュージカルの役者さんなんでしょ？\nなんで目指そうって思ったの？",
                "へー！\n寧々ちゃん、歌がうまいからすごいなあって思ってたけど\n子どもの頃から練習してたんだね！",
                "寧々ちゃんといっぱいお話できて楽しいな～って思って！",
                "寧々ちゃんは？　楽しい？"
            ]
        },
        {
            "fileName": "015005_nene02",
            "talks": [
                "寧々ちゃん、みーつけたっ！！",
                "えへへー、来ちゃった♪\n寧々ちゃん、お昼一緒に食べよ♪",
                "びっくりした～！\n寧々ちゃんのあーんなに大きな声、初めて聞いた！",
                "あれ？　寧々ちゃん、知らなかったっけ？\nホログラム機能があるスマホなら、\nミクちゃん達とお話しできるんだよ",
                "うー、ダメかな？\nあたしだけ別なのさみしいし、\n寧々ちゃんとお昼ご飯食べたいと思ったんだけど……",
                "やった～♪\nこれでいつでも、寧々ちゃんと、\nそれにみんなと一緒にお昼食べられるね♪",
                "『寧々ちゃんは、大事な友達だから！』"
            ]
        },
        {
            "fileName": "015007_nene02",
            "talks": [
                "寧々ちゃーん！！　良かったよー！\nひゅーひゅー！",
                "だって、寧々ちゃんの歌、\n本当にキレイですてきだったんだもん♪"
            ]
        },
        {
            "fileName": "015008_nene01",
            "talks": [
                "寧々ちゃん！"
            ]
        },
        {
            "fileName": "015009_nene02",
            "talks": [
                "あっ、寧々ちゃんも一緒に練習する？",
                "ありがとう、寧々ちゃん！\nすっごく……すっごく嬉しい！",
                "えへへっ☆　寧々ちゃんのお友達が遊びに来てくれるなら、\nいつもよりめいっぱいがんばっちゃおうっかな♪"
            ]
        },
        {
            "fileName": "015010_nene02",
            "talks": [
                "（大丈夫だよ！　寧々ちゃん！）",
                "寧々ちゃん、カーテンコールだよ！\n行こっ♪"
            ]
        },
        {
            "fileName": "015011_nene01",
            "talks": [
                "寧々ちゃん、ビクッそわそわーってしてたね",
                "あ、そうだ！　寧々ちゃん、あたしね、\n寧々ちゃんと類くんが見た人魚姫が見たいなっ☆",
                "あの時、着ぐるみさんにお願いして、\nその劇のDVDを見たんだけど、\n寧々ちゃんの憧れの俳優さんじゃない人が人魚姫だったの",
                "その劇もすっごく良かったんだけど、\nでも、寧々ちゃんや類くんがショーを好きになった\nきっかけのショーも見たいなーって！",
                "寧々ちゃん、いらっしゃ～～～いっ♪"
            ]
        },
        {
            "fileName": "016003_rui01",
            "talks": [
                "寧々ちゃん！　類くん！　ネネロボちゃん！\n仲間になってくれてありがと～☆"
            ]
        },
        {
            "fileName": "016003_rui02",
            "talks": [
                "どんなお話なのー？\n寧々ちゃん知ってる？"
            ]
        },
        {
            "fileName": "016007_rui02",
            "talks": [
                "おー！\n寧々ちゃん、がんばろうね！",
                "一歌ちゃん？\n寧々ちゃんもお友達になったんだよね！",
                "寧々ちゃん！\nあたし同じ学校だし、明日聞いてみるよ！",
                "あっ！　寧々ちゃん、リンちゃんだよ！",
                "やろうよ、類くん、司くん！\n寧々ちゃんと一歌ちゃんのお友達大作戦！"
            ]
        },
        {
            "fileName": "016008_rui02",
            "talks": [
                "あ！　寧々ちゃんも一緒に考えよーう♪\n毛虫さんがどんなチョウチョさんになるか！",
                "司くーん！　寧々ちゃーん！\n毛虫さんとさよならしてきたよ～……お？"
            ]
        },
        {
            "fileName": "016009_rui02",
            "talks": [
                "おおー！　なんだか楽しそうだね♪\n寧々ちゃん、あたし達も見学しよっ☆"
            ]
        },
        {
            "fileName": "016010_rui02",
            "talks": [
                "そっかぁ……。\nでも、寧々ちゃんのクラスの友達なんだよね！"
            ]
        },
        {
            "fileName": "016011_rui01",
            "talks": [
                "どんなショーになるか楽しみだね、寧々ちゃん♪"
            ]
        },
        {
            "fileName": "016012_rui01",
            "talks": [
                "それでもい～のっ☆\n寧々ちゃん、類くん、一緒に帰ろう♪"
            ]
        },
        {
            "fileName": "016012_rui02",
            "talks": [
                "おおー！　なんだろうね、寧々ちゃん！"
            ]
        },
        {
            "fileName": "021005_miku02",
            "talks": [
                "む？　難しそうな顔してるけど、どうしたの？\nヘンな寧々ちゃん",
                "そういえば、学校が違うから\n寧々ちゃんがいつもどんな感じなのか知らないかも！",
                "ねえねえ、寧々ちゃん～！\n教えて？"
            ]
        },
        {
            "fileName": "023007_len02",
            "talks": [
                "ん～。すっごーく難しいんだけど、\n寧々ちゃん達が一緒に考えてくれるって！",
                "あたしもみんなのショー、見たーい！\n寧々ちゃんも見たいよね♪",
                "いいの？　やったー！\n寧々ちゃんも、一緒に踊ろ～♪"
            ]
        },
        {
            "fileName": "024012_luka01",
            "talks": [
                "寧々ちゃーん！",
                "寧々ちゃん、さっきまで眠そうだったけど、\nおめめ覚めた？"
            ]
        },
        {
            "fileName": "026007_kaito02",
            "talks": [
                "わーい♪　さー、寧々ちゃんも！"
            ]
        },
        {
            "fileName": "026009_kaito02",
            "talks": [
                "そっか！\nねえ、寧々ちゃん！　あとでみんなを探そうよ！"
            ]
        },
        {
            "fileName": "026010_kaito01",
            "talks": [
                "あ、そういえば！\n寧々ちゃん、昔人魚姫の劇を見たんだよね！"
            ]
        },
        {
            "fileName": "areatalk02_048",
            "talks": [
                "あ、見て見て、寧々ちゃん！\nクレーンゲームにかわいいぬいぐるみがあるよ！",
                "そういえば、寧々ちゃんってゲーム強いんだよね！"
            ]
        },
        {
            "fileName": "areatalk02_057",
            "talks": [
                "寧々ちゃん！　ここのアップルパイ美味しいんだよっ"
            ]
        },
        {
            "fileName": "areatalk02_197",
            "talks": [
                "うん！　ここならな〜んでもそろってるからねっ！\n寧々ちゃんは、違うの？"
            ]
        },
        {
            "fileName": "areatalk02_198",
            "talks": [
                "えへへ。やっぱり寧々ちゃんも、\nみんなが笑顔でいてくれるの、嬉しいよね！"
            ]
        },
        {
            "fileName": "areatalk02_202",
            "talks": [
                "へ〜っ！　寧々ちゃんはよく聴くの？"
            ]
        },
        {
            "fileName": "areatalk02_393",
            "talks": [
                "やったー！\n司くんと寧々ちゃん、どーこかなぁ～♪"
            ]
        },
        {
            "fileName": "areatalk03_211",
            "talks": [
                "寧々ちゃん、ネネロボちゃんをすっごく上手に動かしてるよね！\nどうしてあんなに上手にできるの？"
            ]
        },
        {
            "fileName": "areatalk03_212",
            "talks": [
                "寧々ちゃん……"
            ]
        },
        {
            "fileName": "areatalk03_214",
            "talks": [
                "寧々ちゃんが教えてくれる映画、いつも面白いよね"
            ]
        },
        {
            "fileName": "areatalk03_215",
            "talks": [
                "あった！　ほら見て、寧々ちゃん、類くん！\n頭が３つあるワンチャンのパジャマまだ売ってた！"
            ]
        },
        {
            "fileName": "areatalk03_218",
            "talks": [
                "寧々ちゃーん。……すっぱい顔っ！"
            ]
        },
        {
            "fileName": "areatalk03_222",
            "talks": [
                "寧々ちゃん！\nネネロボちゃんのビーム、見～せてっ♪"
            ]
        },
        {
            "fileName": "areatalk_ev_shuffle_01_009",
            "talks": [
                "はい！　ワンダーステージっていうところで、\n司くんや寧々ちゃん、類くんや着ぐるみさん達と\nみんなを笑顔にするショーをやってます！"
            ]
        },
        {
            "fileName": "areatalk_ev_shuffle_10_004",
            "talks": [
                "うん♪　類くんや司くんや寧々ちゃん、\nみんなで考えたんだっ☆"
            ]
        },
        {
            "fileName": "areatalk_ev_shuffle_12_008",
            "talks": [
                "あれ？　寧々ちゃん、ネネロボちゃんは？\n今日、一緒じゃないの？"
            ]
        },
        {
            "fileName": "areatalk_ev_wonder_04_004",
            "talks": [
                "司くーん、寧々ちゃーん、類くーん！\n早くワンダーステージ行こうよ～♪"
            ]
        },
        {
            "fileName": "areatalk_ev_wonder_05_003",
            "talks": [
                "でしょー！　お姉ちゃんと食べた時もすっごく\nおもしろかったから、寧々ちゃんとも一緒に食べたくって♪"
            ]
        }
    ]
}