{
    "mainStory": 10,
    "eventStory": 16,
    "cardStory": 61,
    "areaTalk": 16,
    "talkPacks": [
        {
            "fileName": "vsstreet_01_03",
            "talks": [
                "わたしとレンの歌いたいパートがかぶっちゃって\nそれで、どっちが歌うかで言い合いになって……",
                "わたしがレンに怒ったら、つられてレンも怒っちゃったの",
                "それでわたしが、レンのわからず屋！って無視しちゃったから、\n無視し返されて……それから、ずーっとこんな感じなんだ",
                "このままレンと話せないのはイヤだから、\n謝りたいって思ってるんだけど、でも勇気が出なくて……",
                "でも、このままずーっと、レンとケンカしたままになって、\nもう話せなくなっちゃったらどうしよう",
                "そっか、そうだよね……！　わたし、メイコの言う通り\nレンに会って、ちゃんと話するよ！",
                "うん。レンもわたしも\nメイコが作ってくれたレモンソーダをよく頼んで……",
                "……決めた。\n私、今からレンに謝りに行ってくる！",
                "ごめん、メイコ。\nまだ飲めない。レンと一緒に飲みたいの",
                "うん、ありがと、メイコ！\nすぐレンと戻ってくるから"
            ]
        },
        {
            "fileName": "event_09_06",
            "talks": [
                "はーい！　ねえねえ、レンはどれにする？",
                "でも、ダラダラしすぎないように\n何か運動しなきゃねって、レンと話してたんだよ",
                "とーぜん！　わたしとレンが最高の相棒だってこと、\nこの勝負で証明しちゃおうね！",
                "あ、レンのほうに行ったよ！",
                "レンはわたしの相棒だから、\n罰ゲームもふたりで受けたいの！",
                "やったね、レン！　１点取ったよ～！"
            ]
        },
        {
            "fileName": "event_09_07",
            "talks": [
                "やったね、レン！",
                "えへへっ♪　レンもねっ！",
                "わたしもー！　何歌おっか？\nレンがDJやって、わたしがこはね達と歌って、それから——！"
            ]
        },
        {
            "fileName": "event_13_03",
            "talks": [
                "レンと一緒だったら、もっともっともーっと\nハッピーなショーができると思うんだぁ♪"
            ]
        },
        {
            "fileName": "event_15_06",
            "talks": [
                "うん！　レンの言うとーりっ！"
            ]
        },
        {
            "fileName": "event_21_01",
            "talks": [
                "ひどいよカイト！\nレンのとっておきのアイス食べちゃうなんて！"
            ]
        },
        {
            "fileName": "event_31_05",
            "talks": [
                "あのね、レンってばMCの時に\nカッコつけたことばっかり言うの！"
            ]
        },
        {
            "fileName": "event_31_06",
            "talks": [
                "３つ目のMC、とってもおもしろいね！\nわたしとレンの早口言葉勝負なんて、\n全然思いつかなかった～！",
                "——レン、すごい！"
            ]
        },
        {
            "fileName": "event_37_01",
            "talks": [
                "えー？　どうしたのレン。\n急にこはねちゃんに張りあっちゃって"
            ]
        },
        {
            "fileName": "011009_akito02",
            "talks": [
                "うん！　レンが彰人くんにリフティングっていうのを\n教えてもらうって聞いて、\nなんだかおもしろそうだなぁって思って見に来たの！",
                "がんばれー、レン！\nわたし、数えててあげるからね！",
                "——４、５……！\nレン、いい感じ！",
                "うん！　レン、がんばれー！"
            ]
        },
        {
            "fileName": "012006_touya02",
            "talks": [
                "わぁー！　かわいい！\n見てよレン！　クマさんだよ！"
            ]
        },
        {
            "fileName": "012007_touya01",
            "talks": [
                "えー、でもクラシックだよ？\nレンは途中で寝ちゃうんじゃない？"
            ]
        },
        {
            "fileName": "021014_miku01",
            "talks": [
                "『わぁ……！　レン、見て見て！』"
            ]
        },
        {
            "fileName": "022001_rin02",
            "talks": [
                "レン、疲れてない？　遅れないでよ～？"
            ]
        },
        {
            "fileName": "022004_rin01",
            "talks": [
                "えーっと、レンは……っと",
                "うん……前までレンとケンカしてたし、\nここに来ると顔あわせちゃうかもしれなかったからさー",
                "それで、レンはどんな感じだったの？",
                "あっ、レン！　わたし、ずっと待ってたんだからね！",
                "ダメー！　レンには教えてあげない！\nわたしとメイコの秘密だもんっ",
                "…………。ねえ、レン",
                "レンの相棒って、わたしでいいんだよね？",
                "わたしはレンがいいの！\nレン以外なんて考えられないよ！",
                "え！？　レン、ミルク入れないで飲めるの？\nすごーい！　大人じゃん！"
            ]
        },
        {
            "fileName": "022004_rin02",
            "talks": [
                "ううん、今日は別のメニューにしようって\nレンと話してたの",
                "ねえ、レン。ちょっと思いついちゃったんだけど……\nわたし達でイベントやってみない？",
                "うん、レンは……あ。\nもう何も入れないで飲めるんだよね！",
                "んー……わたしもそうかも。レンならわがまま言っても\n大丈夫だーって思っちゃってる気がする",
                "だから、たまに言い過ぎちゃったり、\nいじわるしちゃったりして……ごめんね、レン"
            ]
        },
        {
            "fileName": "022006_rin01",
            "talks": [
                "わぁっ……！　レンが言ってたとおりだねっ！\n寧々ちゃんの歌、すごーい……！",
                "うん！　レンもありがとう、仲良くなるの手伝ってくれて！"
            ]
        },
        {
            "fileName": "022008_rin01",
            "talks": [
                "レン……",
                "レン、ぬいぐるみのみんなもごめんね。\nリン……えっと……がんばりすぎないくらいにがんばる！"
            ]
        },
        {
            "fileName": "022012_rin01",
            "talks": [
                "うんっ♪　リンが森の少女の役で、\nレンが将校さんをやるんだけど——"
            ]
        },
        {
            "fileName": "022012_rin02",
            "talks": [
                "レン、そっちは準備できたー？",
                "カイトー！　レンも、準備できたって♪",
                "（類くんが考えた、このドキドキワクワクするショーを、\nレン達と一緒にしたい！）",
                "（レンも、もしかしたら同じ気持ちなのかな？）"
            ]
        },
        {
            "fileName": "023001_len01",
            "talks": [
                "えへへ、マイク置いてきちゃった！\nレン、貸してー",
                "わあ、それ楽しそう！\nそれがいい！　やろうっ、レン！"
            ]
        },
        {
            "fileName": "023001_len02",
            "talks": [
                "えへへ、マイク置いてきちゃった！\nレン、貸してー",
                "わあ、それ楽しそう！\nそれがいい！　やろうっ、レン！"
            ]
        },
        {
            "fileName": "023005_len01",
            "talks": [
                "あ、そうだ！\nねえレン、パフェを賭けて勝負しようよ！",
                "あっ……！\nもう、レンってば速すぎ！　これじゃ取れないっ……！",
                "ふふーん、やっぱり右！\nレンの考えなんて、お見通しなんだから！",
                "ふふ、しょうがないなあ。レンがそこまで言うなら\nパフェ、半分食べてあげてもいいよ",
                "あ、もうレンってば！\nそこ食べちゃったらアイスが落っこちちゃうよ～！"
            ]
        },
        {
            "fileName": "023006_len01",
            "talks": [
                "オッケー♪　それじゃあ、まずこれかな。\nこれは……レンの真後ろの棚の、下から二段目！",
                "これと、その次のこれはふたつ上の棚だから……。\nちょうど、レンの目の高さとおんなじところ"
            ]
        },
        {
            "fileName": "023006_len02",
            "talks": [
                "……レンは悪くないよ",
                "もー、レンだって悪くないでしょ！\nきっかけを作っちゃったわたしが悪いんだから！",
                "え～、それはレンも一緒でしょー",
                "ねえ、レン。ミクはカップをどうするんだろうね"
            ]
        },
        {
            "fileName": "023007_len01",
            "talks": [
                "うわあっ！　レン、急にどうしたの！？",
                "うんうんっ☆　リンもやるよ、レン！"
            ]
        },
        {
            "fileName": "023007_len02",
            "talks": [
                "よーし、じゃあリン達も踊っちゃおうっ☆\nレン、準備はいい？"
            ]
        },
        {
            "fileName": "023008_len01",
            "talks": [
                "わっ、この子誰？\nレンの知りあいなの？",
                "よかったね、レン！"
            ]
        },
        {
            "fileName": "023009_len02",
            "talks": [
                "レン、すっごくいい調子だよ！",
                "レン、ニヤニヤしてる～"
            ]
        },
        {
            "fileName": "023010_len02",
            "talks": [
                "レン、ライブお疲れさま！",
                "（レンと一緒にライブやったら、\nいろいろ勉強になるかも！）",
                "あのさ、レン！",
                "それに、レンと一緒にライブやったら、\nわたしもアイドルとしてもっと成長できそうって思ったの！",
                "やったー！　よろしくねレン！"
            ]
        },
        {
            "fileName": "023011_len01",
            "talks": [
                "あ、レンじゃん！　やっほー！",
                "んー、今日はね。\nていうか、なんか変だよレン。どうしたの？"
            ]
        },
        {
            "fileName": "023011_len02",
            "talks": [
                "あ、もうレンってば！\nそこ食べちゃったらアイスが落っこちちゃうよ～！"
            ]
        },
        {
            "fileName": "areatalk01_109",
            "talks": [
                "もー、レンってば、なんで全然来ないの？"
            ]
        },
        {
            "fileName": "areatalk01_110",
            "talks": [
                "わっ、すごーい！　レンが言った通り、さっきの細い道、\nメイコのカフェの前につながってたんだ！",
                "えへへっ、レンにもっと教えてもらおーっと"
            ]
        },
        {
            "fileName": "areatalk01_111",
            "talks": [
                "あ、でもレンはもう知ってるかなぁ。\nひとりであっちこっちいろいろ探検してるみたいだし"
            ]
        },
        {
            "fileName": "areatalk02_409",
            "talks": [
                "ねぇ、レンっていつからコーヒー飲めるようになったの？\nしかもミルクなしで"
            ]
        },
        {
            "fileName": "areatalk02_412",
            "talks": [
                "あ……メイコやミクやレンに、\nこはねちゃん達にも会えるからかな？"
            ]
        },
        {
            "fileName": "areatalk_ev_idol_05_007",
            "talks": [
                "ありがとう、レン！　次のライブでさっそく試してみる！"
            ]
        },
        {
            "fileName": "areatalk_ev_shuffle_03_022",
            "talks": [
                "えーっと……最初に歌ったら、上手のほうにはけて。\nレンのこのセリフのあとに、ステージに出てきて……",
                "ちょっと不安だし、レンと一緒に確認しよーっと！"
            ]
        },
        {
            "fileName": "areatalk_ev_shuffle_03_036",
            "talks": [
                "ねえ、レン……。次のショーの練習、進んでる？",
                "レン……！　うん、ありがとう！"
            ]
        },
        {
            "fileName": "areatalk_ev_shuffle_03_037",
            "talks": [
                "ねえねえ、レンはアクロバットの練習しないの？\nミクがよくやってるくるくる回るやつ！"
            ]
        },
        {
            "fileName": "areatalk_ev_street_02_002",
            "talks": [
                "ねえねえ、レンとも一緒に撮ってほしいな！\nだからもう１枚お願いしてもいい？"
            ]
        },
        {
            "fileName": "areatalk_ev_street_02_006",
            "talks": [
                "彰人くーん、聞いてー！　レンが約束の時間に遅れたくせに、\nごめんも言わないんだよー！　なんか言ってやってよー！"
            ]
        },
        {
            "fileName": "areatalk_ev_street_05_006",
            "talks": [
                "レンが悪いんだよ！　わたしが、\nここのパートはこうしたほうがいいよって、\n教えてあげてるのに！"
            ]
        },
        {
            "fileName": "areatalk_ev_wonder_05_007",
            "talks": [
                "じゃあ、カイト！　リンやレンのことも頼ってくれる？"
            ]
        }
    ]
}