{
    "mainStory": 2,
    "eventStory": 20,
    "cardStory": 46,
    "areaTalk": 11,
    "talkPacks": [
        {
            "fileName": "mmj_01_06",
            "talks": [
                "リンだよーっ♪\n今日は、わたし達のライブに来てくれてありがとう！"
            ]
        },
        {
            "fileName": "mmj_01_09",
            "talks": [
                "じゃっじゃーん！　\nみんなのアイドル☆リンちゃん参上っ！"
            ]
        },
        {
            "fileName": "event_13_02",
            "talks": [
                "『リンは寧々ちゃんと一緒に歌えて、\nすっごくすっごくすっごーく嬉しいよ☆』",
                "『はーい♪\nリンと一緒に、にこにこハッピーになっちゃお～』"
            ]
        },
        {
            "fileName": "event_13_03",
            "talks": [
                "でもね、リンね、\n寧々ちゃんがもーっとキラキラになれる方法を\n知ってるんだ☆",
                "あのね、リンもね、みんなと一緒に\nいーっぱいショーをやりたいなぁ～♪",
                "リンはね～、いろんな場所でショーをして、\nニコニコ笑顔を届けてたんだよ☆",
                "『だってだって～。\nリン、寧々ちゃんが心配なんだもん～』",
                "『そうだ☆　寧々ちゃんがニコニコ笑顔で楽しめるよーに、\nリンがここで応援してるねっ♪』"
            ]
        },
        {
            "fileName": "event_13_08",
            "talks": [
                "『だいじょーぶだよ♪\nリンもいっぱいお手伝いするから☆』"
            ]
        },
        {
            "fileName": "event_14_06",
            "talks": [
                "……キミが、絵名？\nはじめまして、わたしはリンだよ"
            ]
        },
        {
            "fileName": "event_15_06",
            "talks": [
                "大丈夫っ？\n困ってることがあったら、リンになーんでも言ってね？",
                "うんうん！　リンにもそう見えるっ！",
                "リン達はね、みーんな困った時は、\n困ったーって顔してるよっ♪"
            ]
        },
        {
            "fileName": "event_16_02",
            "talks": [
                "うんうん！\nリンもやりたいやりたーい♪"
            ]
        },
        {
            "fileName": "event_25_05",
            "talks": [
                "リンもリンも～♪",
                "あ、そうだっ☆　あのね司くん、\n本番の日、リン達も手伝っていいかなぁ？",
                "やったぁ☆　明日はリンちゃん達におまかせあれ～♪"
            ]
        },
        {
            "fileName": "event_27_02",
            "talks": [
                "あたし、鏡音リンだよ♪\nこれからミクぴょん達と一緒に\nバンドやることになったんだ！"
            ]
        },
        {
            "fileName": "event_32_02",
            "talks": [
                "あ、あのね、ルカ！\nリン達も人魚のショーやろうよ☆\nきっと楽しいと思うんだ～"
            ]
        },
        {
            "fileName": "event_36_06",
            "talks": [
                "『リンもリンも～！　みんなと踊りたーい！』"
            ]
        },
        {
            "fileName": "event_38_02",
            "talks": [
                "いいなぁ、楽しそう～！\nリンも見てみたいなぁ～"
            ]
        },
        {
            "fileName": "013013_tsukasa01",
            "talks": [
                "『えへへ～☆　リンも\nネネロボちゃんと一緒に応援するね！』"
            ]
        },
        {
            "fileName": "021014_miku01",
            "talks": [
                "リンもリンもー！！\nなんで教えてくれなかったのー？",
                "『リンも会いたいなぁ～♪\nあ、でもリン達、海の中には入れないよ？』"
            ]
        },
        {
            "fileName": "021014_miku02",
            "talks": [
                "リン達を海に連れていってくれた、\nえむちゃんへのプレゼントだよ！",
                "リンもー！"
            ]
        },
        {
            "fileName": "022001_rin01",
            "talks": [
                "こんにちはー、鏡音リンです！"
            ]
        },
        {
            "fileName": "022002_rin02",
            "talks": [
                "ふっふっふっ♪　リンちゃんにはお見通しだよ！　\nふたりは、みのりちゃん達が気になってついてきたの？"
            ]
        },
        {
            "fileName": "022006_rin01",
            "talks": [
                "あれ～？　寧々ちゃん、どこ見てるの？\nリンはこっちだよ？",
                "わ、そうだったんだ！　でもでもっ、\nリンも～っと寧々ちゃんとお友達になりたいな☆",
                "全然イヤじゃないよ！\nリン、寧々ちゃんの歌だ～い好きだもん！"
            ]
        },
        {
            "fileName": "022006_rin02",
            "talks": [
                "（でも、寧々ちゃん、\nやっぱりもっと仲良しになりたいんだ！\nそれならリンも、何かお手伝いしなくちゃ♪）",
                "じゃあじゃあ、寧々ちゃんが勇気を出せるように\nリンも一緒にお友達の学校に行ってあげるね☆",
                "『楽しみだね！\nリン、またこっそり応援してるからね！』",
                "『うん☆　リン、ポケットの中から応援してるからね♪』",
                "『寧々ちゃんのこと、近くで応援できて\nリンもすっごくうれしかったよ☆』",
                "『リンもも～っと寧々ちゃんとお友達になりたいんだ♪』"
            ]
        },
        {
            "fileName": "022008_rin01",
            "talks": [
                "（えむちゃんがしょんぼりしてた時は、\nリン達、何もしてあげられなかったけど……）",
                "それでは☆\nリン達は、前にえむちゃんに見せるために練習してた\nタップダンスのパフォーマンスをやりまーす♪",
                "（司くん達に、まかせてって言ったのリンだし、\nがんばらなくちゃ！）",
                "（みんなすごーい☆　前に見せてもらった時よりきれい！\nよーし、リンだって～！）",
                "あ……ごめんね。リン、また……。\n入らなきゃってわかってたんだけど、体が動いてくれなくて",
                "ごめんね、リンが協力したいって言ったのに……。\nまかせてって言ったのに……",
                "うん。でも……リン、ちゃんとやれるかなぁ",
                "レン、ぬいぐるみのみんなもごめんね。\nリン……えっと……がんばりすぎないくらいにがんばる！"
            ]
        },
        {
            "fileName": "022008_rin02",
            "talks": [
                "あっ、リンの声が聞こえた！",
                "わぁ！　映ってる映ってる♪\nえへへっ、リンって歌ってる時、こんなに笑ってたんだね！",
                "なんだかすごいね……！\nリン、とっても感動しちゃった！"
            ]
        },
        {
            "fileName": "022012_rin01",
            "talks": [
                "うーん、リン達も伝えられないかなー？",
                "類くんの演出はすごいし楽しいし、\nリン達も大好きだよっていうこと♪",
                "リン達、みんなにお願いがあって待ってたんだー♪",
                "あのね、みんながやった森の少女と将校さんのショーを\nリン達にやらせてほしいの！",
                "だから、演出をつけてもらうんじゃなくって、\nみんながやったショーをリン達にも\nやらせてもらえないかなーって！",
                "うんっ♪　リンが森の少女の役で、\nレンが将校さんをやるんだけど——",
                "カイトがね、リンでも跳べるように\nしてくれるって言ってた♪",
                "うん！　リン達もえむちゃん達に見てほしいから、\nちゃーんとご招待するねっ☆",
                "よーし！　リン達も大成功させて、\nぬいぐるみのみんなを笑顔にしちゃうぞー♪"
            ]
        },
        {
            "fileName": "022012_rin02",
            "talks": [
                "（リン達も、えむちゃん達みたいなショーがしたい）",
                "伝わったかな。類くんの演出はすごいし楽しいし、\nリン達も大好きだってこと"
            ]
        },
        {
            "fileName": "023007_len01",
            "talks": [
                "……うん、リンもそう思った。\n何か、リン達にできることないのかなぁ",
                "そっかぁ。でも、黙って見てるの、\nリン嫌だなあ……",
                "……うん！　そうだね！\nリン達がしょんぼりしてちゃダメだよねっ！",
                "うんうんっ☆　リンもやるよ、レン！"
            ]
        },
        {
            "fileName": "023007_len02",
            "talks": [
                "あ、それイイねっ♪\nみんなす～～～っごくがんばってたんだもん！\nリンも、えむちゃんに見てもらいたいなっ☆",
                "よーし、じゃあリン達も踊っちゃおうっ☆\nレン、準備はいい？"
            ]
        },
        {
            "fileName": "023008_len01",
            "talks": [
                "えへへ☆　はじめまして、獅子舞ロボくん！\nリンだよー！　これからよろしく♪"
            ]
        },
        {
            "fileName": "026009_kaito01",
            "talks": [
                "リンも、ナレーションの練習ば～っちり♪"
            ]
        },
        {
            "fileName": "areatalk_ev_idol_03_007",
            "talks": [
                "うんうん！　わたしもそういうのほしいなぁ。\n何かいいのないかな……。\nん～、鏡音リン……リン……",
                "両手い～っぱいのスマイルだよ♪\n勇気も凛々♪　鏡音リンです！"
            ]
        },
        {
            "fileName": "areatalk_ev_shuffle_03_032",
            "talks": [
                "いいなぁ。ミク、リンもやりたーい！\nくるくるシュタ！ってやりたーい！"
            ]
        },
        {
            "fileName": "areatalk_ev_shuffle_03_034",
            "talks": [
                "すごーい！　いろんなことしてるんだね☆\nねえねえ、リンも座長できる？",
                "わあ、じゃあリンが座長やりたーい☆"
            ]
        },
        {
            "fileName": "areatalk_ev_shuffle_03_035",
            "talks": [
                "わーい！　ありがとう、カイト♪\nそれじゃ、リンもかくれてくるね～☆"
            ]
        },
        {
            "fileName": "areatalk_ev_shuffle_10_008",
            "talks": [
                "うんっ！　いいなぁ、リンも海賊やってみたいなぁ",
                "じゃあ、リンも！　『あっはっはっ！　わたしも\nこわいこわーい海賊船の船長だぞー！』"
            ]
        },
        {
            "fileName": "areatalk_ev_wonder_05_007",
            "talks": [
                "じゃあ、カイト！　リンやレンのことも頼ってくれる？"
            ]
        },
        {
            "fileName": "areatalk_ev_wonder_06_005",
            "talks": [
                "あっ、ずるーい！　リンもリンもっ！"
            ]
        },
        {
            "fileName": "areatalk_monthly2109_008",
            "talks": [
                "あ、じゃあリンも～"
            ]
        }
    ]
}