{
    "mainStory": 0,
    "eventStory": 4,
    "cardStory": 3,
    "areaTalk": 1,
    "talkPacks": [
        {
            "fileName": "event_24_05",
            "talks": [
                "マジも大マジさ！\nさあ、早く練習を始めようじゃないか、東雲くん！\n衣装もそろっているよ！"
            ]
        },
        {
            "fileName": "event_24_06",
            "talks": [
                "東雲くんを誘った時のことさ"
            ]
        },
        {
            "fileName": "event_24_07",
            "talks": [
                "東雲くん、白石くん！\nプランを少し変更する！"
            ]
        },
        {
            "fileName": "event_24_08",
            "talks": [
                "フフ、東雲くんには借りがひとつあるしね。\nむしろ僕が、君達を手伝う時がくるかもしれないね？"
            ]
        },
        {
            "fileName": "011008_akito01",
            "talks": [
                "やあ、東雲くんじゃないか。\nダンスチームの調子はどうだい？",
                "——東雲くん。ちょっといいかな？"
            ]
        },
        {
            "fileName": "016010_rui02",
            "talks": [
                "それと東雲くんも駆けつけてくれてね。\nあとは、風紀委員の子も協力してくれたよ"
            ]
        },
        {
            "fileName": "areatalk_ev_shuffle_08_003",
            "talks": [
                "やあ、東雲くんじゃないか"
            ]
        }
    ]
}